Date,Open,High,Low,Close,Volume,Dividends,Stock Splits
2022-08-24 00:00:00-04:00,200000.0,230000.0,163200.0,181900.0,3,0.0,0.0
2022-08-25 00:00:00-04:00,174580.0,190540.0,160000.0,160000.0,1,0.0,0.0
2022-08-26 00:00:00-04:00,160000.0,177600.0,160000.0,166400.0,0,0.0,0.0
2022-08-29 00:00:00-04:00,170000.0,170000.0,143600.0,143600.0,2,0.0,0.0
2022-08-30 00:00:00-04:00,143600.0,145000.0,130000.0,130200.0,1,0.0,0.0
2022-08-31 00:00:00-04:00,130000.0,143000.0,126000.0,130000.0,1,0.0,0.0
2022-09-01 00:00:00-04:00,126200.0,128000.0,116160.0,120000.0,1,0.0,0.0
2022-09-02 00:00:00-04:00,119200.0,126600.0,110800.0,126600.0,1,0.0,0.0
2022-09-06 00:00:00-04:00,133400.0,134200.0,123000.0,129800.0,1,0.0,0.0
2022-09-07 00:00:00-04:00,126000.0,127600.0,111000.0,111800.0,1,0.0,0.0
2022-09-08 00:00:00-04:00,111000.0,119800.0,111000.0,115200.0,0,0.0,0.0
2022-09-09 00:00:00-04:00,115760.0,127600.0,115760.0,118000.0,0,0.0,0.0
2022-09-12 00:00:00-04:00,120000.0,125800.0,116000.0,120400.0,1,0.0,0.0
2022-09-13 00:00:00-04:00,129800.0,129800.0,119400.0,123000.0,0,0.0,0.0
2022-09-14 00:00:00-04:00,120000.0,121280.0,118000.0,120000.0,0,0.0,0.0
2022-09-15 00:00:00-04:00,120000.0,120000.0,116000.0,119520.0,0,0.0,0.0
2022-09-16 00:00:00-04:00,114800.0,116760.0,111200.0,111740.0,1,0.0,0.0
2022-09-19 00:00:00-04:00,114960.0,115400.0,110800.0,112400.0,0,0.0,0.0
2022-09-20 00:00:00-04:00,112800.0,116000.0,103000.0,105600.0,1,0.0,0.0
2022-09-21 00:00:00-04:00,104000.0,108740.0,102400.0,107400.0,0,0.0,0.0
2022-09-22 00:00:00-04:00,105940.0,110400.0,102600.0,106780.0,0,0.0,0.0
2022-09-23 00:00:00-04:00,102400.0,109800.0,102400.0,106600.0,0,0.0,0.0
2022-09-26 00:00:00-04:00,102800.0,111620.0,101040.0,102800.0,1,0.0,0.0
2022-09-27 00:00:00-04:00,102800.0,105600.0,86720.0,93000.0,6,0.0,0.0
2022-09-28 00:00:00-04:00,96380.0,100000.0,87700.0,93600.0,6,0.0,0.0
2022-09-29 00:00:00-04:00,99000.0,100000.0,86000.0,92800.0,6,0.0,0.0
2022-09-30 00:00:00-04:00,89600.0,96000.0,87000.0,91000.0,6,0.0,0.0
2022-10-03 00:00:00-04:00,88800.0,95000.0,83800.0,86000.0,3,0.0,0.0
2022-10-04 00:00:00-04:00,86200.0,93000.0,82400.0,87400.0,3,0.0,0.0
2022-10-05 00:00:00-04:00,85000.0,92100.0,83600.0,86800.0,4,0.0,0.0
2022-10-06 00:00:00-04:00,84800.0,90200.0,81000.0,84800.0,4,0.0,0.0
2022-10-07 00:00:00-04:00,81000.0,90000.0,73200.0,77200.0,4,0.0,0.0
2022-10-10 00:00:00-04:00,76000.0,80800.0,68680.0,72000.0,1,0.0,0.0
2022-10-11 00:00:00-04:00,69400.0,71620.0,62600.0,66000.0,0,0.0,0.0
2022-10-12 00:00:00-04:00,68000.0,68000.0,59880.0,65000.0,1,0.0,0.0
2022-10-13 00:00:00-04:00,60800.0,62400.0,57200.0,59600.0,1,0.0,0.0
2022-10-14 00:00:00-04:00,58800.0,60260.0,53600.0,54000.0,1,0.0,0.0
2022-10-17 00:00:00-04:00,56000.0,64000.0,50560.0,58000.0,1,0.0,0.0
2022-10-18 00:00:00-04:00,69800.0,69800.0,53500.0,60400.0,4,0.0,0.0
2022-10-19 00:00:00-04:00,64800.0,77600.0,56000.0,65000.0,6,0.0,0.0
2022-10-20 00:00:00-04:00,65200.0,149400.0,65200.0,102400.0,253,0.0,0.0
2022-10-21 00:00:00-04:00,104800.0,137600.0,81000.0,91600.0,106,0.0,0.0
2022-10-24 00:00:00-04:00,88200.0,88200.0,56200.0,68400.0,15,0.0,0.0
2022-10-25 00:00:00-04:00,62800.0,66000.0,56800.0,61800.0,12,0.0,0.0
2022-10-26 00:00:00-04:00,65200.0,65200.0,58000.0,60600.0,6,0.0,0.0
2022-10-27 00:00:00-04:00,58800.0,61000.0,51800.0,56600.0,6,0.0,0.0
2022-10-28 00:00:00-04:00,55000.0,59120.0,54500.0,56000.0,4,0.0,0.0
2022-10-31 00:00:00-04:00,55000.0,57200.0,54400.0,55600.0,3,0.0,0.0
2022-11-01 00:00:00-04:00,55400.0,59600.0,50000.0,55000.0,3,0.0,0.0
2022-11-02 00:00:00-04:00,55300.0,55800.0,51720.0,53200.0,3,0.0,0.0
2022-11-03 00:00:00-04:00,54000.0,56000.0,50200.0,51400.0,3,0.0,0.0
2022-11-04 00:00:00-04:00,54800.0,54800.0,50800.0,51800.0,3,0.0,0.0
2022-11-07 00:00:00-05:00,52000.0,67600.0,52000.0,57200.0,22,0.0,0.0
2022-11-08 00:00:00-05:00,58000.0,58000.0,51400.0,55800.0,4,0.0,0.0
2022-11-09 00:00:00-05:00,56000.0,57660.0,50600.0,53000.0,7,0.0,0.0
2022-11-10 00:00:00-05:00,55800.0,59600.0,52400.0,57300.0,5,0.0,0.0
2022-11-11 00:00:00-05:00,60000.0,69520.0,56400.0,69000.0,9,0.0,0.0
2022-11-14 00:00:00-05:00,69800.0,69800.0,62000.0,63200.0,2,0.0,0.0
2022-11-15 00:00:00-05:00,65600.0,68800.0,63800.0,65000.0,2,0.0,0.0
2022-11-16 00:00:00-05:00,65000.0,67720.0,63600.0,65200.0,1,0.0,0.0
2022-11-17 00:00:00-05:00,65000.0,70000.0,63800.0,67200.0,1,0.0,0.0
2022-11-18 00:00:00-05:00,66000.0,69200.0,62400.0,63000.0,7,0.0,0.0
2022-11-21 00:00:00-05:00,62400.0,64800.0,55400.0,60200.0,4,0.0,0.0
2022-11-22 00:00:00-05:00,60800.0,60800.0,56720.0,59200.0,0,0.0,0.0
2022-11-23 00:00:00-05:00,58600.0,62000.0,56400.0,60800.0,2,0.0,0.0
2022-11-25 00:00:00-05:00,59200.0,67800.0,57800.0,66600.0,5,0.0,0.0
2022-11-28 00:00:00-05:00,68400.0,68400.0,62140.0,65000.0,1,0.0,0.0
2022-11-29 00:00:00-05:00,63400.0,64000.0,57400.0,58000.0,2,0.0,0.0
2022-11-30 00:00:00-05:00,56800.0,59600.0,54580.0,56600.0,5,0.0,0.0
2022-12-01 00:00:00-05:00,56600.0,64400.0,56600.0,64400.0,2,0.0,0.0
2022-12-02 00:00:00-05:00,64400.0,64400.0,60000.0,64000.0,2,0.0,0.0
2022-12-05 00:00:00-05:00,65000.0,69600.0,63000.0,64000.0,3,0.0,0.0
2022-12-06 00:00:00-05:00,63800.0,69800.0,60800.0,64600.0,3,0.0,0.0
2022-12-07 00:00:00-05:00,67000.0,67000.0,62020.0,63200.0,1,0.0,0.0
2022-12-08 00:00:00-05:00,63800.0,66800.0,59600.0,61400.0,8,0.0,0.0
2022-12-09 00:00:00-05:00,62800.0,62800.0,56800.0,59600.0,8,0.0,0.0
2022-12-12 00:00:00-05:00,59400.0,62000.0,56000.0,59600.0,7,0.0,0.0
2022-12-13 00:00:00-05:00,62000.0,64000.0,58120.0,60800.0,15,0.0,0.0
2022-12-14 00:00:00-05:00,60000.0,63800.0,58100.0,60600.0,15,0.0,0.0
2022-12-15 00:00:00-05:00,61600.0,62100.0,59400.0,60400.0,15,0.0,0.0
2022-12-16 00:00:00-05:00,60400.0,62000.0,57400.0,57400.0,24,0.0,0.0
2022-12-19 00:00:00-05:00,57200.0,58600.0,47200.0,48400.0,6,0.0,0.0
2022-12-20 00:00:00-05:00,49400.0,53000.0,36380.0,37000.0,8,0.0,0.0
2022-12-21 00:00:00-05:00,37400.0,37400.0,31000.0,31600.0,8,0.0,0.0
2022-12-22 00:00:00-05:00,30400.0,32740.0,29000.0,31800.0,4,0.0,0.0
2022-12-23 00:00:00-05:00,31400.0,31800.0,30600.0,30800.0,2,0.0,0.0
2022-12-27 00:00:00-05:00,30600.0,31200.0,30000.0,30000.0,2,0.0,0.0
2022-12-28 00:00:00-05:00,30000.0,30600.0,28800.0,30400.0,2,0.0,0.0
2022-12-29 00:00:00-05:00,30400.0,31400.0,29400.0,31400.0,3,0.0,0.0
2022-12-30 00:00:00-05:00,30400.0,32600.0,30400.0,32600.0,4,0.0,0.0
2023-01-03 00:00:00-05:00,32000.0,32500.0,27600.0,28200.0,4,0.0,0.0
2023-01-04 00:00:00-05:00,29000.0,29000.0,27600.0,28000.0,2,0.0,0.0
2023-01-05 00:00:00-05:00,28800.0,28800.0,26600.0,27000.0,2,0.0,0.0
2023-01-06 00:00:00-05:00,26800.0,29000.0,26600.0,27200.0,3,0.0,0.0
2023-01-09 00:00:00-05:00,27200.0,28400.0,25800.0,26000.0,3,0.0,0.0
2023-01-10 00:00:00-05:00,26800.0,27600.0,25600.0,26600.0,4,0.0,0.0
2023-01-11 00:00:00-05:00,26400.0,27000.0,25640.0,26800.0,3,0.0,0.0
2023-01-12 00:00:00-05:00,28000.0,30600.0,27200.0,28600.0,14,0.0,0.0
2023-01-13 00:00:00-05:00,28600.0,28800.0,27000.0,27800.0,7,0.0,0.0
2023-01-17 00:00:00-05:00,28000.0,28000.0,26080.0,27800.0,5,0.0,0.0
2023-01-18 00:00:00-05:00,27600.0,28000.0,26400.0,27000.0,3,0.0,0.0
2023-01-19 00:00:00-05:00,26600.0,27000.0,25800.0,26400.0,4,0.0,0.0
2023-01-20 00:00:00-05:00,26000.0,27000.0,26000.0,26400.0,2,0.0,0.0
2023-01-23 00:00:00-05:00,26600.0,28160.0,26600.0,27800.0,6,0.0,0.0
2023-01-24 00:00:00-05:00,27000.0,27780.0,26600.0,27000.0,5,0.0,0.0
2023-01-25 00:00:00-05:00,26400.0,26760.0,24400.0,25400.0,4,0.0,0.0
2023-01-26 00:00:00-05:00,25800.0,26200.0,24600.0,25600.0,6,0.0,0.0
2023-01-27 00:00:00-05:00,25800.0,26580.0,24020.0,26000.0,6,0.0,0.0
2023-01-30 00:00:00-05:00,26000.0,26400.0,25400.0,25600.0,1,0.0,0.0
2023-01-31 00:00:00-05:00,25600.0,26000.0,25200.0,25400.0,3,0.0,0.0
2023-02-01 00:00:00-05:00,25400.0,25600.0,24200.0,24800.0,5,0.0,0.0
2023-02-02 00:00:00-05:00,25600.0,25600.0,23600.0,24600.0,7,0.0,0.0
2023-02-03 00:00:00-05:00,25000.0,26000.0,23400.0,23400.0,7,0.0,0.0
2023-02-06 00:00:00-05:00,24200.0,24200.0,21800.0,22200.0,10,0.0,0.0
2023-02-07 00:00:00-05:00,22400.0,22400.0,20600.0,21200.0,117,0.0,0.0
2023-02-08 00:00:00-05:00,18800.0,18800.0,17400.0,18000.0,50,0.0,0.0
2023-02-09 00:00:00-05:00,17600.0,17800.0,16200.0,16760.0,20,0.0,0.0
2023-02-10 00:00:00-05:00,16220.0,18800.0,15600.0,17760.0,72,0.0,0.0
2023-02-13 00:00:00-05:00,18400.0,19800.0,15600.0,16200.0,115,0.0,0.0
2023-02-14 00:00:00-05:00,16400.0,17000.0,14020.0,14600.0,43,0.0,0.0
2023-02-15 00:00:00-05:00,14600.0,15400.0,12520.0,14400.0,40,0.0,0.0
2023-02-16 00:00:00-05:00,14400.0,14800.0,13600.0,13800.0,14,0.0,0.0
2023-02-17 00:00:00-05:00,13800.0,13800.0,12800.0,13800.0,15,0.0,0.0
2023-02-21 00:00:00-05:00,13600.0,13800.0,12140.0,12600.0,10,0.0,0.0
2023-02-22 00:00:00-05:00,12400.0,14460.0,12140.0,12980.0,19,0.0,0.0
2023-02-23 00:00:00-05:00,13000.0,13000.0,11000.0,11720.0,17,0.0,0.0
2023-02-24 00:00:00-05:00,11300.0,11300.0,9740.0,10120.0,21,0.0,0.0
2023-02-27 00:00:00-05:00,9800.0,10060.0,9600.0,9720.0,11,0.0,0.0
2023-02-28 00:00:00-05:00,10000.0,10400.0,9600.0,9820.0,11,0.0,0.0
2023-03-01 00:00:00-05:00,9600.0,10200.0,9600.0,10080.0,7,0.0,0.0
2023-03-02 00:00:00-05:00,10400.0,10700.0,9260.0,9980.0,19,0.0,0.0
2023-03-03 00:00:00-05:00,10000.0,10100.0,9000.0,9600.0,11,0.0,0.0
2023-03-06 00:00:00-05:00,10000.0,10000.0,9140.0,9860.0,10,0.0,0.0
2023-03-07 00:00:00-05:00,10760.0,11000.0,9160.0,9600.0,23,0.0,0.0
2023-03-08 00:00:00-05:00,9600.0,9600.0,9020.0,9320.0,6,0.0,0.0
2023-03-09 00:00:00-05:00,9200.0,9660.0,8220.0,8700.0,8,0.0,0.0
2023-03-10 00:00:00-05:00,8800.0,9000.0,7260.0,8000.0,15,0.0,0.0
2023-03-13 00:00:00-04:00,7840.0,10000.0,7360.0,9300.0,20,0.0,0.0
2023-03-14 00:00:00-04:00,10000.0,10000.0,8960.0,9000.0,9,0.0,0.0
2023-03-15 00:00:00-04:00,9200.0,9400.0,8040.0,8400.0,5,0.0,0.0
2023-03-16 00:00:00-04:00,8400.0,9000.0,8260.0,8780.0,4,0.0,0.0
2023-03-17 00:00:00-04:00,9400.0,9400.0,8400.0,8800.0,6,0.0,0.0
2023-03-20 00:00:00-04:00,8800.0,9600.0,7800.0,8800.0,9,0.0,0.0
2023-03-21 00:00:00-04:00,8780.0,9000.0,7420.0,8400.0,6,0.0,0.0
2023-03-22 00:00:00-04:00,8400.0,8460.0,8040.0,8300.0,5,0.0,0.0
2023-03-23 00:00:00-04:00,8400.0,8800.0,8200.0,8640.0,3,0.0,0.0
2023-03-24 00:00:00-04:00,8600.0,9200.0,8200.0,8600.0,6,0.0,0.0
2023-03-27 00:00:00-04:00,8600.0,9600.0,8400.0,9000.0,4,0.0,0.0
2023-03-28 00:00:00-04:00,9620.0,9900.0,9000.0,9780.0,5,0.0,0.0
2023-03-29 00:00:00-04:00,9400.0,9600.0,8200.0,9200.0,5,0.0,0.0
2023-03-30 00:00:00-04:00,8800.0,8860.0,7820.0,8000.0,14,0.0,0.0
2023-03-31 00:00:00-04:00,7800.0,7900.0,7360.0,7400.0,8,0.0,0.0
2023-04-03 00:00:00-04:00,7600.0,7800.0,7220.0,7420.0,7,0.0,0.0
2023-04-04 00:00:00-04:00,7200.0,7400.0,6780.0,7000.0,8,0.0,0.0
2023-04-05 00:00:00-04:00,7000.0,7560.0,6800.0,7000.0,9,0.0,0.0
2023-04-06 00:00:00-04:00,6800.0,7860.0,6800.0,7200.0,10,0.0,0.0
2023-04-10 00:00:00-04:00,7200.0,7200.0,6800.0,6900.0,4,0.0,0.0
2023-04-11 00:00:00-04:00,7400.0,7600.0,7000.0,7600.0,7,0.0,0.0
2023-04-12 00:00:00-04:00,7820.0,7820.0,6840.0,7000.0,13,0.0,0.0
2023-04-13 00:00:00-04:00,7200.0,7200.0,6900.0,7200.0,7,0.0,0.0
2023-04-14 00:00:00-04:00,7400.0,7400.0,6800.0,7100.0,6,0.0,0.0
2023-04-17 00:00:00-04:00,7200.0,7400.0,6900.0,7020.0,25,0.0,0.0
2023-04-18 00:00:00-04:00,7600.0,7800.0,6620.0,7540.0,174,0.0,0.0
2023-04-19 00:00:00-04:00,7400.0,7400.0,5580.0,6060.0,99,0.0,0.0
2023-04-20 00:00:00-04:00,7300.0,8000.0,6420.0,6960.0,574,0.0,0.0
2023-04-21 00:00:00-04:00,6600.0,6600.0,5220.0,5500.0,123,0.0,0.0
2023-04-24 00:00:00-04:00,5400.0,5440.0,4400.0,4800.0,58,0.0,0.0
2023-04-25 00:00:00-04:00,4620.0,4800.0,4000.0,4520.0,44,0.0,0.0
2023-04-26 00:00:00-04:00,4300.0,4980.0,4300.0,4880.0,20,0.0,0.0
2023-04-27 00:00:00-04:00,5000.0,5000.0,4400.0,4800.0,19,0.0,0.0
2023-04-28 00:00:00-04:00,4460.0,4980.0,4220.0,4620.0,31,0.0,0.0
2023-05-01 00:00:00-04:00,4760.0,4940.0,4420.0,4700.0,12,0.0,0.0
2023-05-02 00:00:00-04:00,4800.0,4800.0,4220.0,4220.0,24,0.0,0.0
2023-05-03 00:00:00-04:00,4540.0,4580.0,4300.0,4340.0,13,0.0,0.0
2023-05-04 00:00:00-04:00,4400.0,4580.0,4200.0,4400.0,10,0.0,0.0
2023-05-05 00:00:00-04:00,4520.0,4800.0,4400.0,4680.0,18,0.0,0.0
2023-05-08 00:00:00-04:00,4600.0,5000.0,4400.0,4900.0,21,0.0,0.0
2023-05-09 00:00:00-04:00,4800.0,4800.0,4480.0,4800.0,7,0.0,0.0
2023-05-10 00:00:00-04:00,4800.0,5600.0,4420.0,5000.0,193,0.0,0.0
2023-05-11 00:00:00-04:00,4800.0,6200.0,4420.0,5800.0,894,0.0,0.0
2023-05-12 00:00:00-04:00,5340.0,5340.0,4500.0,4720.0,204,0.0,0.0
2023-05-15 00:00:00-04:00,4700.0,4700.0,3820.0,4140.0,142,0.0,0.0
2023-05-16 00:00:00-04:00,3800.0,3920.0,3400.0,3800.0,143,0.0,0.0
2023-05-17 00:00:00-04:00,3880.0,3980.0,3500.0,3660.0,53,0.0,0.0
2023-05-18 00:00:00-04:00,3620.0,3740.0,3380.0,3440.0,60,0.0,0.0
2023-05-19 00:00:00-04:00,3520.0,3700.0,3440.0,3460.0,77,0.0,0.0
2023-05-22 00:00:00-04:00,3420.0,3520.0,3060.0,3260.0,56,0.0,0.0
2023-05-23 00:00:00-04:00,3360.0,3360.0,3200.0,3320.0,33,0.0,0.0
2023-05-24 00:00:00-04:00,3260.0,3360.0,2800.0,2900.0,114,0.0,0.0
2023-05-25 00:00:00-04:00,3000.0,3160.0,2800.0,2900.0,43,0.0,0.0
2023-05-26 00:00:00-04:00,2980.0,3080.0,2400.0,2400.0,163,0.0,0.0
2023-05-30 00:00:00-04:00,2500.0,2560.0,2400.0,2500.0,51,0.0,0.0
2023-05-31 00:00:00-04:00,2500.0,2540.0,2240.0,2280.0,58,0.0,0.0
2023-06-01 00:00:00-04:00,2400.0,2500.0,2060.0,2440.0,234,0.0,0.0
2023-06-02 00:00:00-04:00,2360.0,2500.0,2280.0,2380.0,136,0.0,0.0
2023-06-05 00:00:00-04:00,2360.0,2640.0,2200.0,2400.0,134,0.0,0.0
2023-06-06 00:00:00-04:00,2400.0,2400.0,2200.0,2200.0,37,0.0,0.0
2023-06-07 00:00:00-04:00,2320.0,2320.0,2220.0,2300.0,47,0.0,0.0
2023-06-08 00:00:00-04:00,2340.0,2360.0,2220.0,2320.0,30,0.0,0.0
2023-06-09 00:00:00-04:00,2360.0,2600.0,2300.0,2500.0,92,0.0,0.0
2023-06-12 00:00:00-04:00,2640.0,2640.0,2400.0,2500.0,48,0.0,0.0
2023-06-13 00:00:00-04:00,2580.0,2720.0,2420.0,2540.0,68,0.0,0.0
2023-06-14 00:00:00-04:00,2640.0,2660.0,2340.0,2420.0,68,0.0,0.0
2023-06-15 00:00:00-04:00,2560.0,2560.0,2200.0,2340.0,50,0.0,0.0
2023-06-16 00:00:00-04:00,2400.0,2600.0,2300.0,2420.0,161,0.0,0.0
2023-06-20 00:00:00-04:00,2500.0,2500.0,2280.0,2400.0,59,0.0,0.0
2023-06-21 00:00:00-04:00,2320.0,2400.0,2240.0,2300.0,36,0.0,0.0
2023-06-22 00:00:00-04:00,2380.0,2380.0,2300.0,2320.0,32,0.0,0.0
2023-06-23 00:00:00-04:00,2340.0,2360.0,2300.0,2340.0,30,0.0,0.0
2023-06-26 00:00:00-04:00,2340.0,2340.0,2300.0,2300.0,35,0.0,0.0
2023-06-27 00:00:00-04:00,2360.0,2940.0,2300.0,2900.0,295,0.0,0.0
2023-06-28 00:00:00-04:00,2840.0,2840.0,2480.0,2600.0,63,0.0,0.0
2023-06-29 00:00:00-04:00,2660.0,2900.0,2600.0,2740.0,58,0.0,0.0
2023-06-30 00:00:00-04:00,2720.0,2800.0,2360.0,2480.0,104,0.0,0.0
2023-07-03 00:00:00-04:00,2500.0,2500.0,2300.0,2340.0,35,0.0,0.0
2023-07-05 00:00:00-04:00,2400.0,2400.0,2220.0,2340.0,62,0.0,0.0
2023-07-06 00:00:00-04:00,2340.0,2340.0,2220.0,2260.0,39,0.0,0.0
2023-07-07 00:00:00-04:00,2240.0,2440.0,2220.0,2320.0,108,0.0,0.0
2023-07-10 00:00:00-04:00,2380.0,2400.0,2220.0,2240.0,53,0.0,0.0
2023-07-11 00:00:00-04:00,2340.0,2340.0,2240.0,2260.0,40,0.0,0.0
2023-07-12 00:00:00-04:00,2380.0,2380.0,2180.0,2240.0,335,0.0,0.0
2023-07-13 00:00:00-04:00,2180.0,2180.0,2000.0,2060.0,202,0.0,0.0
2023-07-14 00:00:00-04:00,2100.0,2100.0,1820.0,1900.0,180,0.0,0.0
2023-07-17 00:00:00-04:00,1980.0,1980.0,1820.0,1840.0,90,0.0,0.0
2023-07-18 00:00:00-04:00,1900.0,1900.0,1780.0,1840.0,116,0.0,0.0
2023-07-19 00:00:00-04:00,1780.0,1780.0,1640.0,1680.0,132,0.0,0.0
2023-07-20 00:00:00-04:00,1780.0,1780.0,1620.0,1620.0,66,0.0,0.0
2023-07-21 00:00:00-04:00,1680.0,1680.0,1560.0,1580.0,75,0.0,0.0
2023-07-24 00:00:00-04:00,1600.0,1600.0,1500.0,1520.0,66,0.0,0.0
2023-07-25 00:00:00-04:00,1520.0,1640.0,1520.0,1620.0,118,0.0,0.0
2023-07-26 00:00:00-04:00,1680.0,1680.0,1540.0,1580.0,44,0.0,0.0
2023-07-27 00:00:00-04:00,1680.0,1780.0,1540.0,1760.0,80,0.0,0.0
2023-07-28 00:00:00-04:00,1600.0,1660.0,1540.0,1640.0,76,0.0,0.0
2023-07-31 00:00:00-04:00,1660.0,1680.0,1600.0,1640.0,105,0.0,0.0
2023-08-01 00:00:00-04:00,1600.0,1640.0,1560.0,1580.0,79,0.0,0.0
2023-08-02 00:00:00-04:00,1580.0,1640.0,1520.0,1540.0,104,0.0,0.0
2023-08-03 00:00:00-04:00,1500.0,1580.0,1480.0,1540.0,453,0.0,0.0
2023-08-04 00:00:00-04:00,1540.0,1540.0,1360.0,1420.0,213,0.0,0.0
2023-08-07 00:00:00-04:00,1480.0,1480.0,1360.0,1400.0,65,0.0,0.0
2023-08-08 00:00:00-04:00,1440.0,1440.0,1220.0,1320.0,121,0.0,0.0
2023-08-09 00:00:00-04:00,1340.0,1360.0,1220.0,1260.0,76,0.0,0.0
2023-08-10 00:00:00-04:00,1460.0,1460.0,1200.0,1380.0,122,0.0,0.0
2023-08-11 00:00:00-04:00,1340.0,1340.0,1240.0,1340.0,71,0.0,0.0
2023-08-14 00:00:00-04:00,1200.0,1340.0,1200.0,1300.0,53,0.0,0.0
2023-08-15 00:00:00-04:00,1220.0,1320.0,1220.0,1320.0,59,0.0,0.0
2023-08-16 00:00:00-04:00,1320.0,1540.0,1280.0,1340.0,677,0.0,0.0
2023-08-17 00:00:00-04:00,1680.0,1740.0,1200.0,1280.0,2556,0.0,0.0
2023-08-18 00:00:00-04:00,1300.0,1300.0,1040.0,1180.0,960,0.0,0.0
2023-08-21 00:00:00-04:00,1120.0,1340.0,1020.0,1320.0,1313,0.0,0.0
2023-08-22 00:00:00-04:00,1400.0,1400.0,1140.0,1240.0,932,0.0,0.0
2023-08-23 00:00:00-04:00,1180.0,1500.0,1120.0,1340.0,1267,0.0,0.0
2023-08-24 00:00:00-04:00,1280.0,1380.0,1200.0,1220.0,395,0.0,0.0
2023-08-25 00:00:00-04:00,1200.0,1400.0,1160.0,1280.0,514,0.0,0.0
2023-08-28 00:00:00-04:00,1240.0,1240.0,1140.0,1140.0,450,0.0,0.0
2023-08-29 00:00:00-04:00,1140.0,1280.0,1100.0,1140.0,676,0.0,0.0
2023-08-30 00:00:00-04:00,1220.0,1220.0,1100.0,1160.0,349,0.0,0.0
2023-08-31 00:00:00-04:00,1020.0,1160.0,1020.0,1140.0,351,0.0,0.0
2023-09-01 00:00:00-04:00,1120.0,1120.0,1020.0,1100.0,291,0.0,0.0
2023-09-05 00:00:00-04:00,1180.0,1300.0,1120.0,1240.0,1044,0.0,0.0
2023-09-06 00:00:00-04:00,1220.0,1220.0,1080.0,1160.0,449,0.0,0.0
2023-09-07 00:00:00-04:00,1140.0,1160.0,1040.0,1080.0,327,0.0,0.0
2023-09-08 00:00:00-04:00,1120.0,1120.0,1000.0,1020.0,355,0.0,0.0
2023-09-11 00:00:00-04:00,1080.0,1200.0,840.0,860.0,2054,0.0,0.0
2023-09-12 00:00:00-04:00,1185.0,1291.0,901.0,920.0,31842,0.0,0.005
2023-09-13 00:00:00-04:00,859.0,1193.0,800.0,947.0,12612,0.0,0.0
2023-09-14 00:00:00-04:00,827.0,1140.0,826.0,890.0,9642,0.0,0.0
2023-09-15 00:00:00-04:00,970.0,1018.0,851.0,860.0,2105,0.0,0.0
2023-09-18 00:00:00-04:00,871.0,893.0,681.0,685.0,2604,0.0,0.0
2023-09-19 00:00:00-04:00,691.0,820.0,635.0,645.0,3133,0.0,0.0
2023-09-20 00:00:00-04:00,691.0,774.0,660.0,674.0,1343,0.0,0.0
2023-09-21 00:00:00-04:00,688.0,770.0,661.0,738.0,2270,0.0,0.0
2023-09-22 00:00:00-04:00,726.0,770.79999,670.0,675.0,825,0.0,0.0
2023-09-25 00:00:00-04:00,675.0,708.0,610.0,623.0,1048,0.0,0.0
2023-09-26 00:00:00-04:00,594.0,680.0,594.0,638.0,620,0.0,0.0
2023-09-27 00:00:00-04:00,641.0,668.0,551.0,551.0,745,0.0,0.0
2023-09-28 00:00:00-04:00,219.0,220.0,200.0,206.0,12732,0.0,0.0
2023-09-29 00:00:00-04:00,200.0,202.0,176.0,179.0,4078,0.0,0.0
2023-10-02 00:00:00-04:00,180.0,185.0,165.0,175.0,2709,0.0,0.0
2023-10-03 00:00:00-04:00,187.0,187.0,158.0,162.0,5449,0.0,0.0
2023-10-04 00:00:00-04:00,161.0,164.5,147.0,154.0,2982,0.0,0.0
2023-10-05 00:00:00-04:00,152.0,159.0,142.0,146.5,2599,0.0,0.0
2023-10-06 00:00:00-04:00,148.0,148.0,137.0,140.0,2500,0.0,0.0
2023-10-09 00:00:00-04:00,136.0,140.0,127.0,129.0,1508,0.0,0.0
2023-10-10 00:00:00-04:00,133.0,143.0,126.6,139.0,2213,0.0,0.0
2023-10-11 00:00:00-04:00,135.0,147.0,127.0,128.0,2113,0.0,0.0
2023-10-12 00:00:00-04:00,134.0,134.0,116.0,118.0,4964,0.0,0.0
2023-10-13 00:00:00-04:00,120.0,129.0,120.0,125.0,1154,0.0,0.0
2023-10-16 00:00:00-04:00,126.0,129.0,119.0,120.0,1043,0.0,0.0
2023-10-17 00:00:00-04:00,125.0,127.0,116.0,119.0,1030,0.0,0.0
2023-10-18 00:00:00-04:00,117.0,118.0,109.0,111.0,1460,0.0,0.0
2023-10-19 00:00:00-04:00,111.0,114.0,102.0,103.0,955,0.0,0.0
2023-10-20 00:00:00-04:00,101.0,104.0,95.8,98.0,1354,0.0,0.0
2023-10-23 00:00:00-04:00,103.0,103.0,96.5,98.9,49814,0.0,0.0
2023-10-24 00:00:00-04:00,149.0,198.0,106.0,120.0,459299,0.0,0.0
2023-10-25 00:00:00-04:00,113.0,115.5,101.0,109.0,13619,0.0,0.0
2023-10-26 00:00:00-04:00,102.0,104.0,99.0,102.0,5557,0.0,0.0
2023-10-27 00:00:00-04:00,105.0,105.0,87.9,92.0,3875,0.0,0.0
2023-10-30 00:00:00-04:00,91.8,97.7,82.0,82.3,3456,0.0,0.0
2023-10-31 00:00:00-04:00,80.9,94.4,80.8,90.2,3406,0.0,0.0
2023-11-01 00:00:00-04:00,92.0,93.0,82.0,84.3,1328,0.0,0.0
2023-11-02 00:00:00-04:00,87.6,91.4,85.5,86.7,1780,0.0,0.0
2023-11-03 00:00:00-04:00,88.8,95.0,85.0,90.6,1697,0.0,0.0
2023-11-06 00:00:00-05:00,94.0,96.6,91.2,91.2,1584,0.0,0.0
2023-11-07 00:00:00-05:00,91.3,93.0,87.0,89.5,477,0.0,0.0
2023-11-08 00:00:00-05:00,90.1,91.8,82.0,83.2,912,0.0,0.0
2023-11-09 00:00:00-05:00,83.0,88.0,78.0,82.0,1292,0.0,0.0
2023-11-10 00:00:00-05:00,84.3,84.3,75.0,78.0,1423,0.0,0.0
2023-11-13 00:00:00-05:00,76.7,80.0,75.0,75.5,769,0.0,0.0
2023-11-14 00:00:00-05:00,78.8,80.0,73.0,78.2,1124,0.0,0.0
2023-11-15 00:00:00-05:00,76.8,87.2,76.8,85.6,1785,0.0,0.0
2023-11-16 00:00:00-05:00,87.0,88.0,81.0,82.9,782,0.0,0.0
2023-11-17 00:00:00-05:00,88.0,88.0,83.0,84.0,497,0.0,0.0
2023-11-20 00:00:00-05:00,84.0,90.0,82.0,86.0,475,0.0,0.0
2023-11-21 00:00:00-05:00,91.2,91.2,86.0,86.0,1018,0.0,0.0
2023-11-22 00:00:00-05:00,90.0,90.0,82.1,85.5,604,0.0,0.0
2023-11-24 00:00:00-05:00,88.6,88.6,84.0,85.1,301,0.0,0.0
2023-11-27 00:00:00-05:00,87.0,94.5,86.0,91.1,1462,0.0,0.0
2023-11-28 00:00:00-05:00,94.0,94.0,87.0,91.0,939,0.0,0.0
2023-11-29 00:00:00-05:00,91.0,93.0,88.0,89.5,691,0.0,0.0
2023-11-30 00:00:00-05:00,89.0,90.0,84.0,85.0,901,0.0,0.0
2023-12-01 00:00:00-05:00,90.0,90.0,85.0,87.8,602,0.0,0.0
2023-12-04 00:00:00-05:00,91.0,93.9,88.0,92.9,929,0.0,0.0
2023-12-05 00:00:00-05:00,93.6,93.6,88.0,88.0,762,0.0,0.0
2023-12-06 00:00:00-05:00,89.7,92.6,88.0,90.0,482,0.0,0.0
2023-12-07 00:00:00-05:00,90.0,91.0,86.0,89.0,543,0.0,0.0
2023-12-08 00:00:00-05:00,89.0,91.1,85.3,87.1,273,0.0,0.0
2023-12-11 00:00:00-05:00,88.0,89.7,84.0,85.2,354,0.0,0.0
2023-12-12 00:00:00-05:00,85.1,86.8,80.8,82.0,449,0.0,0.0
2023-12-13 00:00:00-05:00,80.0,88.0,80.0,81.6,556,0.0,0.0
2023-12-14 00:00:00-05:00,86.0,95.0,80.0,86.0,4260,0.0,0.0
2023-12-15 00:00:00-05:00,90.9,91.5,86.0,87.5,623,0.0,0.0
2023-12-18 00:00:00-05:00,90.0,92.0,85.0,88.8,517,0.0,0.0
2023-12-19 00:00:00-05:00,88.5,102.0,87.0,96.8,2190,0.0,0.0
2023-12-20 00:00:00-05:00,94.0,102.0,91.1,91.1,2316,0.0,0.0
2023-12-21 00:00:00-05:00,95.0,95.0,89.0,90.0,3947,0.0,0.0
2023-12-22 00:00:00-05:00,95.3,95.3,87.0,87.8,758,0.0,0.0
2023-12-26 00:00:00-05:00,87.4,89.8,82.8,85.4,1486,0.0,0.0
2023-12-27 00:00:00-05:00,85.4,87.7,84.0,86.9,928,0.0,0.0
2023-12-28 00:00:00-05:00,87.7,95.0,86.0,88.5,1334,0.0,0.0
2023-12-29 00:00:00-05:00,89.6,91.0,86.0,87.0,1022,0.0,0.0
2024-01-02 00:00:00-05:00,88.1,91.0,85.0,85.3,733,0.0,0.0
2024-01-03 00:00:00-05:00,87.5,88.3,83.1,85.0,710,0.0,0.0
2024-01-04 00:00:00-05:00,86.0,87.4,83.0,83.8,447,0.0,0.0
2024-01-05 00:00:00-05:00,86.0,88.0,81.0,85.0,1068,0.0,0.0
2024-01-08 00:00:00-05:00,84.0,85.7,82.0,83.5,469,0.0,0.0
2024-01-09 00:00:00-05:00,82.9,84.9,82.0,82.3,1153,0.0,0.0
2024-01-10 00:00:00-05:00,82.0,83.5,81.0,81.8,389,0.0,0.0
2024-01-11 00:00:00-05:00,87.2,87.2,82.3,82.5,394,0.0,0.0
2024-01-12 00:00:00-05:00,82.5,84.0,80.0,80.0,681,0.0,0.0
2024-01-16 00:00:00-05:00,84.0,84.0,78.6,78.6,804,0.0,0.0
2024-01-17 00:00:00-05:00,80.0,81.0,75.0,77.0,817,0.0,0.0
2024-01-18 00:00:00-05:00,79.1,81.0,72.5,75.1,458,0.0,0.0
2024-01-19 00:00:00-05:00,77.0,77.0,64.0,68.2,2131,0.0,0.0
2024-01-22 00:00:00-05:00,66.1,68.7,65.0,67.0,515,0.0,0.0
2024-01-23 00:00:00-05:00,71.0,71.0,68.0,68.0,853,0.0,0.0
2024-01-24 00:00:00-05:00,72.0,72.0,69.0,70.4,354,0.0,0.0
2024-01-25 00:00:00-05:00,72.0,72.0,67.0,71.0,453,0.0,0.0
2024-01-26 00:00:00-05:00,69.7,71.4,68.0,71.0,286,0.0,0.0
2024-01-29 00:00:00-05:00,71.4,73.0,68.2,73.0,374,0.0,0.0
2024-01-30 00:00:00-05:00,73.0,73.0,72.0,73.0,347,0.0,0.0
2024-01-31 00:00:00-05:00,73.0,73.0,71.0,72.5,275,0.0,0.0
2024-02-01 00:00:00-05:00,72.7,74.1,72.0,72.5,447,0.0,0.0
2024-02-02 00:00:00-05:00,75.0,75.0,72.5,74.0,357,0.0,0.0
2024-02-05 00:00:00-05:00,73.0,75.0,71.6,74.3,221,0.0,0.0
2024-02-06 00:00:00-05:00,74.0,74.0,71.3,73.0,354,0.0,0.0
2024-02-07 00:00:00-05:00,72.0,72.0,68.1,70.0,1389,0.0,0.0
2024-02-08 00:00:00-05:00,73.0,73.0,68.6,72.0,371,0.0,0.0
2024-02-09 00:00:00-05:00,72.0,75.1,69.4,73.1,729,0.0,0.0
2024-02-12 00:00:00-05:00,73.6,75.0,72.1,73.8,333,0.0,0.0
2024-02-13 00:00:00-05:00,73.5,73.5,71.0,71.9,345,0.0,0.0
2024-02-14 00:00:00-05:00,72.0,73.0,69.1,72.5,920,0.0,0.0
2024-02-15 00:00:00-05:00,70.0,70.0,64.1,64.4,2523,0.0,0.0
2024-02-16 00:00:00-05:00,66.7,69.1,63.0,65.4,860,0.0,0.0
2024-02-20 00:00:00-05:00,66.0,66.0,63.0,66.0,1030,0.0,0.0
2024-02-21 00:00:00-05:00,65.8,66.0,63.0,63.9,624,0.0,0.0
2024-02-22 00:00:00-05:00,65.5,66.0,60.0,63.0,726,0.0,0.0
2024-02-23 00:00:00-05:00,59.4,61.8,58.9,60.8,1029,0.0,0.0
2024-02-26 00:00:00-05:00,83.0,87.8,55.0,56.1,199434,0.0,0.0
2024-02-27 00:00:00-05:00,51.0,59.8,44.0,45.7,28699,0.0,0.0
2024-02-28 00:00:00-05:00,45.9,47.0,40.2,44.5,9635,0.0,0.0
2024-02-29 00:00:00-05:00,44.4,45.0,40.0,42.0,5970,0.0,0.0
2024-03-01 00:00:00-05:00,38.6,41.4,36.6,40.0,6661,0.0,0.0
2024-03-04 00:00:00-05:00,41.0,41.5,37.0,38.5,4207,0.0,0.0
2024-03-05 00:00:00-05:00,39.0,39.0,36.1,38.0,6293,0.0,0.0
2024-03-06 00:00:00-05:00,37.1,37.5,35.0,35.8,5408,0.0,0.0
2024-03-07 00:00:00-05:00,35.9,39.7,35.1,39.2,8625,0.0,0.0
2024-03-08 00:00:00-05:00,41.8,53.0,36.1,36.5,50310,0.0,0.0
2024-03-11 00:00:00-04:00,36.5,36.6,33.0,36.0,7421,0.0,0.0
2024-03-12 00:00:00-04:00,35.8,35.8,31.2,32.0,5315,0.0,0.0
2024-03-13 00:00:00-04:00,33.5,35.0,31.2,33.0,3811,0.0,0.0
2024-03-14 00:00:00-04:00,34.5,34.9,32.0,34.0,3837,0.0,0.0
2024-03-15 00:00:00-04:00,34.0,35.8,33.0,34.9,2956,0.0,0.0
2024-03-18 00:00:00-04:00,35.0,38.4,35.0,37.9,5949,0.0,0.0
2024-03-19 00:00:00-04:00,37.5,40.0,36.4,39.0,3088,0.0,0.0
2024-03-20 00:00:00-04:00,39.4,40.5,37.8,39.1,4525,0.0,0.0
2024-03-21 00:00:00-04:00,40.4,43.0,37.8,41.5,8696,0.0,0.0
2024-03-22 00:00:00-04:00,41.5,41.5,39.0,39.4,1717,0.0,0.0
2024-03-25 00:00:00-04:00,39.0,42.8,37.3,38.7,4695,0.0,0.0
2024-03-26 00:00:00-04:00,39.0,40.9,37.4,38.6,1656,0.0,0.0
2024-03-27 00:00:00-04:00,38.6,40.7,38.0,39.1,2149,0.0,0.0
2024-03-28 00:00:00-04:00,40.0,40.6,37.3,39.3,1998,0.0,0.0
2024-04-01 00:00:00-04:00,42.0,42.0,38.4,39.4,2295,0.0,0.0
2024-04-02 00:00:00-04:00,39.2,40.0,36.4,37.1,1358,0.0,0.0
2024-04-03 00:00:00-04:00,36.8,37.5,33.4,33.8,3407,0.0,0.0
2024-04-04 00:00:00-04:00,34.0,35.8,34.0,34.0,1900,0.0,0.0
2024-04-05 00:00:00-04:00,34.0,35.1,30.0,31.0,2761,0.0,0.0
2024-04-08 00:00:00-04:00,33.0,33.4,31.4,31.4,1488,0.0,0.0
2024-04-09 00:00:00-04:00,30.0,31.0,27.5,27.5,12483,0.0,0.0
2024-04-10 00:00:00-04:00,13.2,14.0,13.0,13.4,100716,0.0,0.0
2024-04-11 00:00:00-04:00,13.7,14.5,13.0,13.8,59889,0.0,0.0
2024-04-12 00:00:00-04:00,13.9,13.9,11.7,13.0,24803,0.0,0.0
2024-04-15 00:00:00-04:00,12.7,13.0,12.1,12.5,9642,0.0,0.0
2024-04-16 00:00:00-04:00,12.2,12.4,10.0,11.0,33120,0.0,0.0
2024-04-17 00:00:00-04:00,11.0,11.4,10.1,10.7,27428,0.0,0.0
2024-04-18 00:00:00-04:00,10.0,10.8,9.1,10.6,33182,0.0,0.0
2024-04-19 00:00:00-04:00,10.4,10.4,9.5,9.8,11014,0.0,0.0
2024-04-22 00:00:00-04:00,10.1,10.4,9.6,10.2,11111,0.0,0.0
2024-04-23 00:00:00-04:00,10.6,10.9,9.9,10.2,23835,0.0,0.0
2024-04-24 00:00:00-04:00,9.9,10.0,9.0,9.1,16755,0.0,0.0
2024-04-25 00:00:00-04:00,9.1,9.9,9.0,9.7,18672,0.0,0.0
2024-04-26 00:00:00-04:00,9.9,10.3,9.4,10.0,19969,0.0,0.0
2024-04-29 00:00:00-04:00,9.9,10.5,9.8,10.3,14573,0.0,0.0
2024-04-30 00:00:00-04:00,10.4,10.4,9.8,9.9,6771,0.0,0.0
2024-05-01 00:00:00-04:00,9.9,10.0,9.1,10.0,9797,0.0,0.0
2024-05-02 00:00:00-04:00,10.1,10.2,9.3,10.0,12885,0.0,0.0
2024-05-03 00:00:00-04:00,10.0,10.5,10.0,10.3,19012,0.0,0.0
2024-05-06 00:00:00-04:00,10.6,10.9,9.8,10.5,17430,0.0,0.0
2024-05-07 00:00:00-04:00,10.6,10.6,10.3,10.4,9262,0.0,0.0
2024-05-08 00:00:00-04:00,10.7,12.7,10.4,11.8,84048,0.0,0.0
2024-05-09 00:00:00-04:00,11.3,11.3,10.3,10.4,31725,0.0,0.0
2024-05-10 00:00:00-04:00,10.1,10.2,9.5,9.5,26378,0.0,0.0
2024-05-13 00:00:00-04:00,10.0,10.5,9.7,10.5,20088,0.0,0.0
2024-05-14 00:00:00-04:00,10.8,11.7,10.3,11.3,78797,0.0,0.0
2024-05-15 00:00:00-04:00,11.7,11.7,10.1,11.0,40120,0.0,0.0
2024-05-16 00:00:00-04:00,11.4,19.8,11.3,17.2,466738,0.0,0.0
2024-05-17 00:00:00-04:00,18.0,18.0,11.7,12.4,225370,0.0,0.0
2024-05-20 00:00:00-04:00,12.6,13.0,11.3,12.0,209012,0.0,0.0
2024-05-21 00:00:00-04:00,12.4,12.4,10.3,11.1,136931,0.0,0.0
2024-05-22 00:00:00-04:00,10.6,14.8,10.4,13.1,433758,0.0,0.0
2024-05-23 00:00:00-04:00,21.0,34.0,19.0,21.5,6631876,0.0,0.0
2024-05-24 00:00:00-04:00,17.5,17.6,13.1,15.4,601034,0.0,0.0
2024-05-28 00:00:00-04:00,14.7,17.0,13.5,14.9,420600,0.0,0.0
2024-05-29 00:00:00-04:00,16.3,18.0,13.5,14.0,999011,0.0,0.0
2024-05-30 00:00:00-04:00,13.6,14.4,12.5,13.8,248194,0.0,0.0
2024-05-31 00:00:00-04:00,12.1,13.1,11.3,12.0,236883,0.0,0.0
2024-06-03 00:00:00-04:00,12.2,20.3,12.0,15.0,1172511,0.0,0.0
2024-06-04 00:00:00-04:00,14.1,14.5,12.6,13.1,202282,0.0,0.0
2024-06-05 00:00:00-04:00,12.6,13.1,12.0,12.4,121628,0.0,0.0
2024-06-06 00:00:00-04:00,12.0,12.1,11.0,11.3,135674,0.0,0.0
2024-06-07 00:00:00-04:00,11.8,11.8,10.6,11.1,120209,0.0,0.0
2024-06-10 00:00:00-04:00,11.6,12.6,11.1,12.1,112496,0.0,0.0
2024-06-11 00:00:00-04:00,12.0,12.4,11.5,11.5,50430,0.0,0.0
2024-06-12 00:00:00-04:00,11.3,11.7,10.8,11.1,68648,0.0,0.0
2024-06-13 00:00:00-04:00,10.8,11.1,10.1,11.0,57217,0.0,0.0
2024-06-14 00:00:00-04:00,10.8,10.9,10.0,10.3,41116,0.0,0.0
2024-06-17 00:00:00-04:00,10.2,10.5,9.1,9.6,67356,0.0,0.0
2024-06-18 00:00:00-04:00,9.2,10.0,9.1,9.4,66363,0.0,0.0
2024-06-20 00:00:00-04:00,9.6,10.8,9.4,10.8,68627,0.0,0.0
2024-06-21 00:00:00-04:00,13.7,14.2,10.2,10.5,1278667,0.0,0.0
2024-06-24 00:00:00-04:00,9.5,10.0,9.4,9.9,177020,0.0,0.0
2024-06-25 00:00:00-04:00,9.5,11.5,9.1,10.2,163280,0.0,0.0
2024-06-26 00:00:00-04:00,9.7,11.2,9.7,10.3,92203,0.0,0.0
2024-06-27 00:00:00-04:00,11.0,11.3,10.2,10.4,126475,0.0,0.0
2024-06-28 00:00:00-04:00,10.3,11.0,10.3,10.4,76834,0.0,0.0
2024-07-01 00:00:00-04:00,10.4,10.4,9.1,9.7,80200,0.0,0.0
2024-07-02 00:00:00-04:00,9.7,9.7,9.0,9.3,71865,0.0,0.0
2024-07-03 00:00:00-04:00,9.5,9.7,9.2,9.4,30979,0.0,0.0
2024-07-05 00:00:00-04:00,9.2,9.7,9.2,9.3,69353,0.0,0.0
2024-07-08 00:00:00-04:00,10.2,12.0,9.5,11.8,787316,0.0,0.0
2024-07-09 00:00:00-04:00,10.7,10.7,9.8,10.0,215623,0.0,0.0
2024-07-10 00:00:00-04:00,9.8,11.0,9.5,10.0,124358,0.0,0.0
2024-07-11 00:00:00-04:00,9.6,10.5,9.6,10.0,122354,0.0,0.0
2024-07-12 00:00:00-04:00,10.3,11.1,10.1,10.4,85276,0.0,0.0
2024-07-15 00:00:00-04:00,10.3,10.4,9.7,9.8,62293,0.0,0.0
2024-07-16 00:00:00-04:00,9.8,10.3,9.6,10.3,58850,0.0,0.0
2024-07-17 00:00:00-04:00,10.3,10.4,9.9,9.9,33870,0.0,0.0
2024-07-18 00:00:00-04:00,9.9,10.2,9.6,9.9,33870,0.0,0.0
2024-07-19 00:00:00-04:00,9.9,10.5,9.8,9.9,74442,0.0,0.0
2024-07-22 00:00:00-04:00,9.9,10.0,8.9,9.4,69218,0.0,0.0
2024-07-23 00:00:00-04:00,9.4,9.4,8.9,9.1,44797,0.0,0.0
2024-07-24 00:00:00-04:00,9.0,9.1,8.1,8.5,43976,0.0,0.0
2024-07-25 00:00:00-04:00,8.4,9.2,8.4,8.9,41156,0.0,0.0
2024-07-26 00:00:00-04:00,8.8,9.0,8.6,9.0,24688,0.0,0.0
2024-07-29 00:00:00-04:00,9.0,9.1,8.5,8.6,27583,0.0,0.0
2024-07-30 00:00:00-04:00,8.6,8.7,7.7,8.0,58480,0.0,0.0
2024-07-31 00:00:00-04:00,8.2,9.7,8.0,9.0,125098,0.0,0.0
2024-08-01 00:00:00-04:00,10.0,10.0,8.2,8.4,31887,0.0,0.0
2024-08-02 00:00:00-04:00,8.5,8.5,7.8,7.8,33930,0.0,0.0
2024-08-05 00:00:00-04:00,7.0,8.1,6.6,7.7,52318,0.0,0.0
2024-08-06 00:00:00-04:00,7.8,7.8,7.5,7.6,36941,0.0,0.0
2024-08-07 00:00:00-04:00,7.7,9.0,7.1,7.6,44290,0.0,0.0
2024-08-08 00:00:00-04:00,7.9,8.0,7.2,7.7,17352,0.0,0.0
2024-08-09 00:00:00-04:00,8.0,8.3,7.3,8.2,33398,0.0,0.0
2024-08-12 00:00:00-04:00,8.2,8.2,7.7,8.0,10966,0.0,0.0
2024-08-13 00:00:00-04:00,8.1,8.2,3.7,4.6,288126,0.0,0.0
2024-08-14 00:00:00-04:00,4.6,4.7,2.7,3.6,416304,0.0,0.0
2024-08-15 00:00:00-04:00,3.1,3.58,2.73,3.25,378600,0.0,0.01
2024-08-16 00:00:00-04:00,3.15,3.77,2.85,3.62,327700,0.0,0.0
2024-08-19 00:00:00-04:00,3.67,4.25,3.34,4.18,319600,0.0,0.0
2024-08-20 00:00:00-04:00,4.12,5.299,4.015,4.95,387700,0.0,0.0
2024-08-21 00:00:00-04:00,4.79,5.29,4.07,4.25,158000,0.0,0.0
2024-08-22 00:00:00-04:00,4.48,4.5,4.04,4.33,106800,0.0,0.0
2024-08-23 00:00:00-04:00,4.52,5.11,4.29,4.62,229100,0.0,0.0
2024-08-26 00:00:00-04:00,4.8,5.04,4.27,4.44,113600,0.0,0.0
2024-08-27 00:00:00-04:00,4.15,4.34,3.799,4.01,149700,0.0,0.0
2024-08-28 00:00:00-04:00,3.95,3.97,3.04,3.1,214500,0.0,0.0
2024-08-29 00:00:00-04:00,3.1,3.48,3.02,3.25,167000,0.0,0.0
2024-08-30 00:00:00-04:00,3.26,3.41,3.11,3.13,100300,0.0,0.0
2024-09-03 00:00:00-04:00,3.08,3.08,2.52,2.52,172200,0.0,0.0
2024-09-04 00:00:00-04:00,2.51,2.76,2.36,2.44,76800,0.0,0.0
2024-09-05 00:00:00-04:00,2.44,2.77,2.41,2.621,89500,0.0,0.0
2024-09-06 00:00:00-04:00,2.68,2.91,2.6,2.76,73600,0.0,0.0
2024-09-09 00:00:00-04:00,2.78,2.89,2.56,2.75,69800,0.0,0.0
2024-09-10 00:00:00-04:00,2.84,3.44,2.76,2.94,236200,0.0,0.0
2024-09-11 00:00:00-04:00,2.92,3.2,2.85,2.97,75500,0.0,0.0
2024-09-12 00:00:00-04:00,3.01,3.19,2.75,2.84,71500,0.0,0.0
2024-09-13 00:00:00-04:00,2.86,3.04,2.86,2.975,52100,0.0,0.0
2024-09-16 00:00:00-04:00,3.03,3.119,2.91,2.98,43600,0.0,0.0
2024-09-17 00:00:00-04:00,2.97,3.02,2.68,2.68,66300,0.0,0.0
2024-09-18 00:00:00-04:00,2.8,3.03,2.737,2.769,124700,0.0,0.0
2024-09-19 00:00:00-04:00,2.8,2.976,2.7,2.77,69200,0.0,0.0
2024-09-20 00:00:00-04:00,2.8,2.92,2.72,2.79,33800,0.0,0.0
2024-09-23 00:00:00-04:00,2.84,2.84,2.51,2.61,51800,0.0,0.0
2024-09-24 00:00:00-04:00,2.66,2.66,2.32,2.43,57500,0.0,0.0
2024-09-25 00:00:00-04:00,2.47,2.62,2.25,2.255,64600,0.0,0.0
2024-09-26 00:00:00-04:00,2.34,2.44,2.3,2.44,38300,0.0,0.0
2024-09-27 00:00:00-04:00,2.54,2.54,2.41,2.43,22700,0.0,0.0
2024-09-30 00:00:00-04:00,2.41,2.58,2.35,2.56,67300,0.0,0.0
2024-10-01 00:00:00-04:00,2.56,2.86,2.46,2.69,91500,0.0,0.0
2024-10-02 00:00:00-04:00,2.62,2.65,2.549,2.55,28500,0.0,0.0
2024-10-03 00:00:00-04:00,2.5,2.63,2.47,2.51,33100,0.0,0.0
2024-10-04 00:00:00-04:00,2.52,2.67,2.52,2.59,22800,0.0,0.0
2024-10-07 00:00:00-04:00,2.51,2.59,2.4,2.51,50800,0.0,0.0
2024-10-08 00:00:00-04:00,2.46,2.7,2.45,2.63,49500,0.0,0.0
2024-10-09 00:00:00-04:00,2.65,2.78,2.61,2.69,91300,0.0,0.0
2024-10-10 00:00:00-04:00,2.72,2.72,2.55,2.7,36000,0.0,0.0
2024-10-11 00:00:00-04:00,2.75,2.841,2.51,2.734,28500,0.0,0.0
2024-10-14 00:00:00-04:00,2.74,2.74,2.375,2.43,73500,0.0,0.0
2024-10-15 00:00:00-04:00,2.44,2.5,2.37,2.396,36200,0.0,0.0
2024-10-16 00:00:00-04:00,2.4,2.53,2.35,2.45,38400,0.0,0.0
2024-10-17 00:00:00-04:00,2.58,2.61,2.44,2.61,103800,0.0,0.0
2024-10-18 00:00:00-04:00,2.64,2.86,2.57,2.83,73000,0.0,0.0
2024-10-21 00:00:00-04:00,2.83,3.03,2.76,2.91,71900,0.0,0.0
2024-10-22 00:00:00-04:00,3.0,3.0,2.51,2.58,81500,0.0,0.0
2024-10-23 00:00:00-04:00,2.58,2.59,2.45,2.46,61100,0.0,0.0
2024-10-24 00:00:00-04:00,2.55,2.68,2.514,2.67,90800,0.0,0.0
2024-10-25 00:00:00-04:00,2.68,2.93,2.58,2.92,82300,0.0,0.0
2024-10-28 00:00:00-04:00,2.96,3.391,2.88,3.21,264800,0.0,0.0
2024-10-29 00:00:00-04:00,3.18,3.24,3.105,3.17,35600,0.0,0.0
2024-10-30 00:00:00-04:00,3.11,3.676,3.04,3.36,143500,0.0,0.0
2024-10-31 00:00:00-04:00,3.35,3.35,3.18,3.19,52300,0.0,0.0
2024-11-01 00:00:00-04:00,3.18,3.448,3.12,3.33,80400,0.0,0.0
2024-11-04 00:00:00-05:00,3.32,3.42,3.167,3.41,34300,0.0,0.0
2024-11-05 00:00:00-05:00,3.43,3.447,3.29,3.365,30200,0.0,0.0
2024-11-06 00:00:00-05:00,3.17,3.18,2.67,2.7,66000,0.0,0.0
2024-11-07 00:00:00-05:00,2.88,2.96,2.74,2.78,24400,0.0,0.0
2024-11-08 00:00:00-05:00,2.74,2.79,2.65,2.77,23000,0.0,0.0
2024-11-11 00:00:00-05:00,2.75,2.964,2.5,2.65,39900,0.0,0.0
2024-11-12 00:00:00-05:00,2.62,2.88,2.617,2.88,85200,0.0,0.0
2024-11-13 00:00:00-05:00,2.91,2.98,2.679,2.79,59600,0.0,0.0
2024-11-14 00:00:00-05:00,2.82,2.844,2.671,2.71,24600,0.0,0.0
2024-11-15 00:00:00-05:00,2.76,2.8,2.57,2.61,23100,0.0,0.0
2024-11-18 00:00:00-05:00,2.6,2.707,2.42,2.45,32400,0.0,0.0
2024-11-19 00:00:00-05:00,2.49,2.59,2.41,2.49,22100,0.0,0.0
2024-11-20 00:00:00-05:00,2.5,2.624,2.42,2.5,14000,0.0,0.0
2024-11-21 00:00:00-05:00,2.53,2.6,2.3,2.48,57700,0.0,0.0
2024-11-22 00:00:00-05:00,2.48,2.5,2.383,2.5,24000,0.0,0.0
2024-11-25 00:00:00-05:00,2.54,2.62,2.5,2.54,41300,0.0,0.0
2024-11-26 00:00:00-05:00,2.59,2.87,2.48,2.59,61300,0.0,0.0
2024-11-27 00:00:00-05:00,2.6,2.6,2.52,2.52,16800,0.0,0.0
2024-11-29 00:00:00-05:00,2.55,2.68,2.5,2.67,28300,0.0,0.0
2024-12-02 00:00:00-05:00,2.62,2.865,2.54,2.57,50200,0.0,0.0
2024-12-03 00:00:00-05:00,2.54,2.7,2.515,2.55,32100,0.0,0.0
2024-12-04 00:00:00-05:00,2.52,2.675,2.49,2.56,27000,0.0,0.0
2024-12-05 00:00:00-05:00,2.573,2.66,2.42,2.43,38300,0.0,0.0
2024-12-06 00:00:00-05:00,2.51,2.51,2.388,2.4,74200,0.0,0.0
2024-12-09 00:00:00-05:00,2.41,2.8,2.41,2.64,120400,0.0,0.0
2024-12-10 00:00:00-05:00,2.74,2.762,2.55,2.73,29600,0.0,0.0
2024-12-11 00:00:00-05:00,2.67,2.77,2.621,2.67,81600,0.0,0.0
2024-12-12 00:00:00-05:00,2.64,2.675,2.552,2.67,16300,0.0,0.0
2024-12-13 00:00:00-05:00,2.672,2.68,2.47,2.55,47400,0.0,0.0
2024-12-16 00:00:00-05:00,2.55,3.15,2.51,3.03,278700,0.0,0.0
2024-12-17 00:00:00-05:00,3.11,3.11,2.79,2.93,53500,0.0,0.0
2024-12-18 00:00:00-05:00,2.96,3.0,2.68,2.72,30800,0.0,0.0
2024-12-19 00:00:00-05:00,2.72,2.91,2.62,2.7,81500,0.0,0.0
2024-12-20 00:00:00-05:00,2.7,2.79,2.59,2.61,42700,0.0,0.0
2024-12-23 00:00:00-05:00,2.69,2.69,2.431,2.48,67200,0.0,0.0
2024-12-24 00:00:00-05:00,2.5,2.51,2.41,2.51,41900,0.0,0.0
2024-12-26 00:00:00-05:00,2.51,2.77,2.51,2.76,70700,0.0,0.0
2024-12-27 00:00:00-05:00,3.01,3.22,2.788,2.96,124400,0.0,0.0
2024-12-30 00:00:00-05:00,3.38,4.41,3.12,3.99,993400,0.0,0.0
2024-12-31 00:00:00-05:00,3.98,3.98,3.09,3.27,220300,0.0,0.0
2025-01-02 00:00:00-05:00,3.29,3.54,3.0,3.1,90600,0.0,0.0
2025-01-03 00:00:00-05:00,3.22,3.29,3.01,3.13,72200,0.0,0.0
2025-01-06 00:00:00-05:00,3.23,3.32,3.09,3.19,68000,0.0,0.0
2025-01-07 00:00:00-05:00,3.15,3.175,2.711,2.84,181100,0.0,0.0
2025-01-08 00:00:00-05:00,2.87,2.9,2.525,2.57,49200,0.0,0.0
2025-01-10 00:00:00-05:00,2.59,2.707,2.58,2.62,23800,0.0,0.0
2025-01-13 00:00:00-05:00,2.63,2.63,2.45,2.49,37300,0.0,0.0
2025-01-14 00:00:00-05:00,2.52,2.73,2.52,2.59,73800,0.0,0.0
2025-01-15 00:00:00-05:00,2.61,2.78,2.549,2.69,58400,0.0,0.0
2025-01-16 00:00:00-05:00,2.71,2.75,2.49,2.6,37200,0.0,0.0
2025-01-17 00:00:00-05:00,2.65,2.65,2.55,2.65,36600,0.0,0.0
2025-01-21 00:00:00-05:00,2.73,2.97,2.66,2.81,123100,0.0,0.0
2025-01-22 00:00:00-05:00,2.79,3.09,2.71,2.97,81700,0.0,0.0
2025-01-23 00:00:00-05:00,2.95,2.95,2.77,2.83,22800,0.0,0.0
2025-01-24 00:00:00-05:00,2.81,2.97,2.7,2.71,26400,0.0,0.0
2025-01-27 00:00:00-05:00,2.67,2.67,2.25,2.32,88600,0.0,0.0
2025-01-28 00:00:00-05:00,2.41,2.41,2.24,2.318,40700,0.0,0.0
2025-01-29 00:00:00-05:00,2.31,2.34,2.17,2.21,32400,0.0,0.0
2025-01-30 00:00:00-05:00,2.19,2.28,2.129,2.24,52500,0.0,0.0
2025-01-31 00:00:00-05:00,2.24,2.323,2.2,2.21,20600,0.0,0.0
2025-02-03 00:00:00-05:00,2.21,2.21,2.013,2.11,39200,0.0,0.0
2025-02-04 00:00:00-05:00,2.11,2.11,1.9,2.045,41700,0.0,0.0
2025-02-05 00:00:00-05:00,2.06,2.38,2.06,2.32,54400,0.0,0.0
2025-02-06 00:00:00-05:00,2.32,2.46,2.319,2.37,14800,0.0,0.0
2025-02-07 00:00:00-05:00,2.41,2.435,2.24,2.32,20000,0.0,0.0
2025-02-10 00:00:00-05:00,2.3,2.3,2.13,2.16,12500,0.0,0.0
2025-02-11 00:00:00-05:00,2.2,2.31,2.07,2.08,14800,0.0,0.0
2025-02-12 00:00:00-05:00,2.08,2.2,2.08,2.15,6900,0.0,0.0
2025-02-13 00:00:00-05:00,2.14,2.34,2.071,2.31,14600,0.0,0.0
2025-02-14 00:00:00-05:00,2.31,2.475,2.21,2.35,46500,0.0,0.0
2025-02-18 00:00:00-05:00,2.35,2.47,2.29,2.41,15700,0.0,0.0
2025-02-19 00:00:00-05:00,2.34,2.49,2.3,2.41,17500,0.0,0.0
2025-02-20 00:00:00-05:00,2.25,2.447,2.14,2.23,12800,0.0,0.0
2025-02-21 00:00:00-05:00,2.21,2.26,2.15,2.21,9900,0.0,0.0
2025-02-24 00:00:00-05:00,2.19,2.25,2.11,2.11,18300,0.0,0.0
2025-02-25 00:00:00-05:00,2.11,2.14,2.0,2.08,11800,0.0,0.0
2025-02-26 00:00:00-05:00,2.02,2.05,2.0,2.01,20300,0.0,0.0
2025-02-27 00:00:00-05:00,2.02,2.034,1.95,1.98,21300,0.0,0.0
2025-02-28 00:00:00-05:00,1.98,2.019,1.9,1.96,15100,0.0,0.0
2025-03-03 00:00:00-05:00,1.98,1.98,1.67,1.69,26000,0.0,0.0
2025-03-04 00:00:00-05:00,1.7,1.7,1.501,1.68,24500,0.0,0.0
2025-03-05 00:00:00-05:00,1.66,1.79,1.631,1.79,24300,0.0,0.0
2025-03-06 00:00:00-05:00,1.822,1.84,1.79,1.8,13900,0.0,0.0
2025-03-07 00:00:00-05:00,1.8,1.88,1.653,1.78,11800,0.0,0.0
2025-03-10 00:00:00-04:00,1.77,1.776,1.58,1.64,15500,0.0,0.0
2025-03-11 00:00:00-04:00,1.67,1.67,1.55,1.65,12600,0.0,0.0
2025-03-12 00:00:00-04:00,1.73,1.73,1.669,1.715,7800,0.0,0.0
2025-03-13 00:00:00-04:00,1.72,1.8,1.67,1.8,13300,0.0,0.0
2025-03-14 00:00:00-04:00,1.76,1.8,1.728,1.77,9600,0.0,0.0
2025-03-17 00:00:00-04:00,1.84,1.94,1.84,1.94,16600,0.0,0.0
2025-03-18 00:00:00-04:00,1.94,1.95,1.77,1.88,71200,0.0,0.0
2025-03-19 00:00:00-04:00,1.87,1.91,1.72,1.865,57300,0.0,0.0
2025-03-20 00:00:00-04:00,1.81,1.899,1.63,1.76,110900,0.0,0.0
2025-03-21 00:00:00-04:00,1.818,1.84,1.74,1.8,8400,0.0,0.0
2025-03-24 00:00:00-04:00,1.82,1.9,1.82,1.89,7400,0.0,0.0
2025-03-25 00:00:00-04:00,1.85,1.865,1.81,1.834,6600,0.0,0.0
2025-03-26 00:00:00-04:00,1.84,1.85,1.67,1.71,65100,0.0,0.0
2025-03-27 00:00:00-04:00,1.7,1.79,1.695,1.79,1698700,0.0,0.0
2025-03-28 00:00:00-04:00,1.56,1.65,1.39,1.41,325000,0.0,0.0
2025-03-31 00:00:00-04:00,1.37,1.46,1.25,1.41,74800,0.0,0.0
2025-04-01 00:00:00-04:00,1.37,1.38,1.31,1.35,51700,0.0,0.0
2025-04-02 00:00:00-04:00,1.35,1.36,1.2,1.34,66500,0.0,0.0
2025-04-03 00:00:00-04:00,1.34,1.41,1.25,1.25,44700,0.0,0.0
2025-04-04 00:00:00-04:00,1.24,1.35,1.17,1.31,66700,0.0,0.0
2025-04-07 00:00:00-04:00,1.22,1.33,1.17,1.27,42200,0.0,0.0
2025-04-08 00:00:00-04:00,1.28,1.339,1.21,1.235,27600,0.0,0.0
2025-04-09 00:00:00-04:00,1.23,1.39,1.23,1.36,52500,0.0,0.0
2025-04-10 00:00:00-04:00,1.36,1.38,1.25,1.34,20700,0.0,0.0
2025-04-11 00:00:00-04:00,1.34,1.37,1.27,1.33,17300,0.0,0.0
2025-04-14 00:00:00-04:00,1.43,1.46,1.33,1.34,38200,0.0,0.0
2025-04-15 00:00:00-04:00,1.44,1.461,1.26,1.44,14800,0.0,0.0
2025-04-16 00:00:00-04:00,1.44,1.44,1.363,1.38,12600,0.0,0.0
2025-04-17 00:00:00-04:00,1.36,1.44,1.3,1.41,23900,0.0,0.0
2025-04-21 00:00:00-04:00,1.4,1.46,1.38,1.46,8200,0.0,0.0
2025-04-22 00:00:00-04:00,1.46,1.58,1.45,1.5,65900,0.0,0.0
2025-04-23 00:00:00-04:00,1.55,1.68,1.5,1.585,66500,0.0,0.0
2025-04-24 00:00:00-04:00,1.58,1.7,1.53,1.601,33500,0.0,0.0
2025-04-25 00:00:00-04:00,1.59,1.69,1.59,1.68,33400,0.0,0.0
2025-04-28 00:00:00-04:00,1.66,1.7,1.538,1.69,46500,0.0,0.0
2025-04-29 00:00:00-04:00,1.69,1.69,1.61,1.657,12700,0.0,0.0
2025-04-30 00:00:00-04:00,1.73,1.73,1.6,1.67,8700,0.0,0.0
2025-05-01 00:00:00-04:00,1.637,1.749,1.623,1.72,24700,0.0,0.0
2025-05-02 00:00:00-04:00,1.7,1.79,1.688,1.71,60400,0.0,0.0
2025-05-05 00:00:00-04:00,1.73,1.82,1.72,1.74,18300,0.0,0.0
2025-05-06 00:00:00-04:00,1.77,1.8,1.75,1.8,24200,0.0,0.0
2025-05-07 00:00:00-04:00,1.78,1.915,1.78,1.85,39700,0.0,0.0
2025-05-08 00:00:00-04:00,1.87,1.94,1.813,1.89,10100,0.0,0.0
2025-05-09 00:00:00-04:00,1.94,1.995,1.8,1.871,26900,0.0,0.0
2025-05-12 00:00:00-04:00,2.0,2.06,1.93,2.0,98800,0.0,0.0
2025-05-13 00:00:00-04:00,2.03,2.054,1.71,1.81,78700,0.0,0.0
2025-05-14 00:00:00-04:00,1.81,1.854,1.785,1.82,14800,0.0,0.0
2025-05-15 00:00:00-04:00,1.795,1.82,1.69,1.69,11900,0.0,0.0
2025-05-16 00:00:00-04:00,1.7,1.836,1.69,1.71,10300,0.0,0.0
2025-05-19 00:00:00-04:00,1.71,1.78,1.69,1.78,19100,0.0,0.0
2025-05-20 00:00:00-04:00,1.8,1.89,1.79,1.84,40200,0.0,0.0
2025-05-21 00:00:00-04:00,1.84,1.86,1.68,1.69,48400,0.0,0.0
2025-05-22 00:00:00-04:00,1.7,1.765,1.65,1.7,18800,0.0,0.0
2025-05-23 00:00:00-04:00,1.6,1.663,1.561,1.59,47400,0.0,0.0
2025-05-27 00:00:00-04:00,1.66,1.66,1.59,1.59,25200,0.0,0.0
2025-05-28 00:00:00-04:00,1.59,1.607,1.56,1.57,19700,0.0,0.0
2025-05-29 00:00:00-04:00,1.59,1.71,1.55,1.58,36100,0.0,0.0
2025-05-30 00:00:00-04:00,1.66,1.68,1.55,1.55,11000,0.0,0.0
2025-06-02 00:00:00-04:00,1.54,1.68,1.54,1.63,64500,0.0,0.0
2025-06-03 00:00:00-04:00,1.65,1.69,1.581,1.65,43200,0.0,0.0
2025-06-04 00:00:00-04:00,1.67,1.77,1.63,1.645,104800,0.0,0.0
2025-06-05 00:00:00-04:00,1.64,1.69,1.59,1.62,51100,0.0,0.0
2025-06-06 00:00:00-04:00,1.66,1.66,1.58,1.62,30500,0.0,0.0
2025-06-09 00:00:00-04:00,1.68,1.681,1.57,1.63,57200,0.0,0.0
2025-06-10 00:00:00-04:00,1.69,1.76,1.58,1.71,114000,0.0,0.0
2025-06-11 00:00:00-04:00,1.7,1.802,1.67,1.68,124700,0.0,0.0
2025-06-12 00:00:00-04:00,1.71,1.77,1.6,1.65,135400,0.0,0.0
2025-06-13 00:00:00-04:00,1.66,1.67,1.58,1.64,70900,0.0,0.0
2025-06-16 00:00:00-04:00,1.64,1.67,1.6,1.63,72600,0.0,0.0
2025-06-17 00:00:00-04:00,1.62,1.63,1.57,1.58,41400,0.0,0.0
2025-06-18 00:00:00-04:00,1.58,1.655,1.557,1.6,20700,0.0,0.0
2025-06-20 00:00:00-04:00,1.64,1.67,1.57,1.57,21700,0.0,0.0
2025-06-23 00:00:00-04:00,1.58,1.6,1.555,1.56,34400,0.0,0.0
2025-06-24 00:00:00-04:00,1.6,1.63,1.58,1.6,14300,0.0,0.0
2025-06-25 00:00:00-04:00,1.6,1.6,1.1,1.165,247300,0.0,0.0
2025-06-26 00:00:00-04:00,2.87,3.71,2.1,2.84,112814100,0.0,0.0
2025-06-27 00:00:00-04:00,2.85,3.86,2.02,3.24,16129300,0.0,0.0
2025-06-30 00:00:00-04:00,3.07,3.07,2.55,2.64,1778300,0.0,0.0
2025-07-01 00:00:00-04:00,2.36,2.58,2.2,2.32,912700,0.0,0.0
2025-07-02 00:00:00-04:00,2.27,2.36,2.1,2.12,599600,0.0,0.0
2025-07-03 00:00:00-04:00,2.15,2.64,2.15,2.54,1375800,0.0,0.0
2025-07-07 00:00:00-04:00,2.43,2.48,2.15,2.21,600800,0.0,0.0
2025-07-08 00:00:00-04:00,2.26,2.4,2.1,2.34,813300,0.0,0.0
2025-07-09 00:00:00-04:00,2.25,2.32,2.09,2.12,402300,0.0,0.0
2025-07-10 00:00:00-04:00,2.12,2.21,2.07,2.13,188100,0.0,0.0
2025-07-11 00:00:00-04:00,2.1,2.15,2.04,2.07,164700,0.0,0.0
2025-07-14 00:00:00-04:00,2.06,2.09,1.94,1.96,218700,0.0,0.0
2025-07-15 00:00:00-04:00,1.97,2.0,1.8,1.85,260900,0.0,0.0
2025-07-16 00:00:00-04:00,1.84,1.88,1.71,1.88,362300,0.0,0.0
2025-07-17 00:00:00-04:00,1.88,1.985,1.78,1.96,213800,0.0,0.0
2025-07-18 00:00:00-04:00,1.96,2.159,1.96,2.1,243400,0.0,0.0
2025-07-21 00:00:00-04:00,2.1,2.274,2.0,2.1,275700,0.0,0.0
2025-07-22 00:00:00-04:00,2.06,2.14,2.03,2.12,69800,0.0,0.0
2025-07-23 00:00:00-04:00,2.2,2.2,2.06,2.13,92700,0.0,0.0
2025-07-24 00:00:00-04:00,2.14,2.14,1.65,1.79,518400,0.0,0.0
2025-07-25 00:00:00-04:00,1.82,1.82,1.66,1.69,167600,0.0,0.0
2025-07-28 00:00:00-04:00,1.72,1.755,1.66,1.73,153800,0.0,0.0
2025-07-29 00:00:00-04:00,1.73,1.8,1.65,1.75,191400,0.0,0.0
2025-07-30 00:00:00-04:00,1.78,1.937,1.751,1.85,241300,0.0,0.0
2025-07-31 00:00:00-04:00,1.86,1.86,1.75,1.78,99600,0.0,0.0
2025-08-01 00:00:00-04:00,1.81,1.81,1.68,1.68,81600,0.0,0.0
2025-08-04 00:00:00-04:00,1.69,1.71,1.65,1.71,41400,0.0,0.0
2025-08-05 00:00:00-04:00,1.75,1.76,1.65,1.72,54100,0.0,0.0
2025-08-06 00:00:00-04:00,1.7,1.99,1.68,1.93,356300,0.0,0.0
2025-08-07 00:00:00-04:00,1.85,2.1,1.842,2.08,227100,0.0,0.0
2025-08-08 00:00:00-04:00,2.08,2.15,2.05,2.09,159200,0.0,0.0
2025-08-11 00:00:00-04:00,2.12,2.16,1.964,2.1,153200,0.0,0.0
2025-08-12 00:00:00-04:00,2.19,2.3,2.127,2.21,130700,0.0,0.0
2025-08-13 00:00:00-04:00,2.21,2.23,2.04,2.21,145200,0.0,0.0
2025-08-14 00:00:00-04:00,2.2,2.204,2.11,2.18,28400,0.0,0.0
2025-08-15 00:00:00-04:00,2.12,2.59,2.04,2.37,866400,0.0,0.0
2025-08-18 00:00:00-04:00,2.37,2.45,2.26,2.39,148800,0.0,0.0
2025-08-19 00:00:00-04:00,2.36,2.387,2.24,2.35,80000,0.0,0.0
2025-08-20 00:00:00-04:00,2.39,2.43,2.281,2.32,99100,0.0,0.0
2025-08-21 00:00:00-04:00,2.27,2.32,2.1,2.11,114300,0.0,0.0
2025-08-22 00:00:00-04:00,2.09,2.23,2.08,2.14,49600,0.0,0.0
2025-08-25 00:00:00-04:00,2.15,2.259,2.09,2.14,72100,0.0,0.0
2025-08-26 00:00:00-04:00,2.11,2.168,2.1,2.13,40500,0.0,0.0
2025-08-27 00:00:00-04:00,2.134,2.182,2.09,2.1,54900,0.0,0.0
2025-08-28 00:00:00-04:00,2.38,2.4,1.88,2.04,17081400,0.0,0.0
2025-08-29 00:00:00-04:00,2.03,2.09,1.92,1.98,464400,0.0,0.0
2025-09-02 00:00:00-04:00,1.895,1.97,1.81,1.93,209900,0.0,0.0
2025-09-03 00:00:00-04:00,1.88,2.03,1.88,1.95,153000,0.0,0.0
2025-09-04 00:00:00-04:00,1.95,1.95,1.82,1.92,98100,0.0,0.0
2025-09-05 00:00:00-04:00,1.97,1.97,1.58,1.83,193500,0.0,0.0
2025-09-08 00:00:00-04:00,1.78,1.812,1.76,1.78,100600,0.0,0.0
2025-09-09 00:00:00-04:00,1.8,1.88,1.7,1.82,155900,0.0,0.0
2025-09-10 00:00:00-04:00,1.84,1.87,1.81,1.81,58400,0.0,0.0
2025-09-11 00:00:00-04:00,1.77,1.945,1.77,1.9,172700,0.0,0.0
2025-09-12 00:00:00-04:00,1.92,1.99,1.82,1.99,171800,0.0,0.0
2025-09-15 00:00:00-04:00,1.99,2.03,1.96,1.96,41500,0.0,0.0
2025-09-16 00:00:00-04:00,1.92,2.1,1.91,1.95,278400,0.0,0.0
2025-09-17 00:00:00-04:00,2.07,2.4,1.95,2.25,17636300,0.0,0.0
2025-09-18 00:00:00-04:00,2.25,2.38,2.18,2.18,621900,0.0,0.0
2025-09-19 00:00:00-04:00,2.15,2.26,2.1,2.15,231600,0.0,0.0
2025-09-22 00:00:00-04:00,2.17,2.18,2.1,2.13,137900,0.0,0.0
2025-09-23 00:00:00-04:00,2.1,2.22,2.07,2.07,142600,0.0,0.0
2025-09-24 00:00:00-04:00,2.1,2.15,2.094,2.12,69100,0.0,0.0
2025-09-25 00:00:00-04:00,2.1,2.1,1.92,1.98,114800,0.0,0.0
2025-09-26 00:00:00-04:00,2.04,2.04,1.932,1.97,76500,0.0,0.0
2025-09-29 00:00:00-04:00,1.96,2.02,1.95,1.99,36800,0.0,0.0
2025-09-30 00:00:00-04:00,1.95,2.04,1.94,1.96,76800,0.0,0.0
2025-10-01 00:00:00-04:00,1.97,2.01,1.891,1.94,100900,0.0,0.0
2025-10-02 00:00:00-04:00,1.97,2.12,1.952,2.1,70500,0.0,0.0
2025-10-03 00:00:00-04:00,2.14,2.35,2.08,2.29,364400,0.0,0.0
2025-10-06 00:00:00-04:00,2.31,2.47,2.31,2.42,348900,0.0,0.0
2025-10-07 00:00:00-04:00,2.45,2.45,2.155,2.27,213400,0.0,0.0
2025-10-08 00:00:00-04:00,2.25,2.4,2.21,2.36,126600,0.0,0.0
2025-10-09 00:00:00-04:00,2.34,2.55,2.34,2.44,196000,0.0,0.0
2025-10-10 00:00:00-04:00,2.45,2.46,2.173,2.2,86600,0.0,0.0
2025-10-13 00:00:00-04:00,2.26,2.378,2.18,2.28,46000,0.0,0.0
2025-10-14 00:00:00-04:00,2.18,2.35,2.08,2.27,1315900,0.0,0.0
2025-10-15 00:00:00-04:00,2.33,2.53,2.33,2.45,328700,0.0,0.0
2025-10-16 00:00:00-04:00,2.48,2.48,2.21,2.26,176600,0.0,0.0
2025-10-17 00:00:00-04:00,2.18,2.28,2.12,2.12,98500,0.0,0.0
2025-10-20 00:00:00-04:00,2.18,2.36,2.14,2.28,71800,0.0,0.0
2025-10-21 00:00:00-04:00,2.23,2.33,2.22,2.26,49500,0.0,0.0
2025-10-22 00:00:00-04:00,2.19,2.2,2.02,2.11,119300,0.0,0.0
2025-10-23 00:00:00-04:00,2.08,2.23,2.075,2.2,46600,0.0,0.0
2025-10-24 00:00:00-04:00,2.25,2.29,2.21,2.26,29200,0.0,0.0
2025-10-27 00:00:00-04:00,2.29,2.32,2.25,2.27,32000,0.0,0.0
2025-10-28 00:00:00-04:00,2.23,2.248,2.1,2.11,81300,0.0,0.0
2025-10-29 00:00:00-04:00,2.23,2.23,2.0,2.12,130700,0.0,0.0
2025-10-30 00:00:00-04:00,2.1,2.17,2.03,2.07,83800,0.0,0.0
2025-10-31 00:00:00-04:00,2.04,2.11,2.04,2.06,50500,0.0,0.0
2025-11-03 00:00:00-05:00,2.09,2.1,2.0,2.06,24200,0.0,0.0
2025-11-04 00:00:00-05:00,2.0,2.065,1.85,1.86,173700,0.0,0.0
2025-11-05 00:00:00-05:00,1.92,1.97,1.83,1.92,92800,0.0,0.0
2025-11-06 00:00:00-05:00,1.98,2.15,1.562,1.57,9595200,0.0,0.0
2025-11-07 00:00:00-05:00,1.5,1.67,1.43,1.62,267000,0.0,0.0
2025-11-10 00:00:00-05:00,1.61,1.78,1.61,1.7,138000,0.0,0.0
2025-11-11 00:00:00-05:00,1.64,1.69,1.605,1.65,65600,0.0,0.0
2025-11-12 00:00:00-05:00,1.66,1.75,1.58,1.69,294900,0.0,0.0
2025-11-13 00:00:00-05:00,1.66,1.682,1.61,1.62,39100,0.0,0.0
2025-11-14 00:00:00-05:00,1.62,1.7,1.531,1.65,39700,0.0,0.0
2025-11-17 00:00:00-05:00,1.65,1.736,1.6,1.68,90900,0.0,0.0
2025-11-18 00:00:00-05:00,1.63,1.7,1.61,1.67,45700,0.0,0.0
2025-11-19 00:00:00-05:00,1.67,1.68,1.604,1.62,38100,0.0,0.0
2025-11-20 00:00:00-05:00,1.62,1.651,1.42,1.43,79500,0.0,0.0
2025-11-21 00:00:00-05:00,1.51,1.51,1.41,1.43,223200,0.0,0.0
2025-11-24 00:00:00-05:00,1.49,1.5,1.43,1.5,31300,0.0,0.0
2025-11-25 00:00:00-05:00,1.46,1.548,1.4,1.53,44700,0.0,0.0
2025-11-26 00:00:00-05:00,1.53,1.6,1.457,1.57,55000,0.0,0.0
2025-11-28 00:00:00-05:00,1.6,1.66,1.6,1.64,15100,0.0,0.0
2025-12-01 00:00:00-05:00,1.64,1.64,1.55,1.58,33700,0.0,0.0
2025-12-02 00:00:00-05:00,1.56,1.66,1.51,1.59,69300,0.0,0.0
2025-12-03 00:00:00-05:00,1.61,1.73,1.55,1.72,111000,0.0,0.0
2025-12-04 00:00:00-05:00,1.72,1.94,1.61,1.94,74600,0.0,0.0
2025-12-05 00:00:00-05:00,1.839,1.97,1.839,1.93,52800,0.0,0.0
2025-12-08 00:00:00-05:00,1.8,1.9,1.58,1.87,349500,0.0,0.0
2025-12-09 00:00:00-05:00,1.79,2.19,1.78,2.1,346000,0.0,0.0
2025-12-10 00:00:00-05:00,2.07,2.9,1.99,2.79,1682300,0.0,0.0
2025-12-11 00:00:00-05:00,2.77,3.64,2.62,3.29,3019800,0.0,0.0
2025-12-12 00:00:00-05:00,3.29,3.61,2.55,3.12,984600,0.0,0.0
2025-12-15 00:00:00-05:00,3.405,4.6,3.37,4.17,5319000,0.0,0.0
2025-12-16 00:00:00-05:00,3.75,4.0,3.07,3.89,910000,0.0,0.0
2025-12-17 00:00:00-05:00,3.95,3.95,2.95,3.16,497300,0.0,0.0
2025-12-18 00:00:00-05:00,3.18,3.618,2.96,3.07,530000,0.0,0.0
2025-12-19 00:00:00-05:00,3.24,4.94,3.2,4.23,4358200,0.0,0.0
2025-12-22 00:00:00-05:00,4.415,4.498,3.532,3.88,1414900,0.0,0.0
2025-12-23 00:00:00-05:00,4.25,7.4,3.9,5.06,31376100,0.0,0.0
2025-12-24 00:00:00-05:00,4.79,4.99,4.03,4.54,1338200,0.0,0.0
2025-12-26 00:00:00-05:00,4.54,4.7,3.11,3.57,1626100,0.0,0.0
2025-12-29 00:00:00-05:00,3.5,4.04,3.07,3.92,888700,0.0,0.0
2025-12-30 00:00:00-05:00,3.78,5.3,3.78,4.5,3428900,0.0,0.0
2025-12-31 00:00:00-05:00,4.5,4.623,3.75,4.11,1079500,0.0,0.0
2026-01-02 00:00:00-05:00,4.25,4.74,3.85,4.06,840200,0.0,0.0
2026-01-05 00:00:00-05:00,4.77,6.65,4.33,4.99,8500600,0.0,0.0
2026-01-06 00:00:00-05:00,4.9,5.392,4.43,5.29,1159100,0.0,0.0
2026-01-07 00:00:00-05:00,4.6,4.6,3.74,3.95,3050100,0.0,0.0
2026-01-08 00:00:00-05:00,3.83,4.12,3.6,4.07,2075000,0.0,0.0
2026-01-09 00:00:00-05:00,4.1,4.78,3.837,4.5,2015000,0.0,0.0
2026-01-12 00:00:00-05:00,4.36,5.41,4.1,4.62,4264200,0.0,0.0
2026-01-13 00:00:00-05:00,4.7,5.79,4.63,5.12,4093700,0.0,0.0
2026-01-14 00:00:00-05:00,4.83,5.23,4.26,5.23,2093500,0.0,0.0
2026-01-15 00:00:00-05:00,5.15,5.7,4.801,4.84,1396900,0.0,0.0
2026-01-16 00:00:00-05:00,4.9,5.42,4.66,5.07,1692600,0.0,0.0
2026-01-20 00:00:00-05:00,4.58,5.084,4.38,4.5,1219600,0.0,0.0
2026-01-21 00:00:00-05:00,4.71,4.97,4.12,4.45,1357500,0.0,0.0
2026-01-22 00:00:00-05:00,4.51,7.26,4.51,6.81,30927300,0.0,0.0
2026-01-23 00:00:00-05:00,7.58,8.44,6.43,7.32,5958200,0.0,0.0
2026-01-26 00:00:00-05:00,6.17,6.5,5.745,5.925,3215000,0.0,0.0
2026-01-27 00:00:00-05:00,5.96,6.7,5.6,6.21,1397300,0.0,0.0
2026-01-28 00:00:00-05:00,6.18,6.54,5.66,5.68,1621500,0.0,0.0
2026-01-29 00:00:00-05:00,5.8,5.87,4.43,5.24,2398200,0.0,0.0
2026-01-30 00:00:00-05:00,5.16,5.48,4.64,4.99,1158200,0.0,0.0
2026-02-02 00:00:00-05:00,5.08,6.7,4.73,6.21,5068300,0.0,0.0
2026-02-03 00:00:00-05:00,6.25,7.09,5.76,6.74,3138300,0.0,0.0
2026-02-04 00:00:00-05:00,6.77,8.14,5.7,6.09,4079800,0.0,0.0
2026-02-05 00:00:00-05:00,5.87,6.75,5.62,5.62,2246000,0.0,0.0
2026-02-06 00:00:00-05:00,6.17,6.53,5.34,6.28,2917600,0.0,0.0
2026-02-09 00:00:00-05:00,6.35,6.95,6.17,6.5,1181200,0.0,0.0
2026-02-10 00:00:00-05:00,6.56,8.5,6.51,7.42,5752300,0.0,0.0
2026-02-11 00:00:00-05:00,7.71,9.87,7.32,9.02,6562300,0.0,0.0
2026-02-12 00:00:00-05:00,8.65,8.8,6.42,6.53,6745700,0.0,0.0
2026-02-13 00:00:00-05:00,6.85,7.6,6.22,6.23,2971300,0.0,0.0
2026-02-17 00:00:00-05:00,6.33,6.67,5.65,6.05,2785100,0.0,0.0
2026-02-18 00:00:00-05:00,6.22,6.924,6.05,6.48,1803000,0.0,0.0
2026-02-19 00:00:00-05:00,6.27,6.48,5.78,5.85,1558000,0.0,0.0
2026-02-20 00:00:00-05:00,5.75,6.25,5.51,5.76,1815900,0.0,0.0
2026-02-23 00:00:00-05:00,5.71,5.85,5.15,5.6,1528500,0.0,0.0
2026-02-24 00:00:00-05:00,5.47,6.17,5.47,6.16,1047500,0.0,0.0
2026-02-25 00:00:00-05:00,6.29,6.872,6.17,6.52,1162700,0.0,0.0
2026-02-26 00:00:00-05:00,6.37,6.955,6.01,6.15,900100,0.0,0.0
2026-02-27 00:00:00-05:00,5.96,6.3,5.68,6.3,1566600,0.0,0.0
2026-03-02 00:00:00-05:00,5.72,7.03,5.7,6.63,1000500,0.0,0.0
2026-03-03 00:00:00-05:00,6.25,7.24,6.25,6.73,1015800,0.0,0.0
2026-03-04 00:00:00-05:00,6.98,7.2,6.38,6.5,890300,0.0,0.0
2026-03-05 00:00:00-05:00,6.53,6.74,5.85,6.21,746700,0.0,0.0
2026-03-06 00:00:00-05:00,5.84,6.37,5.7,5.7,612800,0.0,0.0
2026-03-09 00:00:00-04:00,5.61,6.35,5.546,6.01,645700,0.0,0.0
2026-03-10 00:00:00-04:00,6.04,6.3,5.86,6.02,662000,0.0,0.0
2026-03-11 00:00:00-04:00,6.06,6.51,5.97,5.98,975700,0.0,0.0
2026-03-12 00:00:00-04:00,6.02,6.15,5.41,5.48,882500,0.0,0.0
2026-03-13 00:00:00-04:00,5.65,5.75,4.8,4.95,1510400,0.0,0.0
2026-03-16 00:00:00-04:00,5.02,5.36,4.73,5.18,861100,0.0,0.0
2026-03-17 00:00:00-04:00,5.15,5.47,5.15,5.19,364200,0.0,0.0
2026-03-18 00:00:00-04:00,5.09,5.19,4.75,4.75,615400,0.0,0.0
2026-03-19 00:00:00-04:00,4.65,5.12,4.55,5.08,628900,0.0,0.0
2026-03-20 00:00:00-04:00,5.0,5.291,4.62,4.66,715600,0.0,0.0
2026-03-23 00:00:00-04:00,4.84,4.95,4.31,4.76,671700,0.0,0.0
2026-03-24 00:00:00-04:00,4.69,4.969,4.475,4.54,427700,0.0,0.0
2026-03-25 00:00:00-04:00,4.61,4.988,4.18,4.28,1254100,0.0,0.0
2026-03-26 00:00:00-04:00,4.18,4.31,3.85,3.88,663800,0.0,0.0
2026-03-27 00:00:00-04:00,3.82,4.0,3.42,3.46,807600,0.0,0.0
2026-03-30 00:00:00-04:00,3.55,3.8,3.3,3.42,839100,0.0,0.0
2026-03-31 00:00:00-04:00,3.57,4.09,3.48,3.94,939600,0.0,0.0
2026-04-01 00:00:00-04:00,4.1,4.24,3.85,3.88,497000,0.0,0.0
2026-04-02 00:00:00-04:00,3.8,4.48,3.69,4.35,631000,0.0,0.0
2026-04-06 00:00:00-04:00,4.35,4.68,4.2,4.23,524400,0.0,0.0
2026-04-07 00:00:00-04:00,4.16,4.31,3.821,4.16,630500,0.0,0.0
2026-04-08 00:00:00-04:00,4.29,4.392,3.69,4.07,1067000,0.0,0.0
2026-04-09 00:00:00-04:00,3.97,4.289,3.715,3.75,601200,0.0,0.0
2026-04-10 00:00:00-04:00,3.76,4.075,3.48,3.63,621100,0.0,0.0
2026-04-13 00:00:00-04:00,3.51,4.24,3.4,4.08,1225800,0.0,0.0
2026-04-14 00:00:00-04:00,4.22,4.5,3.85,3.98,672300,0.0,0.0
2026-04-15 00:00:00-04:00,4.02,6.86,4.0,6.36,12530100,0.0,0.0
2026-04-16 00:00:00-04:00,6.11,6.74,5.87,6.35,3200900,0.0,0.0
2026-04-17 00:00:00-04:00,6.54,6.54,5.65,5.85,1734300,0.0,0.0
2026-04-20 00:00:00-04:00,5.36,5.499,4.76,4.93,1783200,0.0,0.0
2026-04-21 00:00:00-04:00,5.12,5.25,4.79,4.9,1446600,0.0,0.0
2026-04-22 00:00:00-04:00,5.11,5.23,4.84,4.97,828800,0.0,0.0
2026-04-23 00:00:00-04:00,5.5,6.5,5.0,5.34,3504100,0.0,0.0
2026-04-24 00:00:00-04:00,5.31,5.55,4.656,4.76,1269300,0.0,0.0
2026-04-27 00:00:00-04:00,5.1,5.135,4.56,4.83,1061100,0.0,0.0
2026-04-28 00:00:00-04:00,4.74,4.79,4.35,4.39,815500,0.0,0.0
2026-04-29 00:00:00-04:00,4.4,4.5,3.93,4.25,829200,0.0,0.0
2026-04-30 00:00:00-04:00,4.25,4.528,4.14,4.42,589600,0.0,0.0
2026-05-01 00:00:00-04:00,4.39,4.68,4.333,4.65,442400,0.0,0.0
2026-05-04 00:00:00-04:00,4.64,4.65,4.21,4.38,485600,0.0,0.0
2026-05-05 00:00:00-04:00,4.31,4.37,4.05,4.18,661300,0.0,0.0
2026-05-06 00:00:00-04:00,4.27,4.5,4.1,4.45,654300,0.0,0.0
2026-05-07 00:00:00-04:00,4.44,4.44,3.85,3.88,712700,0.0,0.0
2026-05-08 00:00:00-04:00,4.007,4.38,3.892,4.32,990000,0.0,0.0
2026-05-11 00:00:00-04:00,4.35,4.89,4.35,4.65,1095500,0.0,0.0
2026-05-12 00:00:00-04:00,4.59,4.68,4.07,4.65,1299700,0.0,0.0
2026-05-13 00:00:00-04:00,4.66,5.11,4.5,4.93,835900,0.0,0.0
2026-05-14 00:00:00-04:00,4.92,5.25,4.7,5.0,1432000,0.0,0.0
2026-05-15 00:00:00-04:00,4.9,5.0,4.5,4.58,960900,0.0,0.0
2026-05-18 00:00:00-04:00,4.82,5.17,3.85,4.07,2578400,0.0,0.0
2026-05-19 00:00:00-04:00,3.96,4.238,3.83,4.14,802300,0.0,0.0
2026-05-20 00:00:00-04:00,4.14,4.448,3.928,4.37,803500,0.0,0.0
2026-05-21 00:00:00-04:00,4.3,4.78,4.3,4.73,1183500,0.0,0.0
2026-05-22 00:00:00-04:00,4.78,6.08,4.76,5.36,3428700,0.0,0.0
2026-05-26 00:00:00-04:00,5.82,6.05,5.15,5.64,2634000,0.0,0.0
2026-05-27 00:00:00-04:00,6.4,7.44,5.76,6.77,6707800,0.0,0.0
2026-05-28 00:00:00-04:00,6.4,8.35,6.15,7.87,3903900,0.0,0.0
2026-05-29 00:00:00-04:00,7.4,9.8,7.17,7.43,6978200,0.0,0.0
2026-06-01 00:00:00-04:00,7.31,8.1,6.28,7.86,2891400,0.0,0.0
2026-06-02 00:00:00-04:00,7.78,9.54,7.775,8.86,4820200,0.0,0.0
2026-06-03 00:00:00-04:00,9.05,9.4,6.81,6.91,3607600,0.0,0.0
2026-06-04 00:00:00-04:00,6.76,8.65,6.6,7.82,3530200,0.0,0.0
2026-06-05 00:00:00-04:00,7.52,7.8,6.36,6.45,1991700,0.0,0.0
2026-06-08 00:00:00-04:00,6.82,7.75,6.245,7.48,2643900,0.0,0.0
2026-06-09 00:00:00-04:00,7.5,7.88,6.25,6.82,2221800,0.0,0.0
2026-06-10 00:00:00-04:00,6.59,7.07,6.34,6.99,1180000,0.0,0.0
2026-06-11 00:00:00-04:00,7.01,9.64,6.89,8.71,7766200,0.0,0.0
2026-06-12 00:00:00-04:00,8.48,8.73,7.35,7.68,2114400,0.0,0.0
2026-06-15 00:00:00-04:00,8.245,8.245,6.6,6.72,2063000,0.0,0.0
2026-06-16 00:00:00-04:00,6.76,6.97,6.4,6.79,1411600,0.0,0.0
2026-06-17 00:00:00-04:00,6.72,6.84,6.08,6.19,1068700,0.0,0.0
2026-06-18 00:00:00-04:00,6.5,6.52,5.87,6.22,1118300,0.0,0.0
2026-06-22 00:00:00-04:00,6.0,6.01,5.62,5.81,769900,0.0,0.0
2026-06-23 00:00:00-04:00,5.46,5.98,5.32,5.38,711300,0.0,0.0
2026-06-24 00:00:00-04:00,5.35,5.44,4.898,5.02,853100,0.0,0.0
2026-06-25 00:00:00-04:00,5.14,5.35,4.767,4.97,652100,0.0,0.0
2026-06-26 00:00:00-04:00,4.8,5.13,4.69,4.88,646600,0.0,0.0
2026-06-29 00:00:00-04:00,4.95,5.349,4.89,4.9,712200,0.0,0.0
2026-06-30 00:00:00-04:00,4.93,5.25,4.82,5.0,629700,0.0,0.0
2026-07-01 00:00:00-04:00,4.93,5.08,4.6,4.64,536900,0.0,0.0
2026-07-02 00:00:00-04:00,4.8,5.02,4.31,4.43,642900,0.0,0.0
2026-07-06 00:00:00-04:00,4.5,4.72,4.45,4.54,160400,0.0,0.0
2026-07-07 00:00:00-04:00,4.47,4.47,4.05,4.17,440300,0.0,0.0
2026-07-08 00:00:00-04:00,4.1,4.34,3.97,4.21,320200,0.0,0.0
2026-07-09 00:00:00-04:00,4.22,4.355,4.17,4.21,261500,0.0,0.0
2026-07-10 00:00:00-04:00,4.15,4.24,3.92,3.98,225900,0.0,0.0
2026-07-13 00:00:00-04:00,3.895,3.964,3.782,3.82,257400,0.0,0.0
2026-07-14 00:00:00-04:00,3.9,3.98,3.817,3.94,865900,0.0,0.0
2026-07-15 00:00:00-04:00,3.7,3.85,3.58,3.73,464500,0.0,0.0
2026-07-16 00:00:00-04:00,3.61,3.61,3.11,3.15,674000,0.0,0.0
2026-07-17 00:00:00-04:00,2.96,3.2,2.89,3.06,316600,0.0,0.0
2026-07-20 00:00:00-04:00,3.13,3.22,2.952,3.0,377300,0.0,0.0
2026-07-21 00:00:00-04:00,3.15,3.17,2.95,3.16,419600,0.0,0.0
