Date,Open,High,Low,Close,Volume,Dividends,Stock Splits
2014-09-19 00:00:00-04:00,87.23555,93.82292,84.64766,88.35541,271879400,0.0,0.0
2014-09-22 00:00:00-04:00,87.23556,87.47082,84.22419,84.5912,66657800,0.0,0.0
2014-09-23 00:00:00-04:00,83.69721,85.14643,81.51397,82.03154,39009800,0.0,0.0
2014-09-24 00:00:00-04:00,83.25491,85.23112,82.07859,85.23112,32088000,0.0,0.0
2014-09-25 00:00:00-04:00,85.72046,86.10629,83.28313,83.67838,28598000,0.0,0.0
2014-09-26 00:00:00-04:00,84.44064,85.1276,83.43371,85.1276,18340000,0.0,0.0
2014-09-29 00:00:00-04:00,84.33712,84.4124,82.83143,83.5184,25302000,0.0,0.0
2014-09-30 00:00:00-04:00,83.75367,85.52285,83.2455,83.61251,24419400,0.0,0.0
2014-10-01 00:00:00-04:00,83.47136,83.69721,80.96816,81.02462,24029600,0.0,0.0
2014-10-02 00:00:00-04:00,81.18458,83.00081,80.56443,81.92801,21469700,0.0,0.0
2014-10-03 00:00:00-04:00,82.90672,84.63826,82.48324,82.90672,18485700,0.0,0.0
2014-10-06 00:00:00-04:00,83.89482,84.36535,82.86907,83.10433,9268400,0.0,0.0
2014-10-07 00:00:00-04:00,82.76555,84.4124,81.92802,82.50206,12791700,0.0,0.0
2014-10-08 00:00:00-04:00,82.81261,83.28314,81.92802,83.09493,10252600,0.0,0.0
2014-10-09 00:00:00-04:00,83.29256,85.02409,82.81262,83.55605,21507000,0.0,0.0
2014-10-10 00:00:00-04:00,83.04788,83.50899,80.21531,80.81758,15431400,0.0,0.0
2014-10-13 00:00:00-04:00,81.7304,81.76805,79.91417,80.10239,14845000,0.0,0.0
2014-10-14 00:00:00-04:00,80.75171,80.81758,78.31439,79.94241,15559200,0.0,0.0
2014-10-15 00:00:00-04:00,79.08605,81.39162,77.92855,80.55408,16824300,0.0,0.0
2014-10-16 00:00:00-04:00,79.97064,83.91836,79.06252,83.61251,15232000,0.0,0.0
2014-10-17 00:00:00-04:00,85.07114,85.54167,82.50206,82.72792,17360700,0.0,0.0
2014-10-20 00:00:00-04:00,82.81261,84.22419,82.68087,83.05729,9891400,0.0,0.0
2014-10-21 00:00:00-04:00,83.84777,87.04735,83.28314,85.54166,23243800,0.0,0.0
2014-10-22 00:00:00-04:00,86.81208,87.98839,85.64517,86.22862,20364500,0.0,0.0
2014-10-23 00:00:00-04:00,87.44259,89.11766,87.34849,88.8824,20641000,0.0,0.0
2014-10-24 00:00:00-04:00,89.46585,92.22314,89.19295,90.11518,32132600,0.0,0.0
2014-10-27 00:00:00-04:00,91.28209,93.02303,90.62335,92.02552,28302400,0.0,0.0
2014-10-28 00:00:00-04:00,93.95466,94.73574,92.79717,93.8041,32127600,0.0,0.0
2014-10-29 00:00:00-04:00,93.99231,94.10524,91.11269,92.51485,28655400,0.0,0.0
2014-10-30 00:00:00-04:00,92.67485,93.57826,91.56441,92.91011,15484600,0.0,0.0
2014-10-31 00:00:00-04:00,94.19935,94.31228,92.35113,92.78777,18128300,0.0,0.0
2014-11-03 00:00:00-05:00,93.7947,96.7402,93.21125,95.79915,40883700,0.0,0.0
2014-11-04 00:00:00-05:00,94.50519,100.08939,93.64413,99.81743,67814000,0.0,0.0
2014-11-05 00:00:00-05:00,102.08537,103.64752,100.20327,102.26417,48344000,0.0,0.0
2014-11-06 00:00:00-05:00,102.85702,105.11554,100.89022,104.99321,33609000,0.0,0.0
2014-11-07 00:00:00-05:00,106.27305,108.00458,105.16261,107.80696,51457000,0.0,0.0
2014-11-10 00:00:00-05:00,110.35722,112.40872,108.40924,112.1264,75971000,0.0,0.0
2014-11-11 00:00:00-05:00,110.33839,110.62071,106.98825,107.78814,70983600,0.0,0.0
2014-11-12 00:00:00-05:00,108.26809,112.05112,107.2988,111.2324,53908000,0.0,0.0
2014-11-13 00:00:00-05:00,112.26756,112.92629,107.79756,108.07046,62163000,0.0,0.0
2014-11-14 00:00:00-05:00,108.2775,108.58805,106.6683,108.31514,29849000,0.0,0.0
2014-11-17 00:00:00-05:00,108.6351,108.81389,106.46126,107.51524,22573000,0.0,0.0
2014-11-18 00:00:00-05:00,107.59052,107.63756,103.90159,104.27801,41098000,0.0,0.0
2014-11-19 00:00:00-05:00,103.35579,104.15568,100.89964,102.40533,46841000,0.0,0.0
2014-11-20 00:00:00-05:00,101.45486,105.81194,100.93729,103.34638,36489000,0.0,0.0
2014-11-21 00:00:00-05:00,106.53654,106.80945,103.92512,104.20274,27432000,0.0,0.0
2014-11-24 00:00:00-05:00,105.39787,107.2141,104.9744,107.20469,20646000,0.0,0.0
2014-11-25 00:00:00-05:00,108.16457,108.38101,105.70842,106.78122,23485000,0.0,0.0
2014-11-26 00:00:00-05:00,106.64947,107.0353,105.70842,106.02837,11794700,0.0,0.0
2014-11-28 00:00:00-05:00,106.47067,106.55537,104.56033,105.05909,8077800,0.0,0.0
2014-12-01 00:00:00-05:00,103.53458,103.56282,97.77158,99.74214,38464200,0.0,0.0
2014-12-02 00:00:00-05:00,101.02197,103.51576,100.3256,103.41225,18785000,0.0,0.0
2014-12-03 00:00:00-05:00,103.89218,105.09673,102.38461,104.11803,16221100,0.0,0.0
2014-12-04 00:00:00-05:00,103.60987,103.98629,102.49002,102.73469,10779300,0.0,0.0
2014-12-05 00:00:00-05:00,103.13935,103.84514,101.40782,101.53957,12148100,0.0,0.0
2014-12-08 00:00:00-05:00,99.72333,101.06903,98.06708,98.87638,19217300,0.0,0.0
2014-12-09 00:00:00-05:00,96.24144,101.58661,95.23451,101.14433,24866800,0.0,0.0
2014-12-10 00:00:00-05:00,100.77731,101.05021,97.40835,97.75653,18466700,0.0,0.0
2014-12-11 00:00:00-05:00,98.28352,100.54204,98.14236,98.78228,15684300,0.0,0.0
2014-12-12 00:00:00-05:00,98.52819,101.11608,98.0379,98.91402,14537600,0.0,0.0
2014-12-15 00:00:00-05:00,100.11857,101.41722,97.58714,98.52819,16521800,0.0,0.0
2014-12-16 00:00:00-05:00,97.63419,101.33252,97.58713,99.53511,21700600,0.0,0.0
2014-12-17 00:00:00-05:00,100.79613,102.75352,100.01505,102.59354,17311100,0.0,0.0
2014-12-18 00:00:00-05:00,104.06158,104.64503,101.87834,102.80998,22788100,0.0,0.0
2014-12-19 00:00:00-05:00,103.4499,104.12746,101.67131,104.12746,14857800,0.0,0.0
2014-12-22 00:00:00-05:00,104.10862,104.43799,102.13241,102.35826,13041200,0.0,0.0
2014-12-23 00:00:00-05:00,101.91599,102.07597,97.75653,99.29986,19096300,0.0,0.0
2014-12-24 00:00:00-05:00,99.45042,100.89023,99.37513,99.7045,5870400,0.0,0.0
2014-12-26 00:00:00-05:00,99.74214,100.63615,99.28103,99.7045,6529100,0.0,0.0
2014-12-29 00:00:00-05:00,99.7045,101.3137,99.41277,99.73273,8068600,0.0,0.0
2014-12-30 00:00:00-05:00,99.41277,100.4197,98.93283,99.51629,10205700,0.0,0.0
2014-12-31 00:00:00-05:00,100.18444,100.19386,97.57773,97.813,10221600,0.0,0.0
2015-01-02 00:00:00-05:00,98.0953,98.54701,96.47669,97.49303,12303400,0.0,0.0
2015-01-05 00:00:00-05:00,96.70255,96.94722,94.01114,95.0463,18337000,0.0,0.0
2015-01-06 00:00:00-05:00,95.28155,97.72829,94.20875,97.22953,15720400,0.0,0.0
2015-01-07 00:00:00-05:00,98.42467,98.56583,96.01558,96.10968,11052200,0.0,0.0
2015-01-08 00:00:00-05:00,96.88134,99.13045,96.62726,98.83873,12942100,0.0,0.0
2015-01-09 00:00:00-05:00,99.03636,99.09283,96.82489,96.94722,10222200,0.0,0.0
2015-01-12 00:00:00-05:00,97.11661,97.26718,95.24392,95.62975,7997200,0.0,0.0
2015-01-13 00:00:00-05:00,96.54257,96.78725,94.11466,94.82986,11294400,0.0,0.0
2015-01-14 00:00:00-05:00,93.42768,94.27463,92.2796,93.71,17808000,0.0,0.0
2015-01-15 00:00:00-05:00,93.7947,94.23699,90.35985,90.63276,18260100,0.0,0.0
2015-01-16 00:00:00-05:00,90.42572,92.03493,89.88932,91.17857,13327900,0.0,0.0
2015-01-20 00:00:00-05:00,92.50546,94.30287,91.83731,94.14289,12105600,0.0,0.0
2015-01-21 00:00:00-05:00,94.81104,97.73771,94.40638,97.20131,15186900,0.0,0.0
2015-01-22 00:00:00-05:00,98.43408,98.73522,97.0225,97.86945,11433000,0.0,0.0
2015-01-23 00:00:00-05:00,97.88828,98.99872,96.94722,97.03192,9873800,0.0,0.0
2015-01-26 00:00:00-05:00,98.24587,98.93284,97.23895,97.86004,10664900,0.0,0.0
2015-01-27 00:00:00-05:00,96.82489,97.4648,94.65106,96.87194,15659900,0.0,0.0
2015-01-28 00:00:00-05:00,94.38757,95.50741,92.02552,92.64661,42144700,0.0,0.0
2015-01-29 00:00:00-05:00,85.19347,85.39109,82.21034,84.51591,76561400,0.0,0.0
2015-01-30 00:00:00-05:00,84.3183,86.57683,82.91613,83.82896,36806900,0.0,0.0
2015-02-02 00:00:00-05:00,85.75811,86.25687,83.38666,84.81705,18865300,0.0,0.0
2015-02-03 00:00:00-05:00,86.24746,86.24746,84.60061,85.26876,13512300,0.0,0.0
2015-02-04 00:00:00-05:00,85.62636,86.46389,84.20537,84.69472,14643600,0.0,0.0
2015-02-05 00:00:00-05:00,84.29948,84.54414,81.02461,81.87156,28926200,0.0,0.0
2015-02-06 00:00:00-05:00,81.97508,82.24799,80.3847,80.62938,17632100,0.0,0.0
2015-02-09 00:00:00-05:00,80.77053,81.6363,80.43175,80.93051,12109500,0.0,0.0
2015-02-10 00:00:00-05:00,81.88098,82.31386,81.41986,82.11624,12043300,0.0,0.0
2015-02-11 00:00:00-05:00,82.41738,82.5303,80.76112,80.93051,12391900,0.0,0.0
2015-02-12 00:00:00-05:00,80.55408,83.09493,80.50703,81.96566,15177800,0.0,0.0
2015-02-13 00:00:00-05:00,83.00082,84.03598,82.48325,83.80072,14665200,0.0,0.0
2015-02-17 00:00:00-05:00,83.54664,83.74426,81.58925,81.73041,15191700,0.0,0.0
2015-02-18 00:00:00-05:00,81.96567,82.27622,81.40104,81.62689,7422300,0.0,0.0
2015-02-19 00:00:00-05:00,81.69276,82.69028,81.59865,81.76804,7604100,0.0,0.0
2015-02-20 00:00:00-05:00,82.10683,82.14447,81.28811,81.53278,7821700,0.0,0.0
2015-02-23 00:00:00-05:00,81.41045,81.57043,80.22472,80.43176,9367900,0.0,0.0
2015-02-24 00:00:00-05:00,80.48821,80.48821,78.93547,79.69773,15846400,0.0,0.0
2015-02-25 00:00:00-05:00,79.406,81.71159,79.38719,81.10931,13645700,0.0,0.0
2015-02-26 00:00:00-05:00,81.79627,82.02213,80.17766,80.33765,8763300,0.0,0.0
2015-02-27 00:00:00-05:00,80.88345,81.4575,79.98946,80.10239,8377200,0.0,0.0
2015-03-02 00:00:00-05:00,79.98946,80.00828,78.81315,79.04841,11213400,0.0,0.0
2015-03-03 00:00:00-05:00,78.0603,78.34262,75.31243,76.77106,39246100,0.0,0.0
2015-03-04 00:00:00-05:00,75.53828,80.76677,75.44418,80.45058,36607200,0.0,0.0
2015-03-05 00:00:00-05:00,80.69525,81.1846,79.05782,81.02462,18514800,0.0,0.0
2015-03-06 00:00:00-05:00,80.68583,80.93051,79.09546,79.42483,10673700,0.0,0.0
2015-03-09 00:00:00-04:00,79.37777,79.37777,76.67695,77.66505,17616500,0.0,0.0
2015-03-10 00:00:00-04:00,76.30994,78.24851,75.89588,78.07912,13817000,0.0,0.0
2015-03-11 00:00:00-04:00,78.10736,78.46496,76.40406,77.1569,12768700,0.0,0.0
2015-03-12 00:00:00-04:00,77.2604,78.01325,76.724,77.09101,11232000,0.0,0.0
2015-03-13 00:00:00-04:00,76.97809,77.09101,76.0088,77.03455,12663300,0.0,0.0
2015-03-16 00:00:00-04:00,77.17572,80.17767,77.10984,79.04841,16905700,0.0,0.0
2015-03-17 00:00:00-04:00,79.05781,80.08355,78.58728,79.51892,17639000,0.0,0.0
2015-03-18 00:00:00-04:00,78.92606,80.88345,78.38966,79.60361,35663000,0.0,0.0
2015-03-19 00:00:00-04:00,80.09298,81.90921,79.98946,80.68584,30454700,0.0,0.0
2015-03-20 00:00:00-04:00,81.24105,81.68335,80.07414,80.17766,21181500,0.0,0.0
2015-03-23 00:00:00-04:00,80.22472,80.48821,79.24603,79.28367,11184000,0.0,0.0
2015-03-24 00:00:00-04:00,79.37778,79.51894,77.53332,78.70022,14545100,0.0,0.0
2015-03-25 00:00:00-04:00,78.99194,79.50011,77.7968,78.81314,13507200,0.0,0.0
2015-03-26 00:00:00-04:00,78.29555,79.98475,78.0697,79.20837,12208000,0.0,0.0
2015-03-27 00:00:00-04:00,79.78243,80.13062,78.42731,79.59422,9703800,0.0,0.0
2015-03-30 00:00:00-04:00,80.01769,80.13062,78.81314,78.9543,10020500,0.0,0.0
2015-03-31 00:00:00-04:00,78.70962,79.47187,78.29556,78.3332,11812900,0.0,0.0
2015-04-01 00:00:00-04:00,78.45555,78.78492,77.3357,77.50509,14896400,0.0,0.0
2015-04-02 00:00:00-04:00,77.99442,78.10735,76.46051,77.42979,19868200,0.0,0.0
2015-04-06 00:00:00-04:00,77.21335,77.72151,76.80304,76.9969,12810500,0.0,0.0
2015-04-07 00:00:00-04:00,77.10983,78.06028,77.05336,77.36391,9443000,0.0,0.0
2015-04-08 00:00:00-04:00,78.38967,80.49763,78.16946,80.35647,26161500,0.0,0.0
2015-04-09 00:00:00-04:00,81.89979,82.52089,80.17766,81.06226,27800400,0.0,0.0
2015-04-10 00:00:00-04:00,81.57043,81.57984,79.18957,79.59422,18300300,0.0,0.0
2015-04-13 00:00:00-04:00,80.14003,80.6576,78.87901,79.3119,15797100,0.0,0.0
2015-04-14 00:00:00-04:00,79.64126,80.11178,78.6061,79.98945,11819000,0.0,0.0
2015-04-15 00:00:00-04:00,80.06474,80.32824,79.19898,79.67891,12225800,0.0,0.0
2015-04-16 00:00:00-04:00,80.13062,80.36588,78.94489,79.10487,12048600,0.0,0.0
2015-04-17 00:00:00-04:00,78.18264,78.34262,76.79929,77.0722,22791800,0.0,0.0
2015-04-20 00:00:00-04:00,77.40156,77.81563,76.71459,77.35451,13471000,0.0,0.0
2015-04-21 00:00:00-04:00,77.9756,78.03206,77.29805,77.56154,10056000,0.0,0.0
2015-04-22 00:00:00-04:00,77.90032,77.95678,76.71459,77.21336,13316900,0.0,0.0
2015-04-23 00:00:00-04:00,77.05337,77.87209,76.8087,77.42979,11483300,0.0,0.0
2015-04-24 00:00:00-04:00,77.99443,79.98005,77.91915,79.58481,21058400,0.0,0.0
2015-04-27 00:00:00-04:00,80.48821,81.18458,79.66008,79.89535,17434200,0.0,0.0
2015-04-28 00:00:00-04:00,80.49763,80.52586,78.87901,80.06474,11110500,0.0,0.0
2015-04-29 00:00:00-04:00,79.10486,79.42482,76.82752,77.58977,21098000,0.0,0.0
2015-04-30 00:00:00-04:00,77.37333,77.77799,75.69826,76.49815,14209700,0.0,0.0
2015-05-01 00:00:00-04:00,76.25348,77.40157,75.38772,76.38523,17910500,0.0,0.0
2015-05-04 00:00:00-04:00,76.38523,76.75224,75.39713,75.83942,21551500,0.0,0.0
2015-05-05 00:00:00-04:00,75.69826,76.13114,73.18564,74.85131,32661900,0.0,0.0
2015-05-06 00:00:00-04:00,74.95483,76.08409,74.82308,75.28419,24953500,0.0,0.0
2015-05-07 00:00:00-04:00,83.59369,84.02657,79.90477,80.93051,69448800,0.0,0.0
2015-05-08 00:00:00-04:00,82.64321,83.06668,81.76803,81.92801,30140600,0.0,0.0
2015-05-11 00:00:00-04:00,81.58925,82.50207,80.98697,81.60807,19776900,0.0,0.0
2015-05-12 00:00:00-04:00,81.91861,82.34208,81.06225,81.65511,16077800,0.0,0.0
2015-05-13 00:00:00-04:00,81.94684,83.25491,81.87156,82.37032,19015900,0.0,0.0
2015-05-14 00:00:00-04:00,82.56793,83.26431,82.37031,83.18903,12087900,0.0,0.0
2015-05-15 00:00:00-04:00,83.29255,83.71602,82.85966,83.24549,13424600,0.0,0.0
2015-05-18 00:00:00-04:00,82.4456,82.74674,81.50455,81.97507,13490200,0.0,0.0
2015-05-19 00:00:00-04:00,81.86215,83.56546,81.3728,83.01023,20727700,0.0,0.0
2015-05-20 00:00:00-04:00,82.94436,85.44757,82.15388,85.35345,29812300,0.0,0.0
2015-05-21 00:00:00-04:00,85.96514,89.18354,85.56049,88.346,40729400,0.0,0.0
2015-05-22 00:00:00-04:00,88.72242,89.45644,87.69668,87.77196,22183300,0.0,0.0
2015-05-26 00:00:00-04:00,88.12956,88.38364,86.15335,87.06617,15674900,0.0,0.0
2015-05-27 00:00:00-04:00,86.78386,87.50847,86.2004,87.14146,9519300,0.0,0.0
2015-05-28 00:00:00-04:00,86.28511,86.51096,85.24054,85.58872,14213000,0.0,0.0
2015-05-29 00:00:00-04:00,85.96514,86.1063,84.0548,84.0548,13893200,0.0,0.0
2015-06-01 00:00:00-04:00,84.77941,85.62635,84.21478,85.42873,9905900,0.0,0.0
2015-06-02 00:00:00-04:00,85.2123,86.14393,84.87352,85.17465,9865300,0.0,0.0
2015-06-03 00:00:00-04:00,85.17465,85.67341,84.60061,85.43815,9428000,0.0,0.0
2015-06-04 00:00:00-04:00,85.36287,86.02161,84.9488,85.24994,8689000,0.0,0.0
2015-06-05 00:00:00-04:00,85.12761,86.20041,85.12761,85.36287,11353900,0.0,0.0
2015-06-08 00:00:00-04:00,85.30641,86.20041,83.04129,83.08553,15603000,0.0,0.0
2015-06-09 00:00:00-04:00,82.85026,82.982,81.04344,82.41737,16081800,0.0,0.0
2015-06-10 00:00:00-04:00,82.5303,83.74426,82.05978,83.65957,12551300,0.0,0.0
2015-06-11 00:00:00-04:00,83.7819,84.20538,81.96567,82.06918,13716200,0.0,0.0
2015-06-12 00:00:00-04:00,82.2668,82.61499,81.38222,81.52337,9977100,0.0,0.0
2015-06-15 00:00:00-04:00,81.21282,82.03153,80.97756,81.04343,10230400,0.0,0.0
2015-06-16 00:00:00-04:00,80.93334,81.58925,80.5635,81.01521,10974200,0.0,0.0
2015-06-17 00:00:00-04:00,81.47632,82.62441,81.38222,81.68336,10241500,0.0,0.0
2015-06-18 00:00:00-04:00,81.84333,82.42678,81.23165,81.6363,11737200,0.0,0.0
2015-06-19 00:00:00-04:00,81.41045,81.49514,80.14944,80.68584,10317000,0.0,0.0
2015-06-22 00:00:00-04:00,80.99639,81.30694,80.53528,80.62938,7154200,0.0,0.0
2015-06-23 00:00:00-04:00,80.91169,81.25046,79.82948,80.06474,11411300,0.0,0.0
2015-06-24 00:00:00-04:00,80.14285,80.75171,79.8483,80.14944,9434300,0.0,0.0
2015-06-25 00:00:00-04:00,80.43175,80.55408,79.89535,80.2153,8949800,0.0,0.0
2015-06-26 00:00:00-04:00,79.64126,79.66009,77.93796,78.37084,12668600,0.0,0.0
2015-06-29 00:00:00-04:00,78.37085,78.37085,76.03704,76.29112,15199800,0.0,0.0
2015-06-30 00:00:00-04:00,77.71211,78.75668,77.12866,77.42038,12551400,0.0,0.0
2015-07-01 00:00:00-04:00,77.73093,78.10735,77.15689,77.59918,5950000,0.0,0.0
2015-07-02 00:00:00-04:00,77.27923,77.46743,76.95926,77.23217,6760200,0.0,0.0
2015-07-06 00:00:00-04:00,75.81118,76.69577,75.39712,75.50064,11864200,0.0,0.0
2015-07-07 00:00:00-04:00,74.76661,75.08657,71.71761,74.9266,34221700,0.0,0.0
2015-07-08 00:00:00-04:00,72.0658,74.14553,71.72702,73.34563,22714900,0.0,0.0
2015-07-09 00:00:00-04:00,76.15936,76.40404,74.38078,74.38078,19778700,0.0,0.0
2015-07-10 00:00:00-04:00,76.34758,76.41345,75.13362,75.56651,11224500,0.0,0.0
2015-07-13 00:00:00-04:00,76.14996,77.35451,75.94293,77.03455,10350500,0.0,0.0
2015-07-14 00:00:00-04:00,76.77106,77.18511,76.34758,76.69577,7519300,0.0,0.0
2015-07-15 00:00:00-04:00,76.13115,76.69578,75.48182,75.97117,9514200,0.0,0.0
2015-07-16 00:00:00-04:00,76.59226,77.1663,76.13115,76.72401,8604500,0.0,0.0
2015-07-17 00:00:00-04:00,77.15688,78.76608,76.77106,78.44613,14505400,0.0,0.0
2015-07-20 00:00:00-04:00,78.63433,78.74726,77.21335,77.7968,8126100,0.0,0.0
2015-07-21 00:00:00-04:00,78.21087,78.34262,77.37333,77.67447,5750700,0.0,0.0
2015-07-22 00:00:00-04:00,77.31688,79.7542,77.1663,79.18957,11209200,0.0,0.0
2015-07-23 00:00:00-04:00,79.6695,79.96122,78.34261,78.93547,7452300,0.0,0.0
2015-07-24 00:00:00-04:00,80.14944,80.34706,77.77799,78.12617,8759900,0.0,0.0
2015-07-27 00:00:00-04:00,76.08409,76.88398,74.98306,76.60167,12185700,0.0,0.0
2015-07-28 00:00:00-04:00,75.9147,76.03704,74.5784,75.81118,12122800,0.0,0.0
2015-07-29 00:00:00-04:00,76.20642,76.57249,75.2936,75.52886,7177100,0.0,0.0
2015-07-30 00:00:00-04:00,75.3877,75.88646,74.76661,75.24654,6934700,0.0,0.0
2015-07-31 00:00:00-04:00,75.14303,75.19479,73.59029,73.72204,12687000,0.0,0.0
2015-08-03 00:00:00-04:00,73.5903,73.87262,72.56455,73.39268,9277000,0.0,0.0
2015-08-04 00:00:00-04:00,73.46797,74.67627,73.21388,74.22081,8501200,0.0,0.0
2015-08-05 00:00:00-04:00,74.89836,75.67944,74.79485,75.11481,7502600,0.0,0.0
2015-08-06 00:00:00-04:00,75.14304,75.98999,74.00437,74.3055,9297800,0.0,0.0
2015-08-07 00:00:00-04:00,74.95483,75.47241,74.02319,74.17376,8738800,0.0,0.0
2015-08-10 00:00:00-04:00,75.15245,76.21584,74.81367,75.72649,11276700,0.0,0.0
2015-08-11 00:00:00-04:00,74.79579,75.28419,71.66114,72.78099,22976600,0.0,0.0
2015-08-12 00:00:00-04:00,68.05691,69.49672,66.84296,69.05443,41093200,0.0,0.0
2015-08-13 00:00:00-04:00,69.63787,72.20695,69.31792,70.68244,23230700,0.0,0.0
2015-08-14 00:00:00-04:00,70.13664,71.04004,70.07076,70.35308,12367300,0.0,0.0
2015-08-17 00:00:00-04:00,70.43777,70.80478,69.78845,70.75774,12677400,0.0,0.0
2015-08-18 00:00:00-04:00,69.68494,70.70127,69.3838,69.52496,11155100,0.0,0.0
2015-08-19 00:00:00-04:00,68.83799,69.22382,68.51803,68.80976,18179400,0.0,0.0
2015-08-20 00:00:00-04:00,67.73696,68.48979,65.9019,66.1748,20995600,0.0,0.0
2015-08-21 00:00:00-04:00,65.23375,66.49476,64.16095,64.16095,29128600,0.0,0.0
2015-08-24 00:00:00-04:00,54.73161,61.92125,54.58104,61.92125,31376400,0.0,0.0
2015-08-25 00:00:00-04:00,64.78205,66.18422,63.51163,64.52797,29948400,0.0,0.0
2015-08-26 00:00:00-04:00,64.88556,65.35609,61.8742,64.61266,26389200,0.0,0.0
2015-08-27 00:00:00-04:00,66.66415,67.36994,65.89248,66.66415,18123800,0.0,0.0
2015-08-28 00:00:00-04:00,65.57253,66.3442,64.97496,65.93954,10604600,0.0,0.0
2015-08-31 00:00:00-04:00,65.102,65.21493,62.12827,62.22239,18479900,0.0,0.0
2015-09-01 00:00:00-04:00,60.58496,62.89994,60.27441,61.00843,23460900,0.0,0.0
2015-09-02 00:00:00-04:00,61.81774,62.10946,61.14112,61.67658,13376300,0.0,0.0
2015-09-03 00:00:00-04:00,61.94101,62.947,61.55424,62.55176,15803200,0.0,0.0
2015-09-04 00:00:00-04:00,61.54953,61.70481,59.60626,60.14266,18186400,0.0,0.0
2015-09-08 00:00:00-04:00,61.90243,62.87171,56.69841,57.3195,50328400,0.0,0.0
2015-09-09 00:00:00-04:00,59.03222,60.85786,58.84401,60.265,33147900,0.0,0.0
2015-09-10 00:00:00-04:00,59.77565,60.46262,59.60626,60.06738,13281600,0.0,0.0
2015-09-11 00:00:00-04:00,59.63449,60.97079,59.00399,60.82022,17747000,0.0,0.0
2015-09-14 00:00:00-04:00,58.86283,59.53097,57.8559,58.90988,26763300,0.0,0.0
2015-09-15 00:00:00-04:00,57.82767,61.50718,57.50771,61.02724,29035000,0.0,0.0
2015-09-16 00:00:00-04:00,61.74246,64.06686,61.41309,63.26696,25801000,0.0,0.0
2015-09-17 00:00:00-04:00,62.49529,62.72114,61.73304,62.10946,16594600,0.0,0.0
2015-09-18 00:00:00-04:00,61.54483,61.8742,60.23677,61.8742,20127300,0.0,0.0
2015-09-21 00:00:00-04:00,61.52601,62.48589,59.24866,60.13326,22355100,0.0,0.0
2015-09-22 00:00:00-04:00,59.22984,59.54039,57.95001,58.25114,14897900,0.0,0.0
2015-09-23 00:00:00-04:00,58.3076,58.62756,56.16201,56.46314,22684600,0.0,0.0
2015-09-24 00:00:00-04:00,55.91733,56.7831,54.77866,56.38786,20645700,0.0,0.0
2015-09-25 00:00:00-04:00,57.05601,57.25363,55.44681,55.74795,17009100,0.0,0.0
2015-09-28 00:00:00-04:00,55.34329,56.57607,53.93642,54.007,20661600,0.0,0.0
2015-09-29 00:00:00-04:00,53.92231,55.19273,53.8282,54.41166,16771000,0.0,0.0
2015-09-30 00:00:00-04:00,55.39975,56.53843,54.9104,55.49386,16767100,0.0,0.0
2015-10-01 00:00:00-04:00,55.99262,56.30317,54.79748,55.39975,8147700,0.0,0.0
2015-10-02 00:00:00-04:00,54.91982,59.51216,54.76925,59.47451,22356300,0.0,0.0
2015-10-05 00:00:00-04:00,59.7286,60.95667,58.53346,60.16148,13583500,0.0,0.0
2015-10-06 00:00:00-04:00,59.96386,60.91433,59.5498,60.15207,9620900,0.0,0.0
2015-10-07 00:00:00-04:00,61.01783,62.73056,60.58495,62.37295,15770100,0.0,0.0
2015-10-08 00:00:00-04:00,62.1471,64.3774,62.07182,63.70925,18667500,0.0,0.0
2015-10-09 00:00:00-04:00,63.70925,65.35609,63.34224,64.65971,14762900,0.0,0.0
2015-10-12 00:00:00-04:00,65.53489,66.31597,64.93262,66.15599,15549100,0.0,0.0
2015-10-13 00:00:00-04:00,65.39372,66.1748,64.34915,65.57253,13052800,0.0,0.0
2015-10-14 00:00:00-04:00,65.40314,65.59135,63.45046,64.49973,12286100,0.0,0.0
2015-10-15 00:00:00-04:00,65.25257,68.16984,65.1773,67.54874,18203000,0.0,0.0
2015-10-16 00:00:00-04:00,68.2263,69.2991,67.01234,67.74636,15953500,0.0,0.0
2015-10-19 00:00:00-04:00,67.56757,68.69683,67.30596,68.36746,10886900,0.0,0.0
2015-10-20 00:00:00-04:00,68.68741,68.69682,67.3323,67.55815,11093400,0.0,0.0
2015-10-21 00:00:00-04:00,67.55815,67.55815,64.8291,65.38432,16800200,0.0,0.0
2015-10-22 00:00:00-04:00,66.02424,67.40758,65.93954,66.80531,10811400,0.0,0.0
2015-10-23 00:00:00-04:00,69.61907,71.29414,68.54626,71.16239,22510800,0.0,0.0
2015-10-26 00:00:00-04:00,70.993,72.85628,70.70127,71.84936,24819700,0.0,0.0
2015-10-27 00:00:00-04:00,71.84935,77.90973,71.84935,74.7572,50815800,0.0,0.0
2015-10-28 00:00:00-04:00,74.79485,77.67917,74.53135,77.49567,25027100,0.0,0.0
2015-10-29 00:00:00-04:00,77.13807,77.66505,76.05585,77.37333,16431700,0.0,0.0
2015-10-30 00:00:00-04:00,77.82503,79.46247,77.73093,78.88843,20740500,0.0,0.0
2015-11-02 00:00:00-05:00,78.59669,79.82948,77.87209,79.37777,13827400,0.0,0.0
2015-11-03 00:00:00-05:00,79.04841,79.60363,78.22969,78.52142,11641300,0.0,0.0
2015-11-04 00:00:00-05:00,79.47188,80.55409,79.07664,80.36588,23728500,0.0,0.0
2015-11-05 00:00:00-05:00,80.19648,81.32574,79.2366,80.34705,20657200,0.0,0.0
2015-11-06 00:00:00-05:00,80.48822,81.25988,76.0088,78.6814,38531000,0.0,0.0
2015-11-09 00:00:00-05:00,78.52142,78.54965,75.49123,76.58285,19091500,0.0,0.0
2015-11-10 00:00:00-05:00,76.31936,77.57096,74.9266,76.62991,22004400,0.0,0.0
2015-11-11 00:00:00-05:00,77.42979,77.62741,73.51502,75.14304,29636600,0.0,0.0
2015-11-12 00:00:00-05:00,74.33373,75.75472,73.82556,74.11729,18839800,0.0,0.0
2015-11-13 00:00:00-05:00,72.60219,73.40209,71.1812,71.37882,24235500,0.0,0.0
2015-11-16 00:00:00-05:00,71.36,74.10787,71.30353,73.6844,17045500,0.0,0.0
2015-11-17 00:00:00-05:00,74.24904,74.47489,72.90333,73.52442,12471400,0.0,0.0
2015-11-18 00:00:00-05:00,73.63735,73.69381,71.66115,73.11037,16735400,0.0,0.0
2015-11-19 00:00:00-05:00,73.45856,74.48431,72.84029,73.27976,15692700,0.0,0.0
2015-11-20 00:00:00-05:00,73.81615,76.02292,73.77851,75.23714,21025800,0.0,0.0
2015-11-23 00:00:00-05:00,75.70766,77.3451,75.25596,76.51697,18766400,0.0,0.0
2015-11-24 00:00:00-05:00,76.08409,76.32877,74.59723,76.09351,15283600,0.0,0.0
2015-11-25 00:00:00-05:00,76.14056,77.80151,76.05586,76.89339,16330900,0.0,0.0
2015-11-27 00:00:00-05:00,75.8206,76.61109,74.60194,76.58285,12599900,0.0,0.0
2015-11-30 00:00:00-05:00,76.69576,79.49069,76.58283,79.12368,97914100,0.0,0.0
2015-12-01 00:00:00-05:00,78.83196,79.41542,78.57788,79.04841,26235500,0.0,0.0
2015-12-02 00:00:00-05:00,79.30248,80.76111,79.28366,79.98945,36611500,0.0,0.0
2015-12-03 00:00:00-05:00,80.03651,80.08356,77.2604,77.72151,23029200,0.0,0.0
2015-12-04 00:00:00-05:00,77.71211,79.98946,77.56154,79.8483,15555000,0.0,0.0
2015-12-07 00:00:00-05:00,79.80125,80.1118,79.23662,79.76361,11875500,0.0,0.0
2015-12-08 00:00:00-05:00,77.8909,79.6789,77.74034,79.406,14667400,0.0,0.0
2015-12-09 00:00:00-05:00,79.3966,80.17767,78.07912,78.50259,21919200,0.0,0.0
2015-12-10 00:00:00-05:00,78.42731,79.36836,77.96619,79.35896,10474700,0.0,0.0
2015-12-11 00:00:00-05:00,77.96619,78.1544,74.74026,75.03951,20793600,0.0,0.0
2015-12-14 00:00:00-05:00,75.42535,75.99939,74.33372,75.82059,12077700,0.0,0.0
2015-12-15 00:00:00-05:00,76.28171,78.47436,76.13114,77.62741,13054800,0.0,0.0
2015-12-16 00:00:00-05:00,78.38966,80.03651,78.10264,79.64126,16575600,0.0,0.0
2015-12-17 00:00:00-05:00,79.98945,80.29058,77.96618,78.63433,13003000,0.0,0.0
2015-12-18 00:00:00-05:00,78.29556,78.81314,77.19453,77.77798,12168700,0.0,0.0
2015-12-21 00:00:00-05:00,78.24851,78.79432,77.57095,77.98502,8094600,0.0,0.0
2015-12-22 00:00:00-05:00,78.00383,80.08356,78.00383,79.83888,12778200,0.0,0.0
2015-12-23 00:00:00-05:00,80.03651,80.07415,78.78491,79.80125,11238500,0.0,0.0
2015-12-24 00:00:00-05:00,79.57538,79.80124,78.49318,78.77549,3775300,0.0,0.0
2015-12-28 00:00:00-05:00,77.69329,77.87209,76.71459,77.29805,9319400,0.0,0.0
2015-12-29 00:00:00-05:00,77.63683,78.58729,77.55213,78.35203,6942700,0.0,0.0
2015-12-30 00:00:00-05:00,78.0603,78.21087,76.69578,76.86517,6984300,0.0,0.0
2015-12-31 00:00:00-05:00,76.67695,77.32627,76.46051,76.47932,6744500,0.0,0.0
2016-01-04 00:00:00-05:00,73.57149,73.69382,70.74833,72.16932,23066300,0.0,0.0
2016-01-05 00:00:00-05:00,73.3268,74.042,72.70571,73.99495,14258900,0.0,0.0
2016-01-06 00:00:00-05:00,72.57397,73.85851,72.43281,72.77159,11569300,0.0,0.0
2016-01-07 00:00:00-05:00,68.96973,71.04946,67.32289,68.43333,27288100,0.0,0.0
2016-01-08 00:00:00-05:00,69.94842,70.25897,66.50417,66.62651,20814600,0.0,0.0
2016-01-11 00:00:00-05:00,67.08764,67.5017,64.95144,65.79839,16961400,0.0,0.0
2016-01-12 00:00:00-05:00,67.23819,68.48038,66.81472,68.39569,13456000,0.0,0.0
2016-01-13 00:00:00-05:00,68.48037,68.92173,66.08069,66.14657,12480200,0.0,0.0
2016-01-14 00:00:00-05:00,66.14658,68.43334,64.24565,67.99104,17719600,0.0,0.0
2016-01-15 00:00:00-05:00,64.6503,66.81472,63.55962,65.48783,20722500,0.0,0.0
2016-01-19 00:00:00-05:00,67.69932,68.0475,65.69487,65.99601,17421700,0.0,0.0
2016-01-20 00:00:00-05:00,64.0151,65.03802,61.48836,64.65971,19464400,0.0,0.0
2016-01-21 00:00:00-05:00,64.72559,67.42641,63.18602,66.55123,16576500,0.0,0.0
2016-01-22 00:00:00-05:00,68.23571,69.01678,65.77015,66.22186,15834700,0.0,0.0
2016-01-25 00:00:00-05:00,66.62651,66.62651,64.95143,65.61017,14782800,0.0,0.0
2016-01-26 00:00:00-05:00,64.94203,66.05247,64.81969,65.65723,11473300,0.0,0.0
2016-01-27 00:00:00-05:00,65.83602,67.20996,64.69265,65.44078,18257600,0.0,0.0
2016-01-28 00:00:00-05:00,68.27336,68.83799,62.73996,62.97523,33165100,0.0,0.0
2016-01-29 00:00:00-05:00,63.97275,64.86675,61.54484,63.07875,25594700,0.0,0.0
2016-02-01 00:00:00-05:00,62.57999,63.70925,61.49778,63.07875,16213800,0.0,0.0
2016-02-02 00:00:00-05:00,63.09757,63.74689,60.84846,61.2531,19150800,0.0,0.0
2016-02-03 00:00:00-05:00,61.73304,61.85538,57.28186,59.70037,31918600,0.0,0.0
2016-02-04 00:00:00-05:00,60.5379,61.84596,59.38041,61.03666,22911500,0.0,0.0
2016-02-05 00:00:00-05:00,60.8955,61.03666,58.51464,58.94753,12842800,0.0,0.0
2016-02-08 00:00:00-05:00,57.3101,58.39231,56.88662,57.49831,16157900,0.0,0.0
2016-02-09 00:00:00-05:00,56.56666,58.55228,55.75735,57.77121,12738300,0.0,0.0
2016-02-10 00:00:00-05:00,58.25115,59.371,57.28186,58.13822,8998600,0.0,0.0
2016-02-11 00:00:00-05:00,56.69841,57.99706,56.32199,56.99955,15008500,0.0,0.0
2016-02-12 00:00:00-05:00,57.65829,59.07927,56.72664,57.30069,13669600,0.0,0.0
2016-02-16 00:00:00-05:00,60.6226,62.947,60.265,62.38237,21735400,0.0,0.0
2016-02-17 00:00:00-05:00,63.33283,63.41753,61.80833,62.46706,14457100,0.0,0.0
2016-02-18 00:00:00-05:00,63.05051,64.46209,62.32591,62.5988,14547800,0.0,0.0
2016-02-19 00:00:00-05:00,62.8623,63.7563,62.19415,63.314,12334900,0.0,0.0
2016-02-22 00:00:00-05:00,64.27388,65.43137,63.97275,64.78204,13405400,0.0,0.0
2016-02-23 00:00:00-05:00,64.46209,64.61266,62.54705,63.02228,12930600,0.0,0.0
2016-02-24 00:00:00-05:00,62.26944,63.69985,61.36603,63.26696,10781500,0.0,0.0
2016-02-25 00:00:00-05:00,61.79891,62.78702,60.84846,62.73056,14686100,0.0,0.0
2016-02-26 00:00:00-05:00,64.07626,64.77264,62.91877,62.96582,12084100,0.0,0.0
2016-02-29 00:00:00-05:00,63.65279,66.41948,63.5775,64.75381,17984200,0.0,0.0
2016-03-01 00:00:00-05:00,65.89249,67.6052,65.74192,66.68298,14007700,0.0,0.0
2016-03-02 00:00:00-05:00,67.79342,67.79342,66.57946,67.04999,10503000,0.0,0.0
2016-03-03 00:00:00-05:00,67.10645,68.31099,66.30655,66.83354,11596400,0.0,0.0
2016-03-04 00:00:00-05:00,66.77708,68.65918,66.55123,67.96281,10763600,0.0,0.0
2016-03-07 00:00:00-05:00,67.94398,69.61906,67.75577,68.59331,11244500,0.0,0.0
2016-03-08 00:00:00-05:00,68.13219,68.36746,66.77708,66.88059,8670700,0.0,0.0
2016-03-09 00:00:00-05:00,67.36994,68.32981,66.51358,68.16042,7283400,0.0,0.0
2016-03-10 00:00:00-05:00,68.2263,68.74389,66.44301,67.72755,11247900,0.0,0.0
2016-03-11 00:00:00-05:00,68.30158,69.64729,67.9628,69.64729,11219200,0.0,0.0
2016-03-14 00:00:00-04:00,69.64729,70.03312,68.59331,69.02619,11069800,0.0,0.0
2016-03-15 00:00:00-04:00,68.33923,68.54626,67.52051,67.97222,8373700,0.0,0.0
2016-03-16 00:00:00-04:00,67.76518,69.31792,67.62403,69.16735,7701200,0.0,0.0
2016-03-17 00:00:00-04:00,69.41203,69.98607,69.17677,69.87315,9423900,0.0,0.0
2016-03-18 00:00:00-04:00,70.5507,71.8023,70.30602,71.75524,13350100,0.0,0.0
2016-03-21 00:00:00-04:00,72.54572,74.98305,72.40457,73.5056,15493300,0.0,0.0
2016-03-22 00:00:00-04:00,72.46105,73.91968,72.37447,73.57149,9148400,0.0,0.0
2016-03-23 00:00:00-04:00,73.55266,74.32433,71.66115,72.04697,10806800,0.0,0.0
2016-03-24 00:00:00-04:00,70.72009,71.66114,69.19558,71.38824,8833400,0.0,0.0
2016-03-28 00:00:00-04:00,71.94345,72.35752,70.48482,71.97169,6082100,0.0,0.0
2016-03-29 00:00:00-04:00,71.14356,73.62794,71.11533,73.47737,12535000,0.0,0.0
2016-03-30 00:00:00-04:00,74.35255,74.86072,73.91025,74.21139,10696000,0.0,0.0
2016-03-31 00:00:00-04:00,73.87261,75.13362,73.78792,74.37137,11318500,0.0,0.0
2016-04-01 00:00:00-04:00,73.62794,74.36196,73.5903,74.08907,9262200,0.0,0.0
2016-04-04 00:00:00-04:00,73.71264,74.86072,73.70322,74.41843,9817300,0.0,0.0
2016-04-05 00:00:00-04:00,73.5903,73.68441,72.37635,72.76218,9603900,0.0,0.0
2016-04-06 00:00:00-04:00,72.74336,74.4843,72.63984,74.04201,9071900,0.0,0.0
2016-04-07 00:00:00-04:00,73.02567,73.96672,72.63325,73.03508,10937900,0.0,0.0
2016-04-08 00:00:00-04:00,73.65617,74.11729,72.10438,72.90334,8401200,0.0,0.0
2016-04-11 00:00:00-04:00,73.46796,73.95636,72.86569,73.12918,7896500,0.0,0.0
2016-04-12 00:00:00-04:00,73.40209,73.62794,72.33871,73.27035,7115400,0.0,0.0
2016-04-13 00:00:00-04:00,74.09846,75.0207,73.87261,74.94541,14150900,0.0,0.0
2016-04-14 00:00:00-04:00,74.63487,75.15057,73.74087,74.91719,12611500,0.0,0.0
2016-04-15 00:00:00-04:00,74.76662,75.04894,73.83498,74.31492,11709100,0.0,0.0
2016-04-18 00:00:00-04:00,73.89143,74.45606,73.12918,74.35255,7767000,0.0,0.0
2016-04-19 00:00:00-04:00,74.53135,75.7359,73.84438,74.77602,14742000,0.0,0.0
2016-04-20 00:00:00-04:00,74.34314,76.91692,74.33373,76.42287,14911900,0.0,0.0
2016-04-21 00:00:00-04:00,76.30053,76.95926,75.4724,76.01821,8819000,0.0,0.0
2016-04-22 00:00:00-04:00,75.39713,76.63932,74.48901,75.18069,8649300,0.0,0.0
2016-04-25 00:00:00-04:00,75.09598,75.13362,74.042,74.19257,9207600,0.0,0.0
2016-04-26 00:00:00-04:00,74.20199,74.87013,73.21389,73.97614,9632700,0.0,0.0
2016-04-27 00:00:00-04:00,73.68441,73.98555,72.05639,73.07272,11491900,0.0,0.0
2016-04-28 00:00:00-04:00,73.07272,73.30799,71.60468,71.89641,9959900,0.0,0.0
2016-04-29 00:00:00-04:00,72.28224,72.72453,71.20003,72.40458,10124300,0.0,0.0
2016-05-02 00:00:00-04:00,72.35752,72.46103,71.46352,72.09402,7718100,0.0,0.0
2016-05-03 00:00:00-04:00,71.48234,71.77407,70.97888,71.4353,8019200,0.0,0.0
2016-05-04 00:00:00-04:00,71.1812,71.43529,70.58834,71.35059,14326600,0.0,0.0
2016-05-05 00:00:00-04:00,74.83248,75.22773,73.49619,74.18316,27950900,0.0,0.0
2016-05-06 00:00:00-04:00,73.73146,75.0207,73.63735,74.53135,12862100,0.0,0.0
2016-05-09 00:00:00-04:00,74.28668,75.26537,74.23962,74.72897,11795800,0.0,0.0
2016-05-10 00:00:00-04:00,75.08658,75.26538,74.48431,75.02071,9319700,0.0,0.0
2016-05-11 00:00:00-04:00,74.7478,75.74061,74.72898,75.09599,11072500,0.0,0.0
2016-05-12 00:00:00-04:00,75.29361,75.70766,73.70323,74.49371,8791400,0.0,0.0
2016-05-13 00:00:00-04:00,74.17845,74.49371,72.4328,72.6116,10078000,0.0,0.0
2016-05-16 00:00:00-04:00,73.27035,75.21832,73.01626,74.61605,11661000,0.0,0.0
2016-05-17 00:00:00-04:00,75.12422,75.4724,74.63487,74.67251,10970700,0.0,0.0
2016-05-18 00:00:00-04:00,74.07023,75.28419,73.84438,74.37137,9085800,0.0,0.0
2016-05-19 00:00:00-04:00,74.01377,74.58782,73.02567,73.70322,8317500,0.0,0.0
2016-05-20 00:00:00-04:00,73.70323,74.76662,73.70323,74.14553,11043900,0.0,0.0
2016-05-23 00:00:00-04:00,74.29609,74.81367,73.96672,74.34315,7187500,0.0,0.0
2016-05-24 00:00:00-04:00,74.50312,76.51697,74.40901,76.33817,16707700,0.0,0.0
2016-05-25 00:00:00-04:00,73.90085,74.53136,69.75081,71.13416,49606600,0.0,0.0
2016-05-26 00:00:00-04:00,71.13415,74.21609,71.13415,73.73145,26968600,0.0,0.0
2016-05-27 00:00:00-04:00,73.8632,76.22524,73.7691,76.19701,24552900,0.0,0.0
2016-05-31 00:00:00-04:00,76.22525,77.19453,75.4724,77.1663,78861400,0.0,0.0
2016-06-01 00:00:00-04:00,77.16631,77.16631,72.03757,72.16932,62531500,0.0,0.0
2016-06-02 00:00:00-04:00,72.13168,73.16683,72.04698,72.74336,45379500,0.0,0.0
2016-06-03 00:00:00-04:00,72.68689,73.21388,71.24708,72.10344,23685700,0.0,0.0
2016-06-06 00:00:00-04:00,72.56456,73.71265,72.17873,73.45856,19166100,0.0,0.0
2016-06-07 00:00:00-04:00,73.5809,73.75029,72.76218,73.25153,12878000,0.0,0.0
2016-06-08 00:00:00-04:00,73.40209,73.90084,72.81393,73.06331,11614100,0.0,0.0
2016-06-09 00:00:00-04:00,72.82805,73.46797,72.25401,72.98803,8994400,0.0,0.0
2016-06-10 00:00:00-04:00,71.92463,72.50809,71.29413,71.44469,10421100,0.0,0.0
2016-06-13 00:00:00-04:00,70.8142,71.94817,70.43777,71.0024,11300800,0.0,0.0
2016-06-14 00:00:00-04:00,72.35751,73.82555,72.22577,73.18564,22358900,0.0,0.0
2016-06-15 00:00:00-04:00,73.69381,74.12575,72.94097,73.7691,14734800,0.0,0.0
2016-06-16 00:00:00-04:00,73.25152,73.77852,71.7082,73.65617,13570700,0.0,0.0
2016-06-17 00:00:00-04:00,73.82555,73.82555,71.97169,72.46103,15582600,0.0,0.0
2016-06-20 00:00:00-04:00,73.30799,74.14552,73.25152,73.54325,9625600,0.0,0.0
2016-06-21 00:00:00-04:00,74.10788,74.41843,73.77851,73.98554,8881800,0.0,0.0
2016-06-22 00:00:00-04:00,74.38079,74.45608,73.59971,74.08907,8170900,0.0,0.0
2016-06-23 00:00:00-04:00,74.49371,74.77602,73.91967,74.47488,8279500,0.0,0.0
2016-06-24 00:00:00-04:00,72.30106,72.93157,70.98359,71.79289,18224800,0.0,0.0
2016-06-27 00:00:00-04:00,71.33178,71.49175,68.97915,69.85432,15131300,0.0,0.0
2016-06-28 00:00:00-04:00,71.04946,72.08461,71.04946,71.78348,11266200,0.0,0.0
2016-06-29 00:00:00-04:00,72.44222,73.8538,72.36694,73.43974,11460000,0.0,0.0
2016-06-30 00:00:00-04:00,73.69381,75.05834,73.66558,74.8419,12485300,0.0,0.0
2016-07-01 00:00:00-04:00,74.45606,75.33124,74.45606,74.95482,7271300,0.0,0.0
2016-07-05 00:00:00-04:00,74.38079,74.86073,73.75029,74.31492,6845200,0.0,0.0
2016-07-06 00:00:00-04:00,73.84439,74.17375,73.10095,74.00436,7737600,0.0,0.0
2016-07-07 00:00:00-04:00,74.34314,74.80426,74.07024,74.67251,6819200,0.0,0.0
2016-07-08 00:00:00-04:00,73.81616,74.67251,73.21389,74.33373,14029100,0.0,0.0
2016-07-11 00:00:00-04:00,74.65369,77.07219,74.56899,76.65813,17417500,0.0,0.0
2016-07-12 00:00:00-04:00,76.96868,77.99442,76.70519,76.92162,15294100,0.0,0.0
2016-07-13 00:00:00-04:00,77.00632,77.05336,75.63238,75.82059,10739200,0.0,0.0
2016-07-14 00:00:00-04:00,76.39464,77.39215,76.0935,76.92162,9361500,0.0,0.0
2016-07-15 00:00:00-04:00,76.95927,77.62742,76.19231,76.46052,8919900,0.0,0.0
2016-07-18 00:00:00-04:00,75.84882,77.90973,75.84882,77.77798,12113600,0.0,0.0
2016-07-19 00:00:00-04:00,77.618,78.75667,77.21335,77.8909,9799400,0.0,0.0
2016-07-20 00:00:00-04:00,78.36144,79.70714,78.3238,79.44365,13991000,0.0,0.0
2016-07-21 00:00:00-04:00,79.71655,79.98946,78.72845,79.2178,10163500,0.0,0.0
2016-07-22 00:00:00-04:00,79.0484,79.51893,78.8696,79.50951,5988400,0.0,0.0
2016-07-25 00:00:00-04:00,79.49069,79.79183,77.74034,78.28615,13185900,0.0,0.0
2016-07-26 00:00:00-04:00,77.9756,78.70021,77.75916,78.66257,7714700,0.0,0.0
2016-07-27 00:00:00-04:00,78.67198,78.70962,78.10735,78.20145,11629000,0.0,0.0
2016-07-28 00:00:00-04:00,78.54024,78.56847,77.27923,78.22028,7476500,0.0,0.0
2016-07-29 00:00:00-04:00,78.45555,78.5026,77.11454,77.61801,8709300,0.0,0.0
2016-08-01 00:00:00-04:00,77.90974,79.80125,77.72152,79.36836,13401200,0.0,0.0
2016-08-02 00:00:00-04:00,79.36835,79.36835,78.02266,78.86019,7691600,0.0,0.0
2016-08-03 00:00:00-04:00,78.38968,78.89784,78.26734,78.73786,5365800,0.0,0.0
2016-08-04 00:00:00-04:00,78.81314,79.97064,78.75668,79.7542,10731600,0.0,0.0
2016-08-05 00:00:00-04:00,79.99886,80.06474,79.46246,79.60361,9401700,0.0,0.0
2016-08-08 00:00:00-04:00,79.98004,80.00827,79.33071,79.98945,11528200,0.0,0.0
2016-08-09 00:00:00-04:00,80.03651,80.58231,79.80124,80.2153,15349200,0.0,0.0
2016-08-10 00:00:00-04:00,80.93992,82.55854,80.93992,82.18211,28195900,0.0,0.0
2016-08-11 00:00:00-04:00,86.70857,87.32966,85.88044,86.36037,54169200,0.0,0.0
2016-08-12 00:00:00-04:00,87.49906,92.55251,87.43319,92.4584,71968300,0.0,0.0
2016-08-15 00:00:00-04:00,92.48663,93.03244,91.1127,91.44206,33813400,0.0,0.0
2016-08-16 00:00:00-04:00,90.48218,91.42323,89.44703,90.96212,27514000,0.0,0.0
2016-08-17 00:00:00-04:00,90.50101,91.51734,90.38808,91.28208,14980900,0.0,0.0
2016-08-18 00:00:00-04:00,91.51734,92.16667,90.92448,91.28208,15009000,0.0,0.0
2016-08-19 00:00:00-04:00,91.1974,91.50794,90.66099,91.15034,14267100,0.0,0.0
2016-08-22 00:00:00-04:00,90.78334,90.9339,89.16472,90.01167,16222900,0.0,0.0
2016-08-23 00:00:00-04:00,89.9552,90.79275,89.78582,90.14342,9646800,0.0,0.0
2016-08-24 00:00:00-04:00,90.0399,90.62335,88.04486,88.346,12726600,0.0,0.0
2016-08-25 00:00:00-04:00,88.22367,89.10826,87.63081,88.40247,13039900,0.0,0.0
2016-08-26 00:00:00-04:00,88.60009,89.82345,88.53422,89.45644,14133900,0.0,0.0
2016-08-29 00:00:00-04:00,89.02356,89.55056,88.65655,89.28706,8818300,0.0,0.0
2016-08-30 00:00:00-04:00,89.72935,90.98095,89.55996,90.34103,13994200,0.0,0.0
2016-08-31 00:00:00-04:00,90.47278,91.47029,90.35044,91.46088,28617000,0.0,0.0
2016-09-01 00:00:00-04:00,91.56441,92.22314,91.2915,91.67733,13387400,0.0,0.0
2016-09-02 00:00:00-04:00,92.19491,93.78999,92.19491,93.39945,17482600,0.0,0.0
2016-09-06 00:00:00-04:00,94.52871,98.15177,94.52871,97.66241,32803800,0.0,0.0
2016-09-07 00:00:00-04:00,97.71889,97.86946,96.23203,96.28849,15758800,0.0,0.0
2016-09-08 00:00:00-04:00,95.92148,97.66242,95.63916,96.52375,15475500,0.0,0.0
2016-09-09 00:00:00-04:00,95.79914,96.18496,93.21124,93.74764,21250400,0.0,0.0
2016-09-12 00:00:00-04:00,91.63968,95.40389,91.28208,94.85809,17318200,0.0,0.0
2016-09-13 00:00:00-04:00,94.46284,95.50741,93.01362,94.36874,20004900,0.0,0.0
2016-09-14 00:00:00-04:00,94.18053,96.54256,94.12406,96.36377,19604700,0.0,0.0
2016-09-15 00:00:00-04:00,96.5708,98.32116,96.4861,98.29292,20795900,0.0,0.0
2016-09-16 00:00:00-04:00,97.86945,99.17751,97.73771,98.47173,20363500,0.0,0.0
2016-09-19 00:00:00-04:00,98.96108,99.28104,96.17086,96.95663,15234600,0.0,0.0
2016-09-20 00:00:00-04:00,96.87194,97.61537,94.98042,95.38507,12863800,0.0,0.0
2016-09-21 00:00:00-04:00,96.42023,99.93036,96.18497,99.75156,22997100,0.0,0.0
2016-09-22 00:00:00-04:00,101.22901,103.28991,101.14431,102.91349,35627700,0.0,0.0
2016-09-23 00:00:00-04:00,101.86893,102.01008,100.4197,101.36076,23083000,0.0,0.0
2016-09-26 00:00:00-04:00,100.24091,100.74908,99.09283,99.64805,16805300,0.0,0.0
2016-09-27 00:00:00-04:00,100.2409,102.09477,100.09975,101.87833,17556700,0.0,0.0
2016-09-28 00:00:00-04:00,102.04772,103.39343,100.84318,102.33945,16371600,0.0,0.0
2016-09-29 00:00:00-04:00,100.2315,100.40089,98.40585,99.32809,30236700,0.0,0.0
2016-09-30 00:00:00-04:00,100.22208,100.78671,99.55393,99.55393,15577500,0.0,0.0
2016-10-03 00:00:00-04:00,99.23397,100.02446,98.79168,99.1681,10849500,0.0,0.0
2016-10-04 00:00:00-04:00,99.68568,99.968,98.85756,99.23397,11068800,0.0,0.0
2016-10-05 00:00:00-04:00,99.62922,101.11608,99.4316,100.65497,13176500,0.0,0.0
2016-10-06 00:00:00-04:00,100.97492,101.17254,99.92565,100.76789,9885600,0.0,0.0
2016-10-07 00:00:00-04:00,100.58909,101.21019,99.33749,99.75156,8954400,0.0,0.0
2016-10-10 00:00:00-04:00,100.49499,102.57472,100.27855,102.0195,11516600,0.0,0.0
2016-10-11 00:00:00-04:00,101.53013,101.60542,98.57523,99.02694,14916600,0.0,0.0
2016-10-12 00:00:00-04:00,98.85756,98.91402,95.81796,97.51186,18435000,0.0,0.0
2016-10-13 00:00:00-04:00,96.0438,96.50492,93.16419,96.1285,22390000,0.0,0.0
2016-10-14 00:00:00-04:00,98.12353,98.52818,95.07452,95.84618,12789500,0.0,0.0
2016-10-17 00:00:00-04:00,95.51683,97.3707,95.30038,96.77783,10351700,0.0,0.0
2016-10-18 00:00:00-04:00,98.31175,98.80109,97.22012,97.24835,11107200,0.0,0.0
2016-10-19 00:00:00-04:00,98.18,98.62229,97.54008,97.80357,8918900,0.0,0.0
2016-10-20 00:00:00-04:00,98.05767,98.56584,97.46481,97.7283,7109800,0.0,0.0
2016-10-21 00:00:00-04:00,97.58714,97.813,96.69314,97.813,8073100,0.0,0.0
2016-10-24 00:00:00-04:00,98.79168,99.09282,97.44598,98.33997,10898800,0.0,0.0
2016-10-25 00:00:00-04:00,98.67877,98.99872,97.88828,98.07649,8985700,0.0,0.0
2016-10-26 00:00:00-04:00,97.56832,97.86945,96.64608,96.72137,7579800,0.0,0.0
2016-10-27 00:00:00-04:00,97.286,97.97297,95.84619,96.34495,8807100,0.0,0.0
2016-10-28 00:00:00-04:00,96.31672,96.97546,95.56388,95.92148,8479500,0.0,0.0
2016-10-31 00:00:00-04:00,96.59903,97.12602,95.44154,95.69563,15837900,0.0,0.0
2016-11-01 00:00:00-04:00,94.5099,95.27215,93.36181,95.18745,21287300,0.0,0.0
2016-11-02 00:00:00-04:00,97.7283,97.96356,91.56441,92.70308,36939900,0.0,0.0
2016-11-03 00:00:00-04:00,92.26078,93.44651,90.77392,91.98788,17412600,0.0,0.0
2016-11-04 00:00:00-04:00,91.18799,92.96657,90.97154,91.81849,9048500,0.0,0.0
2016-11-07 00:00:00-05:00,94.17111,94.68869,93.31476,93.49355,11198300,0.0,0.0
2016-11-08 00:00:00-05:00,93.53121,94.09584,92.56192,93.96409,8091100,0.0,0.0
2016-11-09 00:00:00-05:00,91.63968,92.76895,90.15282,90.97153,20948000,0.0,0.0
2016-11-10 00:00:00-05:00,92.5431,92.69367,86.78387,88.77889,27346700,0.0,0.0
2016-11-11 00:00:00-05:00,88.32719,88.54362,85.72988,87.50847,23725800,0.0,0.0
2016-11-14 00:00:00-05:00,87.00123,87.08499,82.69968,84.47827,27356200,0.0,0.0
2016-11-15 00:00:00-05:00,85.63577,87.97898,85.4005,85.63577,16723000,0.0,0.0
2016-11-16 00:00:00-05:00,86.00278,88.15779,85.94631,87.38612,14079700,0.0,0.0
2016-11-17 00:00:00-05:00,89.12708,89.38116,88.12015,88.5248,10380200,0.0,0.0
2016-11-18 00:00:00-05:00,89.25882,89.6823,87.20733,87.88489,10032600,0.0,0.0
2016-11-21 00:00:00-05:00,88.50598,89.08002,87.51787,87.90371,8960000,0.0,0.0
2016-11-22 00:00:00-05:00,88.68478,88.85417,87.66845,87.7155,10403600,0.0,0.0
2016-11-23 00:00:00-05:00,87.07559,87.89431,86.05925,87.54612,11721700,0.0,0.0
2016-11-25 00:00:00-05:00,88.03546,88.22367,87.30143,87.52729,4868500,0.0,0.0
2016-11-28 00:00:00-05:00,87.5367,90.09731,87.51788,88.23309,14340100,0.0,0.0
2016-11-29 00:00:00-05:00,88.14838,90.39279,87.88489,89.39057,14146900,0.0,0.0
2016-11-30 00:00:00-05:00,89.66347,89.85169,87.80019,88.47775,11447700,0.0,0.0
2016-12-01 00:00:00-05:00,88.45892,88.51068,83.92305,84.56297,24030700,0.0,0.0
2016-12-02 00:00:00-05:00,85.05231,86.33214,84.64766,85.14642,11718800,0.0,0.0
2016-12-05 00:00:00-05:00,84.74177,86.01219,84.29006,85.62635,8902600,0.0,0.0
2016-12-06 00:00:00-05:00,86.16276,86.51095,84.65708,85.07114,7787800,0.0,0.0
2016-12-07 00:00:00-05:00,85.18406,86.24746,84.22419,85.70164,13240000,0.0,0.0
2016-12-08 00:00:00-05:00,86.38861,87.59316,85.664,86.86855,10919500,0.0,0.0
2016-12-09 00:00:00-05:00,87.05676,88.12014,86.84031,87.78136,9177600,0.0,0.0
2016-12-12 00:00:00-05:00,86.62388,87.41436,86.2945,87.01912,9355900,0.0,0.0
2016-12-13 00:00:00-05:00,87.32967,88.20485,86.45449,86.72739,10491300,0.0,0.0
2016-12-14 00:00:00-05:00,86.41684,86.82149,85.47579,85.81457,9153700,0.0,0.0
2016-12-15 00:00:00-05:00,84.69472,85.25935,83.50899,83.61251,19215500,0.0,0.0
2016-12-16 00:00:00-05:00,83.75367,84.78883,83.33961,83.44312,11341500,0.0,0.0
2016-12-19 00:00:00-05:00,83.38665,84.52533,83.19845,83.68779,10226300,0.0,0.0
2016-12-20 00:00:00-05:00,83.93247,84.98645,83.69721,84.54415,8434700,0.0,0.0
2016-12-21 00:00:00-05:00,84.65708,85.09937,83.98893,83.98893,9044900,0.0,0.0
2016-12-22 00:00:00-05:00,82.7091,83.05729,80.93992,81.68336,14404500,0.0,0.0
2016-12-23 00:00:00-05:00,81.51397,82.51148,81.51397,81.67394,6344000,0.0,0.0
2016-12-27 00:00:00-05:00,81.60808,82.75616,81.59866,82.37974,5228000,0.0,0.0
2016-12-28 00:00:00-05:00,83.09493,83.5184,82.07859,82.21975,6421100,0.0,0.0
2016-12-29 00:00:00-05:00,82.64323,83.00082,82.02214,82.18211,5467100,0.0,0.0
2016-12-30 00:00:00-05:00,82.40795,82.90671,82.05976,82.6338,7211100,0.0,0.0
2017-01-03 00:00:00-05:00,83.75367,83.75367,82.8879,83.37724,8789400,0.0,0.0
2017-01-04 00:00:00-05:00,83.73955,85.53225,83.35842,85.17465,11490200,0.0,0.0
2017-01-05 00:00:00-05:00,86.49213,89.22118,86.23804,88.80712,16821500,0.0,0.0
2017-01-06 00:00:00-05:00,88.83535,88.92945,87.51787,88.35541,7639800,0.0,0.0
2017-01-09 00:00:00-05:00,88.6095,90.01166,87.80959,89.13648,10829500,0.0,0.0
2017-01-10 00:00:00-05:00,90.71746,92.1328,89.91757,91.04683,14780600,0.0,0.0
2017-01-11 00:00:00-05:00,91.2068,91.70556,89.96461,91.22562,8735900,0.0,0.0
2017-01-12 00:00:00-05:00,91.14092,91.14092,89.21177,90.24693,8424700,0.0,0.0
2017-01-13 00:00:00-05:00,90.29397,91.63968,90.11518,90.59511,10701100,0.0,0.0
2017-01-17 00:00:00-05:00,90.64217,90.89625,89.39998,90.45396,6342400,0.0,0.0
2017-01-18 00:00:00-05:00,90.59511,90.59511,89.64466,90.34103,6610700,0.0,0.0
2017-01-19 00:00:00-05:00,90.73628,90.99977,89.9458,90.50101,7090000,0.0,0.0
2017-01-20 00:00:00-05:00,90.7645,91.42324,90.03142,90.39749,9685800,0.0,0.0
2017-01-23 00:00:00-05:00,90.79274,92.85364,90.58571,92.60897,14090300,0.0,0.0
2017-01-24 00:00:00-05:00,97.06956,97.1072,94.04878,95.45095,37181500,0.0,0.0
2017-01-25 00:00:00-05:00,96.42024,98.12354,95.89325,97.92592,23322800,0.0,0.0
2017-01-26 00:00:00-05:00,97.79417,98.40585,96.14733,96.69314,12504800,0.0,0.0
2017-01-27 00:00:00-05:00,96.22261,96.64608,95.3192,96.05322,8031000,0.0,0.0
2017-01-30 00:00:00-05:00,95.2345,95.47917,94.18993,95.06511,8619800,0.0,0.0
2017-01-31 00:00:00-05:00,94.33109,96.07203,94.1617,95.33801,7530000,0.0,0.0
2017-02-01 00:00:00-05:00,96.05322,96.34495,94.92396,95.5827,5736400,0.0,0.0
2017-02-02 00:00:00-05:00,95.30979,95.48859,94.63223,94.89572,5371600,0.0,0.0
2017-02-03 00:00:00-05:00,95.51681,95.57327,94.38755,94.47224,6197600,0.0,0.0
2017-02-06 00:00:00-05:00,94.26521,95.71067,94.12405,94.95218,6866700,0.0,0.0
2017-02-07 00:00:00-05:00,95.08394,95.61093,94.57577,94.88632,5655600,0.0,0.0
2017-02-08 00:00:00-05:00,95.56388,97.86005,95.19687,97.46481,10178500,0.0,0.0
2017-02-09 00:00:00-05:00,97.4648,98.03884,96.51433,97.24835,8435800,0.0,0.0
2017-02-10 00:00:00-05:00,97.75653,97.813,96.27908,96.32613,7680300,0.0,0.0
2017-02-13 00:00:00-05:00,96.75901,98.28352,96.57081,97.02251,9729000,0.0,0.0
2017-02-14 00:00:00-05:00,97.06015,97.49303,94.94843,95.60152,10240700,0.0,0.0
2017-02-15 00:00:00-05:00,96.0438,96.10968,94.20876,95.56387,12384400,0.0,0.0
2017-02-16 00:00:00-05:00,95.8556,96.08145,94.57577,94.87691,7464000,0.0,0.0
2017-02-17 00:00:00-05:00,94.75457,95.73326,94.38756,94.59458,8258200,0.0,0.0
2017-02-21 00:00:00-05:00,95.07453,96.49552,94.96161,96.10028,8189600,0.0,0.0
2017-02-22 00:00:00-05:00,96.43905,98.99871,96.38258,98.05766,15779400,0.0,0.0
2017-02-23 00:00:00-05:00,98.54701,98.67875,95.81795,96.42023,10095600,0.0,0.0
2017-02-24 00:00:00-05:00,95.4133,96.9284,95.32861,96.88134,7356600,0.0,0.0
2017-02-27 00:00:00-05:00,96.45787,97.70476,96.19438,97.49303,6865900,0.0,0.0
2017-02-28 00:00:00-05:00,97.76594,97.86004,96.01558,96.8343,8017500,0.0,0.0
2017-03-01 00:00:00-05:00,97.56832,98.80109,97.12602,97.9071,10331800,0.0,0.0
2017-03-02 00:00:00-05:00,97.68124,98.41526,96.71195,97.1072,7983000,0.0,0.0
2017-03-03 00:00:00-05:00,96.91899,97.32364,96.40141,97.22012,6320900,0.0,0.0
2017-03-06 00:00:00-05:00,96.70255,97.16367,96.08146,96.27908,6290700,0.0,0.0
2017-03-07 00:00:00-05:00,96.26967,97.21825,96.09087,96.58022,4985200,0.0,0.0
2017-03-08 00:00:00-05:00,96.5802,98.14236,96.49551,97.13543,7066700,0.0,0.0
2017-03-09 00:00:00-05:00,96.90018,97.6342,96.70256,97.15426,4523600,0.0,0.0
2017-03-10 00:00:00-05:00,97.33305,97.58713,96.58021,97.29541,4120700,0.0,0.0
2017-03-13 00:00:00-04:00,97.41775,99.98682,97.3707,98.9799,16118900,0.0,0.0
2017-03-14 00:00:00-04:00,98.4435,99.75156,97.70195,98.10472,7748400,0.0,0.0
2017-03-15 00:00:00-04:00,98.21764,98.33057,96.55198,97.57773,11695200,0.0,0.0
2017-03-16 00:00:00-04:00,99.04577,99.42219,98.15271,99.40337,12445200,0.0,0.0
2017-03-17 00:00:00-04:00,98.97048,100.22208,98.67876,99.38454,8778900,0.0,0.0
2017-03-20 00:00:00-04:00,99.968,101.82187,99.6951,100.92787,12447900,0.0,0.0
2017-03-21 00:00:00-04:00,102.06654,102.29239,98.52819,98.8952,13877700,0.0,0.0
2017-03-22 00:00:00-04:00,98.47173,99.86449,97.85064,99.83625,7153000,0.0,0.0
2017-03-23 00:00:00-04:00,100.64555,102.41473,100.16562,101.86892,13410800,0.0,0.0
2017-03-24 00:00:00-04:00,102.01008,102.69705,100.90905,101.6713,7578400,0.0,0.0
2017-03-27 00:00:00-04:00,100.36324,101.81246,100.23149,101.70895,7709400,0.0,0.0
2017-03-28 00:00:00-04:00,101.85011,102.52766,101.1255,101.44546,6472000,0.0,0.0
2017-03-29 00:00:00-04:00,101.60543,103.27109,101.34193,103.05465,8788700,0.0,0.0
2017-03-30 00:00:00-04:00,103.26074,103.93924,102.25476,102.43356,10592500,0.0,0.0
2017-03-31 00:00:00-04:00,102.10418,102.6867,101.42662,101.47368,9002800,0.0,0.0
2017-04-03 00:00:00-04:00,102.43356,103.01702,101.18196,101.71836,8391400,0.0,0.0
2017-04-04 00:00:00-04:00,101.51132,101.87833,100.57967,101.18195,6480100,0.0,0.0
2017-04-05 00:00:00-04:00,101.97244,102.40532,100.99375,101.10667,8205400,0.0,0.0
2017-04-06 00:00:00-04:00,101.24782,102.0289,100.83377,101.6713,5211100,0.0,0.0
2017-04-07 00:00:00-04:00,101.52073,102.64059,100.46676,102.5653,8354900,0.0,0.0
2017-04-10 00:00:00-04:00,102.57472,105.28494,102.42414,105.11555,14798600,0.0,0.0
2017-04-11 00:00:00-04:00,104.83323,105.20024,103.00759,103.92982,10012100,0.0,0.0
2017-04-12 00:00:00-04:00,103.98629,105.11555,103.80748,104.10862,8099800,0.0,0.0
2017-04-13 00:00:00-04:00,104.19333,104.88029,103.34638,103.71339,6857000,0.0,0.0
2017-04-17 00:00:00-04:00,104.37212,105.27553,103.79808,105.17201,7128100,0.0,0.0
2017-04-18 00:00:00-04:00,104.64503,105.58608,104.33166,104.67326,8305100,0.0,0.0
2017-04-19 00:00:00-04:00,105.38846,105.58608,104.05217,104.23097,9603800,0.0,0.0
2017-04-20 00:00:00-04:00,104.95558,106.90356,104.90853,106.30128,13773500,0.0,0.0
2017-04-21 00:00:00-04:00,106.15071,106.4989,105.68019,106.44244,8968300,0.0,0.0
2017-04-24 00:00:00-04:00,107.31762,108.37161,107.2988,108.08929,13386600,0.0,0.0
2017-04-25 00:00:00-04:00,108.72919,108.99268,108.03281,108.67273,11434600,0.0,0.0
2017-04-26 00:00:00-04:00,108.56922,108.92681,107.86531,108.19279,6678800,0.0,0.0
2017-04-27 00:00:00-04:00,108.22103,109.12444,108.06106,108.62569,9441500,0.0,0.0
2017-04-28 00:00:00-04:00,109.06798,109.15267,108.22103,108.69156,6984900,0.0,0.0
2017-05-01 00:00:00-04:00,108.81389,110.32898,108.69155,109.80199,7332100,0.0,0.0
2017-05-02 00:00:00-04:00,110.16901,111.69352,110.10314,111.12888,10048200,0.0,0.0
2017-05-03 00:00:00-04:00,110.99714,111.04419,108.33396,109.69849,10591100,0.0,0.0
2017-05-04 00:00:00-04:00,109.10561,109.54791,108.36218,109.03033,6977800,0.0,0.0
2017-05-05 00:00:00-04:00,109.20913,109.30324,108.03282,109.19972,7099400,0.0,0.0
2017-05-08 00:00:00-04:00,110.00903,110.58308,109.35029,109.97139,6461900,0.0,0.0
2017-05-09 00:00:00-04:00,111.62764,112.92628,111.11005,112.92628,15219900,0.0,0.0
2017-05-10 00:00:00-04:00,112.93571,113.23685,112.07935,112.90748,9347300,0.0,0.0
2017-05-11 00:00:00-04:00,113.04863,113.39682,111.27945,113.07687,11375500,0.0,0.0
2017-05-12 00:00:00-04:00,113.07686,113.36671,112.46518,113.24625,9823900,0.0,0.0
2017-05-15 00:00:00-04:00,113.89557,114.32846,112.95546,114.24377,11125500,0.0,0.0
2017-05-16 00:00:00-04:00,114.78958,117.01046,114.56372,116.70932,18222100,0.0,0.0
2017-05-17 00:00:00-04:00,115.98471,116.58698,113.39681,113.60384,19834700,0.0,0.0
2017-05-18 00:00:00-04:00,109.45381,115.40126,107.27998,114.12143,37121900,0.0,0.0
2017-05-19 00:00:00-04:00,116.65285,118.94902,115.81532,115.95647,21101700,0.0,0.0
2017-05-22 00:00:00-04:00,117.61273,118.18677,116.27173,117.39629,13493200,0.0,0.0
2017-05-23 00:00:00-04:00,117.32101,118.26677,115.60829,115.68358,14370100,0.0,0.0
2017-05-24 00:00:00-04:00,115.81532,116.39313,114.76134,115.57065,8371500,0.0,0.0
2017-05-25 00:00:00-04:00,116.44582,117.11397,115.10012,116.34231,12486500,0.0,0.0
2017-05-26 00:00:00-04:00,116.62463,117.30219,115.84356,116.68109,7558900,0.0,0.0
2017-05-30 00:00:00-04:00,116.76578,117.51862,116.2482,116.6058,8343400,0.0,0.0
2017-05-31 00:00:00-04:00,116.35171,116.85518,114.80839,115.24127,11582200,0.0,0.0
2017-06-01 00:00:00-04:00,115.58007,116.69051,115.05308,116.66228,8901400,0.0,0.0
2017-06-02 00:00:00-04:00,116.427,117.18925,115.97529,116.81283,7342100,0.0,0.0
2017-06-05 00:00:00-04:00,116.70932,118.15855,116.56817,117.97975,10030600,0.0,0.0
2017-06-06 00:00:00-04:00,117.97975,118.76081,116.94458,117.27396,9257100,0.0,0.0
2017-06-07 00:00:00-04:00,117.70684,118.48791,116.79402,118.23383,9431600,0.0,0.0
2017-06-08 00:00:00-04:00,134.10936,135.22922,127.23969,133.94939,81381500,0.0,0.0
2017-06-09 00:00:00-04:00,133.94938,139.54864,128.93357,131.22034,54367400,0.0,0.0
2017-06-12 00:00:00-04:00,130.96625,131.17329,128.03017,130.88156,32177600,0.0,0.0
2017-06-13 00:00:00-04:00,133.51653,133.85907,127.88903,128.54778,40879600,0.0,0.0
2017-06-14 00:00:00-04:00,129.67703,131.04155,127.28674,128.61363,32862000,0.0,0.0
2017-06-15 00:00:00-04:00,127.64435,127.67258,125.25408,127.11736,30510400,0.0,0.0
2017-06-16 00:00:00-04:00,128.24662,128.45365,125.67755,126.91973,36431300,0.0,0.0
2017-06-19 00:00:00-04:00,129.68645,132.12377,129.30061,131.2486,24951600,0.0,0.0
2017-06-20 00:00:00-04:00,131.82264,132.34022,129.79937,130.22285,20580500,0.0,0.0
2017-06-21 00:00:00-04:00,130.63691,135.04103,129.88406,134.8434,30911600,0.0,0.0
2017-06-22 00:00:00-04:00,133.6765,136.15146,132.57547,133.88353,21897600,0.0,0.0
2017-06-23 00:00:00-04:00,133.72356,134.89046,133.25304,134.57991,11759000,0.0,0.0
2017-06-26 00:00:00-04:00,135.53979,136.79139,132.94249,134.31642,17828100,0.0,0.0
2017-06-27 00:00:00-04:00,135.41744,135.86915,132.7825,133.18715,17374800,0.0,0.0
2017-06-28 00:00:00-04:00,134.24114,135.85975,133.14011,135.46451,17759800,0.0,0.0
2017-06-29 00:00:00-04:00,134.72106,135.09748,129.41353,132.50958,24130300,0.0,0.0
2017-06-30 00:00:00-04:00,132.71661,133.98704,131.67204,132.59427,12276700,0.0,0.0
2017-07-03 00:00:00-04:00,133.39418,134.09056,131.2721,132.67899,6975700,0.0,0.0
2017-07-05 00:00:00-04:00,132.83898,136.45262,132.0579,136.33028,16995800,0.0,0.0
2017-07-06 00:00:00-04:00,134.57991,135.15395,133.46947,133.81766,11934200,0.0,0.0
2017-07-07 00:00:00-04:00,134.24114,134.92717,133.47041,134.0341,8046200,0.0,0.0
2017-07-10 00:00:00-04:00,134.5705,135.66212,133.86471,135.33275,10351500,0.0,0.0
2017-07-11 00:00:00-04:00,135.78446,137.27132,134.81517,137.21486,13519900,0.0,0.0
2017-07-12 00:00:00-04:00,138.69231,140.49913,138.19356,140.21681,14955800,0.0,0.0
2017-07-13 00:00:00-04:00,140.70616,141.15786,139.27576,140.70616,11683400,0.0,0.0
2017-07-14 00:00:00-04:00,141.27078,143.27523,140.86614,142.87999,11469400,0.0,0.0
2017-07-17 00:00:00-04:00,144.47978,144.63975,141.5531,142.31535,15342700,0.0,0.0
2017-07-18 00:00:00-04:00,142.17421,145.48671,141.60957,144.68681,15313000,0.0,0.0
2017-07-19 00:00:00-04:00,145.99488,147.19002,143.64225,144.12218,16896100,0.0,0.0
2017-07-20 00:00:00-04:00,144.88445,145.035,142.88941,143.14349,16739800,0.0,0.0
2017-07-21 00:00:00-04:00,142.84234,143.18112,141.44958,142.93645,11452700,0.0,0.0
2017-07-24 00:00:00-04:00,143.76458,144.19746,142.66355,143.28464,10649100,0.0,0.0
2017-07-25 00:00:00-04:00,143.37874,143.74575,141.95776,143.45403,8460300,0.0,0.0
2017-07-26 00:00:00-04:00,143.53873,146.80418,143.37875,146.60655,14466300,0.0,0.0
2017-07-27 00:00:00-04:00,148.54512,150.93539,142.40946,145.06322,26058500,0.0,0.0
2017-07-28 00:00:00-04:00,144.88445,149.58971,143.81165,148.27223,14449400,0.0,0.0
2017-07-31 00:00:00-04:00,149.53322,149.99435,144.45155,145.81607,17782400,0.0,0.0
2017-08-01 00:00:00-04:00,147.03944,147.37822,144.73387,145.60904,12035300,0.0,0.0
2017-08-02 00:00:00-04:00,146.30542,146.56891,140.31092,142.95528,19529300,0.0,0.0
2017-08-03 00:00:00-04:00,143.13408,144.73387,140.78145,144.28217,12435400,0.0,0.0
2017-08-04 00:00:00-04:00,145.22323,145.22323,143.19055,144.29158,10035600,0.0,0.0
2017-08-07 00:00:00-04:00,145.70315,149.61793,145.27026,149.47676,15906400,0.0,0.0
2017-08-08 00:00:00-04:00,149.21327,150.41782,147.55703,148.21576,15447100,0.0,0.0
2017-08-09 00:00:00-04:00,146.85124,148.41339,146.05134,148.20636,11022600,0.0,0.0
2017-08-10 00:00:00-04:00,146.99239,147.27471,142.33418,142.82353,19298900,0.0,0.0
2017-08-11 00:00:00-04:00,141.63779,143.57637,138.80523,142.75764,22327400,0.0,0.0
2017-08-14 00:00:00-04:00,145.64668,145.9384,144.07513,145.49611,14601800,0.0,0.0
2017-08-15 00:00:00-04:00,146.55951,148.98743,144.92207,148.45102,18635700,0.0,0.0
2017-08-16 00:00:00-04:00,150.5684,150.89777,149.18976,150.09787,21318300,0.0,0.0
2017-08-17 00:00:00-04:00,156.32764,158.09682,153.87149,154.25732,56840300,0.0,0.0
2017-08-18 00:00:00-04:00,155.61243,159.50839,154.42671,157.62628,31492500,0.0,0.0
2017-08-21 00:00:00-04:00,158.36972,160.54356,157.13694,159.27313,22352300,0.0,0.0
2017-08-22 00:00:00-04:00,159.99775,164.46775,159.64015,164.17603,24481900,0.0,0.0
2017-08-23 00:00:00-04:00,162.70795,165.84166,162.5668,165.43701,21939000,0.0,0.0
2017-08-24 00:00:00-04:00,166.56628,166.56628,164.02544,164.68417,20795200,0.0,0.0
2017-08-25 00:00:00-04:00,164.49597,164.62771,161.02348,161.61635,24184700,0.0,0.0
2017-08-28 00:00:00-04:00,161.06113,161.23993,157.21222,158.37914,24615900,0.0,0.0
2017-08-29 00:00:00-04:00,155.41479,159.25429,154.66196,157.54158,19587300,0.0,0.0
2017-08-30 00:00:00-04:00,159.17903,162.22804,159.17903,161.15524,17770000,0.0,0.0
2017-08-31 00:00:00-04:00,162.36918,162.70796,160.21417,161.61635,16486800,0.0,0.0
2017-09-01 00:00:00-04:00,161.85161,162.22426,160.59059,160.9576,11166600,0.0,0.0
2017-09-05 00:00:00-04:00,159.48015,161.79514,158.79131,159.90363,14943600,0.0,0.0
2017-09-06 00:00:00-04:00,160.13887,161.02346,157.15573,158.22853,19988300,0.0,0.0
2017-09-07 00:00:00-04:00,159.28252,160.89172,158.0968,160.4306,15141900,0.0,0.0
2017-09-08 00:00:00-04:00,159.96949,161.12698,158.96256,159.03784,12345300,0.0,0.0
2017-09-11 00:00:00-04:00,161.3905,163.93134,161.3905,163.79959,18257900,0.0,0.0
2017-09-12 00:00:00-04:00,164.58065,165.26762,163.15025,164.97589,15629700,0.0,0.0
2017-09-13 00:00:00-04:00,165.38995,168.54248,165.21114,168.42014,22060700,0.0,0.0
2017-09-14 00:00:00-04:00,167.07444,169.32355,165.64405,166.66039,22827700,0.0,0.0
2017-09-15 00:00:00-04:00,167.41323,169.15418,166.28397,166.28397,26567600,0.0,0.0
2017-09-18 00:00:00-04:00,168.34486,169.66233,167.27206,169.37061,22919800,0.0,0.0
2017-09-19 00:00:00-04:00,170.03875,170.20814,168.68364,169.45531,14751900,0.0,0.0
2017-09-20 00:00:00-04:00,169.40825,169.85995,165.76732,167.46027,15396700,0.0,0.0
2017-09-21 00:00:00-04:00,167.55437,168.31755,164.96648,166.93327,14578800,0.0,0.0
2017-09-22 00:00:00-04:00,165.81344,167.90258,165.32409,167.63908,12749700,0.0,0.0
2017-09-25 00:00:00-04:00,166.07693,166.56628,157.62628,159.59308,34033700,0.0,0.0
2017-09-26 00:00:00-04:00,159.98831,161.7669,156.95812,157.17458,23696200,0.0,0.0
2017-09-27 00:00:00-04:00,159.82833,161.81396,159.46132,160.91055,19444200,0.0,0.0
2017-09-28 00:00:00-04:00,160.83528,161.7481,159.57144,160.20477,13957000,0.0,0.0
2017-09-29 00:00:00-04:00,161.02349,163.31024,160.6753,162.52917,13401800,0.0,0.0
2017-10-02 00:00:00-04:00,164.27952,164.8065,162.39741,163.3761,12563400,0.0,0.0
2017-10-03 00:00:00-04:00,165.6817,168.24136,163.37613,168.03433,16714600,0.0,0.0
2017-10-04 00:00:00-04:00,167.56381,169.38946,166.84862,168.17551,11420600,0.0,0.0
2017-10-05 00:00:00-04:00,168.4484,169.13536,165.65347,168.34488,11895300,0.0,0.0
2017-10-06 00:00:00-04:00,167.36618,169.2671,167.14033,168.6366,8749300,0.0,0.0
2017-10-09 00:00:00-04:00,168.42015,172.33682,168.21312,171.35623,15011600,0.0,0.0
2017-10-10 00:00:00-04:00,170.94217,173.58654,170.66927,172.32552,13201300,0.0,0.0
2017-10-11 00:00:00-04:00,172.21261,173.8124,171.83713,173.80299,11974400,0.0,0.0
2017-10-12 00:00:00-04:00,173.19129,173.52066,169.71694,169.8882,15441200,0.0,0.0
2017-10-13 00:00:00-04:00,170.29285,170.7069,167.4791,167.9308,18107700,0.0,0.0
2017-10-16 00:00:00-04:00,169.38944,169.43649,167.98726,168.97537,12855900,0.0,0.0
2017-10-17 00:00:00-04:00,168.9942,169.50236,164.9665,164.98532,20132200,0.0,0.0
2017-10-18 00:00:00-04:00,166.65096,169.38943,165.88871,169.02242,21736500,0.0,0.0
2017-10-19 00:00:00-04:00,166.56723,169.02243,165.10765,167.44145,13539000,0.0,0.0
2017-10-20 00:00:00-04:00,168.46722,168.93774,166.64157,166.86743,11953200,0.0,0.0
2017-10-23 00:00:00-04:00,167.31914,167.51675,162.84914,162.92442,17610900,0.0,0.0
2017-10-24 00:00:00-04:00,163.74313,165.60641,163.04675,163.46082,11946000,0.0,0.0
2017-10-25 00:00:00-04:00,164.39245,165.09824,159.32018,160.18594,18109400,0.0,0.0
2017-10-26 00:00:00-04:00,160.56238,161.34345,158.64264,160.28008,13527400,0.0,0.0
2017-10-27 00:00:00-04:00,162.98088,166.56629,161.02349,165.76639,19712600,0.0,0.0
2017-10-30 00:00:00-04:00,167.91197,171.17743,167.12149,170.8763,20219700,0.0,0.0
2017-10-31 00:00:00-04:00,172.749,174.20762,171.09368,173.99118,21256700,0.0,0.0
2017-11-01 00:00:00-04:00,176.80494,177.74599,172.75841,175.11104,28594700,0.0,0.0
2017-11-02 00:00:00-04:00,179.7316,179.94804,172.50431,173.91589,41239900,0.0,0.0
2017-11-03 00:00:00-04:00,175.51569,175.91093,171.32801,172.41023,19697300,0.0,0.0
2017-11-06 00:00:00-05:00,173.21953,177.15312,173.15365,176.76729,19873100,0.0,0.0
2017-11-07 00:00:00-05:00,178.40471,178.66821,175.9768,177.39778,17781000,0.0,0.0
2017-11-08 00:00:00-05:00,176.89903,177.059,174.1888,174.94164,13944600,0.0,0.0
2017-11-09 00:00:00-05:00,173.35127,174.21704,170.37755,174.21704,19755600,0.0,0.0
2017-11-10 00:00:00-05:00,176.00502,176.13676,174.4711,175.42157,15031000,0.0,0.0
2017-11-13 00:00:00-05:00,175.76036,176.80493,173.15364,173.6618,17139100,0.0,0.0
2017-11-14 00:00:00-05:00,173.43596,173.51125,170.47164,171.07391,14475300,0.0,0.0
2017-11-15 00:00:00-05:00,168.79657,171.15863,166.31784,170.7822,16567000,0.0,0.0
2017-11-16 00:00:00-05:00,172.50432,175.28984,172.32552,174.49934,18389500,0.0,0.0
2017-11-17 00:00:00-05:00,174.96047,175.50628,173.78415,174.21704,13422700,0.0,0.0
2017-11-20 00:00:00-05:00,176.54143,178.79995,175.61072,176.91785,25992300,0.0,0.0
2017-11-21 00:00:00-05:00,179.12933,180.26799,177.67069,179.6469,19639500,0.0,0.0
2017-11-22 00:00:00-05:00,180.24917,180.4468,178.20709,178.64938,14417600,0.0,0.0
2017-11-24 00:00:00-05:00,178.22592,180.39975,177.57659,179.91982,9887300,0.0,0.0
2017-11-27 00:00:00-05:00,179.2611,180.1645,176.4944,176.94611,14952800,0.0,0.0
2017-11-28 00:00:00-05:00,177.69893,177.95301,175.50627,175.68507,13378100,0.0,0.0
2017-11-29 00:00:00-05:00,174.32997,174.48054,163.38552,169.30475,40204100,0.0,0.0
2017-11-30 00:00:00-05:00,168.94715,169.20123,165.92638,166.64157,25851100,0.0,0.0
2017-12-01 00:00:00-05:00,164.93828,169.20125,163.55493,164.31718,26782300,0.0,0.0
2017-12-04 00:00:00-05:00,166.75449,167.1121,158.34148,159.58368,35895100,0.0,0.0
2017-12-05 00:00:00-05:00,155.53713,162.76442,154.56785,159.00021,31609900,0.0,0.0
2017-12-06 00:00:00-05:00,162.45387,163.0185,157.96976,162.45387,23897800,0.0,0.0
2017-12-07 00:00:00-05:00,164.95707,165.45584,162.10568,164.18541,15697900,0.0,0.0
2017-12-08 00:00:00-05:00,167.10269,168.41076,165.97342,167.14973,23543400,0.0,0.0
2017-12-11 00:00:00-05:00,169.29533,170.02935,167.64848,168.72128,15626200,0.0,0.0
2017-12-12 00:00:00-05:00,164.3454,167.65791,163.52669,164.3454,22656500,0.0,0.0
2017-12-13 00:00:00-05:00,164.86299,167.22503,164.02545,166.06754,18653400,0.0,0.0
2017-12-14 00:00:00-05:00,162.90558,163.16907,159.6119,161.62575,32830000,0.0,0.0
2017-12-15 00:00:00-05:00,162.69854,163.31964,159.9789,163.31964,41356700,0.0,0.0
2017-12-18 00:00:00-05:00,164.30776,164.40185,162.2092,163.15025,17023300,0.0,0.0
2017-12-19 00:00:00-05:00,161.83278,162.80207,160.45884,161.18346,23936200,0.0,0.0
2017-12-20 00:00:00-05:00,161.6634,162.70797,160.73177,162.4633,17121400,0.0,0.0
2017-12-21 00:00:00-05:00,162.61386,165.86049,162.47365,164.98532,14812400,0.0,0.0
2017-12-22 00:00:00-05:00,165.47465,166.24632,164.7218,165.89812,12524700,0.0,0.0
2017-12-26 00:00:00-05:00,164.26071,164.82533,161.60693,162.17157,12913800,0.0,0.0
2017-12-27 00:00:00-05:00,162.13393,163.62079,161.60694,162.77385,10152300,0.0,0.0
2017-12-28 00:00:00-05:00,162.8397,163.30082,161.55046,162.14333,9508100,0.0,0.0
2017-12-29 00:00:00-05:00,162.1245,163.43257,161.10817,162.26566,9704600,0.0,0.0
2018-01-02 00:00:00-05:00,166.00072,173.24776,165.34292,172.82428,29916900,0.0,0.0
2018-01-03 00:00:00-05:00,174.2735,174.69226,170.7069,173.15364,20121900,0.0,0.0
2018-01-04 00:00:00-05:00,174.94165,176.67978,173.5583,174.76286,19473800,0.0,0.0
2018-01-05 00:00:00-05:00,176.13677,179.50573,175.31899,179.45868,18168300,0.0,0.0
2018-01-08 00:00:00-05:00,179.23285,180.36211,177.92478,179.1105,16230100,0.0,0.0
2018-01-09 00:00:00-05:00,179.86336,181.14319,176.91786,179.55281,19495100,0.0,0.0
2018-01-10 00:00:00-05:00,177.01197,179.16698,175.58157,178.60234,17943800,0.0,0.0
2018-01-11 00:00:00-05:00,178.54587,179.2046,177.01196,177.62364,12400400,0.0,0.0
2018-01-12 00:00:00-05:00,178.71527,178.98817,176.21207,176.72023,11789600,0.0,0.0
2018-01-16 00:00:00-05:00,179.17637,180.43739,171.03627,171.64795,27428500,0.0,0.0
2018-01-17 00:00:00-05:00,172.49493,173.9065,168.74954,172.99368,21346500,0.0,0.0
2018-01-18 00:00:00-05:00,173.41715,174.8899,171.92088,173.53008,14190700,0.0,0.0
2018-01-19 00:00:00-05:00,174.23585,174.31961,172.02438,173.2007,15349300,0.0,0.0
2018-01-22 00:00:00-05:00,174.07119,174.13235,170.97041,173.17249,16016300,0.0,0.0
2018-01-23 00:00:00-05:00,174.3582,181.05849,172.72077,180.94557,31305900,0.0,0.0
2018-01-24 00:00:00-05:00,183.23233,187.13769,181.05848,184.00398,34497300,0.0,0.0
2018-01-25 00:00:00-05:00,184.76623,187.82465,182.65828,186.63893,23421600,0.0,0.0
2018-01-26 00:00:00-05:00,188.52103,193.13218,187.46705,193.12277,23768600,0.0,0.0
2018-01-29 00:00:00-05:00,192.75577,193.56507,189.9232,191.04305,21908600,0.0,0.0
2018-01-30 00:00:00-05:00,186.96829,190.60075,184.9074,187.89053,23377500,0.0,0.0
2018-01-31 00:00:00-05:00,190.86426,194.045,190.84543,192.24759,26982500,0.0,0.0
2018-02-01 00:00:00-05:00,181.38787,187.73057,179.87278,180.88911,52628900,0.0,0.0
2018-02-02 00:00:00-05:00,183.30761,184.14514,175.78861,176.26854,32233900,0.0,0.0
2018-02-05 00:00:00-05:00,172.87133,179.24226,169.29533,169.8882,31084000,0.0,0.0
2018-02-06 00:00:00-05:00,164.42067,174.64991,163.90309,174.25467,35804500,0.0,0.0
2018-02-07 00:00:00-05:00,172.68313,175.81684,169.67177,169.67177,19672100,0.0,0.0
2018-02-08 00:00:00-05:00,171.52564,172.30672,161.28699,163.46082,32051300,0.0,0.0
2018-02-09 00:00:00-05:00,164.7971,167.14597,158.92494,166.25574,28049500,0.0,0.0
2018-02-12 00:00:00-05:00,169.8035,170.13286,164.76511,166.98035,18280300,0.0,0.0
2018-02-13 00:00:00-05:00,166.96151,171.41269,166.56627,168.68364,15507000,0.0,0.0
2018-02-14 00:00:00-05:00,168.65542,175.91092,168.35427,175.75095,21047400,0.0,0.0
2018-02-15 00:00:00-05:00,178.09415,178.38587,173.55922,176.40025,14361100,0.0,0.0
2018-02-16 00:00:00-05:00,175.74155,177.17195,172.72076,172.85251,16008400,0.0,0.0
2018-02-20 00:00:00-05:00,172.84312,177.69895,172.21261,176.15562,14854900,0.0,0.0
2018-02-21 00:00:00-05:00,178.20708,181.78308,177.35073,177.68951,22071600,0.0,0.0
2018-02-22 00:00:00-05:00,178.98817,179.49634,176.70141,177.62364,12282800,0.0,0.0
2018-02-23 00:00:00-05:00,178.96934,182.00424,178.7529,181.89601,16937300,0.0,0.0
2018-02-26 00:00:00-05:00,182.99707,183.64638,179.41165,182.74298,19463100,0.0,0.0
2018-02-27 00:00:00-05:00,181.23728,182.15669,176.17443,177.16252,23218500,0.0,0.0
2018-02-28 00:00:00-05:00,176.21205,177.1437,174.09468,175.16748,19367600,0.0,0.0
2018-03-01 00:00:00-05:00,175.20514,176.42851,169.4365,171.26215,17286300,0.0,0.0
2018-03-02 00:00:00-05:00,167.51673,169.60587,165.10764,169.16357,18909100,0.0,0.0
2018-03-05 00:00:00-05:00,168.83422,171.22449,166.63216,170.89513,15656700,0.0,0.0
2018-03-06 00:00:00-05:00,174.27352,176.92729,173.92534,176.32501,17856100,0.0,0.0
2018-03-07 00:00:00-05:00,173.50184,177.9248,173.4548,177.90598,13728900,0.0,0.0
2018-03-08 00:00:00-05:00,177.90597,179.01641,175.57217,176.14619,14331400,0.0,0.0
2018-03-09 00:00:00-05:00,178.46117,179.45869,176.92725,179.31754,14208400,0.0,0.0
2018-03-12 00:00:00-04:00,180.96438,182.94058,179.6469,181.37845,17826200,0.0,0.0
2018-03-13 00:00:00-04:00,182.45127,182.79945,176.34383,177.30371,14826700,0.0,0.0
2018-03-14 00:00:00-04:00,179.07285,182.21598,179.00699,181.20905,20032300,0.0,0.0
2018-03-15 00:00:00-04:00,186.74245,189.62207,184.93563,187.3259,33504600,0.0,0.0
2018-03-16 00:00:00-04:00,186.70479,188.56808,185.63199,188.47397,26948700,0.0,0.0
2018-03-19 00:00:00-04:00,186.32836,186.73301,181.43583,183.06291,19681400,0.0,0.0
2018-03-20 00:00:00-04:00,183.45819,187.46708,183.07235,187.2224,11952000,0.0,0.0
2018-03-21 00:00:00-04:00,187.08124,187.15652,183.10059,183.78755,12047300,0.0,0.0
2018-03-22 00:00:00-04:00,179.50575,181.04907,173.71828,173.76532,25355700,0.0,0.0
2018-03-23 00:00:00-04:00,175.83565,176.10855,169.76679,170.51869,18714400,0.0,0.0
2018-03-26 00:00:00-04:00,176.81435,179.38341,173.4548,179.27049,16758700,0.0,0.0
2018-03-27 00:00:00-04:00,180.90791,180.91732,170.01052,171.16801,16627900,0.0,0.0
2018-03-28 00:00:00-04:00,170.0764,172.62666,167.10269,168.36369,20081100,0.0,0.0
2018-03-29 00:00:00-04:00,170.21756,174.21703,168.09077,172.72075,16378900,0.0,0.0
2018-04-02 00:00:00-04:00,172.03381,172.69254,165.38998,167.14034,16028700,0.0,0.0
2018-04-03 00:00:00-04:00,168.69304,168.99418,162.80206,164.37361,19975100,0.0,0.0
2018-04-04 00:00:00-04:00,157.04282,162.24683,156.33703,161.92688,24573600,0.0,0.0
2018-04-05 00:00:00-04:00,165.13587,166.1522,161.07993,162.39742,18250900,0.0,0.0
2018-04-06 00:00:00-04:00,159.82835,162.11511,156.59112,157.64511,18210000,0.0,0.0
2018-04-09 00:00:00-04:00,159.74366,162.53859,158.67086,159.85658,14717300,0.0,0.0
2018-04-10 00:00:00-04:00,164.77828,167.3944,163.60196,166.66039,20436200,0.0,0.0
2018-04-11 00:00:00-04:00,166.07692,167.6579,164.4395,165.02295,10170500,0.0,0.0
2018-04-12 00:00:00-04:00,165.55936,167.41324,164.27013,165.54996,11133900,0.0,0.0
2018-04-13 00:00:00-04:00,166.30278,166.37807,160.98584,161.89865,13526200,0.0,0.0
2018-04-16 00:00:00-04:00,161.87044,164.48656,160.92938,164.40187,9876200,0.0,0.0
2018-04-17 00:00:00-04:00,164.52419,168.76833,164.52419,168.16606,16285800,0.0,0.0
2018-04-18 00:00:00-04:00,168.35428,172.09968,167.16856,171.91145,16972700,0.0,0.0
2018-04-19 00:00:00-04:00,172.45727,172.80547,168.93775,170.69751,11989000,0.0,0.0
2018-04-20 00:00:00-04:00,168.78717,170.69751,167.06505,168.55191,14473100,0.0,0.0
2018-04-23 00:00:00-04:00,168.1002,168.74953,164.41128,165.22058,12033900,0.0,0.0
2018-04-24 00:00:00-04:00,167.15915,167.50734,160.61882,162.88676,14567500,0.0,0.0
2018-04-25 00:00:00-04:00,160.46826,161.20228,156.81697,160.18594,17132900,0.0,0.0
2018-04-26 00:00:00-04:00,163.03734,164.08191,161.90808,163.64902,13398000,0.0,0.0
2018-04-27 00:00:00-04:00,166.6698,167.69555,163.75253,166.71686,15062500,0.0,0.0
2018-04-30 00:00:00-04:00,167.59203,169.42708,166.61334,168.0155,14654000,0.0,0.0
2018-05-01 00:00:00-04:00,167.11208,169.69057,166.98033,168.9189,10787700,0.0,0.0
2018-05-02 00:00:00-04:00,170.14227,173.40208,169.49295,170.75395,20681800,0.0,0.0
2018-05-03 00:00:00-04:00,172.68313,172.76782,165.4088,171.69502,26257600,0.0,0.0
2018-05-04 00:00:00-04:00,169.76585,179.36459,168.09077,177.75539,57788300,0.0,0.0
2018-05-07 00:00:00-04:00,179.18579,185.01091,179.08228,183.83459,29862200,0.0,0.0
2018-05-08 00:00:00-04:00,182.75239,185.70729,181.63253,184.73801,21856300,0.0,0.0
2018-05-09 00:00:00-04:00,184.2957,185.74493,183.03469,183.90987,13780600,0.0,0.0
2018-05-10 00:00:00-04:00,184.7286,187.99405,183.6558,184.40865,21295000,0.0,0.0
2018-05-11 00:00:00-04:00,184.82268,184.87915,181.98071,182.90294,12741100,0.0,0.0
2018-05-14 00:00:00-04:00,184.35218,188.2105,184.32394,186.93066,17627100,0.0,0.0
2018-05-15 00:00:00-04:00,183.72167,185.1803,182.43243,185.02032,12694900,0.0,0.0
2018-05-16 00:00:00-04:00,185.15207,187.97523,184.7286,186.4319,12887500,0.0,0.0
2018-05-17 00:00:00-04:00,184.44626,186.73301,184.04162,184.46509,13470500,0.0,0.0
2018-05-18 00:00:00-04:00,184.85092,186.12134,183.24172,183.50522,14242300,0.0,0.0
2018-05-21 00:00:00-04:00,186.1402,188.01288,184.82271,185.98962,13830500,0.0,0.0
2018-05-22 00:00:00-04:00,186.61071,186.91843,184.16397,184.32394,9700100,0.0,0.0
2018-05-23 00:00:00-04:00,182.45126,185.29322,181.43585,185.19913,12807400,0.0,0.0
2018-05-24 00:00:00-04:00,186.44131,187.947,184.16115,185.73552,18527700,0.0,0.0
2018-05-25 00:00:00-04:00,185.92374,189.62207,185.58496,187.45764,21270000,0.0,0.0
2018-05-29 00:00:00-04:00,186.27194,190.3561,185.38735,186.3284,18768700,0.0,0.0
2018-05-30 00:00:00-04:00,187.92817,188.71865,185.85785,186.30956,13930600,0.0,0.0
2018-05-31 00:00:00-04:00,186.32838,187.72113,185.24617,186.33778,17982500,0.0,0.0
2018-06-01 00:00:00-04:00,187.73997,192.90636,187.69292,192.29466,23131900,0.0,0.0
2018-06-04 00:00:00-04:00,193.02867,197.38575,192.66166,196.6329,19357000,0.0,0.0
2018-06-05 00:00:00-04:00,197.57395,199.22079,194.92019,196.08708,17787700,0.0,0.0
2018-06-06 00:00:00-04:00,197.48926,198.0539,195.06982,196.02122,13800500,0.0,0.0
2018-06-07 00:00:00-04:00,195.23076,196.67998,189.03864,191.61711,26747800,0.0,0.0
2018-06-08 00:00:00-04:00,189.25504,194.07322,188.61512,192.98161,17525200,0.0,0.0
2018-06-11 00:00:00-04:00,194.32731,195.36247,192.92513,193.57446,12061400,0.0,0.0
2018-06-12 00:00:00-04:00,194.7508,197.43281,194.70375,196.75525,15910900,0.0,0.0
2018-06-13 00:00:00-04:00,197.09402,197.29163,194.42144,194.44025,13844200,0.0,0.0
2018-06-14 00:00:00-04:00,195.47541,198.67498,195.27778,198.43031,18838300,0.0,0.0
2018-06-15 00:00:00-04:00,195.25898,197.6963,193.86621,195.73891,28665600,0.0,0.0
2018-06-18 00:00:00-04:00,193.06632,196.30354,191.86178,196.27531,14645200,0.0,0.0
2018-06-19 00:00:00-04:00,191.53241,192.45463,187.73997,192.37935,24484200,0.0,0.0
2018-06-20 00:00:00-04:00,192.96279,195.01428,192.93456,194.07323,15559600,0.0,0.0
2018-06-21 00:00:00-04:00,193.70623,193.8568,189.18918,190.29022,13963800,0.0,0.0
2018-06-22 00:00:00-04:00,191.39124,191.78648,188.44574,190.10199,9585000,0.0,0.0
2018-06-25 00:00:00-04:00,186.18722,186.42249,176.78611,179.97627,32750900,0.0,0.0
2018-06-26 00:00:00-04:00,181.94308,182.24422,177.3131,180.13626,20740400,0.0,0.0
2018-06-27 00:00:00-04:00,182.05601,182.18776,173.99118,174.11353,23887000,0.0,0.0
2018-06-28 00:00:00-04:00,172.40079,177.82126,171.30917,177.27545,19553800,0.0,0.0
2018-06-29 00:00:00-04:00,174.43348,177.83068,173.39832,174.59346,26023400,0.0,0.0
2018-07-02 00:00:00-04:00,170.9516,175.37454,170.38696,175.37454,17325900,0.0,0.0
2018-07-03 00:00:00-04:00,176.80493,177.38838,173.49243,173.85944,11673700,0.0,0.0
2018-07-05 00:00:00-04:00,176.13678,176.39086,172.11848,175.86388,18412100,0.0,0.0
2018-07-06 00:00:00-04:00,175.04514,181.14317,174.60285,180.93614,17035600,0.0,0.0
2018-07-09 00:00:00-04:00,182.98763,183.21349,179.61866,181.38785,15466400,0.0,0.0
2018-07-10 00:00:00-04:00,181.51962,183.62758,180.19273,181.19966,12611400,0.0,0.0
2018-07-11 00:00:00-04:00,177.48249,178.84701,176.37204,176.37204,15947000,0.0,0.0
2018-07-12 00:00:00-04:00,179.52458,181.22789,178.60234,178.95995,17440400,0.0,0.0
2018-07-13 00:00:00-04:00,180.31504,180.79498,178.14122,178.83759,12550500,0.0,0.0
2018-07-16 00:00:00-04:00,178.39533,180.08921,178.00007,179.12935,12205600,0.0,0.0
2018-07-17 00:00:00-04:00,177.52953,181.57606,176.82374,181.30316,13270700,0.0,0.0
2018-07-18 00:00:00-04:00,181.10552,181.83954,178.71525,179.54337,10796600,0.0,0.0
2018-07-19 00:00:00-04:00,177.55776,178.49881,175.85446,176.29675,13373100,0.0,0.0
2018-07-20 00:00:00-04:00,178.32003,178.32943,175.60979,176.21207,12807500,0.0,0.0
2018-07-23 00:00:00-04:00,176.14618,176.73905,173.90649,176.01443,10996200,0.0,0.0
2018-07-24 00:00:00-04:00,178.97876,181.68899,177.24722,177.8589,18414800,0.0,0.0
2018-07-25 00:00:00-04:00,179.374,186.65775,178.93171,186.30956,20735400,0.0,0.0
2018-07-26 00:00:00-04:00,181.82074,184.5592,181.26551,182.73355,13885500,0.0,0.0
2018-07-27 00:00:00-04:00,184.54039,184.70037,175.91092,178.25415,19907100,0.0,0.0
2018-07-30 00:00:00-04:00,179.007,179.35519,171.32801,173.92532,19906300,0.0,0.0
2018-07-31 00:00:00-04:00,175.41216,177.80997,173.14424,176.19324,17016600,0.0,0.0
2018-08-01 00:00:00-04:00,175.03575,177.91537,173.11601,174.34879,14370700,0.0,0.0
2018-08-02 00:00:00-04:00,170.83864,172.11847,169.18239,171.83617,20976500,0.0,0.0
2018-08-03 00:00:00-04:00,173.2948,173.62417,169.46472,170.17992,18185100,0.0,0.0
2018-08-06 00:00:00-04:00,170.04818,170.19875,167.02741,168.09079,35419000,0.0,0.0
2018-08-07 00:00:00-04:00,169.66233,172.21259,169.14477,169.31415,20620300,0.0,0.0
2018-08-08 00:00:00-04:00,169.38944,169.55882,166.14281,167.05563,21152400,0.0,0.0
2018-08-09 00:00:00-04:00,168.74011,169.98231,166.34043,166.74509,35220900,0.0,0.0
2018-08-10 00:00:00-04:00,165.22057,169.8129,164.4489,169.39883,22049200,0.0,0.0
2018-08-13 00:00:00-04:00,169.06007,170.00112,166.56628,167.20619,14674000,0.0,0.0
2018-08-14 00:00:00-04:00,164.81592,165.81343,160.70352,162.35977,38508600,0.0,0.0
2018-08-15 00:00:00-04:00,157.25926,159.83775,155.64065,159.81892,41278600,0.0,0.0
2018-08-16 00:00:00-04:00,162.17158,165.34292,161.45638,161.85162,34263300,0.0,0.0
2018-08-17 00:00:00-04:00,162.35036,163.93132,158.45441,162.59503,24695400,0.0,0.0
2018-08-20 00:00:00-04:00,164.8912,168.31663,164.08189,165.89812,25900700,0.0,0.0
2018-08-21 00:00:00-04:00,167.15914,169.07888,166.53804,167.43204,20337400,0.0,0.0
2018-08-22 00:00:00-04:00,167.64848,169.14477,165.1547,167.36618,27138500,0.0,0.0
2018-08-23 00:00:00-04:00,174.06647,175.50628,161.77632,162.07745,78843400,0.0,0.0
2018-08-24 00:00:00-04:00,164.68418,165.97342,162.28449,163.95956,30442800,0.0,0.0
2018-08-27 00:00:00-04:00,166.66039,170.21757,165.83226,170.00111,23533800,0.0,0.0
2018-08-28 00:00:00-04:00,171.41269,171.62914,167.0368,167.68613,15319000,0.0,0.0
2018-08-29 00:00:00-04:00,168.77776,169.06948,166.4063,167.97786,11892600,0.0,0.0
2018-08-30 00:00:00-04:00,166.87682,167.60144,163.85792,164.30775,17086200,0.0,0.0
2018-08-31 00:00:00-04:00,162.90559,166.26609,162.57622,164.69359,13730800,0.0,0.0
2018-09-04 00:00:00-04:00,163.27259,163.69606,159.03786,160.39297,23450500,0.0,0.0
2018-09-05 00:00:00-04:00,157.60745,158.36029,152.47871,154.54903,35694700,0.0,0.0
2018-09-06 00:00:00-04:00,154.48317,156.6664,149.31678,150.44604,33052000,0.0,0.0
2018-09-07 00:00:00-04:00,150.52133,154.90664,150.10727,152.79868,19452400,0.0,0.0
2018-09-10 00:00:00-04:00,149.24152,151.24596,145.86314,147.14297,39092700,0.0,0.0
2018-09-11 00:00:00-04:00,144.15041,149.10976,143.83988,148.17813,25884100,0.0,0.0
2018-09-12 00:00:00-04:00,148.8745,153.22217,146.97451,151.94234,32490500,0.0,0.0
2018-09-13 00:00:00-04:00,155.65949,157.3628,154.34201,155.77242,25696500,0.0,0.0
2018-09-14 00:00:00-04:00,157.9839,158.09682,153.75009,155.02899,23417700,0.0,0.0
2018-09-17 00:00:00-04:00,151.97998,152.12113,148.95826,149.52383,20423200,0.0,0.0
2018-09-18 00:00:00-04:00,147.63232,150.00376,146.35248,147.41586,27240600,0.0,0.0
2018-09-19 00:00:00-04:00,149.45796,153.51389,149.45796,153.04337,23028300,0.0,0.0
2018-09-20 00:00:00-04:00,157.05223,157.81448,155.00639,156.10178,22818100,0.0,0.0
2018-09-21 00:00:00-04:00,159.47076,159.82835,154.80313,154.92548,22081900,0.0,0.0
2018-09-24 00:00:00-04:00,153.21276,153.76704,150.66251,153.54213,13123400,0.0,0.0
2018-09-25 00:00:00-04:00,154.37965,155.68771,153.23156,154.56786,9588700,0.0,0.0
2018-09-26 00:00:00-04:00,155.76301,157.52277,155.15131,155.65007,13592500,0.0,0.0
2018-09-27 00:00:00-04:00,156.5817,157.2028,155.19836,156.51584,12689200,0.0,0.0
2018-09-28 00:00:00-04:00,155.17954,155.89475,153.67386,155.04779,10486500,0.0,0.0
2018-10-01 00:00:00-04:00,156.13941,156.16764,152.03642,152.45049,10615200,0.0,0.0
2018-10-02 00:00:00-04:00,150.37076,151.53578,148.94037,150.78482,14730500,0.0,0.0
2018-10-03 00:00:00-04:00,153.5327,154.84076,152.38461,152.79868,13118800,0.0,0.0
2018-10-04 00:00:00-04:00,150.62484,150.64367,144.79973,146.92651,32176100,0.0,0.0
2018-10-05 00:00:00-04:00,146.93592,147.85815,143.27523,145.51494,20271000,0.0,0.0
2018-10-08 00:00:00-04:00,141.34608,143.63848,139.59572,142.23067,25060400,0.0,0.0
2018-10-09 00:00:00-04:00,139.24753,141.71308,137.83595,138.27824,31070200,0.0,0.0
2018-10-10 00:00:00-04:00,134.09997,135.51155,129.78995,130.13814,55828800,0.0,0.0
2018-10-11 00:00:00-04:00,127.54085,134.48583,127.17384,133.53535,43210300,0.0,0.0
2018-10-12 00:00:00-04:00,139.85921,140.21681,136.0009,138.6076,30764400,0.0,0.0
2018-10-15 00:00:00-04:00,136.23618,137.10195,133.91178,135.66214,18567100,0.0,0.0
2018-10-16 00:00:00-04:00,137.12076,140.93201,136.69727,140.78145,18365900,0.0,0.0
2018-10-17 00:00:00-04:00,141.79777,141.79777,137.74183,139.4075,16872400,0.0,0.0
2018-10-18 00:00:00-04:00,137.2525,137.65715,132.50018,133.64827,20618900,0.0,0.0
2018-10-19 00:00:00-04:00,136.77255,138.11826,134.20348,134.50461,14855100,0.0,0.0
2018-10-22 00:00:00-04:00,140.20741,141.34608,137.48777,140.02861,22589300,0.0,0.0
2018-10-23 00:00:00-04:00,134.77752,138.81463,134.21289,138.00533,19950500,0.0,0.0
2018-10-24 00:00:00-04:00,136.62198,138.04298,131.12624,131.38033,18512300,0.0,0.0
2018-10-25 00:00:00-04:00,134.09997,136.36791,132.6978,136.07619,13655100,0.0,0.0
2018-10-26 00:00:00-04:00,130.80628,137.23272,130.38281,134.44815,19476900,0.0,0.0
2018-10-29 00:00:00-04:00,134.02469,135.51155,123.61665,125.51758,35121700,0.0,0.0
2018-10-30 00:00:00-04:00,124.48242,128.35955,122.39328,128.29369,25230000,0.0,0.0
2018-10-31 00:00:00-04:00,133.01779,134.24114,130.93806,133.89296,23654600,0.0,0.0
2018-11-01 00:00:00-04:00,136.43378,143.33922,130.44869,142.33418,47039300,0.0,0.0
2018-11-02 00:00:00-04:00,143.56695,145.26085,137.65715,138.88992,45985800,0.0,0.0
2018-11-05 00:00:00-05:00,137.60068,140.56499,135.72798,136.11382,16197300,0.0,0.0
2018-11-06 00:00:00-05:00,137.27132,141.12024,136.75845,138.74878,17849800,0.0,0.0
2018-11-07 00:00:00-05:00,141.88247,143.7928,140.16034,143.51048,17884400,0.0,0.0
2018-11-08 00:00:00-05:00,142.08952,142.92705,138.04299,140.20741,17067100,0.0,0.0
2018-11-09 00:00:00-05:00,136.98901,137.13016,134.08114,136.31145,16220000,0.0,0.0
2018-11-12 00:00:00-05:00,136.46202,137.77574,131.71912,134.40112,16516500,0.0,0.0
2018-11-13 00:00:00-05:00,136.29262,141.10139,135.42685,138.31587,19575100,0.0,0.0
2018-11-14 00:00:00-05:00,141.35549,143.18112,139.68983,141.57193,21786000,0.0,0.0
2018-11-15 00:00:00-05:00,143.8869,148.12163,141.99539,147.0112,30083500,0.0,0.0
2018-11-16 00:00:00-05:00,145.90077,146.61598,143.1736,145.01619,20039400,0.0,0.0
2018-11-19 00:00:00-05:00,143.0588,144.17866,140.00038,140.71558,18087800,0.0,0.0
2018-11-20 00:00:00-05:00,135.96325,139.34164,134.40112,137.37483,19473200,0.0,0.0
2018-11-21 00:00:00-05:00,140.27327,142.55062,139.88744,140.60265,14718600,0.0,0.0
2018-11-23 00:00:00-05:00,138.61703,142.25889,138.33471,141.46841,7437500,0.0,0.0
2018-11-26 00:00:00-05:00,144.17865,147.30293,143.38815,146.81358,16152700,0.0,0.0
2018-11-27 00:00:00-05:00,145.52435,148.62983,144.52684,147.23708,17911800,0.0,0.0
2018-11-28 00:00:00-05:00,149.63675,150.38019,146.1078,149.9473,20767100,0.0,0.0
2018-11-29 00:00:00-05:00,148.76157,149.62734,144.48918,147.06767,20532200,0.0,0.0
2018-11-30 00:00:00-05:00,148.59218,151.3777,147.48174,151.3777,35071200,0.0,0.0
2018-12-03 00:00:00-05:00,158.69909,158.84966,153.87148,154.08794,31174000,0.0,0.0
2018-12-04 00:00:00-05:00,155.16073,155.25483,147.23707,149.00624,22198600,0.0,0.0
2018-12-06 00:00:00-05:00,143.98103,146.68185,141.6378,146.64421,25335500,0.0,0.0
2018-12-07 00:00:00-05:00,146.23955,148.73335,142.78589,144.03749,17447900,0.0,0.0
2018-12-10 00:00:00-05:00,141.52488,143.80223,138.78642,142.50357,15525500,0.0,0.0
2018-12-11 00:00:00-05:00,146.10779,147.03003,142.0048,142.87999,13651900,0.0,0.0
2018-12-12 00:00:00-05:00,146.08898,146.96416,142.50356,142.56944,16619200,0.0,0.0
2018-12-13 00:00:00-05:00,144.02807,144.41391,141.64721,142.55061,12255800,0.0,0.0
2018-12-14 00:00:00-05:00,139.00286,141.8166,137.13016,140.21681,15560700,0.0,0.0
2018-12-17 00:00:00-05:00,137.86418,139.2193,133.8553,135.49272,15788100,0.0,0.0
2018-12-18 00:00:00-05:00,135.77505,136.21734,131.85086,132.51901,17846600,0.0,0.0
2018-12-19 00:00:00-05:00,132.72604,132.99424,127.72905,129.05594,27657800,0.0,0.0
2018-12-20 00:00:00-05:00,127.82315,129.63468,125.07528,127.14559,24103800,0.0,0.0
2018-12-21 00:00:00-05:00,128.99947,129.10298,122.55325,124.21892,28790600,0.0,0.0
2018-12-24 00:00:00-05:00,122.33681,126.63743,122.12038,124.1154,11240700,0.0,0.0
2018-12-26 00:00:00-05:00,125.03763,129.88406,122.5062,129.86523,14862400,0.0,0.0
2018-12-27 00:00:00-05:00,127.08914,130.28871,125.99751,130.28871,11457400,0.0,0.0
2018-12-28 00:00:00-05:00,130.99451,132.66958,128.72657,130.89099,11955300,0.0,0.0
2018-12-31 00:00:00-05:00,133.46947,133.64827,128.02077,128.99007,11186400,0.0,0.0
2019-01-02 00:00:00-05:00,126.22336,129.62902,125.1882,128.64186,16708400,0.0,0.0
2019-01-03 00:00:00-05:00,126.35511,126.91973,122.17684,122.90145,19531300,0.0,0.0
2019-01-04 00:00:00-05:00,126.3457,132.76369,125.78108,131.51208,22845400,0.0,0.0
2019-01-07 00:00:00-05:00,132.26493,135.58684,130.8157,134.66461,17239000,0.0,0.0
2019-01-08 00:00:00-05:00,136.45259,138.85228,133.6859,138.13707,16487600,0.0,0.0
2019-01-09 00:00:00-05:00,141.05434,144.31039,139.74628,142.96468,20214100,0.0,0.0
2019-01-10 00:00:00-05:00,140.97908,143.06821,140.10391,142.74826,14221100,0.0,0.0
2019-01-11 00:00:00-05:00,142.87999,144.33862,141.28961,142.40005,9589400,0.0,0.0
2019-01-14 00:00:00-05:00,139.74627,141.69426,137.9018,140.47089,13356700,0.0,0.0
2019-01-15 00:00:00-05:00,141.79779,145.08206,141.124,141.98601,15003100,0.0,0.0
2019-01-16 00:00:00-05:00,143.80223,146.23015,142.56946,145.71257,14810800,0.0,0.0
2019-01-17 00:00:00-05:00,143.14349,149.20387,142.94586,146.77596,16153200,0.0,0.0
2019-01-18 00:00:00-05:00,149.10975,150.08845,145.60904,147.76405,19611400,0.0,0.0
2019-01-22 00:00:00-05:00,145.29849,146.27719,141.35266,143.18112,21295000,0.0,0.0
2019-01-23 00:00:00-05:00,145.53374,146.0325,142.05185,143.06819,10195800,0.0,0.0
2019-01-24 00:00:00-05:00,142.5412,146.80417,142.29654,146.67242,10997900,0.0,0.0
2019-01-25 00:00:00-05:00,149.54263,151.0389,148.14986,149.82495,16451800,0.0,0.0
2019-01-28 00:00:00-05:00,148.49807,150.27666,146.14544,149.55205,10141100,0.0,0.0
2019-01-29 00:00:00-05:00,149.66497,150.92128,146.72889,147.63231,18348200,0.0,0.0
2019-01-30 00:00:00-05:00,151.78234,157.94624,151.03892,156.98637,36997700,0.0,0.0
2019-01-31 00:00:00-05:00,157.90859,159.72482,155.93238,158.55792,21219500,0.0,0.0
2019-02-01 00:00:00-05:00,158.0968,159.41427,157.74862,158.06857,10771500,0.0,0.0
2019-02-04 00:00:00-05:00,156.51584,157.67333,155.84768,156.87343,7380400,0.0,0.0
2019-02-05 00:00:00-05:00,158.61438,161.81396,158.0968,161.70103,12801800,0.0,0.0
2019-02-06 00:00:00-05:00,161.72926,162.88675,159.96949,161.4093,11267800,0.0,0.0
2019-02-07 00:00:00-05:00,159.18845,159.61192,154.6488,157.11813,11911100,0.0,0.0
2019-02-08 00:00:00-05:00,154.17262,157.76744,154.09734,157.49454,8331500,0.0,0.0
2019-02-11 00:00:00-05:00,158.89671,160.28946,157.57922,157.57922,7260300,0.0,0.0
2019-02-12 00:00:00-05:00,159.60249,160.44003,158.67084,158.76495,8594400,0.0,0.0
2019-02-13 00:00:00-05:00,159.89422,160.96702,159.02846,159.41428,8661800,0.0,0.0
2019-02-14 00:00:00-05:00,157.75804,158.56734,156.78876,158.45442,8722100,0.0,0.0
2019-02-15 00:00:00-05:00,158.67086,158.82143,155.6595,156.35587,12099500,0.0,0.0
2019-02-19 00:00:00-05:00,157.13694,161.06112,156.68523,160.1483,12982300,0.0,0.0
2019-02-20 00:00:00-05:00,160.91996,162.50092,160.55295,160.64706,12454900,0.0,0.0
2019-02-21 00:00:00-05:00,160.91996,161.65398,159.7907,161.54106,8434800,0.0,0.0
2019-02-22 00:00:00-05:00,162.61385,166.58509,162.35036,166.49098,16175600,0.0,0.0
2019-02-25 00:00:00-05:00,170.57516,172.89016,170.0764,172.44786,22831800,0.0,0.0
2019-02-26 00:00:00-05:00,169.1918,173.48301,168.79656,172.72075,13871000,0.0,0.0
2019-02-27 00:00:00-05:00,171.00805,174.02882,170.21757,173.69946,16741600,0.0,0.0
2019-02-28 00:00:00-05:00,172.222,173.43597,170.77279,172.24083,12370400,0.0,0.0
2019-03-01 00:00:00-05:00,174.17938,175.88268,172.57018,173.04071,14348500,0.0,0.0
2019-03-04 00:00:00-05:00,175.03575,176.29676,173.58654,176.21207,14761700,0.0,0.0
2019-03-05 00:00:00-05:00,175.92034,176.99314,174.0947,174.0947,11513200,0.0,0.0
2019-03-06 00:00:00-05:00,173.51124,174.64991,172.23141,173.31361,10009100,0.0,0.0
2019-03-07 00:00:00-05:00,170.24581,171.08334,166.3122,166.86743,16488900,0.0,0.0
2019-03-08 00:00:00-05:00,161.45167,165.01356,161.45167,164.71242,14674200,0.0,0.0
2019-03-11 00:00:00-04:00,167.34735,171.00804,167.11209,169.77527,13764000,0.0,0.0
2019-03-12 00:00:00-04:00,171.30917,171.44092,168.92831,169.9823,8660000,0.0,0.0
2019-03-13 00:00:00-04:00,170.0764,171.77501,168.69305,170.04817,8868200,0.0,0.0
2019-03-14 00:00:00-04:00,168.50484,170.1611,167.51673,169.72821,9272000,0.0,0.0
2019-03-15 00:00:00-04:00,170.01055,170.75398,169.0695,170.30228,10844100,0.0,0.0
2019-03-18 00:00:00-04:00,171.20565,172.10907,170.10462,171.11156,7847800,0.0,0.0
2019-03-19 00:00:00-04:00,170.92336,172.55137,170.18934,171.40329,10238600,0.0,0.0
2019-03-20 00:00:00-04:00,170.27402,171.22448,167.91197,170.59398,15901500,0.0,0.0
2019-03-21 00:00:00-04:00,168.40134,171.01746,167.99669,170.80103,9754500,0.0,0.0
2019-03-22 00:00:00-04:00,169.17299,169.84113,165.00036,165.86989,11688400,0.0,0.0
2019-03-25 00:00:00-04:00,164.05367,168.35428,163.83724,168.23195,7511400,0.0,0.0
2019-03-26 00:00:00-04:00,169.10711,170.00111,166.65567,167.58261,7897900,0.0,0.0
2019-03-27 00:00:00-04:00,167.22502,169.22946,166.48441,166.59451,8371000,0.0,0.0
2019-03-28 00:00:00-04:00,167.00857,168.00608,165.59699,167.25323,7146800,0.0,0.0
2019-03-29 00:00:00-04:00,170.07641,171.83619,168.44839,171.69502,13850900,0.0,0.0
2019-04-01 00:00:00-04:00,174.17939,174.62169,170.22697,170.22697,12714800,0.0,0.0
2019-04-02 00:00:00-04:00,170.76338,172.74241,170.28343,171.02687,8021500,0.0,0.0
2019-04-03 00:00:00-04:00,168.9283,170.04815,166.3404,167.80846,26811600,0.0,0.0
2019-04-04 00:00:00-04:00,166.60391,171.2339,166.46276,170.39636,16993200,0.0,0.0
2019-04-05 00:00:00-04:00,171.75149,174.56524,171.27156,174.42409,18705000,0.0,0.0
2019-04-08 00:00:00-04:00,173.33244,176.74847,173.16305,175.50627,14725600,0.0,0.0
2019-04-09 00:00:00-04:00,175.49689,176.81436,175.18634,176.15562,11578200,0.0,0.0
2019-04-10 00:00:00-04:00,175.68508,176.35322,173.15365,175.21455,10655000,0.0,0.0
2019-04-11 00:00:00-04:00,174.23584,175.09221,172.91838,174.07587,8900300,0.0,0.0
2019-04-12 00:00:00-04:00,176.64494,178.60232,176.10853,177.7742,12600000,0.0,0.0
2019-04-15 00:00:00-04:00,176.97432,177.07783,171.79853,172.27847,14616600,0.0,0.0
2019-04-16 00:00:00-04:00,174.61228,174.83813,172.58901,174.82872,12195900,0.0,0.0
2019-04-17 00:00:00-04:00,176.29676,177.10606,174.82872,176.49438,11614200,0.0,0.0
2019-04-18 00:00:00-04:00,175.42158,176.24029,174.4617,175.92033,7882500,0.0,0.0
2019-04-22 00:00:00-04:00,173.62417,175.47804,172.78663,174.4523,8677800,0.0,0.0
2019-04-23 00:00:00-04:00,175.03576,177.05902,174.50877,176.24971,11410600,0.0,0.0
2019-04-24 00:00:00-04:00,175.75093,175.88268,173.69945,174.72519,9085300,0.0,0.0
2019-04-25 00:00:00-04:00,174.32057,177.04021,173.11131,176.80495,10328900,0.0,0.0
2019-04-26 00:00:00-04:00,176.80493,177.61424,174.57463,176.06149,9421100,0.0,0.0
2019-04-29 00:00:00-04:00,176.37203,176.91785,174.80988,175.92033,8660600,0.0,0.0
2019-04-30 00:00:00-04:00,175.31807,177.15312,172.98426,174.6311,15076500,0.0,0.0
2019-05-01 00:00:00-04:00,175.74153,181.80662,174.92282,178.15062,17397500,0.0,0.0
2019-05-02 00:00:00-04:00,178.25414,181.34079,175.64742,179.16696,11468100,0.0,0.0
2019-05-03 00:00:00-04:00,180.56916,184.1828,180.56916,183.70287,14521100,0.0,0.0
2019-05-06 00:00:00-04:00,174.25468,177.85892,173.93473,177.14372,23941200,0.0,0.0
2019-05-07 00:00:00-04:00,175.08281,175.45923,169.04126,170.73514,22663200,0.0,0.0
2019-05-08 00:00:00-04:00,170.28342,172.40079,168.05313,169.00359,16611100,0.0,0.0
2019-05-09 00:00:00-04:00,165.08882,170.04348,162.86795,168.48602,22727800,0.0,0.0
2019-05-10 00:00:00-04:00,169.55883,170.13287,163.83724,167.50734,18987000,0.0,0.0
2019-05-13 00:00:00-04:00,159.78128,162.30331,158.83082,159.98831,22330700,0.0,0.0
2019-05-14 00:00:00-04:00,162.56682,164.82534,161.37168,164.53362,17874100,0.0,0.0
2019-05-15 00:00:00-04:00,166.62274,169.6153,163.10415,167.13092,37610400,0.0,0.0
2019-05-16 00:00:00-04:00,167.67671,167.74259,164.44891,165.22058,20579200,0.0,0.0
2019-05-17 00:00:00-04:00,161.56929,162.13391,158.55793,159.57426,22539400,0.0,0.0
2019-05-20 00:00:00-04:00,154.74667,154.86901,150.58722,151.18007,33413800,0.0,0.0
2019-05-21 00:00:00-04:00,153.54213,155.82888,152.93986,153.7962,22006100,0.0,0.0
2019-05-22 00:00:00-04:00,152.83633,153.22217,148.75217,149.46736,25831200,0.0,0.0
2019-05-23 00:00:00-04:00,146.2866,149.13799,145.30791,146.80418,26891900,0.0,0.0
2019-05-24 00:00:00-04:00,148.32399,149.09093,145.76902,145.86313,21489700,0.0,0.0
2019-05-28 00:00:00-04:00,147.18061,147.81113,144.18807,145.68434,38603000,0.0,0.0
2019-05-29 00:00:00-04:00,144.52682,145.28436,141.826,143.49165,30073100,0.0,0.0
2019-05-30 00:00:00-04:00,143.37876,144.32922,141.39314,142.16481,17344700,0.0,0.0
2019-05-31 00:00:00-04:00,140.80969,141.79778,139.22871,140.46149,26881200,0.0,0.0
2019-06-03 00:00:00-04:00,140.78146,142.82354,140.07096,141.07318,25254400,0.0,0.0
2019-06-04 00:00:00-04:00,142.62589,146.05133,141.76013,145.06322,27417200,0.0,0.0
2019-06-05 00:00:00-04:00,146.02309,146.90769,140.50853,142.71059,23208600,0.0,0.0
2019-06-06 00:00:00-04:00,143.03997,143.6987,141.69427,142.56944,15763000,0.0,0.0
2019-06-07 00:00:00-04:00,143.93396,146.51245,143.24135,145.1385,17817800,0.0,0.0
2019-06-10 00:00:00-04:00,149.4203,152.43166,148.12164,150.42723,36473300,0.0,0.0
2019-06-11 00:00:00-04:00,154.52081,155.91357,152.37993,153.06218,23408400,0.0,0.0
2019-06-12 00:00:00-04:00,151.01068,152.16817,149.44853,150.60602,16329300,0.0,0.0
2019-06-13 00:00:00-04:00,151.08597,151.81058,150.38018,150.87894,17571400,0.0,0.0
2019-06-14 00:00:00-04:00,149.03445,149.35442,147.96165,148.78038,14981600,0.0,0.0
2019-06-17 00:00:00-04:00,148.24399,151.08598,148.14048,150.4837,16079800,0.0,0.0
2019-06-18 00:00:00-04:00,153.28803,159.14138,152.40344,155.75359,35754800,0.0,0.0
2019-06-19 00:00:00-04:00,157.88036,158.00268,153.78677,155.70653,20798100,0.0,0.0
2019-06-20 00:00:00-04:00,160.15771,160.4306,156.47348,158.33206,24004700,0.0,0.0
2019-06-21 00:00:00-04:00,157.60746,159.48109,156.93932,157.67334,17415800,0.0,0.0
2019-06-24 00:00:00-04:00,158.47324,158.92495,156.00768,158.19093,18422600,0.0,0.0
2019-06-25 00:00:00-04:00,157.1934,157.47572,154.91606,156.0265,20439200,0.0,0.0
2019-06-26 00:00:00-04:00,158.3603,161.14583,158.23796,159.02846,22416400,0.0,0.0
2019-06-27 00:00:00-04:00,160.56236,161.84219,159.39546,160.82585,18349400,0.0,0.0
2019-06-28 00:00:00-04:00,160.16711,160.81644,158.05916,159.46132,19974300,0.0,0.0
2019-07-01 00:00:00-04:00,165.49818,167.46026,164.08189,164.73122,25846800,0.0,0.0
2019-07-02 00:00:00-04:00,164.80652,165.20176,163.97839,165.10765,14155200,0.0,0.0
2019-07-03 00:00:00-04:00,165.33349,165.48406,163.60196,164.37361,8532600,0.0,0.0
2019-07-05 00:00:00-04:00,163.50787,163.57375,162.6327,163.0844,12618600,0.0,0.0
2019-07-08 00:00:00-04:00,160.0636,160.24241,158.42618,158.52028,16531000,0.0,0.0
2019-07-09 00:00:00-04:00,157.23575,159.01904,156.68523,158.84966,15782800,0.0,0.0
2019-07-10 00:00:00-04:00,161.14582,161.26815,157.02401,157.08987,16675600,0.0,0.0
2019-07-11 00:00:00-04:00,157.68274,158.49581,155.27365,156.73228,14796400,0.0,0.0
2019-07-12 00:00:00-04:00,158.0968,160.16711,157.76742,159.10373,18103600,0.0,0.0
2019-07-15 00:00:00-04:00,161.39049,163.50786,160.37416,163.2726,22199000,0.0,0.0
2019-07-16 00:00:00-04:00,163.93134,165.17354,163.23497,163.92194,19039700,0.0,0.0
2019-07-17 00:00:00-04:00,162.56682,165.83227,162.32215,164.5148,15031600,0.0,0.0
2019-07-18 00:00:00-04:00,163.1879,164.11954,161.91748,162.61386,15603800,0.0,0.0
2019-07-19 00:00:00-04:00,164.56182,164.82531,162.79265,162.79265,13647200,0.0,0.0
2019-07-22 00:00:00-04:00,163.27259,164.00661,161.3312,163.74312,18490900,0.0,0.0
2019-07-23 00:00:00-04:00,165.05119,168.10961,164.53832,167.59203,20881500,0.0,0.0
2019-07-24 00:00:00-04:00,167.50733,168.41075,166.50793,168.13783,14933100,0.0,0.0
2019-07-25 00:00:00-04:00,167.96845,168.58953,165.03142,166.83917,14049000,0.0,0.0
2019-07-26 00:00:00-04:00,167.7426,168.8248,166.45336,168.20372,15281000,0.0,0.0
2019-07-29 00:00:00-04:00,167.91199,169.27652,165.01356,166.58511,15130300,0.0,0.0
2019-07-30 00:00:00-04:00,163.97839,165.35233,162.69855,163.83723,14300600,0.0,0.0
2019-07-31 00:00:00-04:00,163.47023,164.58067,160.06361,162.90559,14628900,0.0,0.0
2019-08-01 00:00:00-04:00,164.2513,165.35704,152.54462,155.88535,32728200,0.0,0.0
2019-08-02 00:00:00-04:00,152.9775,154.19147,150.89778,151.50946,27104700,0.0,0.0
2019-08-05 00:00:00-04:00,145.89136,147.96167,142.89882,144.61153,28912600,0.0,0.0
2019-08-06 00:00:00-04:00,149.138,149.37326,146.90771,148.14989,24996300,0.0,0.0
2019-08-07 00:00:00-04:00,146.55009,150.07903,146.14544,149.78731,17917400,0.0,0.0
2019-08-08 00:00:00-04:00,152.1776,152.73282,149.74026,152.65753,19267700,0.0,0.0
2019-08-09 00:00:00-04:00,151.49061,152.44108,149.73084,149.74025,11894300,0.0,0.0
2019-08-12 00:00:00-04:00,148.21576,149.96612,146.3713,149.91907,13566900,0.0,0.0
2019-08-13 00:00:00-04:00,151.17066,157.49453,150.16374,154.36082,22842900,0.0,0.0
2019-08-14 00:00:00-04:00,151.8294,153.39155,149.82497,152.50696,20803700,0.0,0.0
2019-08-15 00:00:00-04:00,160.08244,160.91997,154.67139,157.12753,36343500,0.0,0.0
2019-08-16 00:00:00-04:00,159.97891,167.08386,158.63321,164.30775,25952500,0.0,0.0
2019-08-19 00:00:00-04:00,166.97091,168.26016,165.23938,167.77081,16012800,0.0,0.0
2019-08-20 00:00:00-04:00,165.54054,167.49794,165.26763,166.76392,10338100,0.0,0.0
2019-08-21 00:00:00-04:00,166.7733,167.97784,164.58064,164.91002,10615700,0.0,0.0
2019-08-22 00:00:00-04:00,163.83724,164.66536,160.44945,161.77634,11568900,0.0,0.0
2019-08-23 00:00:00-04:00,159.68719,161.38109,154.17355,154.84076,20871500,0.0,0.0
2019-08-26 00:00:00-04:00,156.67581,157.57921,155.77239,156.12057,8640500,0.0,0.0
2019-08-27 00:00:00-04:00,157.34396,158.27561,155.45245,156.40291,12777600,0.0,0.0
2019-08-28 00:00:00-04:00,154.93487,158.0968,154.5208,157.60745,9507400,0.0,0.0
2019-08-29 00:00:00-04:00,160.91994,163.70546,160.87289,162.62325,11565400,0.0,0.0
2019-08-30 00:00:00-04:00,164.07251,164.91945,162.48213,164.71242,10293400,0.0,0.0
2019-09-03 00:00:00-04:00,162.80207,164.42069,162.00217,162.24686,8499300,0.0,0.0
2019-09-04 00:00:00-04:00,165.86989,166.1428,163.73371,164.05367,7208900,0.0,0.0
2019-09-05 00:00:00-04:00,166.45336,168.40133,166.11458,168.39192,11154300,0.0,0.0
2019-09-06 00:00:00-04:00,168.4578,168.65543,165.82287,166.27457,8304000,0.0,0.0
2019-09-09 00:00:00-04:00,167.39442,167.49794,165.49349,167.30031,6931700,0.0,0.0
2019-09-10 00:00:00-04:00,165.88874,165.90757,162.06807,164.67479,9835000,0.0,0.0
2019-09-11 00:00:00-04:00,165.62524,166.24634,163.88429,165.70993,7039300,0.0,0.0
2019-09-12 00:00:00-04:00,167.40383,169.85997,166.56629,167.7332,12509400,0.0,0.0
2019-09-13 00:00:00-04:00,169.14477,169.55883,168.08138,168.60837,9479700,0.0,0.0
2019-09-16 00:00:00-04:00,167.27207,168.60836,165.03236,166.63216,10725100,0.0,0.0
2019-09-17 00:00:00-04:00,166.42512,168.5613,165.67228,168.44838,7481000,0.0,0.0
2019-09-18 00:00:00-04:00,168.58953,169.54941,167.11209,169.38943,9233300,0.0,0.0
2019-09-19 00:00:00-04:00,170.23636,173.27597,169.79407,169.82231,15119800,0.0,0.0
2019-09-20 00:00:00-04:00,171.56326,172.98426,168.2978,171.75146,24517800,0.0,0.0
2019-09-23 00:00:00-04:00,170.56575,170.64104,166.37807,166.54745,14047400,0.0,0.0
2019-09-24 00:00:00-04:00,168.60836,168.9095,161.20228,161.43755,14324600,0.0,0.0
2019-09-25 00:00:00-04:00,162.14335,166.55689,161.59754,166.24634,11766400,0.0,0.0
2019-09-26 00:00:00-04:00,166.56628,167.72377,164.5242,164.68417,9982400,0.0,0.0
2019-09-27 00:00:00-04:00,165.62523,166.09575,153.5327,156.19588,33287500,0.0,0.0
2019-09-30 00:00:00-04:00,159.87255,160.1671,156.63816,157.37218,14866800,0.0,0.0
2019-10-01 00:00:00-04:00,158.10621,158.31324,153.99381,155.41479,14155500,0.0,0.0
2019-10-02 00:00:00-04:00,153.22216,157.04283,152.35638,155.99826,11526500,0.0,0.0
2019-10-03 00:00:00-04:00,156.82638,160.1483,155.27365,159.48956,10305000,0.0,0.0
2019-10-04 00:00:00-04:00,159.6025,160.63765,157.68275,160.29887,8715200,0.0,0.0
2019-10-07 00:00:00-04:00,158.87788,162.14333,157.35338,158.39795,11993000,0.0,0.0
2019-10-08 00:00:00-04:00,154.61493,155.4807,152.14937,152.38463,15833100,0.0,0.0
2019-10-09 00:00:00-04:00,155.74418,156.76052,153.78679,155.45245,10943100,0.0,0.0
2019-10-10 00:00:00-04:00,156.17706,158.63321,154.41728,156.28058,11462400,0.0,0.0
2019-10-11 00:00:00-04:00,160.70354,164.57126,159.57428,162.74562,19247400,0.0,0.0
2019-10-14 00:00:00-04:00,162.6515,163.12203,160.72234,161.07054,7667600,0.0,0.0
2019-10-15 00:00:00-04:00,162.71738,166.33102,162.51035,164.95708,13753000,0.0,0.0
2019-10-16 00:00:00-04:00,165.43702,166.89565,163.85604,166.6792,10858700,0.0,0.0
2019-10-17 00:00:00-04:00,167.50735,168.06256,164.90063,166.42514,8020600,0.0,0.0
2019-10-18 00:00:00-04:00,165.62523,165.84167,159.03786,159.1602,14575700,0.0,0.0
2019-10-21 00:00:00-04:00,162.46328,163.65842,160.79761,163.29141,8970800,0.0,0.0
2019-10-22 00:00:00-04:00,164.24186,165.02294,159.28251,159.87538,10867100,0.0,0.0
2019-10-23 00:00:00-04:00,160.40238,160.9576,158.20973,159.90363,8853700,0.0,0.0
2019-10-24 00:00:00-04:00,161.18348,162.56682,160.17656,162.37862,7397700,0.0,0.0
2019-10-25 00:00:00-04:00,161.44694,165.44641,160.80703,164.03484,9891800,0.0,0.0
2019-10-28 00:00:00-04:00,166.09574,169.05065,166.01105,168.14723,11739600,0.0,0.0
2019-10-29 00:00:00-04:00,166.62275,167.26267,165.09825,166.46277,8026400,0.0,0.0
2019-10-30 00:00:00-04:00,165.07941,167.39441,163.6829,167.06503,10213200,0.0,0.0
2019-10-31 00:00:00-04:00,168.59896,168.67425,165.15471,166.25574,15119000,0.0,0.0
2019-11-01 00:00:00-04:00,168.45778,171.38445,165.68168,166.05811,28924100,0.0,0.0
2019-11-04 00:00:00-05:00,170.01054,171.64796,167.52616,169.09772,44541200,0.0,0.0
2019-11-05 00:00:00-05:00,170.72572,172.40079,169.68115,171.27153,23690200,0.0,0.0
2019-11-06 00:00:00-05:00,172.78665,174.09471,171.45976,173.30423,14834900,0.0,0.0
2019-11-07 00:00:00-05:00,176.0427,176.98375,173.80299,175.65686,20162600,0.0,0.0
2019-11-08 00:00:00-05:00,176.82563,177.18135,174.23586,176.12738,19718100,0.0,0.0
2019-11-11 00:00:00-05:00,173.9253,176.16499,170.67866,175.70389,20561500,0.0,0.0
2019-11-12 00:00:00-05:00,174.95106,176.58849,174.22645,175.94858,11797600,0.0,0.0
2019-11-13 00:00:00-05:00,174.53699,174.72896,170.33048,171.72324,14977700,0.0,0.0
2019-11-14 00:00:00-05:00,172.09025,173.62417,170.63256,172.02438,12712800,0.0,0.0
2019-11-15 00:00:00-05:00,173.15364,174.65933,172.88074,174.55582,11296400,0.0,0.0
2019-11-18 00:00:00-05:00,175.95798,175.95798,173.30422,173.72769,11822900,0.0,0.0
2019-11-19 00:00:00-05:00,175.32747,175.7039,173.0313,174.32996,13407200,0.0,0.0
2019-11-20 00:00:00-05:00,172.8431,172.87133,170.38696,171.60092,16684600,0.0,0.0
2019-11-21 00:00:00-05:00,171.0551,173.99118,170.89513,173.96295,10254700,0.0,0.0
2019-11-22 00:00:00-05:00,174.84755,175.76978,173.09248,175.76978,10541000,0.0,0.0
2019-11-25 00:00:00-05:00,177.219,179.47752,176.80494,179.22343,19157700,0.0,0.0
2019-11-26 00:00:00-05:00,179.16697,183.50522,177.89654,183.2229,51832300,0.0,0.0
2019-11-27 00:00:00-05:00,185.61318,189.1327,185.38732,188.98215,33040500,0.0,0.0
2019-11-29 00:00:00-05:00,188.03168,188.61513,186.65775,188.21048,18593100,0.0,0.0
2019-12-02 00:00:00-05:00,186.8742,186.95889,182.10306,184.73801,19357700,0.0,0.0
2019-12-03 00:00:00-05:00,179.71279,183.50523,178.65881,183.41112,18355300,0.0,0.0
2019-12-04 00:00:00-05:00,184.00398,185.06738,181.83956,182.3195,14849300,0.0,0.0
2019-12-05 00:00:00-05:00,185.32144,189.09507,184.85092,188.21048,22290200,0.0,0.0
2019-12-06 00:00:00-05:00,189.25504,190.09258,187.74935,189.98906,14087300,0.0,0.0
2019-12-09 00:00:00-05:00,188.51164,191.4383,186.84598,187.02478,14258100,0.0,0.0
2019-12-10 00:00:00-05:00,188.87864,190.54429,187.48587,188.63396,11623900,0.0,0.0
2019-12-11 00:00:00-05:00,189.24566,192.72755,188.88806,192.57698,11760000,0.0,0.0
2019-12-12 00:00:00-05:00,191.70178,193.85678,190.09257,192.44521,22448600,0.0,0.0
2019-12-13 00:00:00-05:00,193.63096,194.89198,191.75827,192.83107,19270400,0.0,0.0
2019-12-16 00:00:00-05:00,194.16735,196.82111,194.0356,194.76962,16734300,0.0,0.0
2019-12-17 00:00:00-05:00,196.38823,196.55761,194.62846,195.90828,11287600,0.0,0.0
2019-12-18 00:00:00-05:00,196.23767,197.66807,195.77655,197.62102,13481800,0.0,0.0
2019-12-19 00:00:00-05:00,197.25401,198.91026,196.89641,197.74336,12167300,0.0,0.0
2019-12-20 00:00:00-05:00,198.89145,201.3664,198.01626,199.73839,26670000,0.0,0.0
2019-12-23 00:00:00-05:00,200.67943,202.37332,200.35947,202.16629,12535000,0.0,0.0
2019-12-24 00:00:00-05:00,202.33567,202.73091,200.77354,201.62988,5523000,0.0,0.0
2019-12-26 00:00:00-05:00,201.99689,204.19897,201.69576,203.62492,6907100,0.0,0.0
2019-12-27 00:00:00-05:00,205.14003,205.25295,202.48625,202.76857,11674200,0.0,0.0
2019-12-30 00:00:00-05:00,203.0603,203.0603,199.27726,200.35948,8732600,0.0,0.0
2019-12-31 00:00:00-05:00,199.5031,201.04643,198.30796,199.59721,6773600,0.0,0.0
2020-01-02 00:00:00-05:00,203.83196,207.01271,203.77548,206.81509,15873500,0.0,0.0
2020-01-03 00:00:00-05:00,203.59671,205.34048,203.27674,204.20839,8604500,0.0,0.0
2020-01-06 00:00:00-05:00,202.22276,204.35895,201.46991,203.8696,11885500,0.0,0.0
2020-01-07 00:00:00-05:00,204.81064,206.03402,203.91665,204.80124,9388000,0.0,0.0
2020-01-08 00:00:00-05:00,203.83196,207.64321,203.56847,205.14943,11959100,0.0,0.0
2020-01-09 00:00:00-05:00,208.44313,209.92999,207.80322,208.70662,13122500,0.0,0.0
2020-01-10 00:00:00-05:00,210.70164,212.64022,208.97105,210.63577,12296000,0.0,0.0
2020-01-13 00:00:00-05:00,215.3222,217.51485,213.65653,216.89375,17544800,0.0,0.0
2020-01-14 00:00:00-05:00,216.48911,216.60674,211.62387,213.13896,17266900,0.0,0.0
2020-01-15 00:00:00-05:00,213.28953,214.39057,211.16276,211.79326,10743400,0.0,0.0
2020-01-16 00:00:00-05:00,212.96016,212.98839,209.60059,210.73927,13700500,0.0,0.0
2020-01-17 00:00:00-05:00,212.58374,214.55995,212.06617,214.02354,12956200,0.0,0.0
2020-01-21 00:00:00-05:00,209.33711,209.47828,207.7185,209.15831,15831100,0.0,0.0
2020-01-22 00:00:00-05:00,211.44507,212.28261,208.91364,209.26183,10059600,0.0,0.0
2020-01-23 00:00:00-05:00,205.08356,207.15388,203.99195,206.21283,18519900,0.0,0.0
2020-01-24 00:00:00-05:00,205.61056,206.87156,198.86791,201.14996,18143900,0.0,0.0
2020-01-27 00:00:00-05:00,189.35857,195.75773,187.73996,193.35805,24574700,0.0,0.0
2020-01-28 00:00:00-05:00,197.37634,198.47737,194.95783,197.83745,16196700,0.0,0.0
2020-01-29 00:00:00-05:00,200.0301,201.3664,197.16931,199.52194,12871900,0.0,0.0
2020-01-30 00:00:00-05:00,195.62598,197.48926,192.94397,196.28471,14376000,0.0,0.0
2020-01-31 00:00:00-05:00,194.32733,195.67302,192.65978,194.41202,18181400,0.0,0.0
2020-02-03 00:00:00-05:00,196.36941,202.3451,196.36941,200.53828,14118800,0.0,0.0
2020-02-04 00:00:00-05:00,208.30197,211.15335,207.49266,209.74178,16695100,0.0,0.0
2020-02-05 00:00:00-05:00,213.16719,213.33657,204.71653,207.23856,15766100,0.0,0.0
2020-02-06 00:00:00-05:00,209.97702,210.46636,206.82449,207.87846,10790800,0.0,0.0
2020-02-07 00:00:00-05:00,204.64127,204.99886,202.21335,203.76608,13790300,0.0,0.0
2020-02-10 00:00:00-05:00,200.9147,203.05089,199.69132,203.05089,17420300,0.0,0.0
2020-02-11 00:00:00-05:00,206.94684,207.04094,202.59917,204.40601,16073500,0.0,0.0
2020-02-12 00:00:00-05:00,208.09494,212.22616,207.22917,211.08748,18671900,0.0,0.0
2020-02-13 00:00:00-05:00,207.03154,211.7368,206.08108,207.37032,28069700,0.0,0.0
2020-02-14 00:00:00-05:00,208.06668,208.57484,205.36585,206.68333,10690000,0.0,0.0
2020-02-18 00:00:00-05:00,205.667,207.83142,204.6883,207.52087,12987000,0.0,0.0
2020-02-19 00:00:00-05:00,208.46195,210.38169,207.73733,209.04539,10798100,0.0,0.0
2020-02-20 00:00:00-05:00,209.38417,209.38417,201.59226,205.18707,14950100,0.0,0.0
2020-02-21 00:00:00-05:00,204.71654,204.77302,199.08905,200.05833,17681200,0.0,0.0
2020-02-24 00:00:00-05:00,191.55122,195.06134,190.57252,194.00737,19380200,0.0,0.0
2020-02-25 00:00:00-05:00,196.21882,197.57394,192.06879,193.48978,18132400,0.0,0.0
2020-02-26 00:00:00-05:00,194.60966,200.51947,194.60024,196.4353,19482100,0.0,0.0
2020-02-27 00:00:00-05:00,192.92514,197.59277,189.96084,192.94397,22741200,0.0,0.0
2020-02-28 00:00:00-05:00,187.25061,196.60467,186.85632,195.73891,31251100,0.0,0.0
2020-03-02 00:00:00-05:00,196.29413,198.66558,191.74508,198.54324,21542200,0.0,0.0
2020-03-03 00:00:00-05:00,198.63736,198.92909,190.31846,195.1837,20813800,0.0,0.0
2020-03-04 00:00:00-05:00,197.14107,200.16184,196.5388,199.46547,12474400,0.0,0.0
2020-03-05 00:00:00-05:00,197.62102,202.46744,196.81172,198.99496,13462900,0.0,0.0
2020-03-06 00:00:00-05:00,194.51555,194.79787,189.24566,192.57698,21700500,0.0,0.0
2020-03-09 00:00:00-04:00,184.08867,188.10697,182.49829,186.00842,25502600,0.0,0.0
2020-03-10 00:00:00-04:00,193.41453,195.22134,188.96335,194.22383,19022600,0.0,0.0
2020-03-11 00:00:00-04:00,189.76321,191.12775,184.54979,187.18474,18908200,0.0,0.0
2020-03-12 00:00:00-04:00,175.50626,179.25824,173.08775,174.1888,30247100,0.0,0.0
2020-03-13 00:00:00-04:00,183.4111,184.43686,176.73905,182.56416,23650500,0.0,0.0
2020-03-16 00:00:00-04:00,165.76637,176.91784,164.21364,168.30722,26628500,0.0,0.0
2020-03-17 00:00:00-04:00,170.57515,178.22592,169.09771,173.91589,19276500,0.0,0.0
2020-03-18 00:00:00-04:00,165.62523,171.65737,159.97891,169.38943,22054200,0.0,0.0
2020-03-19 00:00:00-04:00,168.69306,176.21207,166.9333,170.21758,20905700,0.0,0.0
2020-03-20 00:00:00-04:00,176.67319,177.20018,169.38944,170.61281,21006100,0.0,0.0
2020-03-23 00:00:00-04:00,164.93827,167.97787,159.93187,165.94519,22554700,0.0,0.0
2020-03-24 00:00:00-04:00,172.29729,177.6707,170.49987,174.80049,20801500,0.0,0.0
2020-03-25 00:00:00-04:00,174.86638,183.68404,173.6383,177.44485,19605200,0.0,0.0
2020-03-26 00:00:00-04:00,177.52014,184.74743,176.54145,183.80638,15416800,0.0,0.0
2020-03-27 00:00:00-04:00,178.77174,181.37846,176.91787,177.47308,13376400,0.0,0.0
2020-03-30 00:00:00-04:00,176.42851,180.19271,175.98621,179.9951,12254400,0.0,0.0
2020-03-31 00:00:00-04:00,180.68206,185.1897,179.3646,183.01587,19084800,0.0,0.0
2020-04-01 00:00:00-04:00,178.32944,181.50079,174.13234,176.5038,17948600,0.0,0.0
2020-04-02 00:00:00-04:00,175.11104,180.02334,174.74591,177.7648,13412100,0.0,0.0
2020-04-03 00:00:00-04:00,178.91288,179.31754,174.48054,176.08032,9483100,0.0,0.0
2020-04-06 00:00:00-04:00,183.26056,185.27441,181.3408,184.86975,13248700,0.0,0.0
2020-04-07 00:00:00-04:00,188.25756,189.57503,185.4344,186.3284,14934500,0.0,0.0
2020-04-08 00:00:00-04:00,186.64834,187.1377,182.45502,184.42746,13608000,0.0,0.0
2020-04-09 00:00:00-04:00,186.94005,188.53985,181.99952,184.79445,17821300,0.0,0.0
2020-04-13 00:00:00-04:00,185.76375,188.51633,184.00398,187.6835,16117900,0.0,0.0
2020-04-14 00:00:00-04:00,192.86869,195.71067,192.20995,192.70871,16757100,0.0,0.0
2020-04-15 00:00:00-04:00,192.69931,196.82111,189.44326,195.89888,10768100,0.0,0.0
2020-04-16 00:00:00-04:00,198.11976,200.67942,196.79287,200.12421,16353800,0.0,0.0
2020-04-17 00:00:00-04:00,202.30745,202.30745,196.53974,197.15048,13558500,0.0,0.0
2020-04-20 00:00:00-04:00,197.49865,203.36142,197.01872,199.62544,19295400,0.0,0.0
2020-04-21 00:00:00-04:00,197.52692,199.62548,192.944,195.11783,14107600,0.0,0.0
2020-04-22 00:00:00-04:00,199.50313,199.50313,196.8776,197.58339,13471100,0.0,0.0
2020-04-23 00:00:00-04:00,197.84686,198.14799,191.46653,193.1416,20424000,0.0,0.0
2020-04-24 00:00:00-04:00,193.75329,194.32733,190.86426,192.31348,14673900,0.0,0.0
2020-04-27 00:00:00-04:00,195.31545,195.53188,190.12083,191.68298,17286800,0.0,0.0
2020-04-28 00:00:00-04:00,192.73695,193.09455,187.65244,189.29269,17203800,0.0,0.0
2020-04-29 00:00:00-04:00,190.96776,194.87314,190.57252,194.51553,19117800,0.0,0.0
2020-04-30 00:00:00-04:00,194.09208,194.51555,187.54235,190.72311,20107400,0.0,0.0
2020-05-01 00:00:00-04:00,184.21101,185.74493,181.49137,183.01587,22276200,0.0,0.0
2020-05-04 00:00:00-04:00,183.27936,183.50521,178.35766,179.88216,25709400,0.0,0.0
2020-05-05 00:00:00-04:00,184.8039,186.58248,182.75239,183.52406,22957200,0.0,0.0
2020-05-06 00:00:00-04:00,186.01784,187.18475,183.43935,183.66521,18598900,0.0,0.0
2020-05-07 00:00:00-04:00,186.32838,186.41307,183.29819,184.90739,16164600,0.0,0.0
2020-05-08 00:00:00-04:00,188.02229,191.05248,186.9683,189.33035,23819700,0.0,0.0
2020-05-11 00:00:00-04:00,190.82661,194.45907,190.45019,193.29216,17920700,0.0,0.0
2020-05-12 00:00:00-04:00,194.75078,195.78595,188.2293,188.5022,17826800,0.0,0.0
2020-05-13 00:00:00-04:00,191.6171,192.61461,186.30956,187.70233,22429700,0.0,0.0
2020-05-14 00:00:00-04:00,183.97576,189.87616,182.59241,189.43387,20025900,0.0,0.0
2020-05-15 00:00:00-04:00,188.86922,192.43582,188.3046,191.67355,17209500,0.0,0.0
2020-05-18 00:00:00-04:00,199.97363,202.76855,197.96918,202.58975,23556600,0.0,0.0
2020-05-19 00:00:00-04:00,203.9543,207.58676,202.50508,204.39659,21438100,0.0,0.0
2020-05-20 00:00:00-04:00,207.03153,208.12032,198.16681,204.01074,38324100,0.0,0.0
2020-05-21 00:00:00-04:00,198.83496,201.93103,197.17871,199.65369,29850700,0.0,0.0
2020-05-22 00:00:00-04:00,191.25009,192.80284,187.26004,187.92818,51979300,0.0,0.0
2020-05-26 00:00:00-04:00,193.80036,194.60967,189.15156,189.82912,28683200,0.0,0.0
2020-05-27 00:00:00-04:00,191.02424,191.02424,185.15207,189.32092,23605400,0.0,0.0
2020-05-28 00:00:00-04:00,187.26944,190.44078,185.97078,187.73056,18763200,0.0,0.0
2020-05-29 00:00:00-04:00,188.21048,195.62598,185.105,195.16486,43179500,0.0,0.0
2020-06-01 00:00:00-04:00,193.7627,194.98607,191.91825,194.39322,16169700,0.0,0.0
2020-06-02 00:00:00-04:00,194.99547,201.92161,194.95782,201.69576,22485800,0.0,0.0
2020-06-03 00:00:00-04:00,202.8909,206.06224,201.14995,205.72346,19999500,0.0,0.0
2020-06-04 00:00:00-04:00,204.47188,207.03154,203.56848,205.18707,14962400,0.0,0.0
2020-06-05 00:00:00-04:00,207.03153,207.58675,205.80816,206.60806,11983200,0.0,0.0
2020-06-08 00:00:00-04:00,206.65511,207.40794,202.63681,206.09047,12731200,0.0,0.0
2020-06-09 00:00:00-04:00,203.55905,207.70909,203.45553,207.70909,14140100,0.0,0.0
2020-06-10 00:00:00-04:00,208.91364,211.73679,207.59617,210.4946,13372400,0.0,0.0
2020-06-11 00:00:00-04:00,205.14942,206.98447,200.97115,202.55212,15560300,0.0,0.0
2020-06-12 00:00:00-04:00,205.61996,206.56101,201.2723,204.81065,12716500,0.0,0.0
2020-06-15 00:00:00-04:00,201.48873,204.88593,200.2089,204.2366,17419900,0.0,0.0
2020-06-16 00:00:00-04:00,207.9726,211.58624,207.12566,209.4971,17212400,0.0,0.0
2020-06-17 00:00:00-04:00,211.17216,211.7368,209.38416,211.03101,12486700,0.0,0.0
2020-06-18 00:00:00-04:00,210.55108,212.70608,209.77941,210.36285,10358800,0.0,0.0
2020-06-19 00:00:00-04:00,213.03545,213.14837,207.11622,207.6338,19545200,0.0,0.0
2020-06-22 00:00:00-04:00,207.89729,208.98892,206.50925,208.35841,13303600,0.0,0.0
2020-06-23 00:00:00-04:00,211.84972,216.65381,211.2945,215.26575,18263400,0.0,0.0
2020-06-24 00:00:00-04:00,214.84226,217.41133,211.03288,212.88487,12159500,0.0,0.0
2020-06-25 00:00:00-04:00,211.35096,211.44507,207.85024,209.06421,14953100,0.0,0.0
2020-06-26 00:00:00-04:00,209.11127,209.15831,200.9147,202.99443,19340600,0.0,0.0
2020-06-29 00:00:00-04:00,202.3545,203.73785,199.33373,202.34509,12333000,0.0,0.0
2020-06-30 00:00:00-04:00,203.02265,203.67196,200.34065,202.985,12933800,0.0,0.0
2020-07-01 00:00:00-04:00,203.08851,203.7849,202.0816,203.22026,11788100,0.0,0.0
2020-07-02 00:00:00-04:00,208.77249,211.76031,207.08799,210.41933,18128700,0.0,0.0
2020-07-06 00:00:00-04:00,219.55693,226.30427,219.09582,225.85257,33702900,0.0,0.0
2020-07-07 00:00:00-04:00,226.80305,227.07596,222.21072,222.56831,16491600,0.0,0.0
2020-07-08 00:00:00-04:00,230.4261,243.25264,229.63562,242.49039,39922700,0.0,0.0
2020-07-09 00:00:00-04:00,249.89646,252.20205,240.82473,246.16048,36803900,0.0,0.0
2020-07-10 00:00:00-04:00,244.87126,246.46164,240.63653,245.62411,20335000,0.0,0.0
2020-07-13 00:00:00-04:00,246.03818,250.0,235.90302,236.83467,21568700,0.0,0.0
2020-07-14 00:00:00-04:00,232.03529,235.02783,227.01006,233.9268,19782600,0.0,0.0
2020-07-15 00:00:00-04:00,236.65585,237.61572,232.00705,234.51967,12614700,0.0,0.0
2020-07-16 00:00:00-04:00,227.51825,230.6049,226.54897,228.20522,18032100,0.0,0.0
2020-07-17 00:00:00-04:00,232.01648,233.31513,230.0685,232.5717,18742400,0.0,0.0
2020-07-20 00:00:00-04:00,241.33291,242.48099,237.54986,239.78957,19015000,0.0,0.0
2020-07-21 00:00:00-04:00,245.81228,246.48045,241.39875,242.6974,17120700,0.0,0.0
2020-07-22 00:00:00-04:00,240.68357,241.1635,234.8867,236.8629,19682200,0.0,0.0
2020-07-23 00:00:00-04:00,237.23934,242.47159,234.03034,237.0323,25712000,0.0,0.0
2020-07-24 00:00:00-04:00,230.52021,234.77375,227.63117,234.32205,17221500,0.0,0.0
2020-07-27 00:00:00-04:00,232.54347,237.96393,231.3201,236.07242,18966900,0.0,0.0
2020-07-28 00:00:00-04:00,236.34531,236.81584,233.87976,234.36911,9878700,0.0,0.0
2020-07-29 00:00:00-04:00,235.58306,239.30963,235.35722,237.56868,11493600,0.0,0.0
2020-07-30 00:00:00-04:00,236.8629,238.89557,234.90551,237.8416,7032900,0.0,0.0
2020-07-31 00:00:00-04:00,239.21553,239.40374,233.47512,236.22299,12304100,0.0,0.0
2020-08-03 00:00:00-04:00,239.04614,245.28531,239.02731,242.73506,11530300,0.0,0.0
2020-08-04 00:00:00-04:00,244.74892,247.08274,243.56321,246.74397,10994500,0.0,0.0
2020-08-05 00:00:00-04:00,248.19318,250.29739,246.3252,249.29422,10673800,0.0,0.0
2020-08-06 00:00:00-04:00,247.89202,250.03762,243.92078,250.01878,10359500,0.0,0.0
2020-08-07 00:00:00-04:00,242.2363,242.56568,232.97635,237.23932,22529600,0.0,0.0
2020-08-10 00:00:00-04:00,234.64201,236.90995,231.59301,233.50334,13621700,0.0,0.0
2020-08-11 00:00:00-04:00,236.47708,237.97336,233.22104,233.77626,10681800,0.0,0.0
2020-08-12 00:00:00-04:00,234.5573,240.98468,234.0209,240.14716,11112300,0.0,0.0
2020-08-13 00:00:00-04:00,241.27646,241.82226,237.97336,238.76384,8794500,0.0,0.0
2020-08-14 00:00:00-04:00,240.42947,240.69297,236.80642,238.99907,7876400,0.0,0.0
2020-08-17 00:00:00-04:00,238.08626,242.20337,235.3431,241.81282,9760000,0.0,0.0
2020-08-18 00:00:00-04:00,243.45966,246.00993,240.96587,243.92079,13267800,0.0,0.0
2020-08-19 00:00:00-04:00,245.5112,245.88761,242.2081,245.22887,14096500,0.0,0.0
2020-08-20 00:00:00-04:00,241.74698,243.61967,239.19671,242.76331,21460800,0.0,0.0
2020-08-21 00:00:00-04:00,243.7608,251.66563,243.08324,250.13171,25648200,0.0,0.0
2020-08-24 00:00:00-04:00,257.13314,260.64328,255.60864,259.74927,22475800,0.0,0.0
2020-08-25 00:00:00-04:00,261.66903,272.07707,259.76812,269.14099,27535500,0.0,0.0
2020-08-26 00:00:00-04:00,272.20884,275.23903,267.35301,274.74966,19530300,0.0,0.0
2020-08-27 00:00:00-04:00,273.06517,273.14044,265.47087,267.41885,14805800,0.0,0.0
2020-08-28 00:00:00-04:00,268.28465,272.4347,266.85426,271.96417,9681500,0.0,0.0
2020-08-31 00:00:00-04:00,271.60653,272.14294,266.89185,270.11026,13253800,0.0,0.0
2020-09-01 00:00:00-04:00,272.15237,280.43362,271.84181,280.43362,13797100,0.0,0.0
2020-09-02 00:00:00-04:00,281.37468,281.37468,272.70759,278.6174,12638600,0.0,0.0
2020-09-03 00:00:00-04:00,271.96416,273.59501,261.76316,265.84732,16766200,0.0,0.0
2020-09-04 00:00:00-04:00,263.11827,267.05187,251.62803,264.80276,15885800,0.0,0.0
2020-09-08 00:00:00-04:00,254.30062,257.82015,250.87518,254.10298,12734000,0.0,0.0
2020-09-09 00:00:00-04:00,258.27188,259.39173,254.91231,257.04849,9465700,0.0,0.0
2020-09-10 00:00:00-04:00,258.69531,260.76563,251.63741,251.77856,10676800,0.0,0.0
2020-09-11 00:00:00-04:00,256.55914,258.34713,252.31498,255.59924,9412800,0.0,0.0
2020-09-14 00:00:00-04:00,259.12821,260.00341,255.74045,257.9425,7883300,0.0,0.0
2020-09-15 00:00:00-04:00,261.61257,262.64773,258.60119,261.57492,8291400,0.0,0.0
2020-09-16 00:00:00-04:00,264.46398,266.8872,261.61259,261.74435,9583500,0.0,0.0
2020-09-17 00:00:00-04:00,257.01079,259.63633,256.26833,259.46695,8016900,0.0,0.0
2020-09-18 00:00:00-04:00,259.71165,260.92558,254.60171,256.35208,11753500,0.0,0.0
2020-09-21 00:00:00-04:00,253.23719,258.05537,250.69633,257.67896,9076400,0.0,0.0
2020-09-22 00:00:00-04:00,259.74927,260.0316,254.13118,259.06232,9673300,0.0,0.0
2020-09-23 00:00:00-04:00,259.16585,261.4526,255.49575,256.86029,7353200,0.0,0.0
2020-09-24 00:00:00-04:00,252.13618,255.26048,251.57534,253.83009,9562100,0.0,0.0
2020-09-25 00:00:00-04:00,251.79741,255.78747,248.96484,255.10991,11466600,0.0,0.0
2020-09-28 00:00:00-04:00,259.28815,262.40303,258.03562,259.73987,8761700,0.0,0.0
2020-09-29 00:00:00-04:00,259.19404,262.83591,258.69529,260.60562,7673300,0.0,0.0
2020-09-30 00:00:00-04:00,267.26828,277.61044,266.98595,276.65057,24777700,0.0,0.0
2020-10-01 00:00:00-04:00,277.85514,278.16568,271.25836,272.95224,16304000,0.0,0.0
2020-10-02 00:00:00-04:00,269.72446,274.76757,269.62095,271.18311,11482800,0.0,0.0
2020-10-05 00:00:00-04:00,272.0206,272.90519,268.08701,271.27716,17876400,0.0,0.0
2020-10-06 00:00:00-04:00,270.46788,279.34199,269.99735,275.15433,15860400,0.0,0.0
2020-10-07 00:00:00-04:00,280.42419,281.85461,275.60601,279.02203,16669300,0.0,0.0
2020-10-08 00:00:00-04:00,280.53713,284.48015,278.02549,282.82391,15105800,0.0,0.0
2020-10-09 00:00:00-04:00,280.95119,284.77186,280.18894,282.07104,11442200,0.0,0.0
2020-10-12 00:00:00-04:00,286.03288,291.38747,283.52497,288.28198,14780100,0.0,0.0
2020-10-13 00:00:00-04:00,288.30083,291.73569,285.16713,290.57819,10898500,0.0,0.0
2020-10-14 00:00:00-04:00,290.7852,291.68861,283.06856,283.29443,15157800,0.0,0.0
2020-10-15 00:00:00-04:00,276.4812,282.18681,275.36134,281.80756,9709900,0.0,0.0
2020-10-16 00:00:00-04:00,286.07052,291.72626,285.09185,289.19482,12338000,0.0,0.0
2020-10-19 00:00:00-04:00,291.62273,295.31164,285.5247,287.29388,14107300,0.0,0.0
2020-10-20 00:00:00-04:00,289.46774,293.42014,288.95956,291.54745,8806100,0.0,0.0
2020-10-21 00:00:00-04:00,293.37313,295.49049,289.56187,289.81595,11139700,0.0,0.0
2020-10-22 00:00:00-04:00,293.10017,293.46719,286.27754,288.22552,8008400,0.0,0.0
2020-10-23 00:00:00-04:00,289.15719,292.03681,286.13642,291.651,6231400,0.0,0.0
2020-10-26 00:00:00-04:00,291.65099,296.8644,285.32712,288.78076,9350100,0.0,0.0
2020-10-27 00:00:00-04:00,289.60891,300.49689,287.59504,298.4454,13175900,0.0,0.0
2020-10-28 00:00:00-04:00,295.01994,295.01994,287.96205,289.78769,13644500,0.0,0.0
2020-10-29 00:00:00-04:00,291.19927,296.97731,290.70051,294.13535,11174500,0.0,0.0
2020-10-30 00:00:00-04:00,290.36173,292.50733,282.49454,286.72928,14918500,0.0,0.0
2020-11-02 00:00:00-05:00,292.62025,293.08136,287.38801,292.51672,11857600,0.0,0.0
2020-11-03 00:00:00-05:00,269.32923,276.93292,264.22871,268.73636,58132500,0.0,0.0
2020-11-04 00:00:00-05:00,270.82548,281.53466,268.48224,278.27859,28791200,0.0,0.0
2020-11-05 00:00:00-05:00,272.04882,274.08149,263.11824,270.78781,50065200,0.0,0.0
2020-11-06 00:00:00-05:00,274.30738,283.1533,272.70385,282.26871,25259600,0.0,0.0
2020-11-09 00:00:00-05:00,285.86349,286.07994,273.37573,273.40396,22559900,0.0,0.0
2020-11-10 00:00:00-05:00,263.46645,263.49468,248.74838,250.82812,61064000,0.0,0.0
2020-11-11 00:00:00-05:00,246.48046,255.89099,245.80759,249.99057,41699000,0.0,0.0
2020-11-12 00:00:00-05:00,255.06288,255.21345,247.53446,248.72958,27119100,0.0,0.0
2020-11-13 00:00:00-05:00,249.11538,249.79294,242.01045,245.4641,33942800,0.0,0.0
2020-11-16 00:00:00-05:00,245.06889,247.09214,241.87871,243.08325,20864200,0.0,0.0
2020-11-17 00:00:00-05:00,244.93712,244.93712,241.41759,241.66225,19739500,0.0,0.0
2020-11-18 00:00:00-05:00,242.56567,243.08324,237.66278,240.74944,28307100,0.0,0.0
2020-11-19 00:00:00-05:00,239.96837,245.9911,238.61325,244.57013,20752800,0.0,0.0
2020-11-20 00:00:00-05:00,248.40965,256.31448,246.46166,254.78056,34178400,0.0,0.0
2020-11-23 00:00:00-05:00,258.55418,259.47642,250.70675,254.18768,25317100,0.0,0.0
2020-11-24 00:00:00-05:00,259.95161,264.06871,256.71909,263.45703,20660500,0.0,0.0
2020-11-25 00:00:00-05:00,259.44817,262.86417,257.89542,261.34909,15229300,0.0,0.0
2020-11-27 00:00:00-05:00,262.36538,262.47833,259.41612,260.18216,9583200,0.0,0.0
2020-11-30 00:00:00-05:00,253.11488,253.11488,247.04508,247.83556,30476100,0.0,0.0
2020-12-01 00:00:00-05:00,249.82119,250.00942,246.1511,248.44727,14573100,0.0,0.0
2020-12-02 00:00:00-05:00,246.55573,247.59089,244.77712,245.91582,13919700,0.0,0.0
2020-12-03 00:00:00-05:00,248.23083,252.76671,247.62857,251.17633,15520500,0.0,0.0
2020-12-04 00:00:00-05:00,255.044,255.3075,250.574,251.49625,15527600,0.0,0.0
2020-12-07 00:00:00-05:00,250.03764,250.29171,247.12037,248.43784,11388700,0.0,0.0
2020-12-08 00:00:00-05:00,249.56711,252.57846,248.3155,250.40463,9447700,0.0,0.0
2020-12-09 00:00:00-05:00,251.78798,252.11736,247.5909,248.24962,9060700,0.0,0.0
2020-12-10 00:00:00-05:00,246.54634,250.40466,245.80293,249.25658,10290300,0.0,0.0
2020-12-11 00:00:00-05:00,248.71075,249.68003,247.02626,248.94601,7771300,0.0,0.0
2020-12-14 00:00:00-05:00,244.97478,245.47824,240.93765,240.93765,18369900,0.0,0.0
2020-12-15 00:00:00-05:00,240.28832,240.60828,237.42753,240.07188,16595600,0.0,0.0
2020-12-16 00:00:00-05:00,242.54685,247.66618,241.88813,246.45224,15804800,0.0,0.0
2020-12-17 00:00:00-05:00,249.09659,249.23774,244.86185,248.84248,14306600,0.0,0.0
2020-12-18 00:00:00-05:00,248.34373,249.28478,243.9208,244.67363,15981800,0.0,0.0
2020-12-21 00:00:00-05:00,240.12835,245.10651,239.49784,245.07828,10901800,0.0,0.0
2020-12-22 00:00:00-05:00,242.66918,243.11147,240.3542,240.74944,11468400,0.0,0.0
2020-12-23 00:00:00-05:00,240.4389,242.17986,237.64398,241.07881,10729200,0.0,0.0
2020-12-24 00:00:00-05:00,214.7811,216.34794,198.7785,208.91364,141830000,0.0,0.0
2020-12-28 00:00:00-05:00,204.09545,211.72738,202.62741,209.25241,73512100,0.0,0.0
2020-12-29 00:00:00-05:00,218.09829,225.09031,216.06563,222.33302,69715900,0.0,0.0
2020-12-30 00:00:00-05:00,229.00324,229.04276,220.81326,224.33749,44812300,0.0,0.0
2020-12-31 00:00:00-05:00,223.46231,224.83624,217.40851,219.01112,23451800,0.0,0.0
2021-01-04 00:00:00-05:00,213.14838,216.79967,211.77444,214.41881,24897900,0.0,0.0
2021-01-05 00:00:00-05:00,215.54805,226.56777,214.67287,226.22899,35823800,0.0,0.0
2021-01-06 00:00:00-05:00,221.10027,224.2528,212.54611,214.19295,37146100,0.0,0.0
2021-01-07 00:00:00-05:00,215.79274,216.39501,207.11623,213.5248,49361800,0.0,0.0
2021-01-08 00:00:00-05:00,214.44702,224.53511,213.32058,222.26717,34884900,0.0,0.0
2021-01-11 00:00:00-05:00,216.34796,217.21844,212.54612,213.9671,23036900,0.0,0.0
2021-01-12 00:00:00-05:00,214.92226,216.2068,211.86855,212.30144,18969900,0.0,0.0
2021-01-13 00:00:00-05:00,216.3856,226.31371,212.95075,221.42964,38805100,0.0,0.0
2021-01-14 00:00:00-05:00,230.84956,231.21657,227.23592,228.65691,31381600,0.0,0.0
2021-01-15 00:00:00-05:00,231.73416,232.43054,227.87584,229.10863,21561600,0.0,0.0
2021-01-19 00:00:00-05:00,235.2631,237.97333,232.43053,236.81583,23681900,0.0,0.0
2021-01-20 00:00:00-05:00,251.73154,253.14311,247.2145,249.84001,44640800,0.0,0.0
2021-01-21 00:00:00-05:00,248.56018,249.00248,242.69741,244.67363,20709900,0.0,0.0
2021-01-22 00:00:00-05:00,241.66226,244.98418,240.43891,243.37498,13518200,0.0,0.0
2021-01-25 00:00:00-05:00,248.08022,249.5671,242.65036,245.97227,19478600,0.0,0.0
2021-01-26 00:00:00-05:00,248.24963,250.31996,245.72762,250.24469,14681200,0.0,0.0
2021-01-27 00:00:00-05:00,249.50125,250.24469,244.6266,244.90891,16050400,0.0,0.0
2021-01-28 00:00:00-05:00,243.89257,246.15109,242.16101,245.38884,10244900,0.0,0.0
2021-01-29 00:00:00-05:00,240.93767,243.63848,237.42755,238.86736,14693000,0.0,0.0
2021-02-01 00:00:00-05:00,243.54438,249.37891,240.1519,249.08719,15289300,0.0,0.0
2021-02-02 00:00:00-05:00,248.97425,249.3789,239.06496,239.49785,30534300,0.0,0.0
2021-02-03 00:00:00-05:00,249.09658,252.46554,245.84994,247.90143,29179700,0.0,0.0
2021-02-04 00:00:00-05:00,253.68888,254.07472,249.90399,251.22333,16763000,0.0,0.0
2021-02-05 00:00:00-05:00,249.01187,250.74343,247.6944,250.00941,11018700,0.0,0.0
2021-02-08 00:00:00-05:00,249.36006,249.37887,246.38633,247.11093,10721100,0.0,0.0
2021-02-09 00:00:00-05:00,247.49677,251.4492,247.0639,250.78104,12432800,0.0,0.0
2021-02-10 00:00:00-05:00,252.8608,254.46057,249.00248,252.00444,13090800,0.0,0.0
2021-02-11 00:00:00-05:00,252.90781,258.09302,251.44919,253.07719,15295800,0.0,0.0
2021-02-12 00:00:00-05:00,253.22781,254.31943,250.01882,252.06091,9355100,0.0,0.0
2021-02-16 00:00:00-05:00,255.02521,258.12128,254.46057,254.7429,16708700,0.0,0.0
2021-02-17 00:00:00-05:00,254.92172,256.26366,252.02327,254.86523,13262400,0.0,0.0
2021-02-18 00:00:00-05:00,249.59536,250.48934,246.86628,248.9178,15382300,0.0,0.0
2021-02-19 00:00:00-05:00,250.36701,253.51015,247.35566,248.05203,14718400,0.0,0.0
2021-02-22 00:00:00-05:00,242.7821,244.16545,239.02731,239.02731,14403500,0.0,0.0
2021-02-23 00:00:00-05:00,232.73167,239.87425,227.37708,237.851,15980300,0.0,0.0
2021-02-24 00:00:00-05:00,237.1452,237.1452,233.47511,235.58305,12831700,0.0,0.0
2021-02-25 00:00:00-05:00,235.2631,235.58305,225.91846,226.02196,17967300,0.0,0.0
2021-02-26 00:00:00-05:00,230.20965,230.46373,223.6411,223.74461,17470700,0.0,0.0
2021-03-01 00:00:00-05:00,226.84069,228.47811,225.1562,227.44296,14043300,0.0,0.0
2021-03-02 00:00:00-05:00,224.71388,226.98182,220.46033,220.60149,14644200,0.0,0.0
2021-03-03 00:00:00-05:00,223.49996,225.48463,220.63069,222.34247,13571700,0.0,0.0
2021-03-04 00:00:00-05:00,221.14732,222.43656,214.89873,216.91258,22964800,0.0,0.0
2021-03-05 00:00:00-05:00,221.54256,222.49302,214.87991,220.10275,15988400,0.0,0.0
2021-03-08 00:00:00-05:00,215.51982,217.20429,213.17659,213.32716,17138400,0.0,0.0
2021-03-09 00:00:00-05:00,219.6228,224.66684,219.33577,224.1022,15291300,0.0,0.0
2021-03-10 00:00:00-05:00,226.79363,227.09947,219.86749,220.48859,10491200,0.0,0.0
2021-03-11 00:00:00-05:00,223.21763,227.47119,221.14732,226.60542,15162500,0.0,0.0
2021-03-12 00:00:00-05:00,219.91926,221.5708,216.16539,218.20183,17778400,0.0,0.0
2021-03-15 00:00:00-04:00,214.94577,216.86551,212.9225,216.70554,14499700,0.0,0.0
2021-03-16 00:00:00-04:00,214.62584,216.30091,212.23556,213.55302,19336600,0.0,0.0
2021-03-17 00:00:00-04:00,213.14838,221.74019,212.49905,219.58517,16949500,0.0,0.0
2021-03-18 00:00:00-04:00,224.49746,225.38205,221.6743,222.49301,14822300,0.0,0.0
2021-03-19 00:00:00-04:00,225.53263,227.35827,222.92026,225.65495,15959700,0.0,0.0
2021-03-22 00:00:00-04:00,221.9519,224.46922,221.14731,223.14233,12063200,0.0,0.0
2021-03-23 00:00:00-04:00,223.31174,226.90656,221.61785,223.65993,12295600,0.0,0.0
2021-03-24 00:00:00-04:00,222.86945,223.31175,215.72687,216.05623,15949900,0.0,0.0
2021-03-25 00:00:00-04:00,211.73678,215.72685,209.38415,209.59119,24819800,0.0,0.0
2021-03-26 00:00:00-04:00,208.91364,215.72592,207.42678,213.86357,22030800,0.0,0.0
2021-03-29 00:00:00-04:00,212.19791,218.68176,211.8309,218.19241,18029100,0.0,0.0
2021-03-30 00:00:00-04:00,215.75511,216.86554,213.28013,215.73628,14828700,0.0,0.0
2021-03-31 00:00:00-04:00,216.33854,217.87246,213.12014,213.36481,16825400,0.0,0.0
2021-04-01 00:00:00-04:00,217.08195,217.61836,210.3252,211.13451,23497500,0.0,0.0
2021-04-05 00:00:00-04:00,213.17663,213.21428,209.40301,212.01913,14962100,0.0,0.0
2021-04-06 00:00:00-04:00,212.70607,218.32415,212.43317,216.97845,18100400,0.0,0.0
2021-04-07 00:00:00-04:00,212.78136,214.73875,211.54859,212.13203,18034900,0.0,0.0
2021-04-08 00:00:00-04:00,215.03048,215.89625,213.2613,214.78581,12211300,0.0,0.0
2021-04-09 00:00:00-04:00,211.59564,211.80267,208.27372,210.14641,19763000,0.0,0.0
2021-04-12 00:00:00-04:00,223.86695,230.47315,222.70004,229.62619,57500300,0.0,0.0
2021-04-13 00:00:00-04:00,229.29685,231.20718,225.56087,227.63118,20793000,0.0,0.0
2021-04-14 00:00:00-04:00,229.96498,230.64254,224.58216,225.12798,12405200,0.0,0.0
2021-04-15 00:00:00-04:00,225.85258,226.74657,224.08998,224.99622,11288900,0.0,0.0
2021-04-16 00:00:00-04:00,227.63116,227.63116,223.80109,224.6198,14418800,0.0,0.0
2021-04-19 00:00:00-04:00,223.4435,224.36572,219.08642,220.94029,11216000,0.0,0.0
2021-04-20 00:00:00-04:00,219.14287,220.79913,214.96459,216.32913,12093900,0.0,0.0
2021-04-21 00:00:00-04:00,215.81155,215.96213,212.74373,215.91507,14315900,0.0,0.0
2021-04-22 00:00:00-04:00,215.27985,220.20626,214.39056,215.83037,11986200,0.0,0.0
2021-04-23 00:00:00-04:00,217.05373,219.26521,216.92199,218.39944,8967000,0.0,0.0
2021-04-26 00:00:00-04:00,217.85365,219.72635,217.21374,218.98291,7792900,0.0,0.0
2021-04-27 00:00:00-04:00,219.67929,222.96355,218.39945,222.01309,11646300,0.0,0.0
2021-04-28 00:00:00-04:00,223.56583,225.11856,222.39892,222.76593,9187700,0.0,0.0
2021-04-29 00:00:00-04:00,223.77286,224.01754,218.88881,220.37566,9552800,0.0,0.0
2021-04-30 00:00:00-04:00,218.10773,220.06512,216.92199,217.33606,9326400,0.0,0.0
2021-05-03 00:00:00-04:00,217.63722,222.24837,216.8232,217.11023,13620900,0.0,0.0
2021-05-04 00:00:00-04:00,216.67731,217.8348,212.16026,214.46584,13260500,0.0,0.0
2021-05-05 00:00:00-04:00,214.55995,215.78332,213.36481,213.41187,10013800,0.0,0.0
2021-05-06 00:00:00-04:00,213.72243,214.97403,209.74179,213.0731,12247700,0.0,0.0
2021-05-07 00:00:00-04:00,214.46584,215.30338,211.78385,212.02852,10550000,0.0,0.0
2021-05-10 00:00:00-04:00,209.73236,209.73236,205.67643,206.58925,17266700,0.0,0.0
2021-05-11 00:00:00-04:00,201.11233,208.33961,200.44418,208.3302,13887700,0.0,0.0
2021-05-12 00:00:00-04:00,211.49214,212.00971,206.0905,206.93744,20366900,0.0,0.0
2021-05-13 00:00:00-04:00,200.58532,202.7968,192.3417,193.93208,51693900,0.0,0.0
2021-05-14 00:00:00-04:00,197.54948,198.50559,193.87562,197.15988,31626800,0.0,0.0
2021-05-17 00:00:00-04:00,198.19976,200.58532,197.09402,198.60912,20529800,0.0,0.0
2021-05-18 00:00:00-04:00,199.97365,202.48626,198.95731,201.12173,19519400,0.0,0.0
2021-05-19 00:00:00-04:00,198.65617,200.35948,197.73393,200.01128,17030400,0.0,0.0
2021-05-20 00:00:00-04:00,200.43945,204.80123,200.09597,204.19896,19123400,0.0,0.0
2021-05-21 00:00:00-04:00,202.54273,203.16383,197.49869,198.61855,22825500,0.0,0.0
2021-05-24 00:00:00-04:00,197.64925,199.51252,196.39764,198.03508,15884200,0.0,0.0
2021-05-25 00:00:00-04:00,200.2842,201.43229,198.57148,198.68442,14116100,0.0,0.0
2021-05-26 00:00:00-04:00,199.78545,201.14997,199.07024,199.2961,9405800,0.0,0.0
2021-05-27 00:00:00-04:00,201.54519,202.75916,200.00187,200.19949,18680200,0.0,0.0
2021-05-28 00:00:00-04:00,200.21831,201.88397,199.55957,201.34758,10401500,0.0,0.0
2021-06-01 00:00:00-04:00,209.87351,209.97703,205.37528,206.54218,23052800,0.0,0.0
2021-06-02 00:00:00-04:00,206.49512,206.97506,204.64126,206.64569,13126400,0.0,0.0
2021-06-03 00:00:00-04:00,205.14943,205.80817,203.55434,204.24602,12448100,0.0,0.0
2021-06-04 00:00:00-04:00,205.41291,206.16576,204.34012,206.1093,8999100,0.0,0.0
2021-06-07 00:00:00-04:00,205.14942,205.52584,202.97559,204.11426,9928600,0.0,0.0
2021-06-08 00:00:00-04:00,204.48126,205.36586,202.08159,203.09793,9443000,0.0,0.0
2021-06-09 00:00:00-04:00,202.5239,203.80374,200.7359,200.74532,10233600,0.0,0.0
2021-06-10 00:00:00-04:00,200.91469,202.13806,199.70073,200.51004,10735900,0.0,0.0
2021-06-11 00:00:00-04:00,200.86764,200.87706,198.56206,199.16434,12276600,0.0,0.0
2021-06-14 00:00:00-04:00,199.73838,202.48155,199.73274,201.32877,10773100,0.0,0.0
2021-06-15 00:00:00-04:00,201.54519,201.84633,197.28222,197.67746,12167000,0.0,0.0
2021-06-16 00:00:00-04:00,197.38574,199.1455,195.95157,196.98109,10917800,0.0,0.0
2021-06-17 00:00:00-04:00,197.52691,199.96425,197.40458,199.12671,11233700,0.0,0.0
2021-06-18 00:00:00-04:00,199.51252,201.23465,198.17622,199.78543,13724600,0.0,0.0
2021-06-21 00:00:00-04:00,198.13861,199.2961,196.67057,198.61855,9273800,0.0,0.0
2021-06-22 00:00:00-04:00,198.01625,199.18316,197.48926,198.8632,11092100,0.0,0.0
2021-06-23 00:00:00-04:00,201.56403,203.57788,200.56652,202.19453,13785800,0.0,0.0
2021-06-24 00:00:00-04:00,204.19896,206.63628,202.85324,205.50702,13488200,0.0,0.0
2021-06-25 00:00:00-04:00,208.64075,216.67733,208.0667,215.03049,27383900,0.0,0.0
2021-06-28 00:00:00-04:00,215.97153,217.2796,213.35541,215.11517,13564900,0.0,0.0
2021-06-29 00:00:00-04:00,213.33658,216.10328,212.30331,215.91507,10273800,0.0,0.0
2021-06-30 00:00:00-04:00,213.60949,214.54113,212.3767,213.41187,9348600,0.0,0.0
2021-07-01 00:00:00-04:00,214.62584,215.35986,208.49018,208.79131,13316400,0.0,0.0
2021-07-02 00:00:00-04:00,206.24106,206.56101,203.70022,204.91417,12989200,0.0,0.0
2021-07-06 00:00:00-04:00,202.62743,202.7027,197.03098,199.12671,23719900,0.0,0.0
2021-07-07 00:00:00-04:00,199.13611,199.55017,195.56952,195.73891,18340400,0.0,0.0
2021-07-08 00:00:00-04:00,189.81968,190.35607,186.57304,188.06932,33992500,0.0,0.0
2021-07-09 00:00:00-04:00,190.13965,195.05006,189.62206,193.80034,16911300,0.0,0.0
2021-07-12 00:00:00-04:00,191.8806,194.28499,191.05248,193.36746,11259500,0.0,0.0
2021-07-13 00:00:00-04:00,196.89639,200.26536,195.9177,197.15988,17375900,0.0,0.0
2021-07-14 00:00:00-04:00,202.79679,203.59669,198.59028,199.03258,19484200,0.0,0.0
2021-07-15 00:00:00-04:00,202.42979,203.83197,200.59568,202.10042,14283600,0.0,0.0
2021-07-16 00:00:00-04:00,202.18511,202.51447,198.99494,199.59721,11150200,0.0,0.0
2021-07-19 00:00:00-04:00,193.95091,196.75524,191.2595,196.59526,15865800,0.0,0.0
2021-07-20 00:00:00-04:00,196.67995,199.03258,195.23732,198.17622,9986800,0.0,0.0
2021-07-21 00:00:00-04:00,196.82111,199.36196,196.13414,198.63734,7650300,0.0,0.0
2021-07-22 00:00:00-04:00,200.1054,203.63435,200.06776,201.42287,10563100,0.0,0.0
2021-07-23 00:00:00-04:00,194.12969,194.69432,191.56062,194.35555,25539900,0.0,0.0
2021-07-26 00:00:00-04:00,186.67656,186.86948,179.62809,180.45621,55736800,0.0,0.0
2021-07-27 00:00:00-04:00,172.76782,175.8827,169.07889,175.10164,59265700,0.0,0.0
2021-07-28 00:00:00-04:00,179.01639,186.32837,178.5741,184.45567,34535200,0.0,0.0
2021-07-29 00:00:00-04:00,189.19389,189.28329,183.42053,185.89549,23363200,0.0,0.0
2021-07-30 00:00:00-04:00,179.34577,184.48862,179.26108,183.68402,17250600,0.0,0.0
2021-08-02 00:00:00-04:00,184.70037,190.15848,184.68154,188.29518,17889200,0.0,0.0
2021-08-03 00:00:00-04:00,183.51463,185.80139,180.68207,185.74493,20115900,0.0,0.0
2021-08-04 00:00:00-04:00,185.84846,191.29243,185.30264,188.87865,22327300,0.0,0.0
2021-08-05 00:00:00-04:00,187.52352,188.48339,185.9896,187.53293,9881400,0.0,0.0
2021-08-06 00:00:00-04:00,187.50469,187.57057,184.14512,184.81328,11967700,0.0,0.0
2021-08-09 00:00:00-04:00,183.10998,183.97574,181.45373,183.74048,14657200,0.0,0.0
2021-08-10 00:00:00-04:00,185.6414,186.75183,183.5739,184.19217,9983700,0.0,0.0
2021-08-11 00:00:00-04:00,185.01091,185.31204,183.25113,183.37347,8985100,0.0,0.0
2021-08-12 00:00:00-04:00,179.901,181.6043,178.50354,180.36212,12873400,0.0,0.0
2021-08-13 00:00:00-04:00,177.49191,178.10359,175.70391,177.50131,15377000,0.0,0.0
2021-08-16 00:00:00-04:00,174.0947,175.28042,170.81042,171.9397,21020700,0.0,0.0
2021-08-17 00:00:00-04:00,165.54994,167.40381,162.94322,163.48903,40558000,0.0,0.0
2021-08-18 00:00:00-04:00,163.83724,165.02296,161.96454,162.1904,34339800,0.0,0.0
2021-08-19 00:00:00-04:00,156.87343,157.4042,150.10727,151.08597,66663000,0.0,0.0
2021-08-20 00:00:00-04:00,154.44552,157.08988,146.33366,148.64865,75948900,0.0,0.0
2021-08-23 00:00:00-04:00,149.89083,151.95174,143.79281,151.5659,88699200,0.0,0.0
2021-08-24 00:00:00-04:00,159.07549,163.88615,158.24549,161.57869,62786400,0.0,0.0
2021-08-25 00:00:00-04:00,158.75556,159.61192,156.29001,159.13199,26055400,0.0,0.0
2021-08-26 00:00:00-04:00,157.58863,158.52027,155.10426,155.4995,18816500,0.0,0.0
2021-08-27 00:00:00-04:00,150.55898,152.23405,149.20386,150.06963,31718100,0.0,0.0
2021-08-30 00:00:00-04:00,150.72836,153.66444,148.90272,152.72339,23769400,0.0,0.0
2021-08-31 00:00:00-04:00,157.8145,159.03787,156.34646,157.14636,24629100,0.0,0.0
2021-09-01 00:00:00-04:00,159.56485,164.48655,159.34841,163.06557,29550200,0.0,0.0
2021-09-02 00:00:00-04:00,167.51674,167.67672,161.55047,161.86102,29302400,0.0,0.0
2021-09-03 00:00:00-04:00,159.53191,161.91748,158.92494,160.26123,16423500,0.0,0.0
2021-09-07 00:00:00-04:00,163.88428,166.41571,163.15026,164.83475,24608500,0.0,0.0
2021-09-08 00:00:00-04:00,163.97838,164.09131,159.28253,160.64706,18993000,0.0,0.0
2021-09-09 00:00:00-04:00,157.43807,159.07549,155.81946,157.45689,17295800,0.0,0.0
2021-09-10 00:00:00-04:00,161.10819,161.52225,157.72981,158.19093,15064300,0.0,0.0
2021-09-13 00:00:00-04:00,154.79372,157.02589,153.41037,155.65948,15458600,0.0,0.0
2021-09-14 00:00:00-04:00,153.25979,153.45647,150.07903,150.70953,20925900,0.0,0.0
2021-09-15 00:00:00-04:00,148.63923,148.71451,144.84679,148.55453,31796600,0.0,0.0
2021-09-16 00:00:00-04:00,145.78784,148.34657,144.61152,147.04884,24358900,0.0,0.0
2021-09-17 00:00:00-04:00,149.13799,150.926,148.77098,150.61545,25489000,0.0,0.0
2021-09-20 00:00:00-04:00,145.2985,145.99488,140.30151,142.56004,36177500,0.0,0.0
2021-09-21 00:00:00-04:00,142.64472,143.58577,140.75415,141.32724,19494700,0.0,0.0
2021-09-22 00:00:00-04:00,142.54121,144.92207,142.11774,142.93645,19832000,0.0,0.0
2021-09-23 00:00:00-04:00,143.58577,143.67987,140.79085,142.27771,24707500,0.0,0.0
2021-09-24 00:00:00-04:00,139.00287,139.27576,136.04796,136.52789,32067400,0.0,0.0
2021-09-27 00:00:00-04:00,136.37731,142.0895,135.92561,141.32724,24287400,0.0,0.0
2021-09-28 00:00:00-04:00,143.19053,144.66797,140.08505,143.40697,26299600,0.0,0.0
2021-09-29 00:00:00-04:00,141.59076,143.13408,138.78641,138.88052,17361300,0.0,0.0
2021-09-30 00:00:00-04:00,138.36294,140.76262,138.20672,139.32281,14291500,0.0,0.0
2021-10-01 00:00:00-04:00,138.41938,139.69921,134.89043,135.69974,20211000,0.0,0.0
2021-10-04 00:00:00-04:00,133.34713,133.53533,130.26988,131.39915,25218500,0.0,0.0
2021-10-05 00:00:00-04:00,131.16389,135.35157,130.98509,134.70224,14032100,0.0,0.0
2021-10-06 00:00:00-04:00,132.27433,136.35097,131.70971,135.60567,14875900,0.0,0.0
2021-10-07 00:00:00-04:00,142.14598,148.95919,141.86366,146.80418,46035900,0.0,0.0
2021-10-08 00:00:00-04:00,150.43664,153.18452,148.60159,151.99879,33499200,0.0,0.0
2021-10-11 00:00:00-04:00,159.6119,159.7907,154.28554,154.28554,42193600,0.0,0.0
2021-10-12 00:00:00-04:00,154.16791,155.96061,152.67635,153.39154,24512700,0.0,0.0
2021-10-13 00:00:00-04:00,154.6902,158.34618,153.95618,157.53217,18595000,0.0,0.0
2021-10-14 00:00:00-04:00,158.34148,159.02846,154.7655,156.94873,17403700,0.0,0.0
2021-10-15 00:00:00-04:00,157.14636,159.79071,155.68302,158.09682,20762800,0.0,0.0
2021-10-18 00:00:00-04:00,156.76052,159.27312,156.76052,156.98637,18945900,0.0,0.0
2021-10-19 00:00:00-04:00,160.54355,166.98035,160.40239,166.56628,33538900,0.0,0.0
2021-10-20 00:00:00-04:00,170.28343,171.35623,165.74756,166.73566,33714400,0.0,0.0
2021-10-21 00:00:00-04:00,166.56628,169.1824,166.29338,166.96152,16444000,0.0,0.0
2021-10-22 00:00:00-04:00,168.52368,171.35624,165.44643,167.22502,20807300,0.0,0.0
2021-10-25 00:00:00-04:00,167.37557,167.77081,163.58313,165.78519,13119700,0.0,0.0
2021-10-26 00:00:00-04:00,164.19483,164.59007,157.60746,159.96951,17577000,0.0,0.0
2021-10-27 00:00:00-04:00,157.65452,162.28449,157.47571,159.2543,11801800,0.0,0.0
2021-10-28 00:00:00-04:00,158.55794,160.3083,156.93933,159.7813,12440100,0.0,0.0
2021-10-29 00:00:00-04:00,157.22164,158.6238,153.12806,155.21719,17155400,0.0,0.0
2021-11-01 00:00:00-04:00,156.06414,161.76222,156.02651,160.1389,17609500,0.0,0.0
2021-11-02 00:00:00-04:00,157.24986,157.24986,153.16568,153.29742,19072900,0.0,0.0
2021-11-03 00:00:00-04:00,155.61244,156.82639,153.49507,156.44057,13569700,0.0,0.0
2021-11-04 00:00:00-04:00,159.30135,159.92245,154.80312,155.07602,16669200,0.0,0.0
2021-11-05 00:00:00-04:00,155.08073,155.08073,148.9686,149.37325,22098200,0.0,0.0
2021-11-08 00:00:00-05:00,152.22934,152.60106,150.07903,152.60106,16223100,0.0,0.0
2021-11-09 00:00:00-05:00,152.60105,154.78429,150.13548,150.74718,14010100,0.0,0.0
2021-11-10 00:00:00-05:00,154.03144,156.66639,152.2811,154.30435,17216800,0.0,0.0
2021-11-11 00:00:00-05:00,156.74169,159.63073,156.74169,157.95566,16747500,0.0,0.0
2021-11-12 00:00:00-05:00,155.43738,157.90859,153.76795,156.97694,13741800,0.0,0.0
2021-11-15 00:00:00-05:00,157.36279,158.5297,155.90416,156.72287,9655700,0.0,0.0
2021-11-16 00:00:00-05:00,158.66144,159.92245,156.8452,158.50145,11887500,0.0,0.0
2021-11-17 00:00:00-05:00,158.11563,158.37913,151.63648,152.05525,18829500,0.0,0.0
2021-11-18 00:00:00-05:00,138.25001,139.74628,133.52593,135.13513,61571500,0.0,0.0
2021-11-19 00:00:00-05:00,134.60813,136.50906,131.74734,132.06729,28575700,0.0,0.0
2021-11-22 00:00:00-05:00,131.65322,132.40607,127.2397,128.56657,26390400,0.0,0.0
2021-11-23 00:00:00-05:00,128.01323,128.78302,125.45169,125.78106,24102900,0.0,0.0
2021-11-24 00:00:00-05:00,125.25409,128.69833,123.48491,128.47249,20010400,0.0,0.0
2021-11-26 00:00:00-05:00,125.09409,126.08219,123.4849,125.48934,14814900,0.0,0.0
2021-11-29 00:00:00-05:00,126.33628,126.6186,122.85439,123.85191,18648900,0.0,0.0
2021-11-30 00:00:00-05:00,122.24365,123.57901,118.69494,120.01241,32625400,0.0,0.0
2021-12-01 00:00:00-05:00,120.80289,121.54162,114.71429,115.26951,29203800,0.0,0.0
2021-12-02 00:00:00-05:00,115.76827,117.63155,112.30519,114.8084,34478600,0.0,0.0
2021-12-03 00:00:00-05:00,111.04419,111.22299,102.2924,105.36023,70266500,0.0,0.0
2021-12-06 00:00:00-05:00,106.9412,116.52111,106.74358,116.31408,43111400,0.0,0.0
2021-12-07 00:00:00-05:00,121.67808,121.81924,116.18233,118.13972,38542800,0.0,0.0
2021-12-08 00:00:00-05:00,115.94706,119.48542,114.16847,117.70683,22275000,0.0,0.0
2021-12-09 00:00:00-05:00,117.28336,120.22885,115.94894,116.6058,23499300,0.0,0.0
2021-12-10 00:00:00-05:00,115.95648,117.82917,115.54241,117.68801,15008300,0.0,0.0
2021-12-13 00:00:00-05:00,115.74944,115.98471,112.69102,115.03424,15820500,0.0,0.0
2021-12-14 00:00:00-05:00,113.80148,120.12535,113.20862,119.11842,17691500,0.0,0.0
2021-12-15 00:00:00-05:00,115.40125,116.30466,110.82774,115.25069,24893500,0.0,0.0
2021-12-16 00:00:00-05:00,115.10954,118.28089,111.89114,113.16156,22533400,0.0,0.0
2021-12-17 00:00:00-05:00,112.44635,115.62711,110.86538,114.9025,19781100,0.0,0.0
2021-12-20 00:00:00-05:00,111.51471,111.82526,106.99296,108.22103,23970500,0.0,0.0
2021-12-21 00:00:00-05:00,109.96197,115.73062,109.7267,115.73062,18036300,0.0,0.0
2021-12-22 00:00:00-05:00,110.18783,111.66529,108.36219,110.86539,24502000,0.0,0.0
2021-12-23 00:00:00-05:00,109.91493,112.54046,108.58804,111.66528,17563300,0.0,0.0
2021-12-27 00:00:00-05:00,110.85598,114.62019,109.25807,109.7173,17864400,0.0,0.0
2021-12-28 00:00:00-05:00,109.40676,109.55732,107.72227,108.03282,17052100,0.0,0.0
2021-12-29 00:00:00-05:00,107.09177,107.46819,103.87337,105.48257,21100500,0.0,0.0
2021-12-30 00:00:00-05:00,105.99073,116.97281,105.68018,115.74003,45437100,0.0,0.0
2021-12-31 00:00:00-05:00,114.08379,115.66476,111.59941,111.78762,24287000,0.0,0.0
2022-01-03 00:00:00-05:00,112.34283,114.76133,108.99269,113.28388,16775300,0.0,0.0
2022-01-04 00:00:00-05:00,112.484,113.74501,108.94564,112.51223,20824000,0.0,0.0
2022-01-05 00:00:00-05:00,111.04418,119.15606,110.76187,114.01791,36651100,0.0,0.0
2022-01-06 00:00:00-05:00,116.93518,120.83113,116.18703,119.16547,32045800,0.0,0.0
2022-01-07 00:00:00-05:00,122.56267,125.9881,120.62409,122.15801,38113000,0.0,0.0
2022-01-10 00:00:00-05:00,124.20952,124.78356,118.78905,120.73703,23372200,0.0,0.0
2022-01-11 00:00:00-05:00,121.59338,126.31745,119.95594,124.39771,23616400,0.0,0.0
2022-01-12 00:00:00-05:00,128.00195,130.52396,127.5926,129.31001,25961100,0.0,0.0
2022-01-13 00:00:00-05:00,127.23029,127.90784,123.56019,123.62605,19887700,0.0,0.0
2022-01-14 00:00:00-05:00,124.98117,126.4398,121.72513,123.81427,18614900,0.0,0.0
2022-01-18 00:00:00-05:00,118.82669,124.34126,117.46216,121.01935,26122200,0.0,0.0
2022-01-19 00:00:00-05:00,120.54882,123.14612,119.63599,120.21003,14665200,0.0,0.0
2022-01-20 00:00:00-05:00,127.76668,128.68891,122.97672,123.30609,28966400,0.0,0.0
2022-01-21 00:00:00-05:00,120.67115,121.35813,115.29869,115.9659,26341400,0.0,0.0
2022-01-24 00:00:00-05:00,112.28637,113.66031,108.52217,113.27448,28509300,0.0,0.0
2022-01-25 00:00:00-05:00,112.8416,115.24128,111.08183,112.11699,22224100,0.0,0.0
2022-01-26 00:00:00-05:00,113.80147,113.80147,106.30316,106.68712,27513200,0.0,0.0
2022-01-27 00:00:00-05:00,106.44244,107.78814,103.76985,105.20025,21472700,0.0,0.0
2022-01-28 00:00:00-05:00,106.57419,108.52217,103.57223,108.43748,18892400,0.0,0.0
2022-01-31 00:00:00-05:00,111.20416,118.45027,110.57366,118.37498,20346500,0.0,0.0
2022-02-01 00:00:00-05:00,117.45275,120.45471,115.72122,119.72069,15036100,0.0,0.0
2022-02-02 00:00:00-05:00,120.10651,120.10651,114.02731,115.63651,14050100,0.0,0.0
2022-02-03 00:00:00-05:00,114.38493,117.88564,113.61327,116.19175,16651500,0.0,0.0
2022-02-04 00:00:00-05:00,114.12142,116.63404,112.60633,115.01543,13538200,0.0,0.0
2022-02-07 00:00:00-05:00,109.25619,109.67967,106.90356,108.05164,28589200,0.0,0.0
2022-02-08 00:00:00-05:00,111.19476,115.03425,109.91493,114.71429,22340500,0.0,0.0
2022-02-09 00:00:00-05:00,115.83414,119.32546,114.75194,119.04314,18253600,0.0,0.0
2022-02-10 00:00:00-05:00,116.79402,120.77467,116.12587,116.67168,16116600,0.0,0.0
2022-02-11 00:00:00-05:00,117.94681,119.25017,114.75194,115.04366,13889900,0.0,0.0
2022-02-14 00:00:00-05:00,113.45328,115.16977,112.33344,114.73312,13154900,0.0,0.0
2022-02-15 00:00:00-05:00,116.47405,119.33015,116.10516,118.79845,14634700,0.0,0.0
2022-02-16 00:00:00-05:00,118.2056,120.05948,117.17045,118.15855,17993300,0.0,0.0
2022-02-17 00:00:00-05:00,117.63155,121.77218,116.7432,117.09515,15906000,0.0,0.0
2022-02-18 00:00:00-05:00,113.75442,113.75442,110.29135,111.97583,21201400,0.0,0.0
2022-02-22 00:00:00-05:00,107.27998,108.07988,105.45434,106.27306,21755100,0.0,0.0
2022-02-23 00:00:00-05:00,108.31513,108.59745,103.13934,103.25227,24489200,0.0,0.0
2022-02-24 00:00:00-05:00,94.17488,102.52766,94.12406,102.50884,35294700,0.0,0.0
2022-02-25 00:00:00-05:00,101.53014,102.15124,97.86945,101.57719,21428400,0.0,0.0
2022-02-28 00:00:00-05:00,99.72332,101.15372,97.53067,98.9893,23063500,0.0,0.0
2022-03-01 00:00:00-05:00,99.61039,104.69207,99.61039,100.77729,21218500,0.0,0.0
2022-03-02 00:00:00-05:00,101.05962,101.05962,97.15425,99.20574,20791800,0.0,0.0
2022-03-03 00:00:00-05:00,99.77979,100.34442,95.11217,96.0344,21725900,0.0,0.0
2022-03-04 00:00:00-05:00,94.37814,98.23646,93.47474,94.66987,24574700,0.0,0.0
2022-03-07 00:00:00-05:00,93.69117,97.26717,92.78776,92.84423,20679400,0.0,0.0
2022-03-08 00:00:00-05:00,93.46532,94.9616,89.93638,91.75261,23275500,0.0,0.0
2022-03-09 00:00:00-05:00,94.34991,95.01806,92.52427,94.98042,20853600,0.0,0.0
2022-03-10 00:00:00-05:00,89.57878,90.05871,85.46638,87.44259,37671200,0.0,0.0
2022-03-11 00:00:00-05:00,87.76255,88.41187,81.57043,81.59866,39341800,0.0,0.0
2022-03-14 00:00:00-04:00,75.94293,77.58977,72.53632,73.17624,69992600,0.0,0.0
2022-03-15 00:00:00-04:00,70.67303,75.41594,68.96032,72.23518,86209300,0.0,0.0
2022-03-16 00:00:00-04:00,86.57683,99.50689,81.9845,98.79169,159834300,0.0,0.0
2022-03-17 00:00:00-04:00,93.29594,95.88383,90.12459,94.45344,80663200,0.0,0.0
2022-03-18 00:00:00-04:00,94.57577,105.1532,93.72882,101.91599,83781800,0.0,0.0
2022-03-21 00:00:00-04:00,96.74959,99.45042,92.88187,97.48361,58882900,0.0,0.0
2022-03-22 00:00:00-04:00,107.28939,111.27004,105.74606,108.21162,88193400,0.0,0.0
2022-03-23 00:00:00-04:00,108.87976,116.79495,106.03778,110.32898,81605700,0.0,0.0
2022-03-24 00:00:00-04:00,106.20717,109.6326,104.28742,108.36218,55850200,0.0,0.0
2022-03-25 00:00:00-04:00,104.01453,107.14823,102.95114,106.32951,42396500,0.0,0.0
2022-03-28 00:00:00-04:00,107.14823,109.37853,105.32259,108.30573,30168000,0.0,0.0
2022-03-29 00:00:00-04:00,111.38297,112.54987,108.91741,109.83023,28060900,0.0,0.0
2022-03-30 00:00:00-04:00,108.7292,113.02228,108.7292,109.70789,28381700,0.0,0.0
2022-03-31 00:00:00-04:00,108.24926,108.30572,102.30181,102.38651,31240200,0.0,0.0
2022-04-01 00:00:00-04:00,110.68659,111.93818,103.2805,103.70397,55873000,0.0,0.0
2022-04-04 00:00:00-04:00,108.87977,111.25123,106.69183,110.57367,39088500,0.0,0.0
2022-04-05 00:00:00-04:00,108.22103,108.22103,103.73221,104.45682,35226000,0.0,0.0
2022-04-06 00:00:00-04:00,102.80057,103.01701,99.86449,101.33253,23739800,0.0,0.0
2022-04-07 00:00:00-04:00,100.39147,101.19137,96.56139,98.12354,26814300,0.0,0.0
2022-04-08 00:00:00-04:00,98.32116,100.19385,97.23801,97.42715,20814900,0.0,0.0
2022-04-11 00:00:00-04:00,95.13098,97.79416,93.31476,95.56387,23504100,0.0,0.0
2022-04-12 00:00:00-04:00,95.21569,96.2979,93.53121,93.86999,23953600,0.0,0.0
2022-04-13 00:00:00-04:00,93.39004,95.37567,92.42076,94.13348,18330400,0.0,0.0
2022-04-14 00:00:00-04:00,91.55499,93.41922,89.687,89.86109,20931200,0.0,0.0
2022-04-18 00:00:00-04:00,88.24248,89.66347,86.40743,89.12708,19159200,0.0,0.0
2022-04-19 00:00:00-04:00,86.84973,88.41187,85.58872,87.9884,23870000,0.0,0.0
2022-04-20 00:00:00-04:00,87.96959,88.17661,84.00775,84.1395,20949700,0.0,0.0
2022-04-21 00:00:00-04:00,84.27124,84.70412,80.36587,80.92109,25639000,0.0,0.0
2022-04-22 00:00:00-04:00,81.40104,85.33464,81.22318,81.39162,25130300,0.0,0.0
2022-04-25 00:00:00-04:00,77.82503,81.09048,76.97808,80.77993,24674000,0.0,0.0
2022-04-26 00:00:00-04:00,80.80818,81.15636,78.37085,79.03899,21194600,0.0,0.0
2022-04-27 00:00:00-04:00,80.29059,84.1395,79.78242,83.11375,29351600,0.0,0.0
2022-04-28 00:00:00-04:00,83.39607,85.61695,81.8151,85.55108,17707500,0.0,0.0
2022-04-29 00:00:00-04:00,95.54505,97.41774,90.96213,91.36678,44933400,0.0,0.0
2022-05-02 00:00:00-04:00,90.72686,95.34743,89.54114,95.24391,25479500,0.0,0.0
2022-05-03 00:00:00-04:00,94.22757,96.63667,93.56883,94.46283,15216100,0.0,0.0
2022-05-04 00:00:00-04:00,91.95964,95.58269,90.91507,95.43213,17740600,0.0,0.0
2022-05-05 00:00:00-04:00,92.16668,92.66544,88.50599,89.0612,18673100,0.0,0.0
2022-05-06 00:00:00-04:00,87.85665,88.32718,83.48075,84.74177,18568600,0.0,0.0
2022-05-09 00:00:00-04:00,81.82921,83.37724,79.45305,79.83888,23338600,0.0,0.0
2022-05-10 00:00:00-04:00,83.41489,83.41489,78.5873,79.58481,23400900,0.0,0.0
2022-05-11 00:00:00-04:00,80.46939,82.3609,76.66754,76.91222,24962400,0.0,0.0
2022-05-12 00:00:00-04:00,75.9241,78.22027,73.41149,76.30993,23833100,0.0,0.0
2022-05-13 00:00:00-04:00,77.27922,83.15138,77.16629,82.80319,20078400,0.0,0.0
2022-05-16 00:00:00-04:00,82.5303,83.82895,81.25046,81.38222,19644800,0.0,0.0
2022-05-17 00:00:00-04:00,87.28262,88.91064,84.26184,86.56741,27330300,0.0,0.0
2022-05-18 00:00:00-04:00,84.69472,86.23804,81.87156,82.16328,18991300,0.0,0.0
2022-05-19 00:00:00-04:00,81.0999,84.77941,80.68583,82.52089,20776400,0.0,0.0
2022-05-20 00:00:00-04:00,83.47135,84.8547,79.73538,81.67394,21020800,0.0,0.0
2022-05-23 00:00:00-04:00,81.92803,82.26211,79.76361,82.08801,13998200,0.0,0.0
2022-05-24 00:00:00-04:00,79.98005,80.10239,76.73342,77.6086,15214400,0.0,0.0
2022-05-25 00:00:00-04:00,78.78491,79.11428,76.29112,77.45802,23093700,0.0,0.0
2022-05-26 00:00:00-04:00,82.15389,89.48468,81.61749,88.91064,50825000,0.0,0.0
2022-05-27 00:00:00-04:00,86.77444,88.92945,85.04291,87.90371,26716000,0.0,0.0
2022-05-31 00:00:00-04:00,92.53368,93.46532,89.82345,90.38808,33790000,0.0,0.0
2022-06-01 00:00:00-04:00,90.24693,91.21621,86.46389,87.87547,23730900,0.0,0.0
2022-06-02 00:00:00-04:00,88.14838,91.87494,87.8943,91.75261,23228100,0.0,0.0
2022-06-03 00:00:00-04:00,89.54114,90.34104,87.53953,87.7155,15855900,0.0,0.0
2022-06-06 00:00:00-04:00,93.76647,96.38259,92.14315,93.17361,37287200,0.0,0.0
2022-06-07 00:00:00-04:00,94.09583,98.30233,93.55943,98.17059,35958700,0.0,0.0
2022-06-08 00:00:00-04:00,101.87833,113.9191,101.45485,112.56869,92337000,0.0,0.0
2022-06-09 00:00:00-04:00,108.22103,111.25122,102.98878,103.42166,72512300,0.0,0.0
2022-06-10 00:00:00-04:00,106.96002,108.05164,101.85951,103.3652,49859200,0.0,0.0
2022-06-13 00:00:00-04:00,97.50243,98.3682,91.82789,92.71247,36396700,0.0,0.0
2022-06-14 00:00:00-04:00,95.97792,99.82212,94.88631,99.02694,28567500,0.0,0.0
2022-06-15 00:00:00-04:00,100.5138,102.22652,98.22893,101.66189,24026100,0.0,0.0
2022-06-16 00:00:00-04:00,96.73078,98.72581,94.58518,95.46976,22357800,0.0,0.0
2022-06-17 00:00:00-04:00,105.90603,106.10365,95.35306,96.21319,73019300,0.0,0.0
2022-06-21 00:00:00-04:00,99.71391,100.75095,97.74711,100.11856,33975000,0.0,0.0
2022-06-22 00:00:00-04:00,98.0859,100.78672,97.00369,98.95167,24233000,0.0,0.0
2022-06-23 00:00:00-04:00,103.47812,106.42362,101.70989,105.50139,33228200,0.0,0.0
2022-06-24 00:00:00-04:00,108.50334,111.12887,107.56229,110.68658,27029900,0.0,0.0
2022-06-27 00:00:00-04:00,112.89807,114.22495,110.93126,111.73116,21724300,0.0,0.0
2022-06-28 00:00:00-04:00,111.96643,113.80148,109.64203,109.87729,18659400,0.0,0.0
2022-06-29 00:00:00-04:00,108.98328,110.18783,107.00707,109.19032,13793900,0.0,0.0
2022-06-30 00:00:00-04:00,107.06353,107.84461,104.81442,106.97884,13836200,0.0,0.0
2022-07-01 00:00:00-04:00,106.93178,109.75024,106.26364,109.16208,16679400,0.0,0.0
2022-07-05 00:00:00-04:00,107.75992,113.42505,105.52962,113.04863,20989300,0.0,0.0
2022-07-06 00:00:00-04:00,111.91937,112.92629,108.70097,112.09817,20222700,0.0,0.0
2022-07-07 00:00:00-04:00,113.51916,117.63156,113.51916,115.17542,24202000,0.0,0.0
2022-07-08 00:00:00-04:00,115.05307,118.42203,113.58502,113.77324,27221400,0.0,0.0
2022-07-11 00:00:00-04:00,108.6539,108.76683,102.88526,103.11111,31249900,0.0,0.0
2022-07-12 00:00:00-04:00,104.32508,104.45682,100.74907,102.77234,22318500,0.0,0.0
2022-07-13 00:00:00-04:00,100.54204,104.11804,100.45734,102.66882,16861400,0.0,0.0
2022-07-14 00:00:00-04:00,101.44546,102.14184,94.7734,97.64361,35314900,0.0,0.0
2022-07-15 00:00:00-04:00,97.38951,97.53067,92.07256,96.40141,33572300,0.0,0.0
2022-07-18 00:00:00-04:00,99.63862,100.65496,96.88134,97.06014,20503400,0.0,0.0
2022-07-19 00:00:00-04:00,97.84122,98.64111,95.54505,98.57524,19842500,0.0,0.0
2022-07-20 00:00:00-04:00,99.97741,100.84318,96.78724,97.83181,21897900,0.0,0.0
2022-07-21 00:00:00-04:00,97.92591,100.3256,97.56832,98.93284,17865500,0.0,0.0
2022-07-22 00:00:00-04:00,98.16117,98.52818,93.8041,94.67928,18819800,0.0,0.0
2022-07-25 00:00:00-04:00,94.57577,95.30038,92.91952,95.10276,16604300,0.0,0.0
2022-07-26 00:00:00-04:00,98.16118,99.04577,94.8675,95.46037,28004300,0.0,0.0
2022-07-27 00:00:00-04:00,96.17555,96.90017,93.91703,96.72137,19366600,0.0,0.0
2022-07-28 00:00:00-04:00,95.91206,96.62726,89.98344,94.62283,33875400,0.0,0.0
2022-07-29 00:00:00-04:00,88.66596,88.66596,83.85718,84.10186,59201800,0.0,0.0
2022-08-01 00:00:00-04:00,83.93247,85.20289,82.81262,85.01468,36050900,0.0,0.0
2022-08-02 00:00:00-04:00,83.00083,89.27765,83.00083,87.16029,34430500,0.0,0.0
2022-08-03 00:00:00-04:00,86.57682,90.62335,85.56048,90.07754,23921700,0.0,0.0
2022-08-04 00:00:00-04:00,95.11217,96.9284,89.45644,91.68674,42517800,0.0,0.0
2022-08-05 00:00:00-04:00,87.58374,88.6189,85.38169,87.10381,27206100,0.0,0.0
2022-08-08 00:00:00-04:00,86.07807,87.28261,85.01467,85.4852,16194100,0.0,0.0
2022-08-09 00:00:00-04:00,85.81457,87.6308,85.25934,85.81457,16744900,0.0,0.0
2022-08-10 00:00:00-04:00,85.79575,87.47082,83.3396,86.98148,17855400,0.0,0.0
2022-08-11 00:00:00-04:00,88.92004,91.95023,88.11074,89.27765,17521200,0.0,0.0
2022-08-12 00:00:00-04:00,86.11571,89.21177,86.04042,89.18353,17846400,0.0,0.0
2022-08-15 00:00:00-04:00,87.70608,89.05179,86.93442,88.64713,14425100,0.0,0.0
2022-08-16 00:00:00-04:00,87.22615,88.05427,86.01219,87.18851,12003200,0.0,0.0
2022-08-17 00:00:00-04:00,86.45449,86.94383,84.46887,84.47827,14491500,0.0,0.0
2022-08-18 00:00:00-04:00,84.74178,86.51095,83.30196,85.3911,13418600,0.0,0.0
2022-08-19 00:00:00-04:00,85.08056,86.24746,83.92306,84.34653,12364300,0.0,0.0
2022-08-22 00:00:00-04:00,84.29007,85.52285,84.03599,84.72295,15545000,0.0,0.0
2022-08-23 00:00:00-04:00,83.91365,84.86412,81.59867,84.53475,17345900,0.0,0.0
2022-08-24 00:00:00-04:00,82.71851,88.59821,82.38915,87.06617,22808300,0.0,0.0
2022-08-25 00:00:00-04:00,90.3975,95.07453,89.35293,94.00173,39170600,0.0,0.0
2022-08-26 00:00:00-04:00,98.65993,98.66934,91.85613,92.22314,45773400,0.0,0.0
2022-08-29 00:00:00-04:00,93.12654,94.9616,90.79273,90.90565,18323500,0.0,0.0
2022-08-30 00:00:00-04:00,90.20929,91.25386,87.16028,88.30836,17865800,0.0,0.0
2022-08-31 00:00:00-04:00,90.96214,92.8066,89.3247,89.78582,16169000,0.0,0.0
2022-09-01 00:00:00-04:00,87.28261,88.94827,86.26627,88.18602,11929100,0.0,0.0
2022-09-02 00:00:00-04:00,86.36038,88.1465,85.41933,86.38862,12378900,0.0,0.0
2022-09-06 00:00:00-04:00,84.0548,84.19596,82.62441,83.23608,15573500,0.0,0.0
2022-09-07 00:00:00-04:00,83.30196,85.50402,82.58299,85.25935,12753300,0.0,0.0
2022-09-08 00:00:00-04:00,83.3396,84.86411,83.07611,84.24301,13291800,0.0,0.0
2022-09-09 00:00:00-04:00,85.68282,87.42377,85.37227,86.70856,10745500,0.0,0.0
2022-09-12 00:00:00-04:00,86.97207,89.24941,86.39803,89.10826,15604000,0.0,0.0
2022-09-13 00:00:00-04:00,85.40992,86.74621,83.97011,84.19596,21149800,0.0,0.0
2022-09-14 00:00:00-04:00,84.18654,84.48768,82.97259,83.67838,10843600,0.0,0.0
2022-09-15 00:00:00-04:00,83.40547,85.72516,83.00081,83.59368,12188800,0.0,0.0
2022-09-16 00:00:00-04:00,82.5303,83.04788,80.3847,81.33517,19322000,0.0,0.0
2022-09-19 00:00:00-04:00,80.08356,82.59147,79.98946,82.49266,12822100,0.0,0.0
2022-09-20 00:00:00-04:00,82.76556,83.49959,79.99887,80.7423,19129000,0.0,0.0
2022-09-21 00:00:00-04:00,80.10238,80.14002,76.69577,76.78987,23847300,0.0,0.0
2022-09-22 00:00:00-04:00,77.75916,78.37084,75.44417,75.95234,19141200,0.0,0.0
2022-09-23 00:00:00-04:00,74.58782,75.06775,73.02567,74.15494,20492100,0.0,0.0
2022-09-26 00:00:00-04:00,75.22773,76.21207,74.1361,74.25845,17880600,0.0,0.0
2022-09-27 00:00:00-04:00,74.7478,75.67004,72.55515,73.27976,16975100,0.0,0.0
2022-09-28 00:00:00-04:00,71.97639,76.67695,71.78347,76.21583,20725400,0.0,0.0
2022-09-29 00:00:00-04:00,73.44915,74.52195,72.21636,74.3996,17913600,0.0,0.0
2022-09-30 00:00:00-04:00,74.09846,76.95926,74.01377,75.27478,17116900,0.0,0.0
2022-10-03 00:00:00-04:00,75.05835,76.15468,73.44915,75.70767,13249600,0.0,0.0
2022-10-04 00:00:00-04:00,78.10735,80.0205,77.48625,79.15192,18252000,0.0,0.0
2022-10-05 00:00:00-04:00,79.14251,81.20341,78.34261,79.41541,13194000,0.0,0.0
2022-10-06 00:00:00-04:00,79.11428,80.22472,78.5967,79.34954,11583600,0.0,0.0
2022-10-07 00:00:00-04:00,77.49566,78.7755,75.99468,76.4511,11632400,0.0,0.0
2022-10-10 00:00:00-04:00,75.06775,75.08657,73.11977,74.56899,14070900,0.0,0.0
2022-10-11 00:00:00-04:00,72.81864,73.25153,69.76963,70.92713,18387900,0.0,0.0
2022-10-12 00:00:00-04:00,70.48482,72.15802,69.66611,71.2659,13247900,0.0,0.0
2022-10-13 00:00:00-04:00,67.98163,71.31296,67.19115,70.58835,17563400,0.0,0.0
2022-10-14 00:00:00-04:00,71.56705,71.65174,68.4898,68.71565,13675300,0.0,0.0
2022-10-17 00:00:00-04:00,70.72009,73.27975,70.68245,72.24459,14487400,0.0,0.0
2022-10-18 00:00:00-04:00,73.4115,74.00436,70.63539,71.83994,14970600,0.0,0.0
2022-10-19 00:00:00-04:00,68.96032,69.94843,66.36301,67.0688,23094500,0.0,0.0
2022-10-20 00:00:00-04:00,67.37936,70.52248,67.33231,67.7746,19173400,0.0,0.0
2022-10-21 00:00:00-04:00,67.00293,68.49921,65.3702,67.92516,19526800,0.0,0.0
2022-10-24 00:00:00-04:00,59.65331,60.32146,54.59045,59.42746,101023200,0.0,0.0
2022-10-25 00:00:00-04:00,61.2437,62.27791,57.64887,59.49334,69302400,0.0,0.0
2022-10-26 00:00:00-04:00,59.62508,65.68546,59.21102,64.4715,52957400,0.0,0.0
2022-10-27 00:00:00-04:00,61.58247,63.87864,61.56365,61.95889,25812600,0.0,0.0
2022-10-28 00:00:00-04:00,59.47452,60.36852,58.17586,59.98269,28638000,0.0,0.0
2022-10-31 00:00:00-04:00,59.74742,61.02725,59.49334,59.83212,20645300,0.0,0.0
2022-11-01 00:00:00-04:00,64.00097,64.41597,61.77068,61.97771,27257000,0.0,0.0
2022-11-02 00:00:00-04:00,62.56117,63.68102,60.5379,60.88609,28298100,0.0,0.0
2022-11-03 00:00:00-04:00,59.68154,62.93758,59.66272,61.36602,23360500,0.0,0.0
2022-11-04 00:00:00-04:00,66.9747,67.417,63.47399,65.69487,51292200,0.0,0.0
2022-11-07 00:00:00-05:00,67.09704,67.64284,64.62395,65.60076,26087600,0.0,0.0
2022-11-08 00:00:00-05:00,63.63397,64.85733,62.36354,64.1139,23870200,0.0,0.0
2022-11-09 00:00:00-05:00,62.51411,62.84348,60.9802,61.01784,22099300,0.0,0.0
2022-11-10 00:00:00-05:00,64.0198,65.86426,63.99157,65.65723,28757200,0.0,0.0
2022-11-11 00:00:00-05:00,68.05692,68.41451,65.22435,66.59828,38723400,0.0,0.0
2022-11-14 00:00:00-05:00,68.8474,69.63788,67.11586,67.12527,30310700,0.0,0.0
2022-11-15 00:00:00-05:00,74.27727,75.63239,73.22329,74.62547,53150500,0.0,0.0
2022-11-16 00:00:00-05:00,75.58533,75.70766,72.84687,73.55266,26637300,0.0,0.0
2022-11-17 00:00:00-05:00,71.51998,80.62937,71.29413,79.29308,62050600,0.0,0.0
2022-11-18 00:00:00-05:00,77.30746,77.65564,75.15245,75.7359,29528300,0.0,0.0
2022-11-21 00:00:00-05:00,74.05143,74.39961,71.96229,72.39517,19005100,0.0,0.0
2022-11-22 00:00:00-05:00,70.993,72.27283,70.18369,71.51057,20694100,0.0,0.0
2022-11-23 00:00:00-05:00,73.58089,74.19728,72.31987,73.87261,19032700,0.0,0.0
2022-11-25 00:00:00-05:00,71.04945,71.56704,70.50364,71.04945,13036900,0.0,0.0
2022-11-28 00:00:00-05:00,70.33425,72.85345,70.27779,71.40705,19107400,0.0,0.0
2022-11-29 00:00:00-05:00,75.51005,76.12173,74.76662,75.15245,24178100,0.0,0.0
2022-11-30 00:00:00-05:00,77.86268,84.34183,77.40157,82.39855,60169600,0.0,0.0
2022-12-01 00:00:00-05:00,79.37776,82.43618,79.29307,80.87404,20243000,0.0,0.0
2022-12-02 00:00:00-05:00,80.97756,86.43566,80.97756,84.75117,35042600,0.0,0.0
2022-12-05 00:00:00-05:00,87.42378,87.42378,84.34653,85.18407,30929800,0.0,0.0
2022-12-06 00:00:00-05:00,86.4639,87.11322,83.94187,86.05924,26675700,0.0,0.0
2022-12-07 00:00:00-05:00,81.92803,83.99835,81.51397,83.12317,19507400,0.0,0.0
2022-12-08 00:00:00-05:00,86.54859,88.77418,85.71106,88.6189,29241500,0.0,0.0
2022-12-09 00:00:00-05:00,87.77196,88.22367,85.84751,85.95573,15452100,0.0,0.0
2022-12-12 00:00:00-05:00,84.77941,85.53132,82.57735,84.1395,15190200,0.0,0.0
2022-12-13 00:00:00-05:00,87.94135,89.38116,84.97704,86.02161,21150600,0.0,0.0
2022-12-14 00:00:00-05:00,85.69223,85.88515,84.22419,85.55108,15575500,0.0,0.0
2022-12-15 00:00:00-05:00,87.60257,88.53421,80.97756,81.12813,30419400,0.0,0.0
2022-12-16 00:00:00-05:00,83.56546,85.23112,81.50455,81.67394,25084600,0.0,0.0
2022-12-19 00:00:00-05:00,84.45946,84.48769,81.40198,82.02213,20737000,0.0,0.0
2022-12-20 00:00:00-05:00,80.02711,82.05978,80.02711,80.85523,15315400,0.0,0.0
2022-12-21 00:00:00-05:00,80.93991,83.17679,80.42233,82.6338,18212900,0.0,0.0
2022-12-22 00:00:00-05:00,83.82896,84.403,81.56102,82.78439,16004800,0.0,0.0
2022-12-23 00:00:00-05:00,82.67146,83.4243,80.4788,80.60114,17949300,0.0,0.0
2022-12-27 00:00:00-05:00,81.44808,85.3431,81.12812,84.56297,22959900,0.0,0.0
2022-12-28 00:00:00-05:00,83.73485,84.83588,81.36809,82.05977,16268800,0.0,0.0
2022-12-29 00:00:00-05:00,82.45971,84.243,81.92801,83.87599,12535400,0.0,0.0
2022-12-30 00:00:00-05:00,82.29504,84.1395,82.2574,82.89731,11926700,0.0,0.0
2023-01-03 00:00:00-05:00,85.73929,88.8824,85.40051,86.55801,27891000,0.0,0.0
2023-01-04 00:00:00-05:00,93.02302,98.35879,91.25385,97.79416,53291800,0.0,0.0
2023-01-05 00:00:00-05:00,95.42272,99.46924,94.70752,98.41527,30400400,0.0,0.0
2023-01-06 00:00:00-05:00,97.97297,101.63366,96.42023,101.06903,21072400,0.0,0.0
2023-01-09 00:00:00-05:00,105.38846,106.44244,101.74659,104.29684,42085300,0.0,0.0
2023-01-10 00:00:00-05:00,106.31069,108.67274,104.65444,108.1081,33478600,0.0,0.0
2023-01-11 00:00:00-05:00,107.8446,108.41865,105.68959,108.23985,22804400,0.0,0.0
2023-01-12 00:00:00-05:00,106.96003,107.08236,104.88029,106.48009,16590600,0.0,0.0
2023-01-13 00:00:00-05:00,107.76932,111.02536,107.36466,110.11254,25615100,0.0,0.0
2023-01-17 00:00:00-05:00,108.71038,110.11255,107.59993,108.39983,16945600,0.0,0.0
2023-01-18 00:00:00-05:00,109.86787,109.86787,106.37657,106.54596,15347900,0.0,0.0
2023-01-19 00:00:00-05:00,107.29879,110.10313,107.25175,109.70789,18489900,0.0,0.0
2023-01-20 00:00:00-05:00,111.32839,112.98276,110.85598,112.79455,18342700,0.0,0.0
2023-01-23 00:00:00-05:00,112.92629,113.20861,111.17311,112.48399,13590200,0.0,0.0
2023-01-24 00:00:00-05:00,108.22102,112.92629,108.22102,112.3993,7807100,0.0,0.0
2023-01-25 00:00:00-05:00,111.52413,113.22743,110.57367,113.16156,9705000,0.0,0.0
2023-01-26 00:00:00-05:00,113.86735,114.14966,111.76127,113.46269,11171000,0.0,0.0
2023-01-27 00:00:00-05:00,112.63457,112.65339,109.92433,111.40179,18027400,0.0,0.0
2023-01-30 00:00:00-05:00,105.10615,106.48008,103.30873,104.64503,21918200,0.0,0.0
2023-01-31 00:00:00-05:00,102.96995,105.47315,102.39591,103.70397,15330000,0.0,0.0
2023-02-01 00:00:00-05:00,105.26612,107.23292,103.65692,106.16953,16623000,0.0,0.0
2023-02-02 00:00:00-05:00,105.86839,105.89192,101.45486,103.27109,23396900,0.0,0.0
2023-02-03 00:00:00-05:00,101.68071,103.07347,99.57275,100.0621,15982200,0.0,0.0
2023-02-06 00:00:00-05:00,97.70006,100.01505,97.13543,99.23397,15337500,0.0,0.0
2023-02-07 00:00:00-05:00,100.54204,101.02198,97.60596,99.28104,16861700,0.0,0.0
2023-02-08 00:00:00-05:00,100.78672,100.82436,97.44598,98.91402,14329500,0.0,0.0
2023-02-09 00:00:00-05:00,102.10419,103.33696,101.3984,102.06654,16281300,0.0,0.0
2023-02-10 00:00:00-05:00,99.56335,100.35383,96.73078,97.54008,18776000,0.0,0.0
2023-02-13 00:00:00-05:00,99.74215,100.08093,98.01062,98.61289,18538600,0.0,0.0
2023-02-14 00:00:00-05:00,97.44599,98.32117,95.8462,98.07649,12978400,0.0,0.0
2023-02-15 00:00:00-05:00,96.35436,97.34246,95.98735,97.00368,18230200,0.0,0.0
2023-02-16 00:00:00-05:00,96.6555,98.3588,96.01558,97.03192,21747100,0.0,0.0
2023-02-17 00:00:00-05:00,95.04629,95.13099,93.39945,94.11465,18121600,0.0,0.0
2023-02-21 00:00:00-05:00,90.81156,91.87025,89.11766,89.49409,27172700,0.0,0.0
2023-02-22 00:00:00-05:00,89.94108,90.23752,88.04016,89.19295,24484000,0.0,0.0
2023-02-23 00:00:00-05:00,94.19934,94.54754,86.69915,88.6095,40482900,0.0,0.0
2023-02-24 00:00:00-05:00,84.7606,86.27569,82.84085,83.75367,36174500,0.0,0.0
2023-02-27 00:00:00-05:00,85.49461,85.86162,83.65485,83.98893,25840000,0.0,0.0
2023-02-28 00:00:00-05:00,83.24549,84.07362,82.12564,82.61499,24597200,0.0,0.0
2023-03-01 00:00:00-05:00,87.44259,87.44259,84.44063,84.64766,35434900,0.0,0.0
2023-03-02 00:00:00-05:00,83.71602,85.55954,82.78438,84.45945,24829000,0.0,0.0
2023-03-03 00:00:00-05:00,84.79823,85.1276,83.18904,84.4124,25834300,0.0,0.0
2023-03-06 00:00:00-05:00,84.30418,85.91809,82.84084,84.33712,16983900,0.0,0.0
2023-03-07 00:00:00-05:00,84.24301,84.74178,83.00082,83.49959,14514700,0.0,0.0
2023-03-08 00:00:00-05:00,82.23857,82.59617,81.35398,81.82451,14721500,0.0,0.0
2023-03-09 00:00:00-05:00,80.10238,80.63878,77.98971,78.45554,24327700,0.0,0.0
2023-03-10 00:00:00-05:00,77.76857,79.53774,77.47684,78.0697,18123100,0.0,0.0
2023-03-13 00:00:00-04:00,78.11677,78.81785,77.13807,78.01325,17848300,0.0,0.0
2023-03-14 00:00:00-04:00,77.97562,78.96373,77.31688,78.90726,20126100,0.0,0.0
2023-03-15 00:00:00-04:00,76.74282,77.67446,75.42535,76.70518,21025300,0.0,0.0
2023-03-16 00:00:00-04:00,76.65813,77.618,75.90529,77.37333,22877500,0.0,0.0
2023-03-17 00:00:00-04:00,79.0484,79.19898,75.86765,76.85575,23711100,0.0,0.0
2023-03-20 00:00:00-04:00,75.42535,77.07219,74.79485,76.22524,19536500,0.0,0.0
2023-03-21 00:00:00-04:00,77.59918,79.13121,77.1663,78.76608,16529400,0.0,0.0
2023-03-22 00:00:00-04:00,79.83889,80.35647,78.58729,78.71904,21204700,0.0,0.0
2023-03-23 00:00:00-04:00,82.51148,83.17021,80.23413,81.41985,26861400,0.0,0.0
2023-03-24 00:00:00-04:00,80.80818,82.91613,80.58232,81.77746,20332500,0.0,0.0
2023-03-27 00:00:00-04:00,81.99389,83.01964,80.45998,81.04343,18258300,0.0,0.0
2023-03-28 00:00:00-04:00,89.72935,93.64413,86.63329,92.59956,118875200,0.0,0.0
2023-03-29 00:00:00-04:00,91.83731,95.35685,90.60453,94.02996,53695000,0.0,0.0
2023-03-30 00:00:00-04:00,95.36625,98.85756,94.57577,97.286,57780700,0.0,0.0
2023-03-31 00:00:00-04:00,96.79665,97.49303,95.17052,96.15674,28382600,0.0,0.0
2023-04-03 00:00:00-04:00,94.94279,95.75209,91.85614,92.59016,26888100,0.0,0.0
2023-04-04 00:00:00-04:00,93.10773,95.48859,91.52676,94.7828,26868400,0.0,0.0
2023-04-05 00:00:00-04:00,93.39004,94.52871,91.90318,92.74072,20117700,0.0,0.0
2023-04-06 00:00:00-04:00,92.7219,97.15426,92.47723,96.68373,26849200,0.0,0.0
2023-04-10 00:00:00-04:00,94.68869,96.76842,94.66045,95.55446,16308300,0.0,0.0
2023-04-11 00:00:00-04:00,96.42023,96.49552,93.3524,93.87939,19017700,0.0,0.0
2023-04-12 00:00:00-04:00,92.05375,93.06067,88.06369,88.30836,35516000,0.0,0.0
2023-04-13 00:00:00-04:00,90.22341,91.46089,89.48939,90.50101,24231700,0.0,0.0
2023-04-14 00:00:00-04:00,89.99284,90.45396,88.30836,88.97651,14098700,0.0,0.0
2023-04-17 00:00:00-04:00,91.0374,91.49852,89.86109,90.73627,15714100,0.0,0.0
2023-04-18 00:00:00-04:00,93.18301,93.32416,89.57031,89.86109,20672300,0.0,0.0
2023-04-19 00:00:00-04:00,89.02355,89.23058,87.47081,87.97898,18985200,0.0,0.0
2023-04-20 00:00:00-04:00,87.84725,88.26131,84.74178,85.3911,25533900,0.0,0.0
2023-04-21 00:00:00-04:00,84.65707,84.87351,83.09492,83.87599,23097300,0.0,0.0
2023-04-24 00:00:00-04:00,83.18903,83.26432,80.96815,81.76804,22757100,0.0,0.0
2023-04-25 00:00:00-04:00,80.2906,80.6482,77.36581,78.03207,36441300,0.0,0.0
2023-04-26 00:00:00-04:00,80.0271,80.19648,77.8815,77.93796,24983000,0.0,0.0
2023-04-27 00:00:00-04:00,78.17322,79.65068,77.76857,79.4907,24506800,0.0,0.0
2023-04-28 00:00:00-04:00,79.21779,80.06474,78.92607,79.69773,18109300,0.0,0.0
2023-05-01 00:00:00-04:00,79.18956,80.25295,78.83291,79.19897,12909200,0.0,0.0
2023-05-02 00:00:00-04:00,78.24851,78.37085,75.89965,76.72401,20689500,0.0,0.0
2023-05-03 00:00:00-04:00,76.51227,77.1663,75.74531,76.67696,17759400,0.0,0.0
2023-05-04 00:00:00-04:00,77.53331,78.22968,76.97809,77.62741,23773800,0.0,0.0
2023-05-05 00:00:00-04:00,77.87209,78.46495,77.19453,78.31438,17527600,0.0,0.0
2023-05-08 00:00:00-04:00,78.70021,78.76608,77.48625,78.39907,17392900,0.0,0.0
2023-05-09 00:00:00-04:00,75.79706,77.78739,75.42535,77.37333,13457400,0.0,0.0
2023-05-10 00:00:00-04:00,77.29804,79.51892,76.94985,78.06029,16868100,0.0,0.0
2023-05-11 00:00:00-04:00,80.3941,83.26432,79.82006,82.70909,28104200,0.0,0.0
2023-05-12 00:00:00-04:00,81.59865,81.59865,79.76361,80.30941,19042800,0.0,0.0
2023-05-15 00:00:00-04:00,81.9939,83.18904,80.77335,83.13257,23691200,0.0,0.0
2023-05-16 00:00:00-04:00,81.97508,84.10186,81.92802,83.52782,18177900,0.0,0.0
2023-05-17 00:00:00-04:00,83.2455,86.04042,82.82202,85.33463,27670700,0.0,0.0
2023-05-18 00:00:00-04:00,85.45697,85.63577,79.98946,80.71407,60258600,0.0,0.0
2023-05-19 00:00:00-04:00,78.90724,80.17766,78.55905,79.02958,21571800,0.0,0.0
2023-05-22 00:00:00-04:00,80.61997,82.32328,80.60115,81.02462,16951300,0.0,0.0
2023-05-23 00:00:00-04:00,79.19898,79.96593,77.82503,77.99442,19917800,0.0,0.0
2023-05-24 00:00:00-04:00,77.32157,77.73093,76.11232,76.42287,17045800,0.0,0.0
2023-05-25 00:00:00-04:00,75.83942,75.95235,73.51503,74.13612,21811600,0.0,0.0
2023-05-26 00:00:00-04:00,75.19009,76.75788,73.77851,76.19701,16399200,0.0,0.0
2023-05-30 00:00:00-04:00,75.39712,75.94293,73.56207,74.03259,21209600,0.0,0.0
2023-05-31 00:00:00-04:00,74.88896,74.96894,73.18565,74.86073,16206300,0.0,0.0
2023-06-01 00:00:00-04:00,74.67251,79.04841,74.67251,78.10735,23217600,0.0,0.0
2023-06-02 00:00:00-04:00,80.06475,80.95874,79.18016,79.30249,17616100,0.0,0.0
2023-06-05 00:00:00-04:00,79.03899,79.5848,78.3332,79.42483,8204000,0.0,0.0
2023-06-06 00:00:00-04:00,78.57788,81.92802,78.45554,81.58924,18452000,0.0,0.0
2023-06-07 00:00:00-04:00,80.66702,81.82451,80.07415,80.25295,12886700,0.0,0.0
2023-06-08 00:00:00-04:00,80.14943,81.82451,80.14943,81.06226,11281000,0.0,0.0
2023-06-09 00:00:00-04:00,80.98698,81.71912,80.05064,80.45999,12903400,0.0,0.0
2023-06-12 00:00:00-04:00,80.93993,82.14447,80.58232,80.79877,11559000,0.0,0.0
2023-06-13 00:00:00-04:00,82.77497,83.9607,82.10683,82.3515,16814100,0.0,0.0
2023-06-14 00:00:00-04:00,82.78438,84.80765,82.53971,84.09245,21519300,0.0,0.0
2023-06-15 00:00:00-04:00,86.06866,87.30144,85.25935,86.76504,26570500,0.0,0.0
2023-06-16 00:00:00-04:00,88.45893,88.73184,86.12512,86.67093,25087700,0.0,0.0
2023-06-20 00:00:00-04:00,84.53474,84.88293,82.1727,82.74674,23382900,0.0,0.0
2023-06-21 00:00:00-04:00,82.22916,83.90424,81.51396,81.65511,15159900,0.0,0.0
2023-06-22 00:00:00-04:00,81.66453,82.16799,80.29059,81.76804,10272700,0.0,0.0
2023-06-23 00:00:00-04:00,80.75171,80.87217,79.39659,79.91417,14907100,0.0,0.0
2023-06-26 00:00:00-04:00,80.2906,81.59866,80.18708,80.43176,10808700,0.0,0.0
2023-06-27 00:00:00-04:00,81.70217,82.45031,81.60336,81.9939,13994500,0.0,0.0
2023-06-28 00:00:00-04:00,80.69524,80.69524,79.40599,79.60361,14113800,0.0,0.0
2023-06-29 00:00:00-04:00,78.47436,79.03899,78.10735,78.62493,13362500,0.0,0.0
2023-06-30 00:00:00-04:00,78.32379,79.26484,78.11676,78.43671,12174300,0.0,0.0
2023-07-03 00:00:00-04:00,79.86711,80.58701,79.04839,79.11427,11514400,0.0,0.0
2023-07-05 00:00:00-04:00,79.02958,79.69773,77.93796,79.33072,11203900,0.0,0.0
2023-07-06 00:00:00-04:00,78.22028,79.00135,77.76857,78.89783,12930300,0.0,0.0
2023-07-07 00:00:00-04:00,81.64571,86.17217,81.52337,85.2123,46992100,0.0,0.0
2023-07-10 00:00:00-04:00,84.74179,86.61448,84.31831,85.22172,25401800,0.0,0.0
2023-07-11 00:00:00-04:00,85.65459,86.87796,83.76308,86.3792,20768800,0.0,0.0
2023-07-12 00:00:00-04:00,88.56244,89.42821,87.0944,88.45892,24161400,0.0,0.0
2023-07-13 00:00:00-04:00,89.42821,91.28678,89.02355,90.91507,24021400,0.0,0.0
2023-07-14 00:00:00-04:00,89.60701,90.42572,88.68477,88.98591,18897100,0.0,0.0
2023-07-17 00:00:00-04:00,86.81209,88.03546,85.67341,87.90371,17317300,0.0,0.0
2023-07-18 00:00:00-04:00,86.14394,86.77444,84.83587,85.82397,20221900,0.0,0.0
2023-07-19 00:00:00-04:00,88.05428,89.12707,86.66151,86.66151,17228100,0.0,0.0
2023-07-20 00:00:00-04:00,86.28511,87.63081,85.96515,86.48273,14753000,0.0,0.0
2023-07-21 00:00:00-04:00,87.41436,87.73432,86.14394,86.7368,13899100,0.0,0.0
2023-07-24 00:00:00-04:00,86.6427,91.72344,85.91809,90.6704,33376100,0.0,0.0
2023-07-25 00:00:00-04:00,92.38312,92.68425,89.03297,89.38116,25827300,0.0,0.0
2023-07-26 00:00:00-04:00,89.35293,91.79497,89.24942,91.41384,15833400,0.0,0.0
2023-07-27 00:00:00-04:00,91.98788,92.21373,89.5515,89.81405,18685500,0.0,0.0
2023-07-28 00:00:00-04:00,92.28901,95.25333,92.1855,94.62283,31956500,0.0,0.0
2023-07-31 00:00:00-04:00,93.90762,96.45787,93.84175,96.13792,17726500,0.0,0.0
2023-08-01 00:00:00-04:00,93.98291,95.19687,93.44651,94.19935,14333700,0.0,0.0
2023-08-02 00:00:00-04:00,91.95965,91.97847,88.98592,89.46586,19452300,0.0,0.0
2023-08-03 00:00:00-04:00,91.00918,92.68425,90.88684,91.8279,15370900,0.0,0.0
2023-08-04 00:00:00-04:00,91.97377,92.68426,90.99037,91.18799,13477300,0.0,0.0
2023-08-07 00:00:00-04:00,92.0161,92.03493,89.42821,90.86802,13893900,0.0,0.0
2023-08-08 00:00:00-04:00,87.99782,88.91064,87.44447,88.66596,13504700,0.0,0.0
2023-08-09 00:00:00-04:00,90.36457,90.62336,88.53422,89.25883,18640100,0.0,0.0
2023-08-10 00:00:00-04:00,92.51486,95.83677,91.39501,93.36181,53193100,0.0,0.0
2023-08-11 00:00:00-04:00,91.60204,91.89377,88.77888,90.07754,25222800,0.0,0.0
2023-08-14 00:00:00-04:00,88.68477,88.88239,87.07557,87.95075,17581000,0.0,0.0
2023-08-15 00:00:00-04:00,87.51788,87.52729,85.39581,86.19099,14756300,0.0,0.0
2023-08-16 00:00:00-04:00,84.34653,85.16525,83.08552,83.8666,23292400,0.0,0.0
2023-08-17 00:00:00-04:00,86.52036,86.52977,84.93939,85.3064,15732300,0.0,0.0
2023-08-18 00:00:00-04:00,82.60558,83.15139,81.73981,82.84084,20424800,0.0,0.0
2023-08-21 00:00:00-04:00,82.43619,83.58428,82.07859,83.34901,14167300,0.0,0.0
2023-08-22 00:00:00-04:00,84.01716,84.21478,82.68087,82.8879,11577600,0.0,0.0
2023-08-23 00:00:00-04:00,83.16081,85.24994,83.10434,84.54415,12185700,0.0,0.0
2023-08-24 00:00:00-04:00,85.15583,85.56048,83.7913,83.85718,10684500,0.0,0.0
2023-08-25 00:00:00-04:00,83.98894,84.73237,83.0667,84.52534,11382200,0.0,0.0
2023-08-28 00:00:00-04:00,86.1063,87.30143,85.90868,86.80267,14613800,0.0,0.0
2023-08-29 00:00:00-04:00,87.94135,88.54833,86.89678,88.48716,16928000,0.0,0.0
2023-08-30 00:00:00-04:00,87.09441,88.69419,87.01912,88.12956,13779900,0.0,0.0
2023-08-31 00:00:00-04:00,87.49906,87.85666,86.7274,87.42377,13332400,0.0,0.0
2023-09-01 00:00:00-04:00,88.97651,90.98095,88.94827,89.40939,17470400,0.0,0.0
2023-09-05 00:00:00-04:00,88.95768,89.76887,88.5248,89.07061,10097600,0.0,0.0
2023-09-06 00:00:00-04:00,88.60009,90.15283,88.58126,88.8824,10123600,0.0,0.0
2023-09-07 00:00:00-04:00,86.23804,86.35097,83.71132,84.66649,18667200,0.0,0.0
2023-09-08 00:00:00-04:00,84.31829,84.97703,83.49958,84.74177,10333300,0.0,0.0
2023-09-11 00:00:00-04:00,84.44064,85.02408,82.53971,83.48076,15773500,0.0,0.0
2023-09-12 00:00:00-04:00,82.99142,84.65708,82.982,83.09493,10262500,0.0,0.0
2023-09-13 00:00:00-04:00,82.75615,83.08552,82.23104,82.47383,10634900,0.0,0.0
2023-09-14 00:00:00-04:00,83.3302,83.37724,82.28563,82.81261,8643100,0.0,0.0
2023-09-15 00:00:00-04:00,82.59617,83.01964,81.70217,81.93743,10147700,0.0,0.0
2023-09-18 00:00:00-04:00,81.07168,82.03155,80.36118,81.89039,9291600,0.0,0.0
2023-09-19 00:00:00-04:00,81.04343,82.69968,81.00579,81.97507,9247000,0.0,0.0
2023-09-20 00:00:00-04:00,81.84333,82.34209,80.60115,80.68584,9228200,0.0,0.0
2023-09-21 00:00:00-04:00,78.91665,79.77772,78.82255,79.15192,10638900,0.0,0.0
2023-09-22 00:00:00-04:00,82.21504,83.63603,81.97508,83.09493,22469600,0.0,0.0
2023-09-25 00:00:00-04:00,80.81758,82.12565,80.71407,82.0786,9897200,0.0,0.0
2023-09-26 00:00:00-04:00,81.3634,81.93744,80.6482,80.84583,9666600,0.0,0.0
2023-09-27 00:00:00-04:00,81.28811,81.44809,80.27178,81.10931,7233900,0.0,0.0
2023-09-28 00:00:00-04:00,79.88594,80.82699,79.33543,80.49763,10093600,0.0,0.0
2023-09-29 00:00:00-04:00,82.14447,82.76556,81.49986,81.62689,9654800,0.0,0.0
2023-10-02 00:00:00-04:00,81.6363,81.97038,80.82699,81.42927,8209800,0.0,0.0
2023-10-03 00:00:00-04:00,79.51893,79.98946,79.00135,79.55657,11448800,0.0,0.0
2023-10-04 00:00:00-04:00,79.30719,79.55656,78.71903,79.12368,8904700,0.0,0.0
2023-10-05 00:00:00-04:00,78.5967,78.7755,77.58978,78.73786,10334500,0.0,0.0
2023-10-06 00:00:00-04:00,79.28367,81.41515,79.0484,80.98697,13423700,0.0,0.0
2023-10-09 00:00:00-04:00,78.96371,80.18708,78.64375,79.8483,10880000,0.0,0.0
2023-10-10 00:00:00-04:00,80.61996,82.56794,80.52586,82.03154,13557800,0.0,0.0
2023-10-11 00:00:00-04:00,82.82203,83.56169,82.00801,82.60558,11111500,0.0,0.0
2023-10-12 00:00:00-04:00,82.41737,82.50207,79.23661,79.52834,16158100,0.0,0.0
2023-10-13 00:00:00-04:00,79.10487,80.45057,78.81314,79.06722,10325500,0.0,0.0
2023-10-16 00:00:00-04:00,78.76608,79.95651,77.75916,79.34013,10075300,0.0,0.0
2023-10-17 00:00:00-04:00,77.87209,79.38719,77.69329,78.96371,8270000,0.0,0.0
2023-10-18 00:00:00-04:00,78.0697,78.79432,77.8815,78.11676,9321600,0.0,0.0
2023-10-19 00:00:00-04:00,76.67695,77.53801,76.33346,76.79929,12624100,0.0,0.0
2023-10-20 00:00:00-04:00,75.50064,76.0935,75.07999,75.22774,14636200,0.0,0.0
2023-10-23 00:00:00-04:00,74.73838,76.15561,74.36196,75.76413,12715200,0.0,0.0
2023-10-24 00:00:00-04:00,75.70766,78.40849,75.69826,77.98502,17925800,0.0,0.0
2023-10-25 00:00:00-04:00,76.50757,77.1663,76.01822,76.25348,11390200,0.0,0.0
2023-10-26 00:00:00-04:00,76.47463,78.19205,76.41346,77.64625,13010400,0.0,0.0
2023-10-27 00:00:00-04:00,78.92607,79.16133,77.618,77.93796,10795600,0.0,0.0
2023-10-30 00:00:00-04:00,78.7002,79.27425,78.1177,78.23909,8980500,0.0,0.0
2023-10-31 00:00:00-04:00,77.10984,77.67447,76.11232,77.67447,12094300,0.0,0.0
2023-11-01 00:00:00-04:00,76.88869,77.62742,76.42287,77.61801,9550000,0.0,0.0
2023-11-02 00:00:00-04:00,78.71904,79.02959,78.13558,78.49319,10606300,0.0,0.0
2023-11-03 00:00:00-04:00,79.933,81.0058,79.51893,80.28118,15148300,0.0,0.0
2023-11-06 00:00:00-05:00,81.44809,81.60807,80.20591,80.32824,9786400,0.0,0.0
2023-11-07 00:00:00-05:00,79.8577,80.61055,79.15191,80.37528,8829400,0.0,0.0
2023-11-08 00:00:00-05:00,79.63186,80.67643,79.50011,79.80125,8154600,0.0,0.0
2023-11-09 00:00:00-05:00,79.59421,79.69773,77.61329,77.85326,10885100,0.0,0.0
2023-11-10 00:00:00-05:00,77.55213,77.98501,76.84634,77.87209,9779500,0.0,0.0
2023-11-13 00:00:00-05:00,77.87209,78.40378,77.24158,77.41097,11236900,0.0,0.0
2023-11-14 00:00:00-05:00,77.8815,79.55187,77.46744,78.92607,20897600,0.0,0.0
2023-11-15 00:00:00-05:00,81.83391,82.65263,80.82699,81.93743,28991000,0.0,0.0
2023-11-16 00:00:00-05:00,74.83248,76.0088,73.61947,74.44666,63008500,0.0,0.0
2023-11-17 00:00:00-05:00,72.47985,73.84062,72.22577,73.02567,35497300,0.0,0.0
2023-11-20 00:00:00-05:00,72.37634,74.10317,72.04697,73.83497,31506800,0.0,0.0
2023-11-21 00:00:00-05:00,73.26093,74.60193,73.02567,74.28668,20525500,0.0,0.0
2023-11-22 00:00:00-05:00,74.60664,75.01129,73.52443,74.3055,18958600,0.0,0.0
2023-11-24 00:00:00-05:00,73.65616,74.40901,73.5997,73.8632,12251700,0.0,0.0
2023-11-27 00:00:00-05:00,72.98332,74.5784,72.54573,72.95979,18248200,0.0,0.0
2023-11-28 00:00:00-05:00,72.04697,72.31047,70.82361,72.21636,23682200,0.0,0.0
2023-11-29 00:00:00-05:00,70.57894,71.00806,70.03783,70.26839,30969100,0.0,0.0
2023-11-30 00:00:00-05:00,70.29661,70.52247,69.64729,70.466,17884200,0.0,0.0
2023-12-01 00:00:00-05:00,68.80975,69.76962,67.8687,69.62846,27998600,0.0,0.0
2023-12-04 00:00:00-05:00,68.38627,69.24263,68.20748,68.72505,21074900,0.0,0.0
2023-12-05 00:00:00-05:00,67.79342,68.41451,67.68049,68.11337,19129000,0.0,0.0
2023-12-06 00:00:00-05:00,68.09455,68.64977,67.27583,67.27583,30394400,0.0,0.0
2023-12-07 00:00:00-05:00,67.32759,68.10397,67.22879,68.06632,18966700,0.0,0.0
2023-12-08 00:00:00-05:00,67.77459,68.16984,67.5958,67.88752,16914800,0.0,0.0
2023-12-11 00:00:00-05:00,66.33478,67.38876,65.94895,67.16291,19719300,0.0,0.0
2023-12-12 00:00:00-05:00,67.17231,67.71342,66.74884,67.18172,14725900,0.0,0.0
2023-12-13 00:00:00-05:00,66.73004,67.26644,65.98661,67.24761,21721600,0.0,0.0
2023-12-14 00:00:00-05:00,67.25701,68.92267,67.20996,68.23571,25199300,0.0,0.0
2023-12-15 00:00:00-05:00,69.63788,71.09181,68.99797,70.11782,31327500,0.0,0.0
2023-12-18 00:00:00-05:00,69.68494,69.85433,68.89445,69.48731,17233500,0.0,0.0
2023-12-19 00:00:00-05:00,70.01431,71.5294,69.84492,70.94595,20939300,0.0,0.0
2023-12-20 00:00:00-05:00,71.12714,71.80904,69.93502,69.95409,27540200,1.0,0.0
2023-12-21 00:00:00-05:00,71.39418,72.75798,70.90779,72.72937,20812100,0.0,0.0
2023-12-22 00:00:00-05:00,71.05085,72.17622,70.99363,71.79474,20004300,0.0,0.0
2023-12-26 00:00:00-05:00,72.634,73.40554,72.22391,72.33835,13121300,0.0,0.0
2023-12-27 00:00:00-05:00,72.74844,72.91057,71.91872,72.58631,14904500,0.0,0.0
2023-12-28 00:00:00-05:00,73.65446,74.18853,73.41604,73.66399,18937900,0.0,0.0
2023-12-29 00:00:00-05:00,73.49232,74.04071,73.26344,73.92149,14094600,0.0,0.0
2024-01-02 00:00:00-05:00,72.52908,72.55292,71.06038,71.29881,21739600,0.0,0.0
2024-01-03 00:00:00-05:00,70.88872,73.13946,70.64076,73.04408,24444600,0.0,0.0
2024-01-04 00:00:00-05:00,72.06177,72.21913,70.99363,71.20345,18454900,0.0,0.0
2024-01-05 00:00:00-05:00,70.57399,70.57399,69.48677,69.62983,21725200,0.0,0.0
2024-01-08 00:00:00-05:00,67.95132,69.67752,67.6366,69.50585,22000000,0.0,0.0
2024-01-09 00:00:00-05:00,67.95132,68.78105,67.67475,68.68567,21451800,0.0,0.0
2024-01-10 00:00:00-05:00,68.0753,68.45201,67.75581,68.10391,19540000,0.0,0.0
2024-01-11 00:00:00-05:00,69.18636,69.74428,68.21835,69.029,18095300,0.0,0.0
2024-01-12 00:00:00-05:00,69.22928,70.03039,68.48539,68.514,16147300,0.0,0.0
2024-01-16 00:00:00-05:00,66.88317,67.2656,66.0916,66.24419,27606900,0.0,0.0
2024-01-17 00:00:00-05:00,64.58474,65.80548,64.14604,65.73872,22684400,0.0,0.0
2024-01-18 00:00:00-05:00,65.424,65.88178,64.85178,64.89947,19307000,0.0,0.0
2024-01-19 00:00:00-05:00,64.08882,66.66859,63.82178,66.20604,34547700,0.0,0.0
2024-01-22 00:00:00-05:00,64.16512,65.55562,63.54521,65.45261,27294200,0.0,0.0
2024-01-23 00:00:00-05:00,69.38664,71.05085,69.19113,70.59307,53017700,0.0,0.0
2024-01-24 00:00:00-05:00,71.79951,72.119,70.78381,71.71844,36503300,0.0,0.0
2024-01-25 00:00:00-05:00,71.7089,72.00455,70.15436,70.43094,23268600,0.0,0.0
2024-01-26 00:00:00-05:00,69.71566,71.26066,69.54399,70.58353,19418200,0.0,0.0
2024-01-29 00:00:00-05:00,71.21298,71.3465,69.45817,70.17345,17537400,0.0,0.0
2024-01-30 00:00:00-05:00,69.1053,69.68229,68.74766,68.97178,17089600,0.0,0.0
2024-01-31 00:00:00-05:00,68.18498,69.56308,68.18498,68.82872,15743600,0.0,0.0
2024-02-01 00:00:00-05:00,69.76812,70.06853,68.78104,69.10529,14445800,0.0,0.0
2024-02-02 00:00:00-05:00,68.79057,68.88595,67.76058,68.52354,18824200,0.0,0.0
2024-02-05 00:00:00-05:00,68.82873,71.67076,68.53308,71.17484,27721000,0.0,0.0
2024-02-06 00:00:00-05:00,73.47803,74.71307,72.22391,74.60817,39069100,0.0,0.0
2024-02-07 00:00:00-05:00,71.1033,72.64353,69.76335,70.23066,53766300,0.0,0.0
2024-02-08 00:00:00-05:00,68.55692,69.81103,67.3791,67.50307,33070600,0.0,0.0
2024-02-09 00:00:00-05:00,67.52216,68.74766,66.75919,68.68567,18998400,0.0,0.0
2024-02-12 00:00:00-05:00,68.96224,70.69798,68.96224,69.75381,18151100,0.0,0.0
2024-02-13 00:00:00-05:00,68.62844,69.64891,68.11344,68.28511,13560600,0.0,0.0
2024-02-14 00:00:00-05:00,68.96224,70.01132,68.88595,69.99224,12817500,0.0,0.0
2024-02-15 00:00:00-05:00,69.83012,70.70752,69.70136,70.40234,12078100,0.0,0.0
2024-02-16 00:00:00-05:00,71.39418,71.88057,70.47863,70.48817,16393300,0.0,0.0
2024-02-20 00:00:00-05:00,70.059,70.25928,68.83826,69.75381,14353300,0.0,0.0
2024-02-21 00:00:00-05:00,71.03178,72.85335,70.64076,72.08085,23475500,0.0,0.0
2024-02-22 00:00:00-05:00,71.62307,72.84381,71.52771,72.59586,14836600,0.0,0.0
2024-02-23 00:00:00-05:00,72.93918,73.37311,71.67076,72.44325,12301700,0.0,0.0
2024-02-26 00:00:00-05:00,72.11899,73.02501,71.85195,72.96779,13973100,0.0,0.0
2024-02-27 00:00:00-05:00,73.94057,74.4365,73.67353,74.08363,14490200,0.0,0.0
2024-02-28 00:00:00-05:00,72.50048,72.65308,71.00317,71.13669,16905300,0.0,0.0
2024-02-29 00:00:00-05:00,71.22252,71.56585,70.38326,70.60261,12549200,0.0,0.0
2024-03-01 00:00:00-05:00,71.03177,71.61352,70.92687,71.16529,11980100,0.0,0.0
2024-03-04 00:00:00-05:00,70.3165,70.3165,68.38048,68.6666,19550100,0.0,0.0
2024-03-05 00:00:00-05:00,67.95132,69.34373,67.75105,68.73336,15804500,0.0,0.0
2024-03-06 00:00:00-05:00,70.76474,71.26067,70.20206,70.29742,19785300,0.0,0.0
2024-03-07 00:00:00-05:00,69.23881,69.3895,68.43771,69.18159,12374700,0.0,0.0
2024-03-08 00:00:00-05:00,69.43909,70.34511,69.39141,70.14484,16430400,0.0,0.0
2024-03-11 00:00:00-04:00,71.17483,72.53863,71.09854,71.39419,13510400,0.0,0.0
2024-03-12 00:00:00-04:00,72.35742,72.93918,71.73274,72.53862,13314700,0.0,0.0
2024-03-13 00:00:00-04:00,72.42418,73.86426,72.42418,72.85334,15319800,0.0,0.0
2024-03-14 00:00:00-04:00,71.75182,71.89964,69.83965,70.00178,18923500,0.0,0.0
2024-03-15 00:00:00-04:00,70.16867,70.69798,69.99224,70.02085,10233700,0.0,0.0
2024-03-18 00:00:00-04:00,70.02085,70.59307,69.93502,70.11622,8542500,0.0,0.0
2024-03-19 00:00:00-04:00,69.6966,70.32127,69.47724,70.02085,8164200,0.0,0.0
2024-03-20 00:00:00-04:00,70.14484,70.88872,69.90641,70.74567,11123200,0.0,0.0
2024-03-21 00:00:00-04:00,70.86011,71.27973,70.35464,70.41187,11860700,0.0,0.0
2024-03-22 00:00:00-04:00,69.12437,69.25789,68.70474,68.79057,12771500,0.0,0.0
2024-03-25 00:00:00-04:00,68.60938,69.13391,68.05623,68.1516,12422100,0.0,0.0
2024-03-26 00:00:00-04:00,68.514,68.54261,67.79872,68.17067,10881900,0.0,0.0
2024-03-27 00:00:00-04:00,67.60798,68.37095,67.3152,68.27557,13281300,0.0,0.0
2024-03-28 00:00:00-04:00,68.7429,69.22928,68.71905,69.00993,14073400,0.0,0.0
2024-04-01 00:00:00-04:00,69.84918,70.17535,69.43909,69.97317,14311700,0.0,0.0
2024-04-02 00:00:00-04:00,69.21021,69.75382,69.15299,69.50585,17290400,0.0,0.0
2024-04-03 00:00:00-04:00,69.06715,69.49632,68.7715,69.08623,11777900,0.0,0.0
2024-04-04 00:00:00-04:00,69.60122,69.83965,68.57122,68.6189,11087100,0.0,0.0
2024-04-05 00:00:00-04:00,68.36141,68.69044,68.10391,68.34234,12260300,0.0,0.0
2024-04-08 00:00:00-04:00,68.62845,69.03854,68.24697,68.39002,10560000,0.0,0.0
2024-04-09 00:00:00-04:00,69.01946,69.84917,68.96223,69.61075,14060400,0.0,0.0
2024-04-10 00:00:00-04:00,70.9984,71.68984,70.32604,71.13669,20572200,0.0,0.0
2024-04-11 00:00:00-04:00,71.73274,71.93779,70.92687,71.38464,14986800,0.0,0.0
2024-04-12 00:00:00-04:00,69.56307,69.60122,67.98946,67.98946,18231400,0.0,0.0
2024-04-15 00:00:00-04:00,68.4091,68.71428,66.92132,67.35049,15903900,0.0,0.0
2024-04-16 00:00:00-04:00,66.77826,67.05197,66.08206,66.38725,17478900,0.0,0.0
2024-04-17 00:00:00-04:00,66.48261,66.76873,65.54322,65.63382,12760600,0.0,0.0
2024-04-18 00:00:00-04:00,65.89132,66.40155,65.61475,65.69104,9491000,0.0,0.0
2024-04-19 00:00:00-04:00,65.25234,65.94854,65.19512,65.87225,13084100,0.0,0.0
2024-04-22 00:00:00-04:00,66.46831,67.61752,65.91993,67.40771,15015600,0.0,0.0
2024-04-23 00:00:00-04:00,67.78918,69.42955,67.70334,69.15298,15268200,0.0,0.0
2024-04-24 00:00:00-04:00,70.32604,71.24159,70.09715,71.17484,16375200,0.0,0.0
2024-04-25 00:00:00-04:00,70.38803,71.71844,70.38803,71.63261,11921900,0.0,0.0
2024-04-26 00:00:00-04:00,72.65783,73.36834,71.58491,72.05223,14216100,0.0,0.0
2024-04-29 00:00:00-04:00,72.14761,72.98687,71.73752,72.87243,13076400,0.0,0.0
2024-04-30 00:00:00-04:00,72.3765,72.75798,71.03178,71.38464,12856000,0.0,0.0
2024-05-01 00:00:00-04:00,71.51816,72.71983,71.40372,72.01409,10549100,0.0,0.0
2024-05-02 00:00:00-04:00,73.99779,77.64571,73.5877,76.61094,36663900,0.0,0.0
2024-05-03 00:00:00-04:00,77.50741,77.60279,76.0101,77.56464,19355800,0.0,0.0
2024-05-06 00:00:00-04:00,77.96996,78.41343,76.77306,77.77445,11826100,0.0,0.0
2024-05-07 00:00:00-04:00,76.22945,76.22945,75.16608,75.69538,14589100,0.0,0.0
2024-05-08 00:00:00-04:00,74.31251,75.33298,74.20761,74.82751,11327100,0.0,0.0
2024-05-09 00:00:00-04:00,75.81936,76.21991,75.06593,75.78121,9627300,0.0,0.0
2024-05-10 00:00:00-04:00,76.37251,76.79214,76.07686,76.33437,10819600,0.0,0.0
2024-05-13 00:00:00-04:00,78.88075,81.06473,78.77584,80.68325,32010700,0.0,0.0
2024-05-14 00:00:00-04:00,75.96241,76.7826,74.12177,75.8289,44687700,0.0,0.0
2024-05-15 00:00:00-04:00,76.66816,77.3739,76.0864,77.24038,17803300,0.0,0.0
2024-05-16 00:00:00-04:00,78.16547,83.43945,77.86601,82.68602,47259500,0.0,0.0
2024-05-17 00:00:00-04:00,83.54436,86.27195,82.81001,84.44084,35152900,0.0,0.0
2024-05-20 00:00:00-04:00,83.42037,85.10842,82.92444,84.19287,16737200,0.0,0.0
2024-05-21 00:00:00-04:00,82.51435,83.13425,81.36991,82.1424,16512400,0.0,0.0
2024-05-22 00:00:00-04:00,80.69278,81.1887,78.85213,78.85213,19717800,0.0,0.0
2024-05-23 00:00:00-04:00,77.66,79.1001,76.3439,77.05917,23930300,0.0,0.0
2024-05-24 00:00:00-04:00,76.77306,78.73769,76.03872,77.49788,41456400,0.0,0.0
2024-05-28 00:00:00-04:00,77.05918,77.93659,76.33436,76.84937,15211800,0.0,0.0
2024-05-29 00:00:00-04:00,75.11363,75.68585,74.60817,75.39973,18448500,0.0,0.0
2024-05-30 00:00:00-04:00,75.21375,76.48695,75.05639,75.94334,13875900,0.0,0.0
2024-05-31 00:00:00-04:00,74.35065,74.86565,73.59723,74.71306,20023900,0.0,0.0
2024-06-03 00:00:00-04:00,75.34251,75.6477,73.64492,74.29344,14244400,0.0,0.0
2024-06-04 00:00:00-04:00,74.56047,75.20613,74.17423,74.81797,10784400,0.0,0.0
2024-06-05 00:00:00-04:00,75.32344,76.23422,75.20899,76.13409,13716200,0.0,0.0
2024-06-06 00:00:00-04:00,75.74306,76.34866,75.11362,76.30575,11205300,0.0,0.0
2024-06-07 00:00:00-04:00,75.29482,75.6477,74.51756,74.77983,12190300,0.0,0.0
2024-06-10 00:00:00-04:00,74.93242,76.04825,74.61769,75.62862,9475200,0.0,0.0
2024-06-11 00:00:00-04:00,75.34251,75.41881,74.07409,74.29344,11108400,0.0,0.0
2024-06-12 00:00:00-04:00,75.10409,75.14224,74.04548,74.42696,12069600,0.0,0.0
2024-06-13 00:00:00-04:00,74.54389,75.02136,73.55971,73.74486,14026700,1.66,0.0
2024-06-14 00:00:00-04:00,72.31244,72.3904,71.38674,71.47443,18282700,0.0,0.0
2024-06-17 00:00:00-04:00,72.13218,73.1602,71.94216,72.64375,13466300,0.0,0.0
2024-06-18 00:00:00-04:00,72.19064,73.17969,71.96165,72.55605,10305300,0.0,0.0
2024-06-20 00:00:00-04:00,72.66324,73.32488,72.13705,72.44887,9709400,0.0,0.0
2024-06-21 00:00:00-04:00,71.90319,72.7412,71.78625,71.78625,10183400,0.0,0.0
2024-06-24 00:00:00-04:00,72.22475,73.99334,72.22475,72.87762,20134400,0.0,0.0
2024-06-25 00:00:00-04:00,72.59504,72.84839,71.72779,71.90319,16914100,0.0,0.0
2024-06-26 00:00:00-04:00,72.03474,72.44887,71.78625,72.27347,7010100,0.0,0.0
2024-06-27 00:00:00-04:00,71.58162,71.66932,70.5,70.51949,11865100,0.0,0.0
2024-06-28 00:00:00-04:00,70.5195,70.69977,69.96408,70.15896,10335000,0.0,0.0
2024-07-01 00:00:00-04:00,70.65591,71.15287,70.17844,70.33435,9034200,0.0,0.0
2024-07-02 00:00:00-04:00,70.47077,71.89052,70.12972,71.796,13419100,0.0,0.0
2024-07-03 00:00:00-04:00,72.28322,73.86666,72.28322,73.63767,11768500,0.0,0.0
2024-07-05 00:00:00-04:00,72.76068,72.80453,71.72779,72.61452,14928700,0.0,0.0
2024-07-08 00:00:00-04:00,71.72779,71.82523,71.08466,71.6206,10919400,0.0,0.0
2024-07-09 00:00:00-04:00,72.11756,74.11514,72.07858,73.76434,14458100,0.0,0.0
2024-07-10 00:00:00-04:00,73.35508,74.69493,73.32585,74.06642,12235200,0.0,0.0
2024-07-11 00:00:00-04:00,75.67423,76.81432,75.44231,76.51224,18896900,0.0,0.0
2024-07-12 00:00:00-04:00,78.24672,78.93857,77.3941,77.61334,14857200,0.0,0.0
2024-07-15 00:00:00-04:00,76.09323,76.59019,75.4696,76.01528,12614900,0.0,0.0
2024-07-16 00:00:00-04:00,75.31369,76.57071,75.01162,76.37582,12304500,0.0,0.0
2024-07-17 00:00:00-04:00,75.86912,75.95681,74.53414,75.07008,10815500,0.0,0.0
2024-07-18 00:00:00-04:00,75.3819,76.31735,74.41234,74.58287,11108600,0.0,0.0
2024-07-19 00:00:00-04:00,73.72537,74.10052,73.25764,73.34534,7557300,0.0,0.0
2024-07-22 00:00:00-04:00,74.86546,75.21625,74.31003,74.68031,9166800,0.0,0.0
2024-07-23 00:00:00-04:00,73.73999,74.36849,73.51099,74.15411,7997100,0.0,0.0
2024-07-24 00:00:00-04:00,74.20284,75.08957,73.78384,73.86179,7924700,0.0,0.0
2024-07-25 00:00:00-04:00,73.44278,74.26617,73.20892,73.47202,8172600,0.0,0.0
2024-07-26 00:00:00-04:00,73.3356,74.80698,72.64375,74.57312,10884500,0.0,0.0
2024-07-29 00:00:00-04:00,76.45377,77.36973,76.20529,76.60968,17364100,0.0,0.0
2024-07-30 00:00:00-04:00,76.21991,76.77534,75.71321,76.00554,8431900,0.0,0.0
2024-07-31 00:00:00-04:00,77.30153,77.96901,76.33684,76.8338,12178600,0.0,0.0
2024-08-01 00:00:00-04:00,76.75585,77.33076,75.84963,75.98605,8559600,0.0,0.0
2024-08-02 00:00:00-04:00,74.82648,75.48909,73.82768,75.4696,10808700,0.0,0.0
2024-08-05 00:00:00-04:00,72.13705,75.27958,71.98114,75.01162,16143300,0.0,0.0
2024-08-06 00:00:00-04:00,74.55364,76.8338,74.55364,75.9081,12128900,0.0,0.0
2024-08-07 00:00:00-04:00,76.90201,76.9215,75.47934,75.83988,9693900,0.0,0.0
2024-08-08 00:00:00-04:00,76.8338,78.25647,76.73636,78.25647,14004300,0.0,0.0
2024-08-09 00:00:00-04:00,77.92516,78.16877,77.16998,77.94465,7755900,0.0,0.0
2024-08-12 00:00:00-04:00,78.5293,79.41604,78.17851,78.84113,12127700,0.0,0.0
2024-08-13 00:00:00-04:00,78.89471,79.31859,78.617,79.02626,9365700,0.0,0.0
2024-08-14 00:00:00-04:00,78.49033,78.90933,76.07374,77.43794,18058100,0.0,0.0
2024-08-15 00:00:00-04:00,75.90809,79.78632,75.75218,77.50616,31619400,0.0,0.0
2024-08-16 00:00:00-04:00,79.95198,82.00803,79.88377,81.05309,25249200,0.0,0.0
2024-08-19 00:00:00-04:00,81.83263,82.7291,81.35515,81.76442,14751000,0.0,0.0
2024-08-20 00:00:00-04:00,80.35149,80.48791,78.70958,78.9678,17880100,0.0,0.0
2024-08-21 00:00:00-04:00,79.75709,81.65723,79.62067,81.39413,14690000,0.0,0.0
2024-08-22 00:00:00-04:00,81.3649,81.64749,79.7376,80.83871,9729000,0.0,0.0
2024-08-23 00:00:00-04:00,82.72911,83.59635,82.20291,83.22607,17318000,0.0,0.0
2024-08-26 00:00:00-04:00,79.79607,80.20046,78.31494,79.6694,29321700,0.0,0.0
2024-08-27 00:00:00-04:00,80.16635,80.53664,79.19192,79.36732,9026100,0.0,0.0
2024-08-28 00:00:00-04:00,79.05063,79.20166,77.17972,77.58411,14024400,0.0,0.0
2024-08-29 00:00:00-04:00,79.16269,79.38193,78.40263,78.94831,14154200,0.0,0.0
2024-08-30 00:00:00-04:00,82.55371,82.58294,80.46843,81.20899,20027300,0.0,0.0
2024-09-03 00:00:00-04:00,79.68888,80.89717,79.61093,80.16635,11638200,0.0,0.0
2024-09-04 00:00:00-04:00,80.75101,81.26746,80.19559,80.36124,11114100,0.0,0.0
2024-09-05 00:00:00-04:00,80.00557,80.88743,79.90325,80.32226,8461000,0.0,0.0
2024-09-06 00:00:00-04:00,80.02019,80.50741,79.09448,79.10423,11712700,0.0,0.0
2024-09-09 00:00:00-04:00,78.86062,79.53785,78.26622,79.35758,10434400,0.0,0.0
2024-09-10 00:00:00-04:00,81.65723,82.14444,80.59996,81.65723,15327800,0.0,0.0
2024-09-11 00:00:00-04:00,81.43798,82.67063,81.3649,82.6414,11551700,0.0,0.0
2024-09-12 00:00:00-04:00,82.85578,83.48916,82.69013,83.30402,10775000,0.0,0.0
2024-09-13 00:00:00-04:00,82.23214,82.71936,81.67672,82.52448,8985500,0.0,0.0
2024-09-16 00:00:00-04:00,81.88622,82.2224,81.13104,81.46234,11298200,0.0,0.0
2024-09-17 00:00:00-04:00,82.65115,83.57686,82.46601,82.53422,10113900,0.0,0.0
2024-09-18 00:00:00-04:00,82.68038,82.82655,81.89109,82.26138,7858800,0.0,0.0
2024-09-19 00:00:00-04:00,85.38442,86.30039,84.72668,86.2273,18618400,0.0,0.0
2024-09-20 00:00:00-04:00,86.93865,87.23097,85.79856,86.03242,12277000,0.0,0.0
2024-09-23 00:00:00-04:00,87.18224,88.81929,87.03608,87.78638,19744100,0.0,0.0
2024-09-24 00:00:00-04:00,93.61349,95.00692,91.98619,94.70485,47423200,0.0,0.0
2024-09-25 00:00:00-04:00,91.96669,93.72067,91.65488,93.01908,18816600,0.0,0.0
2024-09-26 00:00:00-04:00,100.06421,103.26034,99.15799,102.38335,67261600,0.0,0.0
2024-09-27 00:00:00-04:00,103.26034,106.63186,103.02648,104.58556,50075200,0.0,0.0
2024-09-30 00:00:00-04:00,108.86331,109.35052,103.39189,103.4065,58561500,0.0,0.0
2024-10-01 00:00:00-04:00,103.69883,109.90596,103.43574,109.85723,44505000,0.0,0.0
2024-10-02 00:00:00-04:00,112.36151,113.58929,109.35053,112.30305,53732800,0.0,0.0
2024-10-03 00:00:00-04:00,108.06428,111.17271,107.80118,109.95467,29267000,0.0,0.0
2024-10-04 00:00:00-04:00,112.70744,112.77078,110.84141,111.60146,25644200,0.0,0.0
2024-10-07 00:00:00-04:00,114.44679,114.80733,110.47112,114.515,38404000,0.0,0.0
2024-10-08 00:00:00-04:00,107.28474,107.92787,105.27742,106.87548,37414400,0.0,0.0
2024-10-09 00:00:00-04:00,103.09469,106.58314,102.91929,105.13124,28793000,0.0,0.0
2024-10-10 00:00:00-04:00,106.19338,108.00581,104.73173,106.4857,19736600,0.0,0.0
2024-10-11 00:00:00-04:00,105.28716,108.21045,104.47838,107.32372,18042600,0.0,0.0
2024-10-14 00:00:00-04:00,105.54051,107.26525,104.18605,105.05329,21351600,0.0,0.0
2024-10-15 00:00:00-04:00,101.33097,101.74024,99.04106,99.23595,28942600,0.0,0.0
2024-10-16 00:00:00-04:00,99.88394,101.19455,99.17748,99.55751,16432600,0.0,0.0
2024-10-17 00:00:00-04:00,98.66104,98.85592,97.00451,97.51121,15808200,0.0,0.0
2024-10-18 00:00:00-04:00,100.72195,100.72195,99.06055,99.81086,20824600,0.0,0.0
2024-10-21 00:00:00-04:00,97.90585,99.05081,97.55506,98.32973,10328600,0.0,0.0
2024-10-22 00:00:00-04:00,97.45274,99.28467,97.24812,97.89124,20650100,0.0,0.0
2024-10-23 00:00:00-04:00,97.60377,97.65737,95.23591,95.49413,13638200,0.0,0.0
2024-10-24 00:00:00-04:00,94.31508,94.91923,93.07755,93.89607,13602900,0.0,0.0
2024-10-25 00:00:00-04:00,95.78647,96.37112,94.56843,94.92896,16977100,0.0,0.0
2024-10-28 00:00:00-04:00,96.4978,98.46615,96.25419,97.37479,16044400,0.0,0.0
2024-10-29 00:00:00-04:00,98.85591,98.85591,96.985,97.27734,13685400,0.0,0.0
2024-10-30 00:00:00-04:00,95.70363,97.24811,95.08487,96.17623,10179900,0.0,0.0
2024-10-31 00:00:00-04:00,95.29925,95.59157,94.28096,95.47465,8379300,0.0,0.0
2024-11-01 00:00:00-04:00,95.70851,95.78647,94.92896,95.08488,8501000,0.0,0.0
2024-11-04 00:00:00-05:00,96.29317,97.32606,95.84493,95.88391,8681900,0.0,0.0
2024-11-05 00:00:00-05:00,97.41376,98.50512,96.42472,96.67319,10804200,0.0,0.0
2024-11-06 00:00:00-05:00,93.35039,94.83152,92.33699,94.25661,18162900,0.0,0.0
2024-11-07 00:00:00-05:00,96.72192,98.51487,96.64396,97.57941,16340400,0.0,0.0
2024-11-08 00:00:00-05:00,93.65246,93.91555,91.29434,91.78156,24879800,0.0,0.0
2024-11-11 00:00:00-05:00,93.70119,94.32482,92.61469,92.9801,12556700,0.0,0.0
2024-11-12 00:00:00-05:00,90.31017,90.94355,88.70236,89.43318,21641900,0.0,0.0
2024-11-13 00:00:00-05:00,90.18349,90.49531,88.94596,89.64755,12874500,0.0,0.0
2024-11-14 00:00:00-05:00,88.56594,89.21394,87.70845,88.26387,16946800,0.0,0.0
2024-11-15 00:00:00-05:00,87.89358,88.38079,84.99953,86.32475,31018300,0.0,0.0
2024-11-18 00:00:00-05:00,86.62682,87.21148,85.60367,87.06532,13482000,0.0,0.0
2024-11-19 00:00:00-05:00,84.93132,85.69137,84.59806,84.88259,19289000,0.0,0.0
2024-11-20 00:00:00-05:00,84.81439,85.3016,84.28819,84.55128,15174500,0.0,0.0
2024-11-21 00:00:00-05:00,84.75592,84.81438,83.26017,83.39172,15869200,0.0,0.0
2024-11-22 00:00:00-05:00,81.46234,81.5403,80.52202,81.00436,24999200,0.0,0.0
2024-11-25 00:00:00-05:00,82.09572,83.67917,81.60851,83.39172,15120100,0.0,0.0
2024-11-26 00:00:00-05:00,83.62071,83.87893,82.69013,83.00195,10241500,0.0,0.0
2024-11-27 00:00:00-05:00,84.74617,85.3016,84.25896,84.37589,13607600,0.0,0.0
2024-11-29 00:00:00-05:00,84.21024,85.25288,83.77174,85.13595,7553500,0.0,0.0
2024-12-02 00:00:00-05:00,84.71694,84.77541,83.08964,83.75225,16537200,0.0,0.0
2024-12-03 00:00:00-05:00,83.80585,84.42461,83.19683,83.48916,13660700,0.0,0.0
2024-12-04 00:00:00-05:00,83.75225,83.79123,82.11521,82.75834,13613700,0.0,0.0
2024-12-05 00:00:00-05:00,82.62679,82.92399,81.77904,81.99828,12979600,0.0,0.0
2024-12-06 00:00:00-05:00,83.81072,84.47333,83.70353,83.73277,11751500,0.0,0.0
2024-12-09 00:00:00-05:00,89.6573,91.71335,89.4819,89.95937,32767300,0.0,0.0
2024-12-10 00:00:00-05:00,87.4892,88.24437,87.20661,87.53304,13859200,0.0,0.0
2024-12-11 00:00:00-05:00,86.62195,86.88505,85.74984,86.70478,9866000,0.0,0.0
2024-12-12 00:00:00-05:00,86.75837,87.69869,86.2273,86.94839,9951200,0.0,0.0
2024-12-13 00:00:00-05:00,85.93498,86.12986,85.00927,85.57444,11608600,0.0,0.0
2024-12-16 00:00:00-05:00,83.76199,84.69647,83.6743,83.85944,13216600,0.0,0.0
2024-12-17 00:00:00-05:00,83.31376,85.36006,83.21632,84.92157,13288700,0.0,0.0
2024-12-18 00:00:00-05:00,84.18198,84.98978,82.65895,82.82655,11319500,0.0,0.0
2024-12-19 00:00:00-05:00,82.82654,83.20657,82.08597,82.15418,13795100,0.0,0.0
2024-12-20 00:00:00-05:00,80.10788,80.87768,79.61092,80.17609,21270500,0.0,0.0
2024-12-23 00:00:00-05:00,80.73152,83.12862,80.65357,82.96297,20055100,0.0,0.0
2024-12-24 00:00:00-05:00,83.50864,83.69379,82.82654,83.33324,5235400,0.0,0.0
2024-12-26 00:00:00-05:00,83.52813,85.0385,83.37222,83.87893,12008600,0.0,0.0
2024-12-27 00:00:00-05:00,82.71935,83.08963,82.13469,82.885,8629400,0.0,0.0
2024-12-30 00:00:00-05:00,82.01777,82.77782,81.39413,81.97879,10731000,0.0,0.0
2024-12-31 00:00:00-05:00,82.26138,83.1676,82.26138,82.62192,7415000,0.0,0.0
2025-01-02 00:00:00-05:00,82.23214,83.24555,82.04699,82.77782,10635700,0.0,0.0
2025-01-03 00:00:00-05:00,82.92399,83.36248,82.59268,83.35274,7689500,0.0,0.0
2025-01-06 00:00:00-05:00,84.33691,85.1262,82.9045,83.33324,18077100,0.0,0.0
2025-01-07 00:00:00-05:00,82.14932,82.93374,81.63774,82.31985,11144100,0.0,0.0
2025-01-08 00:00:00-05:00,80.96538,81.64748,80.60484,81.55004,9661800,0.0,0.0
2025-01-10 00:00:00-05:00,80.14686,80.14686,78.34417,78.47084,15393900,0.0,0.0
2025-01-13 00:00:00-05:00,78.10056,79.00678,78.01285,78.48058,10726600,0.0,0.0
2025-01-14 00:00:00-05:00,80.28328,80.53664,79.40629,79.59144,8773700,0.0,0.0
2025-01-15 00:00:00-05:00,80.51714,80.67306,80.04942,80.33201,11655700,0.0,0.0
2025-01-16 00:00:00-05:00,79.92274,80.47816,79.72786,80.32226,7566500,0.0,0.0
2025-01-17 00:00:00-05:00,81.07257,83.40146,80.90692,82.94348,21132400,0.0,0.0
2025-01-21 00:00:00-05:00,84.64873,84.67796,82.74859,83.19682,17099500,0.0,0.0
2025-01-22 00:00:00-05:00,82.82655,84.32717,82.26138,84.19075,10354800,0.0,0.0
2025-01-23 00:00:00-05:00,83.60609,83.99586,82.78757,83.89841,9225600,0.0,0.0
2025-01-24 00:00:00-05:00,84.49282,86.90941,84.26871,86.86069,18791000,0.0,0.0
2025-01-27 00:00:00-05:00,88.27361,89.09213,86.93864,87.68895,25999800,0.0,0.0
2025-01-28 00:00:00-05:00,88.61466,93.96428,87.60126,93.57451,31296300,0.0,0.0
2025-01-29 00:00:00-05:00,96.84859,98.69026,93.98376,94.24686,75053000,0.0,0.0
2025-01-30 00:00:00-05:00,94.81204,101.01428,94.65612,100.11293,45929000,0.0,0.0
2025-01-31 00:00:00-05:00,99.39185,99.87907,95.49413,96.31265,36416400,0.0,0.0
2025-02-03 00:00:00-05:00,94.03736,99.26518,93.61349,96.08854,29282900,0.0,0.0
2025-02-04 00:00:00-05:00,98.01791,100.96069,97.13118,99.73291,29877500,0.0,0.0
2025-02-05 00:00:00-05:00,97.60378,99.21646,96.4978,96.74141,17017900,0.0,0.0
2025-02-06 00:00:00-05:00,98.66103,99.1385,97.31144,97.81327,12774600,0.0,0.0
2025-02-07 00:00:00-05:00,101.78895,104.76096,100.36628,100.86324,39538200,0.0,0.0
2025-02-10 00:00:00-05:00,104.57582,108.7951,103.97167,108.47354,42429400,0.0,0.0
2025-02-11 00:00:00-05:00,111.04603,112.58563,108.16172,109.8962,55001300,0.0,0.0
2025-02-12 00:00:00-05:00,112.85847,116.74644,112.02533,115.30429,44024700,0.0,0.0
2025-02-13 00:00:00-05:00,112.381,116.51258,111.82558,116.48335,34429300,0.0,0.0
2025-02-14 00:00:00-05:00,123.35308,123.55772,117.41394,121.54065,52729800,0.0,0.0
2025-02-18 00:00:00-05:00,124.47368,125.72095,122.39814,123.65516,42152800,0.0,0.0
2025-02-19 00:00:00-05:00,122.77818,124.4347,121.75502,122.57355,35155200,0.0,0.0
2025-02-20 00:00:00-05:00,134.28619,140.81487,128.04984,132.49324,118849000,0.0,0.0
2025-02-21 00:00:00-05:00,137.97929,141.58468,137.49208,140.07431,73892100,0.0,0.0
2025-02-24 00:00:00-05:00,132.32759,132.32759,125.15578,125.74043,74118300,0.0,0.0
2025-02-25 00:00:00-05:00,129.39455,131.0316,127.40672,130.58336,38881100,0.0,0.0
2025-02-26 00:00:00-05:00,136.42019,138.32032,134.7539,135.52371,40543000,0.0,0.0
2025-02-27 00:00:00-05:00,135.12907,136.5225,132.39579,133.05841,23859400,0.0,0.0
2025-02-28 00:00:00-05:00,127.6016,130.52489,126.81231,129.1217,24862600,0.0,0.0
2025-03-03 00:00:00-05:00,130.58336,131.27034,126.24715,127.46519,22528000,0.0,0.0
2025-03-04 00:00:00-05:00,126.28613,128.72221,122.87562,126.52974,25366500,0.0,0.0
2025-03-05 00:00:00-05:00,130.93414,138.20339,129.93048,137.42384,37284600,0.0,0.0
2025-03-06 00:00:00-05:00,138.56394,141.05848,134.55903,136.37148,35482100,0.0,0.0
2025-03-07 00:00:00-05:00,139.26553,141.64314,135.81605,137.02434,31904400,0.0,0.0
2025-03-10 00:00:00-04:00,132.5176,134.42261,127.65032,129.15094,33484200,0.0,0.0
2025-03-11 00:00:00-04:00,134.62725,137.7191,132.56144,135.46526,29094800,0.0,0.0
2025-03-12 00:00:00-04:00,134.86598,135.39705,131.82089,133.63333,23880900,0.0,0.0
2025-03-13 00:00:00-04:00,131.32393,136.69304,130.90492,134.81239,20516300,0.0,0.0
2025-03-14 00:00:00-04:00,137.73567,138.19366,135.88425,137.49207,17381900,0.0,0.0
2025-03-17 00:00:00-04:00,136.5761,144.63463,136.44942,143.79663,33897000,0.0,0.0
2025-03-18 00:00:00-04:00,142.63706,143.11452,138.85627,139.09013,20950100,0.0,0.0
2025-03-19 00:00:00-04:00,141.36057,141.48724,138.24238,139.53838,16333800,0.0,0.0
2025-03-20 00:00:00-04:00,133.66743,135.43603,132.88301,133.40921,23646800,0.0,0.0
2025-03-21 00:00:00-04:00,130.56388,132.98046,129.89152,131.68446,13970300,0.0,0.0
2025-03-24 00:00:00-04:00,132.84404,132.94147,130.21308,131.04134,14019000,0.0,0.0
2025-03-25 00:00:00-04:00,129.54072,132.7612,128.96581,129.35558,17943400,0.0,0.0
2025-03-26 00:00:00-04:00,130.11564,131.21675,127.77701,128.85863,15933500,0.0,0.0
2025-03-27 00:00:00-04:00,130.03766,134.26182,129.48224,132.16193,16688300,0.0,0.0
2025-03-28 00:00:00-04:00,130.08639,130.77825,128.04009,129.04375,13271500,0.0,0.0
2025-03-31 00:00:00-04:00,126.70512,129.4725,124.72703,128.84886,12183800,0.0,0.0
2025-04-01 00:00:00-04:00,129.35558,130.67107,128.16677,129.30685,11627500,0.0,0.0
2025-04-02 00:00:00-04:00,128.58578,129.43353,125.84762,126.47125,21240900,0.0,0.0
2025-04-03 00:00:00-04:00,122.43225,127.32877,122.29096,126.02303,30607600,0.0,0.0
2025-04-04 00:00:00-04:00,114.56373,115.83049,108.45406,113.56007,57154500,0.0,0.0
2025-04-07 00:00:00-04:00,103.89372,111.20195,100.01549,103.27009,61386600,0.0,0.0
2025-04-08 00:00:00-04:00,105.49179,106.21287,95.25053,96.82911,52100200,0.0,0.0
2025-04-09 00:00:00-04:00,98.02765,104.30298,93.28218,102.10077,74981900,0.0,0.0
2025-04-10 00:00:00-04:00,104.12759,105.67693,98.77797,101.51611,53133400,0.0,0.0
2025-04-11 00:00:00-04:00,102.10077,105.28131,99.577,104.97534,40522800,0.0,0.0
2025-04-14 00:00:00-04:00,109.00948,113.03388,108.84383,111.05579,32926100,0.0,0.0
2025-04-15 00:00:00-04:00,110.87064,111.08502,108.61971,109.409,16172300,0.0,0.0
2025-04-16 00:00:00-04:00,105.40896,106.18363,103.24085,104.02039,18031600,0.0,0.0
2025-04-17 00:00:00-04:00,108.00094,108.66355,105.64769,106.08619,17885000,0.0,0.0
2025-04-21 00:00:00-04:00,105.94977,107.41141,104.52709,107.33346,12145700,0.0,0.0
2025-04-22 00:00:00-04:00,111.43581,114.42731,110.12033,112.91694,27662400,0.0,0.0
2025-04-23 00:00:00-04:00,116.53207,120.64417,115.71356,115.92793,25762800,0.0,0.0
2025-04-24 00:00:00-04:00,114.91939,116.28846,114.57347,116.23975,13696000,0.0,0.0
2025-04-25 00:00:00-04:00,115.5479,117.40906,115.24582,117.20443,9306400,0.0,0.0
2025-04-28 00:00:00-04:00,116.44437,117.58445,114.29088,115.34327,10748000,0.0,0.0
2025-04-29 00:00:00-04:00,114.71964,116.81466,114.68066,115.84023,8295500,0.0,0.0
2025-04-30 00:00:00-04:00,116.04486,116.87313,115.16788,116.37617,10144800,0.0,0.0
2025-05-01 00:00:00-04:00,117.11674,118.34452,116.30796,117.44804,8690200,0.0,0.0
2025-05-02 00:00:00-04:00,122.78304,123.38232,121.07292,122.54431,18092500,0.0,0.0
2025-05-05 00:00:00-04:00,121.80374,123.87927,121.52116,123.3336,9868800,0.0,0.0
2025-05-06 00:00:00-04:00,125.1704,126.41279,124.2252,124.39573,17919700,0.0,0.0
2025-05-07 00:00:00-04:00,121.71605,121.76964,119.76719,120.07901,15979200,0.0,0.0
2025-05-08 00:00:00-04:00,122.1448,123.57234,120.99497,122.57355,10846800,0.0,0.0
2025-05-09 00:00:00-04:00,123.74286,124.50292,121.98889,122.12531,11172200,0.0,0.0
2025-05-12 00:00:00-04:00,130.44693,130.64183,128.91708,129.16069,22631700,0.0,0.0
2025-05-13 00:00:00-04:00,127.65033,129.62941,126.87079,128.28371,16123600,0.0,0.0
2025-05-14 00:00:00-04:00,130.64668,131.07056,129.25812,130.62233,18278300,0.0,0.0
2025-05-15 00:00:00-04:00,123.01204,123.08999,119.51384,120.73187,35442800,0.0,0.0
2025-05-16 00:00:00-04:00,122.5638,122.87562,120.15696,120.30312,20090000,0.0,0.0
2025-05-19 00:00:00-04:00,117.10699,119.91334,116.93159,119.8159,11197000,0.0,0.0
2025-05-20 00:00:00-04:00,121.1119,122.01812,120.97548,121.95966,11790000,0.0,0.0
2025-05-21 00:00:00-04:00,122.24223,122.83664,119.63076,120.42979,8521400,0.0,0.0
2025-05-22 00:00:00-04:00,118.38349,119.0461,117.82806,118.37375,7820900,0.0,0.0
2025-05-23 00:00:00-04:00,116.52233,117.94695,116.2339,117.64293,7163400,0.0,0.0
2025-05-27 00:00:00-04:00,116.80979,116.93647,115.84998,116.46387,8544500,0.0,0.0
2025-05-28 00:00:00-04:00,114.44679,114.90477,113.53083,113.75494,11707700,0.0,0.0
2025-05-29 00:00:00-04:00,115.99127,116.28847,113.71597,114.1837,12356300,0.0,0.0
2025-05-30 00:00:00-04:00,112.06919,112.12765,108.74638,110.9291,17213200,0.0,0.0
2025-06-02 00:00:00-04:00,111.96201,112.44922,110.75274,111.81584,13147200,0.0,0.0
2025-06-03 00:00:00-04:00,112.42972,112.84873,111.4894,112.03021,14008900,0.0,0.0
2025-06-04 00:00:00-04:00,113.82804,116.9316,113.67701,116.39566,18115500,0.0,0.0
2025-06-05 00:00:00-04:00,117.85729,118.44196,116.09358,116.89261,15332200,0.0,0.0
2025-06-06 00:00:00-04:00,115.95717,116.70747,115.19711,116.32745,9753200,0.0,0.0
2025-06-09 00:00:00-04:00,117.99371,119.03148,117.04852,118.37375,10410600,0.0,0.0
2025-06-10 00:00:00-04:00,117.53087,119.03637,116.81466,118.76352,8892800,0.0,0.0
2025-06-11 00:00:00-04:00,119.49434,120.30311,116.98031,117.25315,10443100,0.0,0.0
2025-06-12 00:00:00-04:00,116.45052,116.48025,114.89481,115.55872,10204500,2.0,0.0
2025-06-13 00:00:00-04:00,112.63556,113.73546,111.24731,111.84284,13355100,0.0,0.0
2025-06-16 00:00:00-04:00,113.93364,115.83616,113.82464,114.90472,10242900,0.0,0.0
2025-06-17 00:00:00-04:00,114.88491,115.54881,113.98318,113.98318,10205700,0.0,0.0
2025-06-18 00:00:00-04:00,112.60584,113.25983,111.99148,112.4572,14002300,0.0,0.0
2025-06-20 00:00:00-04:00,113.07156,113.38567,111.5971,111.98157,12737300,0.0,0.0
2025-06-23 00:00:00-04:00,111.09471,112.06084,110.2475,112.06084,12536500,0.0,0.0
2025-06-24 00:00:00-04:00,113.57196,116.25234,112.58602,115.94517,17125100,0.0,0.0
2025-06-25 00:00:00-04:00,116.13343,116.38116,113.13101,113.50755,12835500,0.0,0.0
2025-06-26 00:00:00-04:00,113.06165,113.16074,112.3482,112.8932,8388000,0.0,0.0
2025-06-27 00:00:00-04:00,113.32919,114.44891,112.28875,113.04183,12355500,0.0,0.0
2025-06-30 00:00:00-04:00,111.43657,112.4572,110.38622,112.37793,10457300,0.0,0.0
2025-07-01 00:00:00-04:00,111.92211,113.74537,111.71402,112.93283,9243200,0.0,0.0
2025-07-02 00:00:00-04:00,110.55467,110.8024,109.3656,109.7025,13843800,0.0,0.0
2025-07-03 00:00:00-04:00,107.34911,108.08733,106.96761,107.71078,11847200,0.0,0.0
2025-07-07 00:00:00-04:00,106.45235,107.21534,104.97591,105.3029,17446200,0.0,0.0
2025-07-08 00:00:00-04:00,107.7752,108.13687,106.92798,107.00725,11319900,0.0,0.0
2025-07-09 00:00:00-04:00,104.52009,104.56468,102.7662,102.88511,24609300,0.0,0.0
2025-07-10 00:00:00-04:00,104.18318,105.78844,103.46379,105.66953,13554500,0.0,0.0
2025-07-11 00:00:00-04:00,105.93708,106.44244,105.33263,105.74881,10774600,0.0,0.0
2025-07-14 00:00:00-04:00,106.66539,107.80988,106.21454,107.23516,13231300,0.0,0.0
2025-07-15 00:00:00-04:00,113.6116,116.1483,112.17381,115.90553,34785400,0.0,0.0
2025-07-16 00:00:00-04:00,114.44891,114.97408,113.0022,114.67682,14439000,0.0,0.0
2025-07-17 00:00:00-04:00,113.99309,117.12433,113.81473,116.23253,14573600,0.0,0.0
2025-07-18 00:00:00-04:00,120.27539,121.0483,118.68004,119.13586,26787700,0.0,0.0
2025-07-21 00:00:00-04:00,118.42241,121.19693,117.17388,119.17549,17937600,0.0,0.0
2025-07-22 00:00:00-04:00,119.34396,120.73121,117.91706,119.6115,11551500,0.0,0.0
2025-07-23 00:00:00-04:00,121.67752,122.73778,120.29522,121.46448,12874200,0.0,0.0
2025-07-24 00:00:00-04:00,120.74112,122.86164,119.35386,120.04749,11378400,0.0,0.0
2025-07-25 00:00:00-04:00,119.09623,119.38359,118.25396,118.93768,7060600,0.0,0.0
2025-07-28 00:00:00-04:00,120.91948,122.32656,120.42403,121.03839,11207400,0.0,0.0
2025-07-29 00:00:00-04:00,121.37529,121.75184,117.9666,118.27378,13599700,0.0,0.0
2025-07-30 00:00:00-04:00,117.96165,118.50169,115.77671,116.3118,12794100,0.0,0.0
2025-07-31 00:00:00-04:00,116.74779,120.23576,116.45052,119.53222,13650400,0.0,0.0
2025-08-01 00:00:00-04:00,116.9856,117.29279,115.05335,116.00462,12424300,0.0,0.0
2025-08-04 00:00:00-04:00,117.27297,118.40259,115.79653,116.4307,7272100,0.0,0.0
2025-08-05 00:00:00-04:00,117.02524,117.57024,115.80644,115.97489,5885600,0.0,0.0
2025-08-06 00:00:00-04:00,117.79815,120.18622,116.69825,119.76013,12079600,0.0,0.0
2025-08-07 00:00:00-04:00,120.23575,121.1672,118.51159,119.85921,9480600,0.0,0.0
2025-08-08 00:00:00-04:00,118.23414,119.60158,117.57519,119.26468,9763600,0.0,0.0
2025-08-11 00:00:00-04:00,119.33404,120.19613,117.04507,117.56033,12072000,0.0,0.0
2025-08-12 00:00:00-04:00,117.72878,121.67257,117.02524,121.30593,11939800,0.0,0.0
2025-08-13 00:00:00-04:00,125.53708,126.76579,123.94173,125.70553,19362500,0.0,0.0
2025-08-14 00:00:00-04:00,122.60401,122.80219,120.23576,121.16721,15045600,0.0,0.0
2025-08-15 00:00:00-04:00,119.87904,121.07704,119.58177,120.15649,11141800,0.0,0.0
2025-08-18 00:00:00-04:00,120.81048,122.02929,119.79977,120.29522,8550400,0.0,0.0
2025-08-19 00:00:00-04:00,120.47358,121.46447,118.89804,118.89804,8106100,0.0,0.0
2025-08-20 00:00:00-04:00,118.82868,119.71058,117.59006,118.4026,7095800,0.0,0.0
2025-08-21 00:00:00-04:00,116.80725,118.1846,116.44062,117.01534,8231200,0.0,0.0
2025-08-22 00:00:00-04:00,119.37863,122.27702,119.18541,121.82121,13855300,0.0,0.0
2025-08-25 00:00:00-04:00,124.04082,125.57671,122.37611,123.21837,12888400,0.0,0.0
2025-08-26 00:00:00-04:00,124.15477,124.85336,122.59411,123.05983,8706100,0.0,0.0
2025-08-27 00:00:00-04:00,120.09703,121.40006,119.69076,121.11766,13833100,0.0,0.0
2025-08-28 00:00:00-04:00,118.44223,120.14658,116.52979,118.48186,14501100,0.0,0.0
2025-08-29 00:00:00-04:00,127.70715,135.40643,127.34051,133.77145,82165100,0.0,0.0
2025-09-02 00:00:00-04:00,133.24627,137.56659,131.84909,137.28914,41625400,0.0,0.0
2025-09-03 00:00:00-04:00,135.45598,136.51625,134.34617,135.20825,16470500,0.0,0.0
2025-09-04 00:00:00-04:00,131.9482,133.02827,128.8764,129.72858,24730900,0.0,0.0
2025-09-05 00:00:00-04:00,133.80118,134.3759,131.49238,134.34618,19202500,0.0,0.0
2025-09-08 00:00:00-04:00,138.60704,139.93485,137.50615,139.91502,20095300,0.0,0.0
2025-09-09 00:00:00-04:00,144.0768,146.65314,143.33362,145.76134,32792300,0.0,0.0
2025-09-10 00:00:00-04:00,144.09662,144.59207,141.92655,142.62018,21079900,0.0,0.0
2025-09-11 00:00:00-04:00,146.77204,155.42161,146.51442,154.02544,50089200,0.0,0.0
2025-09-12 00:00:00-04:00,152.66791,154.04526,150.6762,153.6489,20903300,0.0,0.0
2025-09-15 00:00:00-04:00,157.64222,158.24667,155.3037,156.60178,23567200,0.0,0.0
2025-09-16 00:00:00-04:00,156.91887,161.51665,156.15587,160.73384,26017700,0.0,0.0
2025-09-17 00:00:00-04:00,164.48934,165.79733,161.77427,164.65779,29344300,0.0,0.0
2025-09-18 00:00:00-04:00,161.0212,163.29035,159.83212,161.00137,19529600,0.0,0.0
2025-09-19 00:00:00-04:00,163.19127,164.73707,161.13019,161.32837,18183200,0.0,0.0
2025-09-22 00:00:00-04:00,162.26972,165.91128,161.54637,162.75526,18667700,0.0,0.0
2025-09-23 00:00:00-04:00,163.50835,166.30269,161.31847,161.59592,18278600,0.0,0.0
2025-09-24 00:00:00-04:00,174.37851,178.52048,173.40744,174.83434,52642300,0.0,0.0
2025-09-25 00:00:00-04:00,171.82198,174.17043,168.88397,173.87315,20712200,0.0,0.0
2025-09-26 00:00:00-04:00,170.60318,171.18781,168.15566,170.34555,15971100,0.0,0.0
2025-09-29 00:00:00-04:00,176.4594,179.69369,175.97386,178.26283,21576300,0.0,0.0
2025-09-30 00:00:00-04:00,180.00683,180.49236,175.48833,177.10349,18681500,0.0,0.0
2025-10-01 00:00:00-04:00,178.34212,181.41391,177.24222,181.11664,14966900,0.0,0.0
2025-10-02 00:00:00-04:00,186.86385,190.91663,186.5864,187.61693,23687800,0.0,0.0
2025-10-03 00:00:00-04:00,188.98437,189.33119,185.43199,186.31885,13990900,0.0,0.0
2025-10-06 00:00:00-04:00,184.80279,187.88448,184.61451,185.51624,10973500,0.0,0.0
2025-10-07 00:00:00-04:00,185.69954,186.94312,178.79792,179.67982,16942200,0.0,0.0
2025-10-08 00:00:00-04:00,179.14474,180.43291,175.68651,179.47174,15883700,0.0,0.0
2025-10-09 00:00:00-04:00,176.89541,177.15304,170.73201,172.09944,21211600,0.0,0.0
2025-10-10 00:00:00-04:00,168.48266,171.35626,155.81896,157.56294,50296800,0.0,0.0
2025-10-13 00:00:00-04:00,166.25314,167.25394,163.52816,165.29196,25703100,0.0,0.0
2025-10-14 00:00:00-04:00,158.59349,164.98479,158.54394,161.37791,18583200,0.0,0.0
2025-10-15 00:00:00-04:00,166.54051,166.57023,163.10209,164.40016,15337400,0.0,0.0
2025-10-16 00:00:00-04:00,165.00461,166.76841,162.96336,163.58762,10979700,0.0,0.0
2025-10-17 00:00:00-04:00,160.28792,167.56113,159.68347,165.52979,17765700,0.0,0.0
2025-10-20 00:00:00-04:00,165.76759,173.37771,164.28124,171.89136,20120500,0.0,0.0
2025-10-21 00:00:00-04:00,168.96821,169.38439,164.90552,165.15324,15662500,0.0,0.0
2025-10-22 00:00:00-04:00,165.48024,168.12594,162.09137,164.35062,15016500,0.0,0.0
2025-10-23 00:00:00-04:00,167.4323,171.66345,166.78525,170.33563,12792100,0.0,0.0
2025-10-24 00:00:00-04:00,172.8129,174.83434,171.78435,173.11017,11841000,0.0,0.0
2025-10-27 00:00:00-04:00,178.10431,178.36194,176.00359,177.81694,12580800,0.0,0.0
2025-10-28 00:00:00-04:00,175.86486,177.74758,173.64526,175.11179,11906900,0.0,0.0
2025-10-29 00:00:00-04:00,178.65424,180.83917,176.4693,178.3322,12068900,0.0,0.0
2025-10-30 00:00:00-04:00,172.73363,174.77488,172.19854,172.34717,10756300,0.0,0.0
2025-10-31 00:00:00-04:00,168.97811,169.88973,166.59004,168.87901,13181400,0.0,0.0
2025-11-03 00:00:00-05:00,166.77831,167.40258,164.07316,166.16396,9702300,0.0,0.0
2025-11-04 00:00:00-05:00,161.12028,164.98479,160.72391,162.80481,9693100,0.0,0.0
2025-11-05 00:00:00-05:00,162.90389,165.36133,162.11118,163.32008,8631400,0.0,0.0
2025-11-06 00:00:00-05:00,167.46204,168.99793,164.01371,166.08469,12438900,0.0,0.0
2025-11-07 00:00:00-05:00,161.477,164.86588,159.74887,164.82623,11581200,0.0,0.0
2025-11-10 00:00:00-05:00,166.09459,166.47114,162.15082,164.38034,9348700,0.0,0.0
2025-11-11 00:00:00-05:00,163.09217,164.07317,158.70249,159.33667,11354400,0.0,0.0
2025-11-12 00:00:00-05:00,159.51502,159.72311,154.77852,156.47296,13920800,0.0,0.0
2025-11-13 00:00:00-05:00,162.50754,162.50754,157.05759,158.38539,17213000,0.0,0.0
2025-11-14 00:00:00-05:00,155.51178,161.14009,150.39874,152.40036,33991000,0.0,0.0
2025-11-17 00:00:00-05:00,156.54231,159.5596,155.47214,156.27478,16911400,0.0,0.0
2025-11-18 00:00:00-05:00,155.87842,159.8123,155.27397,158.26649,12438900,0.0,0.0
2025-11-19 00:00:00-05:00,157.87508,159.50512,156.60277,157.44405,7949900,0.0,0.0
2025-11-20 00:00:00-05:00,157.55303,159.92128,151.60764,151.88509,13466900,0.0,0.0
2025-11-21 00:00:00-05:00,150.59692,154.46143,147.28732,151.53827,16240800,0.0,0.0
2025-11-24 00:00:00-05:00,158.54394,160.03029,157.25576,159.26729,21796600,0.0,0.0
2025-11-25 00:00:00-05:00,163.69662,164.85597,154.72897,155.58115,27097500,0.0,0.0
2025-11-26 00:00:00-05:00,157.64718,159.99066,148.63494,156.16579,21453100,0.0,0.0
2025-11-28 00:00:00-05:00,154.73889,157.24586,154.26325,155.86852,7185500,0.0,0.0
2025-12-01 00:00:00-05:00,159.03939,163.34981,157.95931,162.76517,15321200,0.0,0.0
2025-12-02 00:00:00-05:00,159.73302,160.2582,157.67195,159.66367,9878500,0.0,0.0
2025-12-03 00:00:00-05:00,155.9676,157.01301,155.10552,156.64142,6968000,0.0,0.0
2025-12-04 00:00:00-05:00,156.82968,157.35486,154.98661,156.00723,6666300,0.0,0.0
2025-12-05 00:00:00-05:00,157.70168,158.03859,156.24505,156.87924,6277100,0.0,0.0
2025-12-08 00:00:00-05:00,156.13606,157.29541,154.98958,156.69096,7342000,0.0,0.0
2025-12-09 00:00:00-05:00,153.03454,155.17489,152.89581,154.54071,6458100,0.0,0.0
2025-12-10 00:00:00-05:00,158.18721,159.2772,156.06668,157.37468,10928600,0.0,0.0
2025-12-11 00:00:00-05:00,153.73806,155.62078,151.96436,155.47214,8171200,0.0,0.0
2025-12-12 00:00:00-05:00,156.32928,157.50349,152.40036,154.26324,6708400,0.0,0.0
2025-12-15 00:00:00-05:00,151.786,151.81078,148.21877,148.72412,11233100,0.0,0.0
2025-12-16 00:00:00-05:00,147.59449,148.60522,146.1676,147.9314,9051900,0.0,0.0
2025-12-17 00:00:00-05:00,149.22949,150.01229,145.41452,145.75142,8271000,0.0,0.0
2025-12-18 00:00:00-05:00,147.29722,147.84222,145.77719,145.97934,6597400,0.0,0.0
2025-12-19 00:00:00-05:00,147.65395,150.09157,147.52514,148.42685,9004200,0.0,0.0
2025-12-22 00:00:00-05:00,149.03626,150.43839,147.76295,149.58621,6779100,0.0,0.0
2025-12-23 00:00:00-05:00,149.20471,149.92311,147.91159,149.85374,5373300,0.0,0.0
2025-12-24 00:00:00-05:00,149.1304,149.41775,148.55369,148.6944,3274200,0.0,0.0
2025-12-26 00:00:00-05:00,148.9223,151.58782,148.6944,150.85457,6037200,0.0,0.0
2025-12-29 00:00:00-05:00,146.37569,147.39632,145.87034,147.13869,8900000,0.0,0.0
2025-12-30 00:00:00-05:00,147.48549,147.74314,146.00906,146.01897,6832300,0.0,0.0
2025-12-31 00:00:00-05:00,145.35506,146.02887,144.31462,145.24606,6116000,0.0,0.0
2026-01-02 00:00:00-05:00,151.23109,155.22442,150.41954,154.32271,15778300,0.0,0.0
2026-01-05 00:00:00-05:00,154.35738,155.12534,150.78519,154.83797,14744000,0.0,0.0
2026-01-06 00:00:00-05:00,153.80744,154.4218,149.48712,149.52675,12998100,0.0,0.0
2026-01-07 00:00:00-05:00,147.02969,147.02969,145.27579,145.41452,12613200,0.0,0.0
2026-01-08 00:00:00-05:00,144.76549,153.8768,143.948,153.06427,20981700,0.0,0.0
2026-01-09 00:00:00-05:00,149.95284,150.19066,147.16841,149.58621,11437900,0.0,0.0
2026-01-12 00:00:00-05:00,156.03696,166.16396,156.03696,164.79651,35379000,0.0,0.0
2026-01-13 00:00:00-05:00,163.99389,169.12674,163.40926,165.49014,18850400,0.0,0.0
2026-01-14 00:00:00-05:00,170.00865,171.22745,168.29934,168.35384,17475100,0.0,0.0
2026-01-15 00:00:00-05:00,168.10117,171.72291,165.81714,169.37447,12607000,0.0,0.0
2026-01-16 00:00:00-05:00,168.23494,168.30431,162.00713,163.89479,18598300,0.0,0.0
2026-01-20 00:00:00-05:00,160.35728,164.66274,160.20864,160.91219,9885000,0.0,0.0
2026-01-21 00:00:00-05:00,166.05,168.31917,164.15244,167.13504,11713700,0.0,0.0
2026-01-22 00:00:00-05:00,174.82441,179.45192,173.17952,175.56758,32031100,0.0,0.0
2026-01-23 00:00:00-05:00,173.83847,174.01188,170.37528,171.65353,13064100,0.0,0.0
2026-01-26 00:00:00-05:00,168.24485,171.41574,167.14495,169.81047,10166100,0.0,0.0
2026-01-27 00:00:00-05:00,172.46608,174.85415,170.65371,171.14818,8931300,0.0,0.0
2026-01-28 00:00:00-05:00,174.64606,176.25131,172.97441,174.06143,9001500,0.0,0.0
2026-01-29 00:00:00-05:00,176.71704,179.10511,170.03838,172.66426,12062500,0.0,0.0
2026-01-30 00:00:00-05:00,171.12836,172.41653,167.92776,168.01694,10846100,0.0,0.0
2026-02-02 00:00:00-05:00,166.45132,168.01694,165.81714,166.85759,6551800,0.0,0.0
2026-02-03 00:00:00-05:00,162.38864,163.84526,159.14839,162.16072,10066600,0.0,0.0
2026-02-04 00:00:00-05:00,160.85274,161.36802,155.35325,157.69177,11851400,0.0,0.0
2026-02-05 00:00:00-05:00,159.67357,160.00057,155.28389,156.32433,10936700,0.0,0.0
2026-02-06 00:00:00-05:00,158.99977,161.37792,158.04849,161.0311,10972100,0.0,0.0
2026-02-09 00:00:00-05:00,160.41673,163.52816,159.42583,161.51663,7260500,0.0,0.0
2026-02-10 00:00:00-05:00,162.24991,166.72382,160.82301,164.99469,10990000,0.0,0.0
2026-02-11 00:00:00-05:00,162.59671,163.69661,159.91138,162.82463,8756900,0.0,0.0
2026-02-12 00:00:00-05:00,161.63554,161.88327,155.53161,157.28549,11457800,0.0,0.0
2026-02-13 00:00:00-05:00,151.46395,156.67114,151.46395,154.31279,16045600,0.0,0.0
2026-02-17 00:00:00-05:00,154.95193,156.69096,152.06346,154.01552,6803600,0.0,0.0
2026-02-18 00:00:00-05:00,155.45233,156.06668,154.15426,154.35243,4506600,0.0,0.0
2026-02-19 00:00:00-05:00,153.8124,154.08489,151.75627,152.86609,6582500,0.0,0.0
2026-02-20 00:00:00-05:00,149.47722,154.07499,149.06103,153.04445,8758700,0.0,0.0
2026-02-23 00:00:00-05:00,154.0849,154.90735,151.18157,151.38965,6751000,0.0,0.0
2026-02-24 00:00:00-05:00,150.71584,152.331,149.52675,151.71664,6655200,0.0,0.0
2026-02-25 00:00:00-05:00,151.40947,152.15264,149.5872,150.8942,5813400,0.0,0.0
2026-02-26 00:00:00-05:00,147.00491,147.7035,144.275,146.7027,10256400,0.0,0.0
2026-02-27 00:00:00-05:00,144.13626,145.06769,142.02564,142.79854,9780300,0.0,0.0
2026-03-02 00:00:00-05:00,137.92332,141.69865,137.78954,141.26265,9428300,0.0,0.0
2026-03-03 00:00:00-05:00,135.1389,135.83253,132.18601,134.35608,18476800,0.0,0.0
2026-03-04 00:00:00-05:00,133.75658,133.88738,131.51219,132.05719,14293900,0.0,0.0
2026-03-05 00:00:00-05:00,128.51968,130.43707,127.4297,129.16377,18612900,0.0,0.0
2026-03-06 00:00:00-05:00,128.12333,131.22484,127.62788,129.59976,10957000,0.0,0.0
2026-03-09 00:00:00-04:00,129.05477,131.70047,127.38015,131.43292,10072400,0.0,0.0
2026-03-10 00:00:00-04:00,134.47499,137.95304,133.33545,135.60461,15264300,0.0,0.0
2026-03-11 00:00:00-04:00,134.33626,135.49561,133.59309,135.0497,6685100,0.0,0.0
2026-03-12 00:00:00-04:00,134.148,134.76235,132.23555,132.97873,7591800,0.0,0.0
2026-03-13 00:00:00-04:00,134.83171,135.95142,133.47417,133.97954,6438400,0.0,0.0
2026-03-16 00:00:00-04:00,137.53687,137.53687,135.2578,135.4659,9972300,0.0,0.0
2026-03-17 00:00:00-04:00,136.62028,136.96214,134.73262,135.32716,10005700,0.0,0.0
2026-03-18 00:00:00-04:00,137.18511,137.8936,133.14718,133.20663,17158600,0.0,0.0
2026-03-19 00:00:00-04:00,121.90047,125.76498,120.0574,123.76337,33440500,0.0,0.0
2026-03-20 00:00:00-04:00,124.57094,125.32899,120.97893,121.29603,15479300,0.0,0.0
2026-03-23 00:00:00-04:00,122.11847,126.11179,121.97974,124.9128,15583900,0.0,0.0
2026-03-24 00:00:00-04:00,123.22828,124.60563,122.79228,124.33809,8516200,0.0,0.0
2026-03-25 00:00:00-04:00,128.30168,129.46103,127.17205,128.68813,12843000,0.0,0.0
2026-03-26 00:00:00-04:00,125.5668,125.8938,123.45618,124.26872,9240000,0.0,0.0
2026-03-27 00:00:00-04:00,122.84183,123.30755,121.11767,121.57348,8105000,0.0,0.0
2026-03-30 00:00:00-04:00,122.15811,122.65356,120.44385,120.86994,7226700,0.0,0.0
2026-03-31 00:00:00-04:00,120.87984,124.63536,120.2754,124.31827,9486100,0.0,0.0
2026-04-01 00:00:00-04:00,124.33809,125.2398,121.99956,122.60401,10297400,0.0,0.0
2026-04-02 00:00:00-04:00,119.17549,121.73003,119.04668,120.9393,8830200,0.0,0.0
2026-04-06 00:00:00-04:00,120.9393,122.52474,120.59248,121.19693,3987600,0.0,0.0
2026-04-07 00:00:00-04:00,120.04749,120.86994,116.85679,118.6305,10879200,0.0,0.0
2026-04-08 00:00:00-04:00,126.94415,128.16296,123.72373,124.17954,17638100,0.0,0.0
2026-04-09 00:00:00-04:00,123.38682,126.61715,122.83192,126.51807,10014600,0.0,0.0
2026-04-10 00:00:00-04:00,127.95982,128.57913,125.8938,126.17125,9356300,0.0,0.0
2026-04-13 00:00:00-04:00,124.84344,126.92433,124.40745,126.84505,5550200,0.0,0.0
2026-04-14 00:00:00-04:00,127.30088,131.67075,127.30088,130.15468,11718500,0.0,0.0
2026-04-15 00:00:00-04:00,131.49237,132.38419,130.17447,132.06709,8749500,0.0,0.0
2026-04-16 00:00:00-04:00,136.54598,139.61776,134.49977,137.32878,17122200,0.0,0.0
2026-04-17 00:00:00-04:00,139.86547,142.47154,138.60704,139.72675,12886500,0.0,0.0
2026-04-20 00:00:00-04:00,139.18671,139.64747,137.6092,138.89439,7823300,0.0,0.0
2026-04-21 00:00:00-04:00,137.98277,137.98277,133.23637,134.14799,11388200,0.0,0.0
2026-04-22 00:00:00-04:00,135.66407,136.08025,134.148,135.17853,9258300,0.0,0.0
2026-04-23 00:00:00-04:00,132.56255,132.68146,128.43546,130.50148,10749900,0.0,0.0
2026-04-24 00:00:00-04:00,132.46346,134.96053,131.78966,134.584,9046800,0.0,0.0
2026-04-27 00:00:00-04:00,131.78965,132.19097,130.88793,131.31403,6462100,0.0,0.0
2026-04-28 00:00:00-04:00,128.3215,129.72858,127.77651,129.65923,6088100,0.0,0.0
2026-04-29 00:00:00-04:00,130.7492,130.82847,128.77732,129.24303,6386000,0.0,0.0
2026-04-30 00:00:00-04:00,128.96557,131.43292,128.17287,130.67984,7416600,0.0,0.0
2026-05-01 00:00:00-04:00,130.55598,131.93828,130.16457,130.3033,6199300,0.0,0.0
2026-05-04 00:00:00-04:00,132.76072,134.8763,132.04727,132.05719,8317200,0.0,0.0
2026-05-05 00:00:00-04:00,133.39986,133.494,130.9672,131.05638,6919300,0.0,0.0
2026-05-06 00:00:00-04:00,136.05547,140.90593,135.49562,140.15285,16958900,0.0,0.0
2026-05-07 00:00:00-04:00,142.45668,142.63999,139.16194,139.71684,10698800,0.0,0.0
2026-05-08 00:00:00-04:00,140.7573,142.49137,138.10168,138.7854,10062000,0.0,0.0
2026-05-11 00:00:00-04:00,136.40725,137.58642,134.98035,136.05052,9859200,0.0,0.0
2026-05-12 00:00:00-04:00,135.2479,135.72352,132.6022,133.55345,16129000,0.0,0.0
2026-05-13 00:00:00-04:00,130.85821,145.53343,129.14396,144.48308,40214600,0.0,0.0
2026-05-14 00:00:00-04:00,139.69703,142.66973,137.3486,139.83575,19422000,0.0,0.0
2026-05-15 00:00:00-04:00,134.64345,134.64345,130.7492,131.38338,17985100,0.0,0.0
2026-05-18 00:00:00-04:00,132.72605,133.65254,131.36356,132.04727,10379400,0.0,0.0
2026-05-19 00:00:00-04:00,134.11331,135.53525,133.56335,134.40562,11084200,0.0,0.0
2026-05-20 00:00:00-04:00,134.62363,134.65335,131.52211,133.24628,7035400,0.0,0.0
2026-05-21 00:00:00-04:00,128.37105,130.55598,126.92433,130.27357,12621500,0.0,0.0
2026-05-22 00:00:00-04:00,125.76994,129.56013,125.76994,128.81696,11868400,0.0,0.0
2026-05-26 00:00:00-04:00,128.91605,129.05478,127.90037,128.29178,5599000,0.0,0.0
2026-05-27 00:00:00-04:00,125.17044,127.82605,125.10108,126.59734,8272800,0.0,0.0
2026-05-28 00:00:00-04:00,123.585,125.41817,122.41574,125.0119,11541300,0.0,0.0
2026-05-29 00:00:00-04:00,123.258,123.90209,122.30674,123.08955,12504300,0.0,0.0
2026-06-01 00:00:00-04:00,123.06973,125.20016,122.86164,124.25881,9297800,0.0,0.0
2026-06-02 00:00:00-04:00,131.04648,132.86973,129.33223,129.6295,15355100,0.0,0.0
2026-06-03 00:00:00-04:00,127.58823,127.71705,125.6758,126.05234,8646200,0.0,0.0
2026-06-04 00:00:00-04:00,125.46771,127.0036,124.7939,124.8038,6928100,0.0,0.0
2026-06-05 00:00:00-04:00,123.87236,124.09036,119.36377,119.95831,12891400,0.0,0.0
2026-06-08 00:00:00-04:00,120.65194,121.24648,118.5215,118.97732,9493300,0.0,0.0
2026-06-09 00:00:00-04:00,120.19613,121.30593,117.29279,118.61068,11871000,0.0,0.0
2026-06-10 00:00:00-04:00,114.94435,117.10452,114.32009,114.32999,10880900,0.0,0.0
2026-06-11 00:00:00-04:00,110.875,112.82,109.66,112.69,16403600,1.05,0.0
2026-06-12 00:00:00-04:00,112.57,112.82,110.97,112.82,8157900,0.0,0.0
2026-06-15 00:00:00-04:00,112.66,113.82,112.11,112.55,10426100,0.0,0.0
2026-06-16 00:00:00-04:00,109.33,111.25,109.05,110.97,14128100,0.0,0.0
2026-06-17 00:00:00-04:00,109.51,110.58,107.38,107.44,13280700,0.0,0.0
2026-06-18 00:00:00-04:00,106.485,107.37,105.51,107.1,14603000,0.0,0.0
2026-06-22 00:00:00-04:00,105.092,106.53,103.91,104.97,13220800,0.0,0.0
2026-06-23 00:00:00-04:00,102.38,103.54,101.83,102.6,11335700,0.0,0.0
2026-06-24 00:00:00-04:00,101.25,101.67,99.1,99.8,15334300,0.0,0.0
2026-06-25 00:00:00-04:00,97.675,98.1,94.71,95.07,20248200,0.0,0.0
2026-06-26 00:00:00-04:00,92.0,95.72,91.99,94.81,18307600,0.0,0.0
2026-06-29 00:00:00-04:00,96.14,97.47,94.4,95.51,21078900,0.0,0.0
2026-06-30 00:00:00-04:00,94.99,96.96,94.36,95.98,11816100,0.0,0.0
2026-07-01 00:00:00-04:00,95.6,99.46,95.53,97.99,11888600,0.0,0.0
2026-07-02 00:00:00-04:00,96.89,97.95,95.19,96.14,11744600,0.0,0.0
2026-07-06 00:00:00-04:00,97.41,98.03,96.37,97.91,8948100,0.0,0.0
2026-07-07 00:00:00-04:00,97.8,99.74,97.39,98.14,10204200,0.0,0.0
2026-07-08 00:00:00-04:00,107.6,109.82,105.65,108.98,38869300,0.0,0.0
2026-07-09 00:00:00-04:00,109.12,112.17,108.85,111.14,14110600,0.0,0.0
2026-07-10 00:00:00-04:00,113.24,115.58,112.01,112.33,16162200,0.0,0.0
2026-07-13 00:00:00-04:00,112.855,114.2,111.82,112.35,9559900,0.0,0.0
2026-07-14 00:00:00-04:00,112.95,113.35,111.23,112.32,8272300,0.0,0.0
2026-07-15 00:00:00-04:00,117.4,121.22,117.15,117.69,20233300,0.0,0.0
2026-07-16 00:00:00-04:00,118.475,119.935,117.415,117.49,9653500,0.0,0.0
2026-07-17 00:00:00-04:00,114.65,115.93,113.94,114.97,11282100,0.0,0.0
2026-07-20 00:00:00-04:00,118.91,121.855,117.865,120.34,14750900,0.0,0.0
2026-07-21 00:00:00-04:00,118.66,119.45,117.65,117.97,9314000,0.0,0.0
2026-07-22 00:00:00-04:00,118.66,116.07,115.15,115.54,484010,0.0,0.0
