Date,Open,High,Low,Close,Volume,Dividends,Stock Splits
1973-02-21 00:00:00-05:00,0.37133,0.37133,0.37133,0.37133,3200,0.0,0.0
1973-02-22 00:00:00-05:00,0.36359,0.36359,0.36359,0.36359,3200,0.0,0.0
1973-02-23 00:00:00-05:00,0.36359,0.36359,0.36359,0.36359,0,0.0,0.0
1973-02-26 00:00:00-05:00,0.35586,0.35586,0.35586,0.35586,11200,0.0,0.0
1973-02-27 00:00:00-05:00,0.36359,0.36359,0.36359,0.36359,22400,0.0,0.0
1973-02-28 00:00:00-05:00,0.37133,0.37133,0.37133,0.37133,12800,0.0,0.0
1973-03-01 00:00:00-05:00,0.36746,0.36746,0.36746,0.36746,8000,0.0,0.0
1973-03-02 00:00:00-05:00,0.36746,0.36746,0.36746,0.36746,0,0.0,0.0
1973-03-05 00:00:00-05:00,0.36746,0.36746,0.36746,0.36746,0,0.0,0.0
1973-03-06 00:00:00-05:00,0.36359,0.36359,0.36359,0.36359,6400,0.0,0.0
1973-03-07 00:00:00-05:00,0.36359,0.36359,0.36359,0.36359,0,0.0,0.0
1973-03-08 00:00:00-05:00,0.35586,0.35586,0.35586,0.35586,1600,0.0,0.0
1973-03-09 00:00:00-05:00,0.35586,0.35586,0.35586,0.35586,14400,0.0,0.0
1973-03-12 00:00:00-05:00,0.34039,0.34039,0.34039,0.34039,22400,0.0,0.0
1973-03-13 00:00:00-05:00,0.34812,0.34812,0.34812,0.34812,12800,0.0,0.0
1973-03-14 00:00:00-05:00,0.35973,0.35973,0.35973,0.35973,1600,0.0,0.0
1973-03-15 00:00:00-05:00,0.3752,0.3752,0.3752,0.3752,8000,0.0,0.0
1973-03-16 00:00:00-05:00,0.36359,0.36359,0.36359,0.36359,17600,0.0,0.0
1973-03-19 00:00:00-05:00,0.36359,0.36359,0.36359,0.36359,0,0.0,0.0
1973-03-20 00:00:00-05:00,0.34812,0.34812,0.34812,0.34812,9600,0.0,0.0
1973-03-21 00:00:00-05:00,0.34812,0.34812,0.34812,0.34812,0,0.0,0.0
1973-03-22 00:00:00-05:00,0.34812,0.34812,0.34812,0.34812,0,0.0,0.0
1973-03-23 00:00:00-05:00,0.34039,0.34039,0.34039,0.34039,1600,0.0,0.0
1973-03-26 00:00:00-05:00,0.34812,0.34812,0.34812,0.34812,16000,0.0,0.0
1973-03-27 00:00:00-05:00,0.34812,0.34812,0.34812,0.34812,0,0.0,0.0
1973-03-28 00:00:00-05:00,0.34039,0.34039,0.34039,0.34039,3200,0.0,0.0
1973-03-29 00:00:00-05:00,0.33652,0.33652,0.33652,0.33652,9600,0.0,0.0
1973-03-30 00:00:00-05:00,0.32878,0.32878,0.32878,0.32878,12800,0.0,0.0
1973-04-02 00:00:00-05:00,0.33652,0.33652,0.33652,0.33652,1600,0.0,0.0
1973-04-03 00:00:00-05:00,0.33652,0.33652,0.33652,0.33652,0,0.0,0.0
1973-04-04 00:00:00-05:00,0.32491,0.32491,0.32491,0.32491,3200,0.0,0.0
1973-04-05 00:00:00-05:00,0.31331,0.31331,0.31331,0.31331,8000,0.0,0.0
1973-04-06 00:00:00-05:00,0.31718,0.31718,0.31718,0.31718,1600,0.0,0.0
1973-04-09 00:00:00-05:00,0.31718,0.31718,0.31718,0.31718,0,0.0,0.0
1973-04-10 00:00:00-05:00,0.30944,0.30944,0.30944,0.30944,4800,0.0,0.0
1973-04-11 00:00:00-05:00,0.31718,0.31718,0.31718,0.31718,3200,0.0,0.0
1973-04-12 00:00:00-05:00,0.31718,0.31718,0.31718,0.31718,4800,0.0,0.0
1973-04-13 00:00:00-05:00,0.31718,0.31718,0.31718,0.31718,0,0.0,0.0
1973-04-16 00:00:00-05:00,0.32105,0.32105,0.32105,0.32105,6400,0.0,0.0
1973-04-17 00:00:00-05:00,0.32105,0.32105,0.32105,0.32105,0,0.0,0.0
1973-04-18 00:00:00-05:00,0.31718,0.31718,0.31718,0.31718,6400,0.0,0.0
1973-04-19 00:00:00-05:00,0.31718,0.31718,0.31718,0.31718,0,0.0,0.0
1973-04-23 00:00:00-05:00,0.31718,0.31718,0.31718,0.31718,3200,0.0,0.0
1973-04-24 00:00:00-05:00,0.31718,0.31718,0.31718,0.31718,1600,0.0,0.0
1973-04-25 00:00:00-05:00,0.31718,0.31718,0.31718,0.31718,0,0.0,0.0
1973-04-26 00:00:00-05:00,0.31718,0.31718,0.31718,0.31718,6400,0.0,0.0
1973-04-27 00:00:00-05:00,0.31718,0.31718,0.31718,0.31718,1600,0.0,0.0
1973-04-30 00:00:00-04:00,0.32105,0.32105,0.32105,0.32105,11200,0.0,0.0
1973-05-01 00:00:00-04:00,0.31718,0.31718,0.31718,0.31718,3200,0.0,0.0
1973-05-02 00:00:00-04:00,0.32878,0.32878,0.32878,0.32878,6400,0.0,0.0
1973-05-03 00:00:00-04:00,0.32491,0.32491,0.32491,0.32491,1600,0.0,0.0
1973-05-04 00:00:00-04:00,0.32491,0.32491,0.32491,0.32491,0,0.0,0.0
1973-05-07 00:00:00-04:00,0.31718,0.31718,0.31718,0.31718,1600,0.0,0.0
1973-05-08 00:00:00-04:00,0.31331,0.31331,0.31331,0.31331,3200,0.0,0.0
1973-05-09 00:00:00-04:00,0.31331,0.31331,0.31331,0.31331,0,0.0,0.0
1973-05-10 00:00:00-04:00,0.31331,0.31331,0.31331,0.31331,0,0.0,0.0
1973-05-11 00:00:00-04:00,0.31331,0.31331,0.31331,0.31331,0,0.0,0.0
1973-05-14 00:00:00-04:00,0.30944,0.30944,0.30944,0.30944,4800,0.0,0.0
1973-05-15 00:00:00-04:00,0.30557,0.30557,0.30557,0.30557,1600,0.0,0.0
1973-05-16 00:00:00-04:00,0.30171,0.30171,0.29397,0.29397,4800,0.0,0.0
1973-05-17 00:00:00-04:00,0.29397,0.29397,0.29397,0.29397,0,0.0,0.0
1973-05-18 00:00:00-04:00,0.29397,0.29397,0.29397,0.29397,1600,0.0,0.0
1973-05-21 00:00:00-04:00,0.29397,0.29397,0.29397,0.29397,3200,0.0,0.0
1973-05-22 00:00:00-04:00,0.28623,0.28623,0.2785,0.2785,11200,0.0,0.0
1973-05-23 00:00:00-04:00,0.28237,0.2901,0.28237,0.2901,6400,0.0,0.0
1973-05-24 00:00:00-04:00,0.28623,0.28623,0.28623,0.28623,1600,0.0,0.0
1973-05-25 00:00:00-04:00,0.29397,0.29784,0.29397,0.29397,4800,0.0,0.0
1973-05-29 00:00:00-04:00,0.29397,0.30171,0.29397,0.29397,3200,0.0,0.0
1973-05-30 00:00:00-04:00,0.29397,0.29397,0.29397,0.29397,1600,0.0,0.0
1973-05-31 00:00:00-04:00,0.29397,0.29397,0.29397,0.29397,0,0.0,0.0
1973-06-01 00:00:00-04:00,0.29397,0.29397,0.29397,0.29397,0,0.0,0.0
1973-06-04 00:00:00-04:00,0.2901,0.2901,0.28237,0.28237,17600,0.0,0.0
1973-06-05 00:00:00-04:00,0.28237,0.28237,0.2785,0.2785,6400,0.0,0.0
1973-06-06 00:00:00-04:00,0.2785,0.2785,0.2785,0.2785,0,0.0,0.0
1973-06-07 00:00:00-04:00,0.27463,0.27463,0.26689,0.26689,8000,0.0,0.0
1973-06-08 00:00:00-04:00,0.27076,0.27463,0.27076,0.27463,11200,0.0,0.0
1973-06-11 00:00:00-04:00,0.26689,0.26689,0.26303,0.26303,4800,0.0,0.0
1973-06-12 00:00:00-04:00,0.26303,0.26689,0.26303,0.26303,3200,0.0,0.0
1973-06-13 00:00:00-04:00,0.26689,0.27076,0.26689,0.27076,16000,0.0,0.0
1973-06-14 00:00:00-04:00,0.27076,0.27076,0.27076,0.27076,0,0.0,0.0
1973-06-15 00:00:00-04:00,0.27076,0.27076,0.27076,0.27076,0,0.0,0.0
1973-06-18 00:00:00-04:00,0.27463,0.27463,0.27463,0.27463,1600,0.0,0.0
1973-06-19 00:00:00-04:00,0.26689,0.26689,0.26303,0.26303,8000,0.0,0.0
1973-06-20 00:00:00-04:00,0.26303,0.26303,0.26303,0.26303,0,0.0,0.0
1973-06-21 00:00:00-04:00,0.26303,0.26303,0.26303,0.26303,0,0.0,0.0
1973-06-22 00:00:00-04:00,0.26303,0.26303,0.26303,0.26303,0,0.0,0.0
1973-06-25 00:00:00-04:00,0.26303,0.26303,0.25916,0.25916,8000,0.0,0.0
1973-06-26 00:00:00-04:00,0.25916,0.25916,0.25916,0.25916,0,0.0,0.0
1973-06-27 00:00:00-04:00,0.25916,0.25916,0.25916,0.25916,0,0.0,0.0
1973-06-28 00:00:00-04:00,0.25916,0.25916,0.25916,0.25916,0,0.0,0.0
1973-06-29 00:00:00-04:00,0.25916,0.25916,0.25916,0.25916,0,0.0,0.0
1973-07-02 00:00:00-04:00,0.25916,0.25916,0.25916,0.25916,0,0.0,0.0
1973-07-03 00:00:00-04:00,0.25529,0.25529,0.25529,0.25529,1600,0.0,0.0
1973-07-05 00:00:00-04:00,0.25529,0.25529,0.25529,0.25529,0,0.0,0.0
1973-07-06 00:00:00-04:00,0.25142,0.25142,0.25142,0.25142,1600,0.0,0.0
1973-07-09 00:00:00-04:00,0.25142,0.25142,0.25142,0.25142,0,0.0,0.0
1973-07-10 00:00:00-04:00,0.25916,0.27463,0.25916,0.27463,9600,0.0,0.0
1973-07-11 00:00:00-04:00,0.28237,0.28237,0.28237,0.28237,1600,0.0,0.0
1973-07-12 00:00:00-04:00,0.28237,0.28237,0.28237,0.28237,0,0.0,0.0
1973-07-13 00:00:00-04:00,0.28237,0.28237,0.28237,0.28237,0,0.0,0.0
1973-07-16 00:00:00-04:00,0.28237,0.28237,0.2785,0.2785,24000,0.0,0.0
1973-07-17 00:00:00-04:00,0.2785,0.2785,0.2785,0.2785,0,0.0,0.0
1973-07-18 00:00:00-04:00,0.28623,0.28623,0.28623,0.28623,1600,0.0,0.0
1973-07-19 00:00:00-04:00,0.28623,0.28623,0.28623,0.28623,0,0.0,0.0
1973-07-20 00:00:00-04:00,0.29397,0.31718,0.29397,0.30944,30400,0.0,0.0
1973-07-23 00:00:00-04:00,0.30944,0.32105,0.30557,0.31718,14400,0.0,0.0
1973-07-24 00:00:00-04:00,0.31718,0.31718,0.30171,0.30171,9600,0.0,0.0
1973-07-25 00:00:00-04:00,0.30171,0.30557,0.29784,0.30557,6400,0.0,0.0
1973-07-26 00:00:00-04:00,0.30944,0.30944,0.30944,0.30944,1600,0.0,0.0
1973-07-27 00:00:00-04:00,0.30944,0.30944,0.30944,0.30944,0,0.0,0.0
1973-07-30 00:00:00-04:00,0.30944,0.30944,0.30557,0.30944,11200,0.0,0.0
1973-07-31 00:00:00-04:00,0.30944,0.30944,0.30944,0.30944,0,0.0,0.0
1973-08-01 00:00:00-04:00,0.30944,0.30944,0.30944,0.30944,0,0.0,0.0
1973-08-02 00:00:00-04:00,0.30944,0.30944,0.30944,0.30944,3200,0.0,0.0
1973-08-03 00:00:00-04:00,0.30944,0.30944,0.30944,0.30944,4800,0.0,0.0
1973-08-06 00:00:00-04:00,0.30944,0.30944,0.30944,0.30944,0,0.0,0.0
1973-08-07 00:00:00-04:00,0.30944,0.30944,0.30944,0.30944,0,0.0,0.0
1973-08-08 00:00:00-04:00,0.30944,0.30944,0.30944,0.30944,0,0.0,0.0
1973-08-09 00:00:00-04:00,0.30171,0.30171,0.29397,0.29397,11200,0.0,0.0
1973-08-10 00:00:00-04:00,0.29397,0.29397,0.29397,0.29397,0,0.0,0.0
1973-08-13 00:00:00-04:00,0.30171,0.30557,0.30171,0.30557,6400,0.0,0.0
1973-08-14 00:00:00-04:00,0.30171,0.30171,0.29784,0.29784,4800,0.0,0.0
1973-08-15 00:00:00-04:00,0.29784,0.30171,0.29784,0.30171,9600,0.0,0.0
1973-08-16 00:00:00-04:00,0.30171,0.30171,0.30171,0.30171,0,0.0,0.0
1973-08-17 00:00:00-04:00,0.30944,0.31718,0.30944,0.31718,9600,0.0,0.0
1973-08-20 00:00:00-04:00,0.31718,0.31718,0.31718,0.31718,0,0.0,0.0
1973-08-21 00:00:00-04:00,0.31718,0.31718,0.31718,0.31718,0,0.0,0.0
1973-08-22 00:00:00-04:00,0.31718,0.31718,0.31718,0.31718,0,0.0,0.0
1973-08-23 00:00:00-04:00,0.31718,0.31718,0.31718,0.31718,0,0.0,0.0
1973-08-24 00:00:00-04:00,0.30944,0.30944,0.30944,0.30944,1600,0.0,0.0
1973-08-27 00:00:00-04:00,0.30944,0.30944,0.30944,0.30944,0,0.0,0.0
1973-08-28 00:00:00-04:00,0.30944,0.30944,0.30944,0.30944,0,0.0,0.0
1973-08-29 00:00:00-04:00,0.30944,0.30944,0.30944,0.30944,0,0.0,0.0
1973-08-30 00:00:00-04:00,0.30171,0.30171,0.30171,0.30171,1600,0.0,0.0
1973-08-31 00:00:00-04:00,0.30171,0.30171,0.30171,0.30171,0,0.0,0.0
1973-09-04 00:00:00-04:00,0.30171,0.30171,0.30171,0.30171,0,0.0,0.0
1973-09-05 00:00:00-04:00,0.29784,0.29784,0.29784,0.29784,1600,0.0,0.0
1973-09-06 00:00:00-04:00,0.29784,0.29784,0.29784,0.29784,0,0.0,0.0
1973-09-07 00:00:00-04:00,0.29784,0.29784,0.29784,0.29784,0,0.0,0.0
1973-09-10 00:00:00-04:00,0.29784,0.29784,0.29784,0.29784,0,0.0,0.0
1973-09-11 00:00:00-04:00,0.29784,0.29784,0.29784,0.29784,0,0.0,0.0
1973-09-12 00:00:00-04:00,0.29784,0.29784,0.29784,0.29784,0,0.0,0.0
1973-09-13 00:00:00-04:00,0.29397,0.29397,0.2901,0.2901,3200,0.0,0.0
1973-09-14 00:00:00-04:00,0.2901,0.2901,0.2901,0.2901,0,0.0,0.0
1973-09-17 00:00:00-04:00,0.2901,0.2901,0.2901,0.2901,0,0.0,0.0
1973-09-18 00:00:00-04:00,0.2901,0.2901,0.2901,0.2901,0,0.0,0.0
1973-09-19 00:00:00-04:00,0.29784,0.29784,0.29784,0.29784,4800,0.0,0.0
1973-09-20 00:00:00-04:00,0.29784,0.29784,0.29784,0.29784,0,0.0,0.0
1973-09-21 00:00:00-04:00,0.29397,0.29397,0.29397,0.29397,1600,0.0,0.0
1973-09-24 00:00:00-04:00,0.29397,0.29397,0.29397,0.29397,0,0.0,0.0
1973-09-25 00:00:00-04:00,0.29397,0.29397,0.29397,0.29397,4800,0.0,0.0
1973-09-26 00:00:00-04:00,0.29397,0.29397,0.29397,0.29397,0,0.0,0.0
1973-09-27 00:00:00-04:00,0.29397,0.29397,0.29397,0.29397,3200,0.0,0.0
1973-09-28 00:00:00-04:00,0.29397,0.29397,0.29397,0.29397,0,0.0,0.0
1973-10-01 00:00:00-04:00,0.29397,0.29397,0.29397,0.29397,3200,0.0,0.0
1973-10-02 00:00:00-04:00,0.30171,0.30171,0.30171,0.30171,3200,0.0,0.0
1973-10-03 00:00:00-04:00,0.30171,0.30171,0.30171,0.30171,0,0.0,0.0
1973-10-04 00:00:00-04:00,0.29784,0.29784,0.29784,0.29784,1600,0.0,0.0
1973-10-05 00:00:00-04:00,0.29784,0.29784,0.29784,0.29784,1600,0.0,0.0
1973-10-08 00:00:00-04:00,0.29784,0.29784,0.29784,0.29784,1600,0.0,0.0
1973-10-09 00:00:00-04:00,0.29784,0.30171,0.2901,0.2901,9600,0.0,0.0
1973-10-10 00:00:00-04:00,0.28623,0.28623,0.28623,0.28623,1600,0.0,0.0
1973-10-11 00:00:00-04:00,0.28623,0.28623,0.28623,0.28623,3200,0.0,0.0
1973-10-12 00:00:00-04:00,0.29397,0.29397,0.29397,0.29397,1600,0.0,0.0
1973-10-15 00:00:00-04:00,0.29784,0.29784,0.29784,0.29784,1600,0.0,0.0
1973-10-16 00:00:00-04:00,0.29397,0.29397,0.29397,0.29397,1600,0.0,0.0
1973-10-17 00:00:00-04:00,0.29397,0.29397,0.29397,0.29397,0,0.0,0.0
1973-10-18 00:00:00-04:00,0.29784,0.30171,0.29784,0.30171,3200,0.0,0.0
1973-10-19 00:00:00-04:00,0.29397,0.29397,0.29397,0.29397,3200,0.0,0.0
1973-10-22 00:00:00-04:00,0.2901,0.2901,0.2901,0.2901,6400,0.0,0.0
1973-10-23 00:00:00-04:00,0.2785,0.2785,0.2785,0.2785,12800,0.0,0.0
1973-10-24 00:00:00-04:00,0.2785,0.28623,0.2785,0.2785,11200,0.0,0.0
1973-10-25 00:00:00-04:00,0.2785,0.2785,0.2785,0.2785,0,0.0,0.0
1973-10-26 00:00:00-04:00,0.27463,0.27463,0.26303,0.26689,12800,0.0,0.0
1973-10-29 00:00:00-05:00,0.26689,0.27463,0.26689,0.26689,8000,0.0,0.0
1973-10-30 00:00:00-05:00,0.26689,0.26689,0.26689,0.26689,0,0.0,0.0
1973-10-31 00:00:00-05:00,0.27076,0.27076,0.27076,0.27076,1600,0.0,0.0
1973-11-01 00:00:00-05:00,0.27076,0.27076,0.26689,0.27076,9600,0.0,0.0
1973-11-02 00:00:00-05:00,0.26689,0.26689,0.26303,0.26303,3200,0.0,0.0
1973-11-05 00:00:00-05:00,0.26303,0.26303,0.26303,0.26303,0,0.0,0.0
1973-11-06 00:00:00-05:00,0.26303,0.26303,0.26303,0.26303,1600,0.0,0.0
1973-11-07 00:00:00-05:00,0.25916,0.25916,0.25142,0.25142,12800,0.0,0.0
1973-11-08 00:00:00-05:00,0.25142,0.25142,0.24369,0.25142,14400,0.0,0.0
1973-11-09 00:00:00-05:00,0.25142,0.25142,0.24755,0.24755,6400,0.0,0.0
1973-11-12 00:00:00-05:00,0.24755,0.24755,0.24369,0.24369,4800,0.0,0.0
1973-11-13 00:00:00-05:00,0.24369,0.24369,0.24369,0.24369,0,0.0,0.0
1973-11-14 00:00:00-05:00,0.23982,0.23982,0.23208,0.23208,3200,0.0,0.0
1973-11-15 00:00:00-05:00,0.23208,0.23208,0.22048,0.22435,16000,0.0,0.0
1973-11-16 00:00:00-05:00,0.22435,0.22435,0.22435,0.22435,6400,0.0,0.0
1973-11-19 00:00:00-05:00,0.22435,0.22435,0.22435,0.22435,4800,0.0,0.0
1973-11-20 00:00:00-05:00,0.22435,0.22435,0.22048,0.22048,19200,0.0,0.0
1973-11-21 00:00:00-05:00,0.22048,0.22435,0.20887,0.20887,16000,0.0,0.0
1973-11-23 00:00:00-05:00,0.21274,0.21274,0.21274,0.21274,16000,0.0,0.0
1973-11-26 00:00:00-05:00,0.20887,0.20887,0.20887,0.20887,14400,0.0,0.0
1973-11-27 00:00:00-05:00,0.20887,0.20887,0.20501,0.20887,9600,0.0,0.0
1973-11-28 00:00:00-05:00,0.21274,0.21274,0.21274,0.21274,17600,0.0,0.0
1973-11-29 00:00:00-05:00,0.21274,0.21274,0.21274,0.21274,1600,0.0,0.0
1973-11-30 00:00:00-05:00,0.21274,0.21661,0.21274,0.21661,9600,0.0,0.0
1973-12-03 00:00:00-05:00,0.21661,0.21661,0.21274,0.21274,3200,0.0,0.0
1973-12-04 00:00:00-05:00,0.21274,0.22048,0.21274,0.21274,9600,0.0,0.0
1973-12-05 00:00:00-05:00,0.20501,0.20501,0.20501,0.20501,9600,0.0,0.0
1973-12-06 00:00:00-05:00,0.20501,0.20501,0.20501,0.20501,0,0.0,0.0
1973-12-07 00:00:00-05:00,0.20501,0.20501,0.1934,0.1934,24000,0.0,0.0
1973-12-10 00:00:00-05:00,0.19727,0.20114,0.19727,0.19727,9600,0.0,0.0
1973-12-11 00:00:00-05:00,0.20114,0.20114,0.20114,0.20114,3200,0.0,0.0
1973-12-12 00:00:00-05:00,0.20114,0.20114,0.20114,0.20114,0,0.0,0.0
1973-12-13 00:00:00-05:00,0.20114,0.20501,0.19727,0.19727,4800,0.0,0.0
1973-12-14 00:00:00-05:00,0.1934,0.1934,0.1934,0.1934,1600,0.0,0.0
1973-12-17 00:00:00-05:00,0.19727,0.20114,0.19727,0.20114,9600,0.0,0.0
1973-12-18 00:00:00-05:00,0.20501,0.20501,0.20501,0.20501,6400,0.0,0.0
1973-12-19 00:00:00-05:00,0.20501,0.20501,0.19727,0.19727,6400,0.0,0.0
1973-12-20 00:00:00-05:00,0.19727,0.20501,0.19727,0.19727,16000,0.0,0.0
1973-12-21 00:00:00-05:00,0.19727,0.20114,0.19727,0.20114,4800,0.0,0.0
1973-12-24 00:00:00-05:00,0.20114,0.20501,0.20114,0.20114,3200,0.0,0.0
1973-12-26 00:00:00-05:00,0.20887,0.20887,0.20887,0.20887,3200,0.0,0.0
1973-12-27 00:00:00-05:00,0.21661,0.22821,0.21661,0.22435,11200,0.0,0.0
1973-12-28 00:00:00-05:00,0.22048,0.22048,0.21661,0.21661,19200,0.0,0.0
1973-12-31 00:00:00-05:00,0.22048,0.23595,0.22048,0.22821,14400,0.0,0.0
1974-01-02 00:00:00-05:00,0.22821,0.22821,0.22821,0.22821,0,0.0,0.0
1974-01-03 00:00:00-05:00,0.23595,0.24369,0.23595,0.24369,11200,0.0,0.0
1974-01-04 00:00:00-05:00,0.24755,0.25529,0.24755,0.25529,6400,0.0,0.0
1974-01-07 00:00:00-04:00,0.25529,0.26303,0.25529,0.26303,12800,0.0,0.0
1974-01-08 00:00:00-04:00,0.26303,0.26303,0.26303,0.26303,0,0.0,0.0
1974-01-09 00:00:00-04:00,0.26303,0.26303,0.26303,0.26303,0,0.0,0.0
1974-01-10 00:00:00-04:00,0.26303,0.26303,0.26303,0.26303,0,0.0,0.0
1974-01-11 00:00:00-04:00,0.25529,0.25529,0.25529,0.25529,3200,0.0,0.0
1974-01-14 00:00:00-04:00,0.25529,0.25529,0.25529,0.25529,1600,0.0,0.0
1974-01-15 00:00:00-04:00,0.25529,0.25529,0.25529,0.25529,1600,0.0,0.0
1974-01-16 00:00:00-04:00,0.25529,0.25529,0.25529,0.25529,0,0.0,0.0
1974-01-17 00:00:00-04:00,0.25916,0.25916,0.25916,0.25916,1600,0.0,0.0
1974-01-18 00:00:00-04:00,0.25916,0.25916,0.25916,0.25916,0,0.0,0.0
1974-01-21 00:00:00-04:00,0.25916,0.25916,0.25916,0.25916,0,0.0,0.0
1974-01-22 00:00:00-04:00,0.25916,0.25916,0.25916,0.25916,0,0.0,0.0
1974-01-23 00:00:00-04:00,0.25916,0.25916,0.25916,0.25916,0,0.0,0.0
1974-01-24 00:00:00-04:00,0.25916,0.25916,0.25916,0.25916,0,0.0,0.0
1974-01-25 00:00:00-04:00,0.25916,0.25916,0.25916,0.25916,0,0.0,0.0
1974-01-28 00:00:00-04:00,0.25142,0.25142,0.25142,0.25142,3200,0.0,0.0
1974-01-29 00:00:00-04:00,0.25529,0.26303,0.25529,0.26303,8000,0.0,0.0
1974-01-30 00:00:00-04:00,0.26303,0.26303,0.26303,0.26303,0,0.0,0.0
1974-01-31 00:00:00-04:00,0.26303,0.26303,0.26303,0.26303,0,0.0,0.0
1974-02-01 00:00:00-04:00,0.26303,0.26303,0.26303,0.26303,0,0.0,0.0
1974-02-04 00:00:00-04:00,0.26303,0.26303,0.26303,0.26303,0,0.0,0.0
1974-02-05 00:00:00-04:00,0.25916,0.25916,0.25916,0.25916,1600,0.0,0.0
1974-02-06 00:00:00-04:00,0.26303,0.26303,0.26303,0.26303,1600,0.0,0.0
1974-02-07 00:00:00-04:00,0.26303,0.26303,0.26303,0.26303,0,0.0,0.0
1974-02-08 00:00:00-04:00,0.26303,0.26303,0.26303,0.26303,0,0.0,0.0
1974-02-11 00:00:00-04:00,0.26303,0.26303,0.26303,0.26303,3200,0.0,0.0
1974-02-12 00:00:00-04:00,0.26303,0.26303,0.26303,0.26303,0,0.0,0.0
1974-02-13 00:00:00-04:00,0.26689,0.26689,0.26689,0.26689,3200,0.0,0.0
1974-02-14 00:00:00-04:00,0.26689,0.26689,0.26689,0.26689,0,0.0,0.0
1974-02-15 00:00:00-04:00,0.27076,0.27076,0.27076,0.27076,1600,0.0,0.0
1974-02-19 00:00:00-04:00,0.27463,0.27463,0.27463,0.27463,1600,0.0,0.0
1974-02-20 00:00:00-04:00,0.27463,0.27463,0.27076,0.27463,3200,0.0,0.0
1974-02-21 00:00:00-04:00,0.27463,0.27463,0.27463,0.27463,1600,0.0,0.0
1974-02-22 00:00:00-04:00,0.27463,0.27463,0.27463,0.27463,0,0.0,0.0
1974-02-25 00:00:00-04:00,0.27463,0.27463,0.27463,0.27463,0,0.0,0.0
1974-02-26 00:00:00-04:00,0.27463,0.2785,0.27463,0.2785,11200,0.0,0.0
1974-02-27 00:00:00-04:00,0.27463,0.27463,0.27463,0.27463,9600,0.0,0.0
1974-02-28 00:00:00-04:00,0.27076,0.27076,0.27076,0.27076,1600,0.0,0.0
1974-03-01 00:00:00-04:00,0.27076,0.27076,0.27076,0.27076,0,0.0,0.0
1974-03-04 00:00:00-04:00,0.27076,0.27076,0.27076,0.27076,0,0.0,0.0
1974-03-05 00:00:00-04:00,0.27463,0.27463,0.27463,0.27463,4800,0.0,0.0
1974-03-06 00:00:00-04:00,0.27463,0.27463,0.27463,0.27463,0,0.0,0.0
1974-03-07 00:00:00-04:00,0.26689,0.26689,0.26689,0.26689,1600,0.0,0.0
1974-03-08 00:00:00-04:00,0.26689,0.26689,0.26689,0.26689,0,0.0,0.0
1974-03-11 00:00:00-04:00,0.26303,0.26303,0.25529,0.25529,16000,0.0,0.0
1974-03-12 00:00:00-04:00,0.25916,0.27463,0.25916,0.27463,20800,0.0,0.0
1974-03-13 00:00:00-04:00,0.26689,0.26689,0.25529,0.25529,16000,0.0,0.0
1974-03-14 00:00:00-04:00,0.25916,0.26303,0.25916,0.26303,3200,0.0,0.0
1974-03-15 00:00:00-04:00,0.26303,0.26303,0.26303,0.26303,0,0.0,0.0
1974-03-18 00:00:00-04:00,0.25916,0.25916,0.25916,0.25916,1600,0.0,0.0
1974-03-19 00:00:00-04:00,0.25142,0.25142,0.25142,0.25142,3200,0.0,0.0
1974-03-20 00:00:00-04:00,0.25142,0.25142,0.24369,0.24369,19200,0.0,0.0
1974-03-21 00:00:00-04:00,0.24369,0.24369,0.24369,0.24369,0,0.0,0.0
1974-03-22 00:00:00-04:00,0.24369,0.24369,0.24369,0.24369,1600,0.0,0.0
1974-03-25 00:00:00-04:00,0.24369,0.24755,0.24369,0.24755,3200,0.0,0.0
1974-03-26 00:00:00-04:00,0.24755,0.24755,0.24369,0.24755,3200,0.0,0.0
1974-03-27 00:00:00-04:00,0.24369,0.24369,0.24369,0.24369,1600,0.0,0.0
1974-03-28 00:00:00-04:00,0.24369,0.24369,0.24369,0.24369,0,0.0,0.0
1974-03-29 00:00:00-04:00,0.24369,0.24369,0.24369,0.24369,1600,0.0,0.0
1974-04-01 00:00:00-04:00,0.24369,0.24369,0.24369,0.24369,0,0.0,0.0
1974-04-02 00:00:00-04:00,0.24755,0.24755,0.24755,0.24755,1600,0.0,0.0
1974-04-03 00:00:00-04:00,0.25142,0.25142,0.25142,0.25142,1600,0.0,0.0
1974-04-04 00:00:00-04:00,0.24755,0.24755,0.24755,0.24755,1600,0.0,0.0
1974-04-05 00:00:00-04:00,0.24755,0.25142,0.24369,0.24369,6400,0.0,0.0
1974-04-08 00:00:00-04:00,0.24755,0.25529,0.24755,0.25529,4800,0.0,0.0
1974-04-09 00:00:00-04:00,0.25529,0.25529,0.25529,0.25529,3200,0.0,0.0
1974-04-10 00:00:00-04:00,0.25529,0.25529,0.25529,0.25529,0,0.0,0.0
1974-04-11 00:00:00-04:00,0.25529,0.25529,0.25142,0.25529,3200,0.0,0.0
1974-04-15 00:00:00-04:00,0.25142,0.25142,0.25142,0.25142,3200,0.0,0.0
1974-04-16 00:00:00-04:00,0.25142,0.25916,0.25142,0.25142,8000,0.0,0.0
1974-04-17 00:00:00-04:00,0.25142,0.25142,0.25142,0.25142,0,0.0,0.0
1974-04-18 00:00:00-04:00,0.25142,0.25142,0.25142,0.25142,9600,0.0,0.0
1974-04-19 00:00:00-04:00,0.25142,0.25142,0.25142,0.25142,0,0.0,0.0
1974-04-22 00:00:00-04:00,0.23982,0.23982,0.23982,0.23982,8000,0.0,0.0
1974-04-23 00:00:00-04:00,0.24369,0.24369,0.24369,0.24369,3200,0.0,0.0
1974-04-24 00:00:00-04:00,0.24369,0.24369,0.24369,0.24369,0,0.0,0.0
1974-04-25 00:00:00-04:00,0.24755,0.24755,0.24755,0.24755,1600,0.0,0.0
1974-04-26 00:00:00-04:00,0.24755,0.24755,0.24755,0.24755,0,0.0,0.0
1974-04-29 00:00:00-04:00,0.24755,0.24755,0.24755,0.24755,0,0.0,0.0
1974-04-30 00:00:00-04:00,0.24369,0.24369,0.24369,0.24369,1600,0.0,0.0
1974-05-01 00:00:00-04:00,0.24369,0.24369,0.24369,0.24369,3200,0.0,0.0
1974-05-02 00:00:00-04:00,0.24369,0.24369,0.24369,0.24369,0,0.0,0.0
1974-05-03 00:00:00-04:00,0.24369,0.24369,0.24369,0.24369,0,0.0,0.0
1974-05-06 00:00:00-04:00,0.23982,0.23982,0.23982,0.23982,1600,0.0,0.0
1974-05-07 00:00:00-04:00,0.23982,0.23982,0.23982,0.23982,1600,0.0,0.0
1974-05-08 00:00:00-04:00,0.23982,0.23982,0.23982,0.23982,3200,0.0,0.0
1974-05-09 00:00:00-04:00,0.23982,0.23982,0.23595,0.23595,3200,0.0,0.0
1974-05-10 00:00:00-04:00,0.23595,0.23595,0.23595,0.23595,0,0.0,0.0
1974-05-13 00:00:00-04:00,0.23982,0.23982,0.23982,0.23982,1600,0.0,0.0
1974-05-14 00:00:00-04:00,0.23208,0.23208,0.23208,0.23208,4800,0.0,0.0
1974-05-15 00:00:00-04:00,0.23208,0.23208,0.22435,0.22435,17600,0.0,0.0
1974-05-16 00:00:00-04:00,0.22435,0.22435,0.22435,0.22435,0,0.0,0.0
1974-05-17 00:00:00-04:00,0.22435,0.22435,0.22435,0.22435,0,0.0,0.0
1974-05-20 00:00:00-04:00,0.23208,0.23208,0.23208,0.23208,3200,0.0,0.0
1974-05-21 00:00:00-04:00,0.23208,0.23208,0.23208,0.23208,0,0.0,0.0
1974-05-22 00:00:00-04:00,0.22435,0.22435,0.22435,0.22435,1600,0.0,0.0
1974-05-23 00:00:00-04:00,0.22048,0.22048,0.21274,0.21274,4800,0.0,0.0
1974-05-24 00:00:00-04:00,0.20887,0.20887,0.20887,0.20887,1600,0.0,0.0
1974-05-28 00:00:00-04:00,0.20887,0.20887,0.20887,0.20887,0,0.0,0.0
1974-05-29 00:00:00-04:00,0.21274,0.21274,0.21274,0.21274,6400,0.0,0.0
1974-05-30 00:00:00-04:00,0.21274,0.21274,0.21274,0.21274,0,0.0,0.0
1974-05-31 00:00:00-04:00,0.20501,0.20501,0.20114,0.20114,8000,0.0,0.0
1974-06-03 00:00:00-04:00,0.20114,0.20114,0.20114,0.20114,0,0.0,0.0
1974-06-04 00:00:00-04:00,0.20887,0.20887,0.20887,0.20887,6400,0.0,0.0
1974-06-05 00:00:00-04:00,0.20887,0.20887,0.20887,0.20887,1600,0.0,0.0
1974-06-06 00:00:00-04:00,0.20887,0.20887,0.20887,0.20887,0,0.0,0.0
1974-06-07 00:00:00-04:00,0.21274,0.21274,0.21274,0.21274,4800,0.0,0.0
1974-06-10 00:00:00-04:00,0.21274,0.21274,0.21274,0.21274,1600,0.0,0.0
1974-06-11 00:00:00-04:00,0.20887,0.20887,0.20887,0.20887,3200,0.0,0.0
1974-06-12 00:00:00-04:00,0.21274,0.21274,0.21274,0.21274,3200,0.0,0.0
1974-06-13 00:00:00-04:00,0.21661,0.22048,0.21661,0.22048,4800,0.0,0.0
1974-06-14 00:00:00-04:00,0.22048,0.22048,0.22048,0.22048,0,0.0,0.0
1974-06-17 00:00:00-04:00,0.22048,0.22048,0.22048,0.22048,0,0.0,0.0
1974-06-18 00:00:00-04:00,0.22048,0.22048,0.22048,0.22048,0,0.0,0.0
1974-06-19 00:00:00-04:00,0.21661,0.21661,0.21661,0.21661,3200,0.0,0.0
1974-06-20 00:00:00-04:00,0.21661,0.21661,0.21661,0.21661,0,0.0,0.0
1974-06-21 00:00:00-04:00,0.21661,0.21661,0.21661,0.21661,0,0.0,0.0
1974-06-24 00:00:00-04:00,0.21661,0.21661,0.21661,0.21661,0,0.0,0.0
1974-06-25 00:00:00-04:00,0.21661,0.21661,0.21661,0.21661,0,0.0,0.0
1974-06-26 00:00:00-04:00,0.21661,0.21661,0.21661,0.21661,0,0.0,0.0
1974-06-27 00:00:00-04:00,0.21661,0.21661,0.21661,0.21661,0,0.0,0.0
1974-06-28 00:00:00-04:00,0.21661,0.21661,0.21661,0.21661,0,0.0,0.0
1974-07-01 00:00:00-04:00,0.21661,0.21661,0.21661,0.21661,0,0.0,0.0
1974-07-02 00:00:00-04:00,0.20887,0.20887,0.20887,0.20887,4800,0.0,0.0
1974-07-03 00:00:00-04:00,0.20887,0.20887,0.20887,0.20887,0,0.0,0.0
1974-07-05 00:00:00-04:00,0.20887,0.20887,0.20887,0.20887,0,0.0,0.0
1974-07-08 00:00:00-04:00,0.20887,0.21274,0.20887,0.20887,4800,0.0,0.0
1974-07-09 00:00:00-04:00,0.21274,0.21274,0.21274,0.21274,3200,0.0,0.0
1974-07-10 00:00:00-04:00,0.20887,0.20887,0.20501,0.20501,3200,0.0,0.0
1974-07-11 00:00:00-04:00,0.20501,0.20501,0.20501,0.20501,0,0.0,0.0
1974-07-12 00:00:00-04:00,0.21274,0.21274,0.21274,0.21274,1600,0.0,0.0
1974-07-15 00:00:00-04:00,0.21274,0.21274,0.21274,0.21274,1600,0.0,0.0
1974-07-16 00:00:00-04:00,0.20887,0.20887,0.20114,0.20887,9600,0.0,0.0
1974-07-17 00:00:00-04:00,0.20887,0.20887,0.20887,0.20887,0,0.0,0.0
1974-07-18 00:00:00-04:00,0.20887,0.20887,0.20887,0.20887,6400,0.0,0.0
1974-07-19 00:00:00-04:00,0.21274,0.21274,0.21274,0.21274,1600,0.0,0.0
1974-07-22 00:00:00-04:00,0.20501,0.20501,0.20501,0.20501,1600,0.0,0.0
1974-07-23 00:00:00-04:00,0.20501,0.20887,0.20114,0.20501,9600,0.0,0.0
1974-07-24 00:00:00-04:00,0.20887,0.20887,0.20887,0.20887,1600,0.0,0.0
1974-07-25 00:00:00-04:00,0.20887,0.21274,0.20501,0.21274,11200,0.0,0.0
1974-07-26 00:00:00-04:00,0.21274,0.21274,0.21274,0.21274,0,0.0,0.0
1974-07-29 00:00:00-04:00,0.21274,0.21274,0.21274,0.21274,1600,0.0,0.0
1974-07-30 00:00:00-04:00,0.20887,0.20887,0.20114,0.20887,28800,0.0,0.0
1974-07-31 00:00:00-04:00,0.20114,0.20114,0.20114,0.20114,1600,0.0,0.0
1974-08-01 00:00:00-04:00,0.20114,0.20114,0.20114,0.20114,0,0.0,0.0
1974-08-02 00:00:00-04:00,0.20114,0.20114,0.20114,0.20114,0,0.0,0.0
1974-08-05 00:00:00-04:00,0.20114,0.20114,0.20114,0.20114,1600,0.0,0.0
1974-08-06 00:00:00-04:00,0.20114,0.20114,0.20114,0.20114,4800,0.0,0.0
1974-08-07 00:00:00-04:00,0.20114,0.20114,0.20114,0.20114,0,0.0,0.0
1974-08-08 00:00:00-04:00,0.20114,0.20501,0.20114,0.20501,3200,0.0,0.0
1974-08-09 00:00:00-04:00,0.20501,0.20501,0.20501,0.20501,0,0.0,0.0
1974-08-12 00:00:00-04:00,0.20501,0.20501,0.20501,0.20501,1600,0.0,0.0
1974-08-13 00:00:00-04:00,0.20501,0.20887,0.20501,0.20501,3200,0.0,0.0
1974-08-14 00:00:00-04:00,0.20114,0.20114,0.20114,0.20114,1600,0.0,0.0
1974-08-15 00:00:00-04:00,0.20114,0.20114,0.20114,0.20114,0,0.0,0.0
1974-08-16 00:00:00-04:00,0.20114,0.20114,0.20114,0.20114,0,0.0,0.0
1974-08-19 00:00:00-04:00,0.20114,0.20114,0.20114,0.20114,1600,0.0,0.0
1974-08-20 00:00:00-04:00,0.20114,0.20114,0.20114,0.20114,0,0.0,0.0
1974-08-21 00:00:00-04:00,0.19727,0.19727,0.19727,0.19727,1600,0.0,0.0
1974-08-22 00:00:00-04:00,0.19727,0.19727,0.19727,0.19727,0,0.0,0.0
1974-08-23 00:00:00-04:00,0.19727,0.19727,0.1934,0.1934,4800,0.0,0.0
1974-08-26 00:00:00-04:00,0.1934,0.1934,0.1934,0.1934,0,0.0,0.0
1974-08-27 00:00:00-04:00,0.1934,0.19727,0.1934,0.19727,17600,0.0,0.0
1974-08-28 00:00:00-04:00,0.19727,0.19727,0.19727,0.19727,0,0.0,0.0
1974-08-29 00:00:00-04:00,0.19727,0.19727,0.19727,0.19727,1600,0.0,0.0
1974-08-30 00:00:00-04:00,0.18953,0.18953,0.18953,0.18953,3200,0.0,0.0
1974-09-03 00:00:00-04:00,0.18953,0.18953,0.18953,0.18953,3200,0.0,0.0
1974-09-04 00:00:00-04:00,0.18953,0.18953,0.18953,0.18953,1600,0.0,0.0
1974-09-05 00:00:00-04:00,0.18953,0.18953,0.18953,0.18953,1600,0.0,0.0
1974-09-06 00:00:00-04:00,0.18953,0.18953,0.18953,0.18953,0,0.0,0.0
1974-09-09 00:00:00-04:00,0.18953,0.18953,0.18953,0.18953,0,0.0,0.0
1974-09-10 00:00:00-04:00,0.18953,0.18953,0.18953,0.18953,1600,0.0,0.0
1974-09-11 00:00:00-04:00,0.18953,0.18953,0.18953,0.18953,0,0.0,0.0
1974-09-12 00:00:00-04:00,0.18953,0.18953,0.18953,0.18953,0,0.0,0.0
1974-09-13 00:00:00-04:00,0.18567,0.18567,0.1818,0.1818,6400,0.0,0.0
1974-09-16 00:00:00-04:00,0.1818,0.1818,0.1818,0.1818,0,0.0,0.0
1974-09-17 00:00:00-04:00,0.1818,0.1818,0.1818,0.1818,0,0.0,0.0
1974-09-18 00:00:00-04:00,0.17793,0.17793,0.17406,0.17406,4800,0.0,0.0
1974-09-19 00:00:00-04:00,0.17793,0.1818,0.17793,0.1818,9600,0.0,0.0
1974-09-20 00:00:00-04:00,0.1818,0.1818,0.1818,0.1818,0,0.0,0.0
1974-09-23 00:00:00-04:00,0.1818,0.1818,0.1818,0.1818,0,0.0,0.0
1974-09-24 00:00:00-04:00,0.1818,0.1818,0.1818,0.1818,0,0.0,0.0
1974-09-25 00:00:00-04:00,0.17793,0.17793,0.17793,0.17793,3200,0.0,0.0
1974-09-26 00:00:00-04:00,0.17406,0.17406,0.17406,0.17406,1600,0.0,0.0
1974-09-27 00:00:00-04:00,0.17406,0.17406,0.17406,0.17406,0,0.0,0.0
1974-09-30 00:00:00-04:00,0.17406,0.17406,0.17406,0.17406,0,0.0,0.0
1974-10-01 00:00:00-04:00,0.17406,0.17406,0.17406,0.17406,0,0.0,0.0
1974-10-02 00:00:00-04:00,0.17019,0.17019,0.17019,0.17019,4800,0.0,0.0
1974-10-03 00:00:00-04:00,0.17019,0.17019,0.16633,0.16633,6400,0.0,0.0
1974-10-04 00:00:00-04:00,0.16633,0.16633,0.16633,0.16633,0,0.0,0.0
1974-10-07 00:00:00-04:00,0.17019,0.17406,0.17019,0.17406,4800,0.0,0.0
1974-10-08 00:00:00-04:00,0.17406,0.17406,0.17406,0.17406,0,0.0,0.0
1974-10-09 00:00:00-04:00,0.17406,0.17406,0.17406,0.17406,0,0.0,0.0
1974-10-10 00:00:00-04:00,0.17406,0.17406,0.17406,0.17406,0,0.0,0.0
1974-10-11 00:00:00-04:00,0.17793,0.1818,0.17793,0.1818,8000,0.0,0.0
1974-10-14 00:00:00-04:00,0.17793,0.17793,0.17793,0.17793,1600,0.0,0.0
1974-10-15 00:00:00-04:00,0.17406,0.17406,0.17019,0.17019,8000,0.0,0.0
1974-10-16 00:00:00-04:00,0.16633,0.16633,0.16633,0.16633,8000,0.0,0.0
1974-10-17 00:00:00-04:00,0.16633,0.16633,0.16633,0.16633,0,0.0,0.0
1974-10-18 00:00:00-04:00,0.16633,0.16633,0.16633,0.16633,0,0.0,0.0
1974-10-21 00:00:00-04:00,0.16633,0.16633,0.16633,0.16633,3200,0.0,0.0
1974-10-22 00:00:00-04:00,0.16246,0.16246,0.16246,0.16246,1600,0.0,0.0
1974-10-23 00:00:00-04:00,0.16246,0.16246,0.16246,0.16246,0,0.0,0.0
1974-10-24 00:00:00-04:00,0.16246,0.16246,0.16246,0.16246,0,0.0,0.0
1974-10-25 00:00:00-04:00,0.15472,0.15472,0.15472,0.15472,6400,0.0,0.0
1974-10-28 00:00:00-05:00,0.15472,0.15472,0.15472,0.15472,1600,0.0,0.0
1974-10-29 00:00:00-05:00,0.15472,0.15472,0.15472,0.15472,0,0.0,0.0
1974-10-30 00:00:00-05:00,0.15472,0.15472,0.15472,0.15472,0,0.0,0.0
1974-10-31 00:00:00-05:00,0.15085,0.15085,0.13925,0.13925,17600,0.0,0.0
1974-11-01 00:00:00-05:00,0.13925,0.14312,0.13925,0.14312,36800,0.0,0.0
1974-11-04 00:00:00-05:00,0.13925,0.13925,0.13925,0.13925,16000,0.0,0.0
1974-11-05 00:00:00-05:00,0.14312,0.14312,0.14312,0.14312,1600,0.0,0.0
1974-11-06 00:00:00-05:00,0.14698,0.14698,0.14698,0.14698,6400,0.0,0.0
1974-11-07 00:00:00-05:00,0.15085,0.15472,0.15085,0.15472,4800,0.0,0.0
1974-11-08 00:00:00-05:00,0.15472,0.15472,0.15472,0.15472,1600,0.0,0.0
1974-11-11 00:00:00-05:00,0.15859,0.15859,0.15859,0.15859,1600,0.0,0.0
1974-11-12 00:00:00-05:00,0.16246,0.16246,0.16246,0.16246,1600,0.0,0.0
1974-11-13 00:00:00-05:00,0.16246,0.16246,0.16246,0.16246,0,0.0,0.0
1974-11-14 00:00:00-05:00,0.16246,0.16633,0.16246,0.16633,3200,0.0,0.0
1974-11-15 00:00:00-05:00,0.16633,0.17019,0.16246,0.16246,6400,0.0,0.0
1974-11-18 00:00:00-05:00,0.15859,0.15859,0.15859,0.15859,1600,0.0,0.0
1974-11-19 00:00:00-05:00,0.15859,0.15859,0.15472,0.15472,12800,0.0,0.0
1974-11-20 00:00:00-05:00,0.15472,0.15472,0.15472,0.15472,0,0.0,0.0
1974-11-21 00:00:00-05:00,0.15085,0.15085,0.15085,0.15085,1600,0.0,0.0
1974-11-22 00:00:00-05:00,0.15085,0.15085,0.15085,0.15085,0,0.0,0.0
1974-11-25 00:00:00-05:00,0.15085,0.15085,0.15085,0.15085,0,0.0,0.0
1974-11-26 00:00:00-05:00,0.15472,0.15472,0.15472,0.15472,1600,0.0,0.0
1974-11-27 00:00:00-05:00,0.15085,0.15085,0.14312,0.14312,6400,0.0,0.0
1974-11-29 00:00:00-05:00,0.14698,0.14698,0.14698,0.14698,1600,0.0,0.0
1974-12-02 00:00:00-05:00,0.15085,0.15085,0.15085,0.15085,1600,0.0,0.0
1974-12-03 00:00:00-05:00,0.15085,0.15085,0.15085,0.15085,0,0.0,0.0
1974-12-04 00:00:00-05:00,0.15085,0.15085,0.15085,0.15085,0,0.0,0.0
1974-12-05 00:00:00-05:00,0.15085,0.15085,0.15085,0.15085,3200,0.0,0.0
1974-12-06 00:00:00-05:00,0.14698,0.14698,0.14698,0.14698,3200,0.0,0.0
1974-12-09 00:00:00-05:00,0.14698,0.15085,0.14698,0.14698,6400,0.0,0.0
1974-12-10 00:00:00-05:00,0.14312,0.14312,0.13925,0.13925,14400,0.0,0.0
1974-12-11 00:00:00-05:00,0.13538,0.13538,0.13538,0.13538,1600,0.0,0.0
1974-12-12 00:00:00-05:00,0.13925,0.14312,0.13925,0.14312,8000,0.0,0.0
1974-12-13 00:00:00-05:00,0.13925,0.13925,0.13925,0.13925,8000,0.0,0.0
1974-12-16 00:00:00-05:00,0.13925,0.13925,0.13925,0.13925,1600,0.0,0.0
1974-12-17 00:00:00-05:00,0.13925,0.14312,0.13925,0.13925,11200,0.0,0.0
1974-12-18 00:00:00-05:00,0.13925,0.13925,0.13925,0.13925,1600,0.0,0.0
1974-12-19 00:00:00-05:00,0.13925,0.14312,0.13925,0.14312,9600,0.0,0.0
1974-12-20 00:00:00-05:00,0.14312,0.14312,0.14312,0.14312,0,0.0,0.0
1974-12-23 00:00:00-05:00,0.13925,0.13925,0.13925,0.13925,9600,0.0,0.0
1974-12-24 00:00:00-05:00,0.13538,0.13538,0.13151,0.13151,6400,0.0,0.0
1974-12-26 00:00:00-05:00,0.13151,0.13538,0.13151,0.13151,4800,0.0,0.0
1974-12-27 00:00:00-05:00,0.13538,0.14312,0.13538,0.14312,12800,0.0,0.0
1974-12-30 00:00:00-05:00,0.14312,0.14312,0.13925,0.13925,12800,0.0,0.0
1974-12-31 00:00:00-05:00,0.13925,0.13925,0.13151,0.13538,14400,0.0,0.0
1975-01-02 00:00:00-05:00,0.13925,0.14698,0.13925,0.14698,4800,0.0,0.0
1975-01-03 00:00:00-05:00,0.15085,0.15085,0.15085,0.15085,3200,0.0,0.0
1975-01-06 00:00:00-05:00,0.15472,0.16246,0.15472,0.16246,6400,0.0,0.0
1975-01-07 00:00:00-05:00,0.16633,0.16633,0.16633,0.16633,1600,0.0,0.0
1975-01-08 00:00:00-05:00,0.16246,0.16246,0.15472,0.15472,20800,0.0,0.0
1975-01-09 00:00:00-05:00,0.15472,0.15472,0.15472,0.15472,0,0.0,0.0
1975-01-10 00:00:00-05:00,0.15472,0.15472,0.14698,0.14698,17600,0.0,0.0
1975-01-13 00:00:00-05:00,0.14698,0.14698,0.14698,0.14698,0,0.0,0.0
1975-01-14 00:00:00-05:00,0.15085,0.15085,0.15085,0.15085,12800,0.0,0.0
1975-01-15 00:00:00-05:00,0.14698,0.14698,0.14698,0.14698,4800,0.0,0.0
1975-01-16 00:00:00-05:00,0.15085,0.15085,0.15085,0.15085,3200,0.0,0.0
1975-01-17 00:00:00-05:00,0.15085,0.15085,0.15085,0.15085,0,0.0,0.0
1975-01-20 00:00:00-05:00,0.15085,0.15085,0.14312,0.14312,52800,0.0,0.0
1975-01-21 00:00:00-05:00,0.15085,0.15085,0.15085,0.15085,1600,0.0,0.0
1975-01-22 00:00:00-05:00,0.15472,0.15472,0.15472,0.15472,1600,0.0,0.0
1975-01-23 00:00:00-05:00,0.15472,0.15472,0.15472,0.15472,8000,0.0,0.0
1975-01-24 00:00:00-05:00,0.15859,0.15859,0.15859,0.15859,1600,0.0,0.0
1975-01-27 00:00:00-05:00,0.16246,0.17793,0.16246,0.17793,12800,0.0,0.0
1975-01-28 00:00:00-05:00,0.1818,0.18567,0.1818,0.18567,6400,0.0,0.0
1975-01-29 00:00:00-05:00,0.1934,0.19727,0.1934,0.19727,4800,0.0,0.0
1975-01-30 00:00:00-05:00,0.19727,0.20114,0.1934,0.1934,25600,0.0,0.0
1975-01-31 00:00:00-05:00,0.18953,0.18953,0.18953,0.18953,3200,0.0,0.0
1975-02-03 00:00:00-05:00,0.18953,0.18953,0.18953,0.18953,9600,0.0,0.0
1975-02-04 00:00:00-05:00,0.18953,0.18953,0.18567,0.18567,4800,0.0,0.0
1975-02-05 00:00:00-05:00,0.18567,0.18567,0.18567,0.18567,0,0.0,0.0
1975-02-06 00:00:00-05:00,0.18567,0.18567,0.18567,0.18567,0,0.0,0.0
1975-02-07 00:00:00-05:00,0.17793,0.17793,0.17793,0.17793,3200,0.0,0.0
1975-02-10 00:00:00-05:00,0.17793,0.17793,0.17793,0.17793,0,0.0,0.0
1975-02-11 00:00:00-05:00,0.17793,0.17793,0.17406,0.17406,8000,0.0,0.0
1975-02-12 00:00:00-05:00,0.17406,0.17406,0.17406,0.17406,0,0.0,0.0
1975-02-13 00:00:00-05:00,0.17793,0.18567,0.17793,0.18567,16000,0.0,0.0
1975-02-14 00:00:00-05:00,0.17793,0.17793,0.17793,0.17793,1600,0.0,0.0
1975-02-18 00:00:00-05:00,0.17406,0.17406,0.17406,0.17406,12800,0.0,0.0
1975-02-19 00:00:00-05:00,0.17406,0.1818,0.17406,0.1818,20800,0.0,0.0
1975-02-20 00:00:00-05:00,0.17793,0.17793,0.17406,0.17793,6400,0.0,0.0
1975-02-21 00:00:00-05:00,0.17793,0.1818,0.17793,0.17793,3200,0.0,0.0
1975-02-24 00:00:00-04:00,0.1818,0.18567,0.1818,0.18567,17600,0.0,0.0
1975-02-25 00:00:00-04:00,0.18953,0.20887,0.18953,0.20887,28800,0.0,0.0
1975-02-26 00:00:00-04:00,0.21661,0.21661,0.21661,0.21661,1600,0.0,0.0
1975-02-27 00:00:00-04:00,0.21661,0.22048,0.21661,0.21661,12800,0.0,0.0
1975-02-28 00:00:00-04:00,0.21661,0.21661,0.21661,0.21661,0,0.0,0.0
1975-03-03 00:00:00-04:00,0.21661,0.22435,0.21661,0.22435,4800,0.0,0.0
1975-03-04 00:00:00-04:00,0.22435,0.22435,0.22435,0.22435,0,0.0,0.0
1975-03-05 00:00:00-04:00,0.22435,0.22435,0.22435,0.22435,0,0.0,0.0
1975-03-06 00:00:00-04:00,0.22435,0.22435,0.22435,0.22435,0,0.0,0.0
1975-03-07 00:00:00-04:00,0.22435,0.22435,0.22435,0.22435,0,0.0,0.0
1975-03-10 00:00:00-04:00,0.22048,0.22048,0.22048,0.22048,4800,0.0,0.0
1975-03-11 00:00:00-04:00,0.22048,0.22435,0.22048,0.22435,3200,0.0,0.0
1975-03-12 00:00:00-04:00,0.22435,0.22435,0.22435,0.22435,0,0.0,0.0
1975-03-13 00:00:00-04:00,0.22435,0.22435,0.22435,0.22435,0,0.0,0.0
1975-03-14 00:00:00-04:00,0.22435,0.22435,0.22435,0.22435,0,0.0,0.0
1975-03-17 00:00:00-04:00,0.22435,0.22435,0.22435,0.22435,0,0.0,0.0
1975-03-18 00:00:00-04:00,0.22435,0.23208,0.22435,0.23208,9600,0.0,0.0
1975-03-19 00:00:00-04:00,0.23208,0.23208,0.23208,0.23208,0,0.0,0.0
1975-03-20 00:00:00-04:00,0.22821,0.22821,0.22821,0.22821,1600,0.0,0.0
1975-03-21 00:00:00-04:00,0.22821,0.22821,0.22821,0.22821,3200,0.0,0.0
1975-03-24 00:00:00-04:00,0.23208,0.23208,0.23208,0.23208,1600,0.0,0.0
1975-03-25 00:00:00-04:00,0.23208,0.23208,0.23208,0.23208,0,0.0,0.0
1975-03-26 00:00:00-04:00,0.23208,0.23208,0.23208,0.23208,0,0.0,0.0
1975-03-27 00:00:00-04:00,0.23208,0.23208,0.23208,0.23208,0,0.0,0.0
1975-03-31 00:00:00-04:00,0.23208,0.23208,0.23208,0.23208,0,0.0,0.0
1975-04-01 00:00:00-04:00,0.23208,0.23208,0.23208,0.23208,0,0.0,0.0
1975-04-02 00:00:00-04:00,0.23208,0.23208,0.23208,0.23208,0,0.0,0.0
1975-04-03 00:00:00-04:00,0.22048,0.22048,0.21661,0.21661,9600,0.0,0.0
1975-04-04 00:00:00-04:00,0.21661,0.21661,0.21661,0.21661,0,0.0,0.0
1975-04-07 00:00:00-04:00,0.21661,0.21661,0.21661,0.21661,0,0.0,0.0
1975-04-08 00:00:00-04:00,0.21661,0.21661,0.21661,0.21661,0,0.0,0.0
1975-04-09 00:00:00-04:00,0.21274,0.21274,0.20887,0.20887,9600,0.0,0.0
1975-04-10 00:00:00-04:00,0.21274,0.21274,0.21274,0.21274,8000,0.0,0.0
1975-04-11 00:00:00-04:00,0.21274,0.21274,0.21274,0.21274,0,0.0,0.0
1975-04-14 00:00:00-04:00,0.21274,0.21274,0.21274,0.21274,0,0.0,0.0
1975-04-15 00:00:00-04:00,0.20887,0.20887,0.20501,0.20501,28800,0.0,0.0
1975-04-16 00:00:00-04:00,0.21274,0.21661,0.21274,0.21661,4800,0.0,0.0
1975-04-17 00:00:00-04:00,0.21661,0.21661,0.21661,0.21661,0,0.0,0.0
1975-04-18 00:00:00-04:00,0.21661,0.21661,0.21661,0.21661,0,0.0,0.0
1975-04-21 00:00:00-04:00,0.21661,0.21661,0.21661,0.21661,1600,0.0,0.0
1975-04-22 00:00:00-04:00,0.21661,0.21661,0.21661,0.21661,0,0.0,0.0
1975-04-23 00:00:00-04:00,0.21661,0.21661,0.21661,0.21661,0,0.0,0.0
1975-04-24 00:00:00-04:00,0.21661,0.21661,0.21661,0.21661,0,0.0,0.0
1975-04-25 00:00:00-04:00,0.21661,0.21661,0.21661,0.21661,0,0.0,0.0
1975-04-28 00:00:00-04:00,0.21661,0.21661,0.21661,0.21661,0,0.0,0.0
1975-04-29 00:00:00-04:00,0.22435,0.22435,0.22435,0.22435,3200,0.0,0.0
1975-04-30 00:00:00-04:00,0.22435,0.22435,0.22435,0.22435,0,0.0,0.0
1975-05-01 00:00:00-04:00,0.22821,0.22821,0.22821,0.22821,1600,0.0,0.0
1975-05-02 00:00:00-04:00,0.23595,0.24755,0.23595,0.23982,12800,0.0,0.0
1975-05-05 00:00:00-04:00,0.23982,0.24369,0.23982,0.23982,14400,0.0,0.0
1975-05-06 00:00:00-04:00,0.23982,0.23982,0.23208,0.23208,11200,0.0,0.0
1975-05-07 00:00:00-04:00,0.23208,0.23208,0.23208,0.23208,0,0.0,0.0
1975-05-08 00:00:00-04:00,0.21661,0.21661,0.21661,0.21661,12800,0.0,0.0
1975-05-09 00:00:00-04:00,0.21274,0.21274,0.21274,0.21274,3200,0.0,0.0
1975-05-12 00:00:00-04:00,0.21274,0.21274,0.21274,0.21274,0,0.0,0.0
1975-05-13 00:00:00-04:00,0.21274,0.21274,0.21274,0.21274,0,0.0,0.0
1975-05-14 00:00:00-04:00,0.21661,0.21661,0.21661,0.21661,3200,0.0,0.0
1975-05-15 00:00:00-04:00,0.21661,0.21661,0.21661,0.21661,6400,0.0,0.0
1975-05-16 00:00:00-04:00,0.21274,0.21274,0.20887,0.20887,3200,0.0,0.0
1975-05-19 00:00:00-04:00,0.20887,0.20887,0.20887,0.20887,1600,0.0,0.0
1975-05-20 00:00:00-04:00,0.20887,0.20887,0.20887,0.20887,0,0.0,0.0
1975-05-21 00:00:00-04:00,0.20887,0.20887,0.20887,0.20887,1600,0.0,0.0
1975-05-22 00:00:00-04:00,0.20114,0.20114,0.1934,0.1934,11200,0.0,0.0
1975-05-23 00:00:00-04:00,0.19727,0.19727,0.19727,0.19727,3200,0.0,0.0
1975-05-27 00:00:00-04:00,0.19727,0.19727,0.19727,0.19727,3200,0.0,0.0
1975-05-28 00:00:00-04:00,0.19727,0.19727,0.19727,0.19727,3200,0.0,0.0
1975-05-29 00:00:00-04:00,0.19727,0.19727,0.19727,0.19727,3200,0.0,0.0
1975-05-30 00:00:00-04:00,0.19727,0.19727,0.19727,0.19727,0,0.0,0.0
1975-06-02 00:00:00-04:00,0.20114,0.20114,0.20114,0.20114,1600,0.0,0.0
1975-06-03 00:00:00-04:00,0.20114,0.20114,0.20114,0.20114,1600,0.0,0.0
1975-06-04 00:00:00-04:00,0.20114,0.20114,0.20114,0.20114,0,0.0,0.0
1975-06-05 00:00:00-04:00,0.20114,0.20114,0.20114,0.20114,0,0.0,0.0
1975-06-06 00:00:00-04:00,0.20114,0.20887,0.20114,0.20887,3200,0.0,0.0
1975-06-09 00:00:00-04:00,0.20887,0.20887,0.20887,0.20887,0,0.0,0.0
1975-06-10 00:00:00-04:00,0.20887,0.20887,0.20887,0.20887,0,0.0,0.0
1975-06-11 00:00:00-04:00,0.20887,0.21661,0.20501,0.21661,6400,0.0,0.0
1975-06-12 00:00:00-04:00,0.22435,0.23208,0.22435,0.23208,11200,0.0,0.0
1975-06-13 00:00:00-04:00,0.23595,0.23982,0.23595,0.23982,4800,0.0,0.0
1975-06-16 00:00:00-04:00,0.23982,0.23982,0.23982,0.23982,14400,0.0,0.0
1975-06-17 00:00:00-04:00,0.23982,0.23982,0.23982,0.23982,0,0.0,0.0
1975-06-18 00:00:00-04:00,0.24369,0.24369,0.24369,0.24369,1600,0.0,0.0
1975-06-19 00:00:00-04:00,0.24755,0.25142,0.24755,0.25142,12800,0.0,0.0
1975-06-20 00:00:00-04:00,0.25142,0.25529,0.24755,0.24755,20800,0.0,0.0
1975-06-23 00:00:00-04:00,0.25142,0.25529,0.25142,0.25142,3200,0.0,0.0
1975-06-24 00:00:00-04:00,0.25142,0.25142,0.25142,0.25142,0,0.0,0.0
1975-06-25 00:00:00-04:00,0.24755,0.24755,0.24755,0.24755,1600,0.0,0.0
1975-06-26 00:00:00-04:00,0.24755,0.25529,0.24755,0.24755,4800,0.0,0.0
1975-06-27 00:00:00-04:00,0.24755,0.24755,0.24755,0.24755,17600,0.0,0.0
1975-06-30 00:00:00-04:00,0.24755,0.24755,0.24755,0.24755,0,0.0,0.0
1975-07-01 00:00:00-04:00,0.24755,0.25142,0.24755,0.24755,25600,0.0,0.0
1975-07-02 00:00:00-04:00,0.24369,0.24369,0.24369,0.24369,1600,0.0,0.0
1975-07-03 00:00:00-04:00,0.24369,0.24369,0.24369,0.24369,1600,0.0,0.0
1975-07-07 00:00:00-04:00,0.24369,0.24369,0.23208,0.23208,32000,0.0,0.0
1975-07-08 00:00:00-04:00,0.23595,0.23595,0.23595,0.23595,1600,0.0,0.0
1975-07-09 00:00:00-04:00,0.23982,0.23982,0.23982,0.23982,6400,0.0,0.0
1975-07-10 00:00:00-04:00,0.23982,0.23982,0.23982,0.23982,0,0.0,0.0
1975-07-11 00:00:00-04:00,0.23982,0.23982,0.23982,0.23982,6400,0.0,0.0
1975-07-14 00:00:00-04:00,0.23982,0.23982,0.23982,0.23982,1600,0.0,0.0
1975-07-15 00:00:00-04:00,0.23982,0.23982,0.23982,0.23982,0,0.0,0.0
1975-07-16 00:00:00-04:00,0.23982,0.24369,0.23982,0.23982,4800,0.0,0.0
1975-07-17 00:00:00-04:00,0.23982,0.23982,0.23208,0.23982,6400,0.0,0.0
1975-07-18 00:00:00-04:00,0.23982,0.23982,0.23982,0.23982,0,0.0,0.0
1975-07-21 00:00:00-04:00,0.23208,0.23208,0.22821,0.22821,4800,0.0,0.0
1975-07-22 00:00:00-04:00,0.22821,0.22821,0.22821,0.22821,0,0.0,0.0
1975-07-23 00:00:00-04:00,0.22821,0.22821,0.22821,0.22821,0,0.0,0.0
1975-07-24 00:00:00-04:00,0.22048,0.22048,0.21661,0.22048,11200,0.0,0.0
1975-07-25 00:00:00-04:00,0.22048,0.22048,0.22048,0.22048,0,0.0,0.0
1975-07-28 00:00:00-04:00,0.22048,0.22048,0.22048,0.22048,0,0.0,0.0
1975-07-29 00:00:00-04:00,0.22048,0.22048,0.22048,0.22048,0,0.0,0.0
1975-07-30 00:00:00-04:00,0.22048,0.22048,0.22048,0.22048,0,0.0,0.0
1975-07-31 00:00:00-04:00,0.21274,0.21274,0.21274,0.21274,1600,0.0,0.0
1975-08-01 00:00:00-04:00,0.21274,0.21274,0.21274,0.21274,0,0.0,0.0
1975-08-04 00:00:00-04:00,0.21274,0.21274,0.21274,0.21274,0,0.0,0.0
1975-08-05 00:00:00-04:00,0.21274,0.21274,0.21274,0.21274,0,0.0,0.0
1975-08-06 00:00:00-04:00,0.21274,0.21274,0.21274,0.21274,0,0.0,0.0
1975-08-07 00:00:00-04:00,0.20501,0.20501,0.20501,0.20501,1600,0.0,0.0
1975-08-08 00:00:00-04:00,0.20501,0.20887,0.18953,0.18953,20800,0.0,0.0
1975-08-11 00:00:00-04:00,0.1818,0.1818,0.1818,0.1818,1600,0.0,0.0
1975-08-12 00:00:00-04:00,0.1818,0.1818,0.17019,0.17793,14400,0.0,0.0
1975-08-13 00:00:00-04:00,0.17793,0.17793,0.17793,0.17793,6400,0.0,0.0
1975-08-14 00:00:00-04:00,0.1818,0.18567,0.1818,0.1818,6400,0.0,0.0
1975-08-15 00:00:00-04:00,0.17793,0.17793,0.17793,0.17793,1600,0.0,0.0
1975-08-18 00:00:00-04:00,0.17793,0.17793,0.17793,0.17793,0,0.0,0.0
1975-08-19 00:00:00-04:00,0.17793,0.18567,0.17793,0.17793,6400,0.0,0.0
1975-08-20 00:00:00-04:00,0.17793,0.17793,0.17793,0.17793,1600,0.0,0.0
1975-08-21 00:00:00-04:00,0.17019,0.17019,0.17019,0.17019,12800,0.0,0.0
1975-08-22 00:00:00-04:00,0.17406,0.1818,0.17406,0.1818,9600,0.0,0.0
1975-08-25 00:00:00-04:00,0.1818,0.1818,0.1818,0.1818,0,0.0,0.0
1975-08-26 00:00:00-04:00,0.18953,0.18953,0.18953,0.18953,3200,0.0,0.0
1975-08-27 00:00:00-04:00,0.18953,0.19727,0.18953,0.19727,8000,0.0,0.0
1975-08-28 00:00:00-04:00,0.18953,0.18953,0.18953,0.18953,1600,0.0,0.0
1975-08-29 00:00:00-04:00,0.18953,0.18953,0.18953,0.18953,0,0.0,0.0
1975-09-02 00:00:00-04:00,0.18953,0.18953,0.18953,0.18953,9600,0.0,0.0
1975-09-03 00:00:00-04:00,0.18953,0.18953,0.18953,0.18953,0,0.0,0.0
1975-09-04 00:00:00-04:00,0.18953,0.18953,0.18953,0.18953,0,0.0,0.0
1975-09-05 00:00:00-04:00,0.18953,0.18953,0.1818,0.1818,3200,0.0,0.0
1975-09-08 00:00:00-04:00,0.17793,0.17793,0.17019,0.17019,36800,0.0,0.0
1975-09-09 00:00:00-04:00,0.16633,0.16633,0.16633,0.16633,4800,0.0,0.0
1975-09-10 00:00:00-04:00,0.16633,0.16633,0.16633,0.16633,1600,0.0,0.0
1975-09-11 00:00:00-04:00,0.16633,0.16633,0.16633,0.16633,20800,0.0,0.0
1975-09-12 00:00:00-04:00,0.16633,0.16633,0.16633,0.16633,25600,0.0,0.0
1975-09-15 00:00:00-04:00,0.17019,0.17406,0.17019,0.17406,3200,0.0,0.0
1975-09-16 00:00:00-04:00,0.17793,0.17793,0.17793,0.17793,1600,0.0,0.0
1975-09-17 00:00:00-04:00,0.1818,0.1818,0.1818,0.1818,1600,0.0,0.0
1975-09-18 00:00:00-04:00,0.18567,0.18953,0.18567,0.18567,6400,0.0,0.0
1975-09-19 00:00:00-04:00,0.18567,0.18567,0.18567,0.18567,0,0.0,0.0
1975-09-22 00:00:00-04:00,0.18953,0.1934,0.18953,0.18953,3200,0.0,0.0
1975-09-23 00:00:00-04:00,0.18567,0.18567,0.18567,0.18567,3200,0.0,0.0
1975-09-24 00:00:00-04:00,0.18567,0.18567,0.18567,0.18567,0,0.0,0.0
1975-09-25 00:00:00-04:00,0.18567,0.18567,0.18567,0.18567,0,0.0,0.0
1975-09-26 00:00:00-04:00,0.18567,0.18567,0.18567,0.18567,0,0.0,0.0
1975-09-29 00:00:00-04:00,0.18567,0.18567,0.18567,0.18567,0,0.0,0.0
1975-09-30 00:00:00-04:00,0.18567,0.18567,0.17793,0.1818,17600,0.0,0.0
1975-10-01 00:00:00-04:00,0.1818,0.1818,0.1818,0.1818,0,0.0,0.0
1975-10-02 00:00:00-04:00,0.17406,0.17406,0.17406,0.17406,3200,0.0,0.0
1975-10-03 00:00:00-04:00,0.1818,0.1818,0.1818,0.1818,3200,0.0,0.0
1975-10-06 00:00:00-04:00,0.1818,0.1818,0.1818,0.1818,0,0.0,0.0
1975-10-07 00:00:00-04:00,0.1818,0.1818,0.17793,0.17793,4800,0.0,0.0
1975-10-08 00:00:00-04:00,0.17793,0.17793,0.17793,0.17793,3200,0.0,0.0
1975-10-09 00:00:00-04:00,0.17793,0.17793,0.17406,0.17406,17600,0.0,0.0
1975-10-10 00:00:00-04:00,0.17406,0.17406,0.17406,0.17406,4800,0.0,0.0
1975-10-13 00:00:00-04:00,0.17406,0.17406,0.17019,0.17019,9600,0.0,0.0
1975-10-14 00:00:00-04:00,0.17793,0.17793,0.17793,0.17793,1600,0.0,0.0
1975-10-15 00:00:00-04:00,0.17406,0.17406,0.17019,0.17019,24000,0.0,0.0
1975-10-16 00:00:00-04:00,0.17019,0.17406,0.17019,0.17406,8000,0.0,0.0
1975-10-17 00:00:00-04:00,0.17406,0.17406,0.17406,0.17406,3200,0.0,0.0
1975-10-20 00:00:00-04:00,0.17793,0.17793,0.17793,0.17793,4800,0.0,0.0
1975-10-21 00:00:00-04:00,0.18567,0.18567,0.18567,0.18567,4800,0.0,0.0
1975-10-22 00:00:00-04:00,0.18567,0.18567,0.18567,0.18567,1600,0.0,0.0
1975-10-23 00:00:00-04:00,0.18567,0.18567,0.1818,0.1818,8000,0.0,0.0
1975-10-24 00:00:00-04:00,0.18953,0.20114,0.18953,0.20114,17600,0.0,0.0
1975-10-27 00:00:00-05:00,0.20114,0.20114,0.20114,0.20114,4800,0.0,0.0
1975-10-28 00:00:00-05:00,0.1934,0.1934,0.18953,0.18953,6400,0.0,0.0
1975-10-29 00:00:00-05:00,0.19727,0.19727,0.19727,0.19727,3200,0.0,0.0
1975-10-30 00:00:00-05:00,0.19727,0.19727,0.19727,0.19727,0,0.0,0.0
1975-10-31 00:00:00-05:00,0.19727,0.20887,0.1934,0.20887,36800,0.0,0.0
1975-11-03 00:00:00-05:00,0.21274,0.21274,0.21274,0.21274,1600,0.0,0.0
1975-11-04 00:00:00-05:00,0.22048,0.22821,0.22048,0.22048,12800,0.0,0.0
1975-11-05 00:00:00-05:00,0.22821,0.25916,0.22821,0.25916,56000,0.0,0.0
1975-11-06 00:00:00-05:00,0.25529,0.25529,0.23982,0.25529,24000,0.0,0.0
1975-11-07 00:00:00-05:00,0.25916,0.25916,0.25916,0.25916,1600,0.0,0.0
1975-11-10 00:00:00-05:00,0.25142,0.25142,0.23982,0.23982,12800,0.0,0.0
1975-11-11 00:00:00-05:00,0.23982,0.23982,0.23982,0.23982,0,0.0,0.0
1975-11-12 00:00:00-05:00,0.23982,0.23982,0.23982,0.23982,0,0.0,0.0
1975-11-13 00:00:00-05:00,0.23982,0.24369,0.23982,0.24369,6400,0.0,0.0
1975-11-14 00:00:00-05:00,0.23595,0.23595,0.23208,0.23208,6400,0.0,0.0
1975-11-17 00:00:00-05:00,0.23208,0.23208,0.23208,0.23208,0,0.0,0.0
1975-11-18 00:00:00-05:00,0.23208,0.23982,0.22435,0.22435,19200,0.0,0.0
1975-11-19 00:00:00-05:00,0.21661,0.21661,0.21661,0.21661,1600,0.0,0.0
1975-11-20 00:00:00-05:00,0.22435,0.23208,0.22435,0.23208,8000,0.0,0.0
1975-11-21 00:00:00-05:00,0.23208,0.23982,0.23208,0.23208,4800,0.0,0.0
1975-11-24 00:00:00-05:00,0.23208,0.23208,0.23208,0.23208,0,0.0,0.0
1975-11-25 00:00:00-05:00,0.22435,0.22435,0.22435,0.22435,3200,0.0,0.0
1975-11-26 00:00:00-05:00,0.22435,0.22435,0.22435,0.22435,1600,0.0,0.0
1975-11-28 00:00:00-05:00,0.21661,0.21661,0.21661,0.21661,4800,0.0,0.0
1975-12-01 00:00:00-05:00,0.21661,0.21661,0.21661,0.21661,0,0.0,0.0
1975-12-02 00:00:00-05:00,0.22048,0.22048,0.22048,0.22048,1600,0.0,0.0
1975-12-03 00:00:00-05:00,0.22821,0.23208,0.22821,0.23208,6400,0.0,0.0
1975-12-04 00:00:00-05:00,0.22048,0.22048,0.20887,0.20887,16000,0.0,0.0
1975-12-05 00:00:00-05:00,0.20887,0.20887,0.20887,0.20887,0,0.0,0.0
1975-12-08 00:00:00-05:00,0.20887,0.20887,0.20501,0.20501,3200,0.0,0.0
1975-12-09 00:00:00-05:00,0.19727,0.19727,0.19727,0.19727,1600,0.0,0.0
1975-12-10 00:00:00-05:00,0.1934,0.1934,0.1934,0.1934,1600,0.0,0.0
1975-12-11 00:00:00-05:00,0.1934,0.19727,0.18567,0.18567,12800,0.0,0.0
1975-12-12 00:00:00-05:00,0.18567,0.18953,0.18567,0.18953,9600,0.0,0.0
1975-12-15 00:00:00-05:00,0.18953,0.1934,0.18567,0.18567,6400,0.0,0.0
1975-12-16 00:00:00-05:00,0.1934,0.1934,0.1934,0.1934,1600,0.0,0.0
1975-12-17 00:00:00-05:00,0.18953,0.18953,0.18953,0.18953,8000,0.0,0.0
1975-12-18 00:00:00-05:00,0.18953,0.18953,0.18953,0.18953,6400,0.0,0.0
1975-12-19 00:00:00-05:00,0.18953,0.18953,0.18953,0.18953,3200,0.0,0.0
1975-12-22 00:00:00-05:00,0.18567,0.18567,0.17019,0.17019,40000,0.0,0.0
1975-12-23 00:00:00-05:00,0.17793,0.1818,0.17793,0.17793,14400,0.0,0.0
1975-12-24 00:00:00-05:00,0.17793,0.17793,0.17793,0.17793,0,0.0,0.0
1975-12-26 00:00:00-05:00,0.17793,0.18953,0.17793,0.18953,8000,0.0,0.0
1975-12-29 00:00:00-05:00,0.18953,0.18953,0.18953,0.18953,1600,0.0,0.0
1975-12-30 00:00:00-05:00,0.18953,0.18953,0.18567,0.18567,4800,0.0,0.0
1975-12-31 00:00:00-05:00,0.1818,0.1818,0.1818,0.1818,4800,0.0,0.0
1976-01-02 00:00:00-05:00,0.18567,0.18567,0.18567,0.18567,1600,0.0,0.0
1976-01-05 00:00:00-05:00,0.18953,0.18953,0.18953,0.18953,1600,0.0,0.0
1976-01-06 00:00:00-05:00,0.19727,0.20887,0.19727,0.20887,6400,0.0,0.0
1976-01-07 00:00:00-05:00,0.20887,0.20887,0.20887,0.20887,1600,0.0,0.0
1976-01-08 00:00:00-05:00,0.21661,0.22435,0.21661,0.22435,9600,0.0,0.0
1976-01-09 00:00:00-05:00,0.22435,0.22435,0.22435,0.22435,0,0.0,0.0
1976-01-12 00:00:00-05:00,0.22435,0.23208,0.22048,0.23208,6400,0.0,0.0
1976-01-13 00:00:00-05:00,0.23208,0.23208,0.23208,0.23208,0,0.0,0.0
1976-01-14 00:00:00-05:00,0.22435,0.22435,0.22048,0.22048,4800,0.0,0.0
1976-01-15 00:00:00-05:00,0.22435,0.22435,0.22435,0.22435,1600,0.0,0.0
1976-01-16 00:00:00-05:00,0.23208,0.23208,0.23208,0.23208,8000,0.0,0.0
1976-01-19 00:00:00-05:00,0.23208,0.23208,0.23208,0.23208,0,0.0,0.0
1976-01-20 00:00:00-05:00,0.22435,0.22435,0.22435,0.22435,3200,0.0,0.0
1976-01-21 00:00:00-05:00,0.22435,0.22435,0.22435,0.22435,1600,0.0,0.0
1976-01-22 00:00:00-05:00,0.22435,0.22435,0.22435,0.22435,0,0.0,0.0
1976-01-23 00:00:00-05:00,0.23208,0.23595,0.23208,0.23208,19200,0.0,0.0
1976-01-26 00:00:00-05:00,0.25529,0.30944,0.25529,0.30944,105600,0.0,0.0
1976-01-27 00:00:00-05:00,0.30944,0.30944,0.30944,0.30944,0,0.0,0.0
1976-01-28 00:00:00-05:00,0.25529,0.25529,0.23595,0.25529,102400,0.0,0.0
1976-01-29 00:00:00-05:00,0.25529,0.2785,0.25142,0.2785,46400,0.0,0.0
1976-01-30 00:00:00-05:00,0.2785,0.30944,0.2785,0.29784,72000,0.0,0.0
1976-02-02 00:00:00-05:00,0.29784,0.30171,0.29784,0.30171,73600,0.0,0.0
1976-02-03 00:00:00-05:00,0.30171,0.30557,0.30171,0.30557,17600,0.0,0.0
1976-02-04 00:00:00-05:00,0.30557,0.30944,0.30171,0.30944,24000,0.0,0.0
1976-02-05 00:00:00-05:00,0.30944,0.30944,0.30171,0.30557,9600,0.0,0.0
1976-02-06 00:00:00-05:00,0.30171,0.30171,0.29784,0.30171,12800,0.0,0.0
1976-02-09 00:00:00-05:00,0.30171,0.30171,0.29397,0.29397,4800,0.0,0.0
1976-02-10 00:00:00-05:00,0.29397,0.29397,0.2901,0.2901,4800,0.0,0.0
1976-02-11 00:00:00-05:00,0.2901,0.29397,0.2785,0.2785,35200,0.0,0.0
1976-02-12 00:00:00-05:00,0.2785,0.28623,0.2785,0.28623,6400,0.0,0.0
1976-02-13 00:00:00-05:00,0.29397,0.29397,0.29397,0.29397,1600,0.0,0.0
1976-02-17 00:00:00-05:00,0.29397,0.29784,0.27076,0.29784,56000,0.0,0.0
1976-02-18 00:00:00-05:00,0.29784,0.30171,0.29784,0.30171,14400,0.0,0.0
1976-02-19 00:00:00-05:00,0.30171,0.30944,0.30171,0.30944,25600,0.0,0.0
1976-02-20 00:00:00-05:00,0.30944,0.30944,0.30557,0.30944,38400,0.0,0.0
1976-02-23 00:00:00-05:00,0.30944,0.30944,0.30171,0.30944,4800,0.0,0.0
1976-02-24 00:00:00-05:00,0.30944,0.30944,0.30171,0.30171,22400,0.0,0.0
1976-02-25 00:00:00-05:00,0.30171,0.30944,0.30171,0.30944,8000,0.0,0.0
1976-02-26 00:00:00-05:00,0.30944,0.30944,0.30944,0.30944,1600,0.0,0.0
1976-02-27 00:00:00-05:00,0.30944,0.30944,0.30944,0.30944,14400,0.0,0.0
1976-03-01 00:00:00-05:00,0.30944,0.30944,0.30944,0.30944,1600,0.0,0.0
1976-03-02 00:00:00-05:00,0.30171,0.30171,0.2901,0.2901,8000,0.0,0.0
1976-03-03 00:00:00-05:00,0.28623,0.28623,0.28623,0.28623,4800,0.0,0.0
1976-03-04 00:00:00-05:00,0.28623,0.29784,0.26689,0.26689,17600,0.0,0.0
1976-03-05 00:00:00-05:00,0.26689,0.27463,0.26689,0.26689,14400,0.0,0.0
1976-03-08 00:00:00-05:00,0.27463,0.28237,0.27463,0.27463,9600,0.0,0.0
1976-03-09 00:00:00-05:00,0.28237,0.28237,0.28237,0.28237,3200,0.0,0.0
1976-03-10 00:00:00-05:00,0.28237,0.28237,0.28237,0.28237,0,0.0,0.0
1976-03-11 00:00:00-05:00,0.28237,0.28237,0.28237,0.28237,0,0.0,0.0
1976-03-12 00:00:00-05:00,0.28237,0.28237,0.28237,0.28237,4800,0.0,0.0
1976-03-15 00:00:00-05:00,0.28237,0.28237,0.28237,0.28237,1600,0.0,0.0
1976-03-16 00:00:00-05:00,0.27463,0.27463,0.27463,0.27463,1600,0.0,0.0
1976-03-17 00:00:00-05:00,0.2785,0.28237,0.2785,0.2785,3200,0.0,0.0
1976-03-18 00:00:00-05:00,0.2785,0.2785,0.2785,0.2785,3200,0.0,0.0
1976-03-19 00:00:00-05:00,0.2785,0.2785,0.2785,0.2785,0,0.0,0.0
1976-03-22 00:00:00-05:00,0.2785,0.2785,0.2785,0.2785,0,0.0,0.0
1976-03-23 00:00:00-05:00,0.2785,0.2785,0.2785,0.2785,0,0.0,0.0
1976-03-24 00:00:00-05:00,0.2785,0.2785,0.2785,0.2785,3200,0.0,0.0
1976-03-25 00:00:00-05:00,0.2785,0.2785,0.2785,0.2785,0,0.0,0.0
1976-03-26 00:00:00-05:00,0.27463,0.27463,0.27076,0.27463,4800,0.0,0.0
1976-03-29 00:00:00-05:00,0.27463,0.27463,0.27463,0.27463,0,0.0,0.0
1976-03-30 00:00:00-05:00,0.27463,0.27463,0.27463,0.27463,1600,0.0,0.0
1976-03-31 00:00:00-05:00,0.27463,0.27463,0.27463,0.27463,0,0.0,0.0
1976-04-01 00:00:00-05:00,0.27463,0.27463,0.27463,0.27463,0,0.0,0.0
1976-04-02 00:00:00-05:00,0.27463,0.2785,0.27463,0.2785,8000,0.0,0.0
1976-04-05 00:00:00-05:00,0.2785,0.2785,0.2785,0.2785,0,0.0,0.0
1976-04-06 00:00:00-05:00,0.2785,0.2785,0.2785,0.2785,0,0.0,0.0
1976-04-07 00:00:00-05:00,0.27076,0.27076,0.27076,0.27076,1600,0.0,0.0
1976-04-08 00:00:00-05:00,0.26689,0.26689,0.26689,0.26689,1600,0.0,0.0
1976-04-09 00:00:00-05:00,0.26303,0.26303,0.26303,0.26303,1600,0.0,0.0
1976-04-12 00:00:00-05:00,0.26303,0.26303,0.26303,0.26303,3200,0.0,0.0
1976-04-13 00:00:00-05:00,0.25529,0.25529,0.25529,0.25529,4800,0.0,0.0
1976-04-14 00:00:00-05:00,0.25529,0.25529,0.25529,0.25529,0,0.0,0.0
1976-04-15 00:00:00-05:00,0.25529,0.25529,0.25529,0.25529,0,0.0,0.0
1976-04-19 00:00:00-05:00,0.25529,0.25529,0.25529,0.25529,0,0.0,0.0
1976-04-20 00:00:00-05:00,0.25142,0.25142,0.25142,0.25142,4800,0.0,0.0
1976-04-21 00:00:00-05:00,0.25142,0.25142,0.24369,0.24369,17600,0.0,0.0
1976-04-22 00:00:00-05:00,0.24369,0.24369,0.23982,0.23982,3200,0.0,0.0
1976-04-23 00:00:00-05:00,0.23982,0.23982,0.23982,0.23982,1600,0.0,0.0
1976-04-26 00:00:00-04:00,0.23595,0.23595,0.22435,0.22435,16000,0.0,0.0
1976-04-27 00:00:00-04:00,0.22435,0.24369,0.22435,0.24369,35200,0.0,0.0
1976-04-28 00:00:00-04:00,0.25142,0.26303,0.25142,0.26303,3200,0.0,0.0
1976-04-29 00:00:00-04:00,0.26303,0.26303,0.26303,0.26303,6400,0.0,0.0
1976-04-30 00:00:00-04:00,0.27076,0.27076,0.27076,0.27076,3200,0.0,0.0
1976-05-03 00:00:00-04:00,0.27076,0.27076,0.25916,0.25916,6400,0.0,0.0
1976-05-04 00:00:00-04:00,0.26303,0.26689,0.26303,0.26303,6400,0.0,0.0
1976-05-05 00:00:00-04:00,0.25916,0.25916,0.25916,0.25916,1600,0.0,0.0
1976-05-06 00:00:00-04:00,0.25916,0.25916,0.25916,0.25916,0,0.0,0.0
1976-05-07 00:00:00-04:00,0.25916,0.25916,0.25916,0.25916,0,0.0,0.0
1976-05-10 00:00:00-04:00,0.27076,0.27463,0.27076,0.27463,8000,0.0,0.0
1976-05-11 00:00:00-04:00,0.27463,0.27463,0.27463,0.27463,0,0.0,0.0
1976-05-12 00:00:00-04:00,0.27463,0.27463,0.26689,0.27463,12800,0.0,0.0
1976-05-13 00:00:00-04:00,0.27076,0.27076,0.27076,0.27076,1600,0.0,0.0
1976-05-14 00:00:00-04:00,0.26689,0.26689,0.25916,0.25916,12800,0.0,0.0
1976-05-17 00:00:00-04:00,0.25916,0.25916,0.25916,0.25916,3200,0.0,0.0
1976-05-18 00:00:00-04:00,0.26689,0.26689,0.26689,0.26689,6400,0.0,0.0
1976-05-19 00:00:00-04:00,0.26689,0.27076,0.26689,0.27076,4800,0.0,0.0
1976-05-20 00:00:00-04:00,0.27076,0.27076,0.27076,0.27076,0,0.0,0.0
1976-05-21 00:00:00-04:00,0.26689,0.26689,0.26689,0.26689,1600,0.0,0.0
1976-05-24 00:00:00-04:00,0.26689,0.26689,0.26689,0.26689,1600,0.0,0.0
1976-05-25 00:00:00-04:00,0.26689,0.26689,0.26303,0.26303,9600,0.0,0.0
1976-05-26 00:00:00-04:00,0.26303,0.26303,0.26303,0.26303,0,0.0,0.0
1976-05-27 00:00:00-04:00,0.26303,0.26303,0.26303,0.26303,1600,0.0,0.0
1976-05-28 00:00:00-04:00,0.26303,0.26303,0.26303,0.26303,0,0.0,0.0
1976-06-01 00:00:00-04:00,0.26303,0.26303,0.25916,0.25916,6400,0.0,0.0
1976-06-02 00:00:00-04:00,0.25916,0.25916,0.25916,0.25916,0,0.0,0.0
1976-06-03 00:00:00-04:00,0.25916,0.25916,0.25916,0.25916,0,0.0,0.0
1976-06-04 00:00:00-04:00,0.26303,0.26303,0.26303,0.26303,1600,0.0,0.0
1976-06-07 00:00:00-04:00,0.26303,0.26303,0.26303,0.26303,0,0.0,0.0
1976-06-08 00:00:00-04:00,0.26303,0.26303,0.26303,0.26303,0,0.0,0.0
1976-06-09 00:00:00-04:00,0.25916,0.25916,0.25916,0.25916,1600,0.0,0.0
1976-06-10 00:00:00-04:00,0.25916,0.25916,0.25916,0.25916,0,0.0,0.0
1976-06-11 00:00:00-04:00,0.25916,0.25916,0.25916,0.25916,0,0.0,0.0
1976-06-14 00:00:00-04:00,0.26303,0.26303,0.26303,0.26303,1600,0.0,0.0
1976-06-15 00:00:00-04:00,0.26303,0.26303,0.26303,0.26303,0,0.0,0.0
1976-06-16 00:00:00-04:00,0.25916,0.25916,0.25529,0.25529,11200,0.0,0.0
1976-06-17 00:00:00-04:00,0.25529,0.25916,0.25142,0.25916,3200,0.0,0.0
1976-06-18 00:00:00-04:00,0.25142,0.25142,0.25142,0.25142,4800,0.0,0.0
1976-06-21 00:00:00-04:00,0.25142,0.25916,0.25142,0.25529,6400,0.0,0.0
1976-06-22 00:00:00-04:00,0.25916,0.25916,0.25916,0.25916,1600,0.0,0.0
1976-06-23 00:00:00-04:00,0.25916,0.25916,0.24755,0.25916,9600,0.0,0.0
1976-06-24 00:00:00-04:00,0.25916,0.25916,0.25916,0.25916,0,0.0,0.0
1976-06-25 00:00:00-04:00,0.25916,0.27076,0.25916,0.27076,11200,0.0,0.0
1976-06-28 00:00:00-04:00,0.27463,0.2785,0.27463,0.2785,24000,0.0,0.0
1976-06-29 00:00:00-04:00,0.27076,0.27076,0.26689,0.26689,8000,0.0,0.0
1976-06-30 00:00:00-04:00,0.26303,0.26303,0.26303,0.26303,1600,0.0,0.0
1976-07-01 00:00:00-04:00,0.26303,0.26303,0.26303,0.26303,3200,0.0,0.0
1976-07-02 00:00:00-04:00,0.26303,0.26303,0.26303,0.26303,1600,0.0,0.0
1976-07-06 00:00:00-04:00,0.25916,0.25916,0.25142,0.25916,16000,0.0,0.0
1976-07-07 00:00:00-04:00,0.25916,0.25916,0.25916,0.25916,0,0.0,0.0
1976-07-08 00:00:00-04:00,0.25529,0.25529,0.25529,0.25529,1600,0.0,0.0
1976-07-09 00:00:00-04:00,0.25529,0.25529,0.25529,0.25529,8000,0.0,0.0
1976-07-12 00:00:00-04:00,0.25529,0.25916,0.25142,0.25142,9600,0.0,0.0
1976-07-13 00:00:00-04:00,0.25916,0.25916,0.25916,0.25916,4800,0.0,0.0
1976-07-14 00:00:00-04:00,0.25916,0.26303,0.25916,0.25916,16000,0.0,0.0
1976-07-15 00:00:00-04:00,0.25916,0.25916,0.25916,0.25916,0,0.0,0.0
1976-07-16 00:00:00-04:00,0.25142,0.25142,0.25142,0.25142,3200,0.0,0.0
1976-07-19 00:00:00-04:00,0.25916,0.25916,0.25916,0.25916,1600,0.0,0.0
1976-07-20 00:00:00-04:00,0.25916,0.25916,0.25916,0.25916,0,0.0,0.0
1976-07-21 00:00:00-04:00,0.25916,0.25916,0.25916,0.25916,6400,0.0,0.0
1976-07-22 00:00:00-04:00,0.25916,0.25916,0.25529,0.25916,8000,0.0,0.0
1976-07-23 00:00:00-04:00,0.25916,0.25916,0.25916,0.25916,0,0.0,0.0
1976-07-26 00:00:00-04:00,0.25916,0.25916,0.25529,0.25529,11200,0.0,0.0
1976-07-27 00:00:00-04:00,0.25529,0.25529,0.25529,0.25529,0,0.0,0.0
1976-07-28 00:00:00-04:00,0.25529,0.25529,0.25529,0.25529,0,0.0,0.0
1976-07-29 00:00:00-04:00,0.25529,0.25529,0.25529,0.25529,0,0.0,0.0
1976-07-30 00:00:00-04:00,0.25142,0.25142,0.25142,0.25142,1600,0.0,0.0
1976-08-02 00:00:00-04:00,0.25142,0.25142,0.25142,0.25142,0,0.0,0.0
1976-08-03 00:00:00-04:00,0.25916,0.25916,0.25916,0.25916,1600,0.0,0.0
1976-08-04 00:00:00-04:00,0.25916,0.25916,0.25916,0.25916,0,0.0,0.0
1976-08-05 00:00:00-04:00,0.25142,0.25142,0.25142,0.25142,1600,0.0,0.0
1976-08-06 00:00:00-04:00,0.25142,0.25142,0.25142,0.25142,0,0.0,0.0
1976-08-09 00:00:00-04:00,0.25529,0.25916,0.25529,0.25916,3200,0.0,0.0
1976-08-10 00:00:00-04:00,0.25916,0.25916,0.25916,0.25916,1600,0.0,0.0
1976-08-11 00:00:00-04:00,0.25916,0.25916,0.25916,0.25916,8000,0.0,0.0
1976-08-12 00:00:00-04:00,0.25916,0.25916,0.25916,0.25916,6400,0.0,0.0
1976-08-13 00:00:00-04:00,0.25529,0.25529,0.25142,0.25142,9600,0.0,0.0
1976-08-16 00:00:00-04:00,0.25142,0.25142,0.25142,0.25142,0,0.0,0.0
1976-08-17 00:00:00-04:00,0.25142,0.25142,0.25142,0.25142,1600,0.0,0.0
1976-08-18 00:00:00-04:00,0.25142,0.25142,0.25142,0.25142,16000,0.0,0.0
1976-08-19 00:00:00-04:00,0.25529,0.25529,0.25529,0.25529,3200,0.0,0.0
1976-08-20 00:00:00-04:00,0.25529,0.25529,0.25529,0.25529,0,0.0,0.0
1976-08-23 00:00:00-04:00,0.25529,0.25529,0.25529,0.25529,0,0.0,0.0
1976-08-24 00:00:00-04:00,0.24755,0.24755,0.24755,0.24755,8000,0.0,0.0
1976-08-25 00:00:00-04:00,0.24755,0.24755,0.24755,0.24755,0,0.0,0.0
1976-08-26 00:00:00-04:00,0.24755,0.24755,0.24755,0.24755,0,0.0,0.0
1976-08-27 00:00:00-04:00,0.24369,0.24369,0.24369,0.24369,1600,0.0,0.0
1976-08-30 00:00:00-04:00,0.24369,0.24369,0.24369,0.24369,3200,0.0,0.0
1976-08-31 00:00:00-04:00,0.24369,0.24369,0.24369,0.24369,0,0.0,0.0
1976-09-01 00:00:00-04:00,0.24369,0.24369,0.24369,0.24369,0,0.0,0.0
1976-09-02 00:00:00-04:00,0.24369,0.24369,0.24369,0.24369,0,0.0,0.0
1976-09-03 00:00:00-04:00,0.25529,0.25529,0.25529,0.25529,11200,0.0,0.0
1976-09-07 00:00:00-04:00,0.25529,0.26303,0.24755,0.24755,11200,0.0,0.0
1976-09-08 00:00:00-04:00,0.24755,0.25142,0.23982,0.24755,14400,0.0,0.0
1976-09-09 00:00:00-04:00,0.24755,0.24755,0.24755,0.24755,0,0.0,0.0
1976-09-10 00:00:00-04:00,0.24755,0.24755,0.24755,0.24755,0,0.0,0.0
1976-09-13 00:00:00-04:00,0.24755,0.24755,0.24755,0.24755,1600,0.0,0.0
1976-09-14 00:00:00-04:00,0.24755,0.24755,0.24755,0.24755,1600,0.0,0.0
1976-09-15 00:00:00-04:00,0.24755,0.25529,0.24755,0.25529,8000,0.0,0.0
1976-09-16 00:00:00-04:00,0.24755,0.24755,0.24755,0.24755,1600,0.0,0.0
1976-09-17 00:00:00-04:00,0.24755,0.24755,0.24369,0.24369,12800,0.0,0.0
1976-09-20 00:00:00-04:00,0.24369,0.24369,0.24369,0.24369,4800,0.0,0.0
1976-09-21 00:00:00-04:00,0.24755,0.24755,0.24755,0.24755,3200,0.0,0.0
1976-09-22 00:00:00-04:00,0.24755,0.25142,0.24755,0.25142,8000,0.0,0.0
1976-09-23 00:00:00-04:00,0.24755,0.24755,0.24369,0.24369,9600,0.0,0.0
1976-09-24 00:00:00-04:00,0.24369,0.24369,0.24369,0.24369,3200,0.0,0.0
1976-09-27 00:00:00-04:00,0.24369,0.24369,0.24369,0.24369,0,0.0,0.0
1976-09-28 00:00:00-04:00,0.24369,0.24369,0.24369,0.24369,0,0.0,0.0
1976-09-29 00:00:00-04:00,0.24369,0.24369,0.24369,0.24369,0,0.0,0.0
1976-09-30 00:00:00-04:00,0.24369,0.24369,0.24369,0.24369,0,0.0,0.0
1976-10-01 00:00:00-04:00,0.23982,0.23982,0.23595,0.23595,6400,0.0,0.0
1976-10-04 00:00:00-04:00,0.23595,0.23595,0.23595,0.23595,0,0.0,0.0
1976-10-05 00:00:00-04:00,0.23982,0.23982,0.23982,0.23982,1600,0.0,0.0
1976-10-06 00:00:00-04:00,0.23982,0.23982,0.23982,0.23982,0,0.0,0.0
1976-10-07 00:00:00-04:00,0.23595,0.23595,0.23595,0.23595,3200,0.0,0.0
1976-10-08 00:00:00-04:00,0.23595,0.23595,0.23595,0.23595,0,0.0,0.0
1976-10-11 00:00:00-04:00,0.23208,0.23208,0.23208,0.23208,1600,0.0,0.0
1976-10-12 00:00:00-04:00,0.23208,0.23208,0.23208,0.23208,0,0.0,0.0
1976-10-13 00:00:00-04:00,0.23208,0.23208,0.23208,0.23208,0,0.0,0.0
1976-10-14 00:00:00-04:00,0.23595,0.23595,0.23595,0.23595,1600,0.0,0.0
1976-10-15 00:00:00-04:00,0.23595,0.23595,0.23595,0.23595,0,0.0,0.0
1976-10-18 00:00:00-04:00,0.23595,0.23595,0.23595,0.23595,1600,0.0,0.0
1976-10-19 00:00:00-04:00,0.23595,0.23595,0.23595,0.23595,3200,0.0,0.0
1976-10-20 00:00:00-04:00,0.23595,0.23595,0.23595,0.23595,0,0.0,0.0
1976-10-21 00:00:00-04:00,0.23595,0.23595,0.23595,0.23595,0,0.0,0.0
1976-10-22 00:00:00-04:00,0.24369,0.24369,0.24369,0.24369,1600,0.0,0.0
1976-10-25 00:00:00-04:00,0.24369,0.24369,0.24369,0.24369,0,0.0,0.0
1976-10-26 00:00:00-04:00,0.23982,0.23982,0.23982,0.23982,1600,0.0,0.0
1976-10-27 00:00:00-04:00,0.23595,0.23595,0.23595,0.23595,22400,0.0,0.0
1976-10-28 00:00:00-04:00,0.24369,0.24369,0.24369,0.24369,1600,0.0,0.0
1976-10-29 00:00:00-04:00,0.24369,0.24369,0.24369,0.24369,0,0.0,0.0
1976-11-01 00:00:00-05:00,0.23982,0.23982,0.23982,0.23982,3200,0.0,0.0
1976-11-03 00:00:00-05:00,0.23982,0.23982,0.23982,0.23982,0,0.0,0.0
1976-11-04 00:00:00-05:00,0.23982,0.23982,0.23982,0.23982,0,0.0,0.0
1976-11-05 00:00:00-05:00,0.23982,0.23982,0.23982,0.23982,0,0.0,0.0
1976-11-08 00:00:00-05:00,0.24369,0.24369,0.24369,0.24369,8000,0.0,0.0
1976-11-09 00:00:00-05:00,0.24755,0.24755,0.24755,0.24755,8000,0.0,0.0
1976-11-10 00:00:00-05:00,0.24755,0.24755,0.24755,0.24755,0,0.0,0.0
1976-11-11 00:00:00-05:00,0.24369,0.24369,0.24369,0.24369,1600,0.0,0.0
1976-11-12 00:00:00-05:00,0.24755,0.24755,0.24755,0.24755,8000,0.0,0.0
1976-11-15 00:00:00-05:00,0.24755,0.24755,0.24755,0.24755,8000,0.0,0.0
1976-11-16 00:00:00-05:00,0.24755,0.24755,0.24755,0.24755,0,0.0,0.0
1976-11-17 00:00:00-05:00,0.24755,0.24755,0.24755,0.24755,0,0.0,0.0
1976-11-18 00:00:00-05:00,0.24755,0.24755,0.24755,0.24755,0,0.0,0.0
1976-11-19 00:00:00-05:00,0.24755,0.24755,0.24755,0.24755,0,0.0,0.0
1976-11-22 00:00:00-05:00,0.24755,0.24755,0.24755,0.24755,0,0.0,0.0
1976-11-23 00:00:00-05:00,0.25142,0.25529,0.25142,0.25529,6400,0.0,0.0
1976-11-24 00:00:00-05:00,0.24755,0.24755,0.24755,0.24755,3200,0.0,0.0
1976-11-26 00:00:00-05:00,0.24755,0.24755,0.24755,0.24755,6400,0.0,0.0
1976-11-29 00:00:00-05:00,0.24369,0.24369,0.24369,0.24369,3200,0.0,0.0
1976-11-30 00:00:00-05:00,0.24369,0.24369,0.24369,0.24369,0,0.0,0.0
1976-12-01 00:00:00-05:00,0.24369,0.24369,0.24369,0.24369,0,0.0,0.0
1976-12-02 00:00:00-05:00,0.24369,0.24369,0.24369,0.24369,0,0.0,0.0
1976-12-03 00:00:00-05:00,0.24369,0.24755,0.23982,0.23982,3200,0.0,0.0
1976-12-06 00:00:00-05:00,0.23982,0.23982,0.23982,0.23982,0,0.0,0.0
1976-12-07 00:00:00-05:00,0.23982,0.24369,0.23982,0.24369,12800,0.0,0.0
1976-12-08 00:00:00-05:00,0.24369,0.24755,0.24369,0.24755,19200,0.0,0.0
1976-12-09 00:00:00-05:00,0.24755,0.25916,0.24755,0.25916,25600,0.0,0.0
1976-12-10 00:00:00-05:00,0.25916,0.25916,0.25916,0.25916,0,0.0,0.0
1976-12-13 00:00:00-05:00,0.26303,0.26303,0.26303,0.26303,6400,0.0,0.0
1976-12-14 00:00:00-05:00,0.26303,0.26303,0.25142,0.25142,28800,0.0,0.0
1976-12-15 00:00:00-05:00,0.25529,0.25529,0.25529,0.25529,1600,0.0,0.0
1976-12-16 00:00:00-05:00,0.25142,0.25142,0.24755,0.24755,3200,0.0,0.0
1976-12-17 00:00:00-05:00,0.25529,0.25916,0.25529,0.25916,9600,0.0,0.0
1976-12-20 00:00:00-05:00,0.25142,0.25142,0.25142,0.25142,4800,0.0,0.0
1976-12-21 00:00:00-05:00,0.25142,0.25529,0.25142,0.25529,3200,0.0,0.0
1976-12-22 00:00:00-05:00,0.25529,0.25916,0.25142,0.25916,4800,0.0,0.0
1976-12-23 00:00:00-05:00,0.25529,0.25529,0.25142,0.25142,6400,0.0,0.0
1976-12-27 00:00:00-05:00,0.25142,0.25142,0.25142,0.25142,4800,0.0,0.0
1976-12-28 00:00:00-05:00,0.25142,0.25529,0.24755,0.25142,20800,0.0,0.0
1976-12-29 00:00:00-05:00,0.25142,0.25142,0.25142,0.25142,0,0.0,0.0
1976-12-30 00:00:00-05:00,0.25142,0.25142,0.24755,0.25142,12800,0.0,0.0
1976-12-31 00:00:00-05:00,0.25142,0.25916,0.24755,0.25916,9600,0.0,0.0
1977-01-03 00:00:00-05:00,0.25916,0.25916,0.25916,0.25916,0,0.0,0.0
1977-01-04 00:00:00-05:00,0.25916,0.26303,0.25916,0.25916,27200,0.0,0.0
1977-01-05 00:00:00-05:00,0.25916,0.25916,0.25142,0.25916,27200,0.0,0.0
1977-01-06 00:00:00-05:00,0.26303,0.26303,0.26303,0.26303,16000,0.0,0.0
1977-01-07 00:00:00-05:00,0.26303,0.26303,0.26303,0.26303,0,0.0,0.0
1977-01-10 00:00:00-05:00,0.27076,0.28623,0.27076,0.28623,16000,0.0,0.0
1977-01-11 00:00:00-05:00,0.28623,0.28623,0.28237,0.28623,3200,0.0,0.0
1977-01-12 00:00:00-05:00,0.28237,0.28237,0.28237,0.28237,1600,0.0,0.0
1977-01-13 00:00:00-05:00,0.2785,0.2785,0.27076,0.27076,6400,0.0,0.0
1977-01-14 00:00:00-05:00,0.27076,0.27076,0.27076,0.27076,0,0.0,0.0
1977-01-17 00:00:00-05:00,0.27076,0.27076,0.27076,0.27076,0,0.0,0.0
1977-01-18 00:00:00-05:00,0.27076,0.28237,0.27076,0.28237,14400,0.0,0.0
1977-01-19 00:00:00-05:00,0.28623,0.28623,0.28623,0.28623,1600,0.0,0.0
1977-01-20 00:00:00-05:00,0.2901,0.29397,0.2901,0.2901,9600,0.0,0.0
1977-01-21 00:00:00-05:00,0.29784,0.29784,0.29784,0.29784,1600,0.0,0.0
1977-01-24 00:00:00-05:00,0.30171,0.30171,0.30171,0.30171,6400,0.0,0.0
1977-01-25 00:00:00-05:00,0.30171,0.30557,0.2901,0.2901,17600,0.0,0.0
1977-01-26 00:00:00-05:00,0.29784,0.29784,0.29784,0.29784,1600,0.0,0.0
1977-01-27 00:00:00-05:00,0.29784,0.30944,0.29784,0.30944,28800,0.0,0.0
1977-01-28 00:00:00-05:00,0.30944,0.31331,0.30944,0.30944,25600,0.0,0.0
1977-01-31 00:00:00-05:00,0.30944,0.30944,0.29784,0.30171,25600,0.0,0.0
1977-02-01 00:00:00-05:00,0.30557,0.30944,0.30557,0.30944,11200,0.0,0.0
1977-02-02 00:00:00-05:00,0.30944,0.30944,0.30944,0.30944,1600,0.0,0.0
1977-02-03 00:00:00-05:00,0.30171,0.30171,0.30171,0.30171,3200,0.0,0.0
1977-02-04 00:00:00-05:00,0.29397,0.29397,0.29397,0.29397,3200,0.0,0.0
1977-02-07 00:00:00-05:00,0.29397,0.29397,0.29397,0.29397,0,0.0,0.0
1977-02-08 00:00:00-05:00,0.2901,0.2901,0.27463,0.27463,17600,0.0,0.0
1977-02-09 00:00:00-05:00,0.27076,0.27076,0.26303,0.26303,6400,0.0,0.0
1977-02-10 00:00:00-05:00,0.26303,0.27076,0.26303,0.27076,4800,0.0,0.0
1977-02-11 00:00:00-05:00,0.27463,0.2785,0.27463,0.2785,6400,0.0,0.0
1977-02-14 00:00:00-05:00,0.28237,0.28237,0.28237,0.28237,1600,0.0,0.0
1977-02-15 00:00:00-05:00,0.28237,0.2901,0.2785,0.2901,19200,0.0,0.0
1977-02-16 00:00:00-05:00,0.29784,0.30171,0.29784,0.30171,9600,0.0,0.0
1977-02-17 00:00:00-05:00,0.29784,0.29784,0.29784,0.29784,1600,0.0,0.0
1977-02-18 00:00:00-05:00,0.29784,0.29784,0.29784,0.29784,0,0.0,0.0
1977-02-22 00:00:00-05:00,0.29784,0.29784,0.29784,0.29784,0,0.0,0.0
1977-02-23 00:00:00-05:00,0.2901,0.2901,0.2901,0.2901,6400,0.0,0.0
1977-02-24 00:00:00-05:00,0.2901,0.2901,0.2901,0.2901,3200,0.0,0.0
1977-02-25 00:00:00-05:00,0.2901,0.2901,0.2901,0.2901,0,0.0,0.0
1977-02-28 00:00:00-05:00,0.2901,0.29397,0.28623,0.28623,6400,0.0,0.0
1977-03-01 00:00:00-05:00,0.28623,0.28623,0.2785,0.2785,8000,0.0,0.0
1977-03-02 00:00:00-05:00,0.2785,0.2785,0.2785,0.2785,0,0.0,0.0
1977-03-03 00:00:00-05:00,0.28237,0.28623,0.28237,0.28237,14400,0.0,0.0
1977-03-04 00:00:00-05:00,0.28623,0.2901,0.28623,0.28623,4800,0.0,0.0
1977-03-07 00:00:00-05:00,0.28623,0.28623,0.28623,0.28623,0,0.0,0.0
1977-03-08 00:00:00-05:00,0.28623,0.28623,0.27463,0.28623,17600,0.0,0.0
1977-03-09 00:00:00-05:00,0.29397,0.29397,0.29397,0.29397,1600,0.0,0.0
1977-03-10 00:00:00-05:00,0.29784,0.30557,0.29784,0.30557,19200,0.0,0.0
1977-03-11 00:00:00-05:00,0.30557,0.30944,0.30557,0.30944,12800,0.0,0.0
1977-03-14 00:00:00-05:00,0.30944,0.32878,0.30171,0.32491,35200,0.0,0.0
1977-03-15 00:00:00-05:00,0.32491,0.33652,0.32491,0.33652,40000,0.0,0.0
1977-03-16 00:00:00-05:00,0.33652,0.33652,0.32878,0.32878,11200,0.0,0.0
1977-03-17 00:00:00-05:00,0.32878,0.32878,0.32878,0.32878,1600,0.0,0.0
1977-03-18 00:00:00-05:00,0.32878,0.35586,0.32878,0.35199,51200,0.0,0.0
1977-03-21 00:00:00-05:00,0.35199,0.35586,0.34812,0.34812,38400,0.0,0.0
1977-03-22 00:00:00-05:00,0.34812,0.35586,0.34039,0.34812,22400,0.0,0.0
1977-03-23 00:00:00-05:00,0.34812,0.35973,0.34812,0.35973,32000,0.0,0.0
1977-03-24 00:00:00-05:00,0.35973,0.3752,0.35973,0.3752,25600,0.0,0.0
1977-03-25 00:00:00-05:00,0.3752,0.3752,0.36746,0.36746,14400,0.0,0.0
1977-03-28 00:00:00-05:00,0.36746,0.3752,0.36746,0.36746,4800,0.0,0.0
1977-03-29 00:00:00-05:00,0.36746,0.37907,0.36359,0.37907,28800,0.0,0.0
1977-03-30 00:00:00-05:00,0.37907,0.37907,0.37133,0.37133,19200,0.0,0.0
1977-03-31 00:00:00-05:00,0.37133,0.3752,0.37133,0.3752,16000,0.0,0.0
1977-04-01 00:00:00-05:00,0.3752,0.3752,0.36359,0.36359,11200,0.0,0.0
1977-04-04 00:00:00-05:00,0.36359,0.36359,0.35973,0.35973,8000,0.0,0.0
1977-04-05 00:00:00-05:00,0.35586,0.35586,0.34039,0.34425,17600,0.0,0.0
1977-04-06 00:00:00-05:00,0.34425,0.34425,0.33265,0.33265,12800,0.0,0.0
1977-04-07 00:00:00-05:00,0.33265,0.33265,0.32491,0.33265,4800,0.0,0.0
1977-04-11 00:00:00-05:00,0.32491,0.32491,0.32491,0.32491,12800,0.0,0.0
1977-04-12 00:00:00-05:00,0.32878,0.34039,0.32878,0.34039,12800,0.0,0.0
1977-04-13 00:00:00-05:00,0.34425,0.34425,0.34425,0.34425,1600,0.0,0.0
1977-04-14 00:00:00-05:00,0.34812,0.35199,0.34812,0.35199,4800,0.0,0.0
1977-04-15 00:00:00-05:00,0.35973,0.36359,0.35973,0.36359,6400,0.0,0.0
1977-04-18 00:00:00-05:00,0.36359,0.3752,0.36359,0.3752,28800,0.0,0.0
1977-04-19 00:00:00-05:00,0.3752,0.38293,0.37133,0.37907,46400,0.0,0.0
1977-04-20 00:00:00-05:00,0.37907,0.39454,0.37907,0.39454,27200,0.0,0.0
1977-04-21 00:00:00-05:00,0.40227,0.44482,0.40227,0.43322,126400,0.0,0.0
1977-04-22 00:00:00-05:00,0.42548,0.42548,0.40227,0.40227,36800,0.0,0.0
1977-04-25 00:00:00-04:00,0.39454,0.39454,0.39454,0.39454,1600,0.0,0.0
1977-04-26 00:00:00-04:00,0.39454,0.39454,0.3868,0.39454,8000,0.0,0.0
1977-04-27 00:00:00-04:00,0.39841,0.39841,0.39841,0.39841,14400,0.0,0.0
1977-04-28 00:00:00-04:00,0.39841,0.40227,0.39841,0.40227,20800,0.0,0.0
1977-04-29 00:00:00-04:00,0.40227,0.40227,0.39454,0.40227,22400,0.0,0.0
1977-05-02 00:00:00-04:00,0.40227,0.41388,0.39454,0.41388,22400,0.0,0.0
1977-05-03 00:00:00-04:00,0.41388,0.41775,0.40614,0.40614,14400,0.0,0.0
1977-05-04 00:00:00-04:00,0.40614,0.40614,0.40227,0.40614,3200,0.0,0.0
1977-05-05 00:00:00-04:00,0.41001,0.41001,0.41001,0.41001,6400,0.0,0.0
1977-05-06 00:00:00-04:00,0.41001,0.41388,0.39454,0.39454,27200,0.0,0.0
1977-05-09 00:00:00-04:00,0.39067,0.39067,0.39067,0.39067,6400,0.0,0.0
1977-05-10 00:00:00-04:00,0.40614,0.41001,0.40614,0.41001,19200,0.0,0.0
1977-05-11 00:00:00-04:00,0.41001,0.42161,0.39454,0.39454,30400,0.0,0.0
1977-05-12 00:00:00-04:00,0.39454,0.42935,0.39454,0.42935,46400,0.0,0.0
1977-05-13 00:00:00-04:00,0.42935,0.42935,0.41775,0.42548,22400,0.0,0.0
1977-05-16 00:00:00-04:00,0.42548,0.43709,0.42548,0.43709,25600,0.0,0.0
1977-05-17 00:00:00-04:00,0.43709,0.43709,0.42935,0.43709,14400,0.0,0.0
1977-05-18 00:00:00-04:00,0.43709,0.44095,0.43709,0.43709,20800,0.0,0.0
1977-05-19 00:00:00-04:00,0.43709,0.44095,0.43709,0.44095,6400,0.0,0.0
1977-05-20 00:00:00-04:00,0.44095,0.44095,0.43322,0.43322,16000,0.0,0.0
1977-05-23 00:00:00-04:00,0.42548,0.42548,0.41388,0.41388,9600,0.0,0.0
1977-05-24 00:00:00-04:00,0.40614,0.40614,0.40227,0.40227,6400,0.0,0.0
1977-05-25 00:00:00-04:00,0.40227,0.40227,0.39454,0.39454,8000,0.0,0.0
1977-05-26 00:00:00-04:00,0.39454,0.39454,0.3868,0.39454,11200,0.0,0.0
1977-05-27 00:00:00-04:00,0.39067,0.39067,0.38293,0.39067,19200,0.0,0.0
1977-05-31 00:00:00-04:00,0.39841,0.39841,0.39841,0.39841,1600,0.0,0.0
1977-06-01 00:00:00-04:00,0.39454,0.39454,0.39454,0.39454,1600,0.0,0.0
1977-06-02 00:00:00-04:00,0.39454,0.39454,0.39454,0.39454,11200,0.0,0.0
1977-06-03 00:00:00-04:00,0.39067,0.39067,0.39067,0.39067,1600,0.0,0.0
1977-06-06 00:00:00-04:00,0.39454,0.39454,0.39454,0.39454,3200,0.0,0.0
1977-06-07 00:00:00-04:00,0.39067,0.39067,0.39067,0.39067,6400,0.0,0.0
1977-06-08 00:00:00-04:00,0.39067,0.41388,0.3868,0.41001,41600,0.0,0.0
1977-06-09 00:00:00-04:00,0.41775,0.42935,0.41775,0.42548,17600,0.0,0.0
1977-06-10 00:00:00-04:00,0.42548,0.42935,0.41388,0.42935,19200,0.0,0.0
1977-06-13 00:00:00-04:00,0.42935,0.42935,0.42935,0.42935,0,0.0,0.0
1977-06-14 00:00:00-04:00,0.42935,0.42935,0.42935,0.42935,0,0.0,0.0
1977-06-15 00:00:00-04:00,0.42161,0.42161,0.41775,0.41775,4800,0.0,0.0
1977-06-16 00:00:00-04:00,0.41001,0.41001,0.40227,0.40227,6400,0.0,0.0
1977-06-17 00:00:00-04:00,0.40614,0.40614,0.40614,0.40614,3200,0.0,0.0
1977-06-20 00:00:00-04:00,0.40227,0.40227,0.39454,0.40227,16000,0.0,0.0
1977-06-21 00:00:00-04:00,0.39454,0.39454,0.38293,0.38293,46400,0.0,0.0
1977-06-22 00:00:00-04:00,0.39067,0.39454,0.39067,0.39454,11200,0.0,0.0
1977-06-23 00:00:00-04:00,0.39454,0.39454,0.39454,0.39454,9600,0.0,0.0
1977-06-24 00:00:00-04:00,0.40227,0.40227,0.40227,0.40227,4800,0.0,0.0
1977-06-27 00:00:00-04:00,0.40227,0.40227,0.40227,0.40227,1600,0.0,0.0
1977-06-28 00:00:00-04:00,0.40227,0.40227,0.39841,0.39841,11200,0.0,0.0
1977-06-29 00:00:00-04:00,0.40614,0.40614,0.40614,0.40614,1600,0.0,0.0
1977-06-30 00:00:00-04:00,0.39841,0.39841,0.39454,0.39454,14400,0.0,0.0
1977-07-01 00:00:00-04:00,0.3868,0.3868,0.3752,0.3752,20800,0.0,0.0
1977-07-05 00:00:00-04:00,0.37907,0.37907,0.37907,0.37907,1600,0.0,0.0
1977-07-06 00:00:00-04:00,0.3868,0.40614,0.3868,0.40614,17600,0.0,0.0
1977-07-07 00:00:00-04:00,0.39841,0.39841,0.39841,0.39841,1600,0.0,0.0
1977-07-08 00:00:00-04:00,0.40227,0.42161,0.40227,0.42161,16000,0.0,0.0
1977-07-11 00:00:00-04:00,0.42161,0.42548,0.41388,0.41388,6400,0.0,0.0
1977-07-12 00:00:00-04:00,0.40614,0.40614,0.40614,0.40614,1600,0.0,0.0
1977-07-13 00:00:00-04:00,0.40614,0.41388,0.39841,0.39841,24000,0.0,0.0
1977-07-15 00:00:00-04:00,0.39841,0.39841,0.39841,0.39841,0,0.0,0.0
1977-07-18 00:00:00-04:00,0.39454,0.39454,0.39454,0.39454,4800,0.0,0.0
1977-07-19 00:00:00-04:00,0.40227,0.41001,0.40227,0.41001,12800,0.0,0.0
1977-07-20 00:00:00-04:00,0.41001,0.41775,0.41001,0.41001,76800,0.0,0.0
1977-07-21 00:00:00-04:00,0.40227,0.40227,0.40227,0.40227,1600,0.0,0.0
1977-07-22 00:00:00-04:00,0.39454,0.39454,0.39454,0.39454,14400,0.0,0.0
1977-07-25 00:00:00-04:00,0.39841,0.39841,0.39841,0.39841,4800,0.0,0.0
1977-07-26 00:00:00-04:00,0.39454,0.39454,0.39454,0.39454,11200,0.0,0.0
1977-07-27 00:00:00-04:00,0.39454,0.39454,0.3868,0.3868,22400,0.0,0.0
1977-07-28 00:00:00-04:00,0.37907,0.37907,0.37907,0.37907,14400,0.0,0.0
1977-07-29 00:00:00-04:00,0.37907,0.3868,0.37907,0.37907,11200,0.0,0.0
1977-08-01 00:00:00-04:00,0.3752,0.3752,0.36746,0.36746,9600,0.0,0.0
1977-08-02 00:00:00-04:00,0.36746,0.37133,0.36359,0.37133,14400,0.0,0.0
1977-08-03 00:00:00-04:00,0.37133,0.37133,0.36359,0.37133,12800,0.0,0.0
1977-08-04 00:00:00-04:00,0.36746,0.36746,0.36359,0.36746,11200,0.0,0.0
1977-08-05 00:00:00-04:00,0.36746,0.36746,0.36746,0.36746,3200,0.0,0.0
1977-08-08 00:00:00-04:00,0.36746,0.36746,0.35973,0.36746,25600,0.0,0.0
1977-08-09 00:00:00-04:00,0.35973,0.35973,0.35973,0.35973,1600,0.0,0.0
1977-08-10 00:00:00-04:00,0.35973,0.36359,0.35586,0.35973,14400,0.0,0.0
1977-08-11 00:00:00-04:00,0.36746,0.37133,0.36746,0.37133,9600,0.0,0.0
1977-08-12 00:00:00-04:00,0.37133,0.37133,0.37133,0.37133,1600,0.0,0.0
1977-08-15 00:00:00-04:00,0.37133,0.37133,0.37133,0.37133,0,0.0,0.0
1977-08-16 00:00:00-04:00,0.37133,0.37133,0.36746,0.36746,4800,0.0,0.0
1977-08-17 00:00:00-04:00,0.3752,0.3868,0.3752,0.37907,28800,0.0,0.0
1977-08-18 00:00:00-04:00,0.37907,0.37907,0.37907,0.37907,3200,0.0,0.0
1977-08-19 00:00:00-04:00,0.37907,0.37907,0.3752,0.3752,12800,0.0,0.0
1977-08-22 00:00:00-04:00,0.3752,0.3752,0.3752,0.3752,0,0.0,0.0
1977-08-23 00:00:00-04:00,0.3752,0.3752,0.3752,0.3752,8000,0.0,0.0
1977-08-24 00:00:00-04:00,0.37907,0.38293,0.37907,0.38293,6400,0.0,0.0
1977-08-25 00:00:00-04:00,0.37907,0.37907,0.3752,0.3752,12800,0.0,0.0
1977-08-26 00:00:00-04:00,0.3752,0.3752,0.3752,0.3752,0,0.0,0.0
1977-08-29 00:00:00-04:00,0.3752,0.3752,0.37133,0.37133,4800,0.0,0.0
1977-08-30 00:00:00-04:00,0.37907,0.37907,0.37907,0.37907,4800,0.0,0.0
1977-08-31 00:00:00-04:00,0.37907,0.37907,0.37133,0.37133,8000,0.0,0.0
1977-09-01 00:00:00-04:00,0.3752,0.37907,0.3752,0.3752,8000,0.0,0.0
1977-09-02 00:00:00-04:00,0.37133,0.37133,0.36746,0.36746,6400,0.0,0.0
1977-09-06 00:00:00-04:00,0.36746,0.37133,0.36359,0.36359,4800,0.0,0.0
1977-09-07 00:00:00-04:00,0.37133,0.3752,0.37133,0.3752,19200,0.0,0.0
1977-09-08 00:00:00-04:00,0.3752,0.37907,0.37133,0.37133,16000,0.0,0.0
1977-09-09 00:00:00-04:00,0.3752,0.37907,0.3752,0.37907,11200,0.0,0.0
1977-09-12 00:00:00-04:00,0.37907,0.37907,0.36746,0.36746,17600,0.0,0.0
1977-09-13 00:00:00-04:00,0.37133,0.37907,0.37133,0.37907,6400,0.0,0.0
1977-09-14 00:00:00-04:00,0.37907,0.37907,0.37907,0.37907,0,0.0,0.0
1977-09-15 00:00:00-04:00,0.3752,0.3752,0.37133,0.37133,32000,0.0,0.0
1977-09-16 00:00:00-04:00,0.3752,0.37907,0.3752,0.3752,16000,0.0,0.0
1977-09-19 00:00:00-04:00,0.37133,0.37133,0.37133,0.37133,6400,0.0,0.0
1977-09-20 00:00:00-04:00,0.37133,0.37133,0.37133,0.37133,0,0.0,0.0
1977-09-21 00:00:00-04:00,0.37133,0.37133,0.37133,0.37133,4800,0.0,0.0
1977-09-22 00:00:00-04:00,0.37133,0.37133,0.37133,0.37133,9600,0.0,0.0
1977-09-23 00:00:00-04:00,0.37133,0.3752,0.37133,0.37133,4800,0.0,0.0
1977-09-26 00:00:00-04:00,0.37133,0.37133,0.37133,0.37133,0,0.0,0.0
1977-09-27 00:00:00-04:00,0.37133,0.37133,0.37133,0.37133,0,0.0,0.0
1977-09-28 00:00:00-04:00,0.37133,0.3752,0.36746,0.37133,12800,0.0,0.0
1977-09-29 00:00:00-04:00,0.37133,0.37907,0.37133,0.37907,19200,0.0,0.0
1977-09-30 00:00:00-04:00,0.37907,0.37907,0.37907,0.37907,0,0.0,0.0
1977-10-03 00:00:00-04:00,0.37907,0.37907,0.37907,0.37907,0,0.0,0.0
1977-10-04 00:00:00-04:00,0.3752,0.3752,0.37133,0.3752,8000,0.0,0.0
1977-10-05 00:00:00-04:00,0.3752,0.3752,0.3752,0.3752,0,0.0,0.0
1977-10-06 00:00:00-04:00,0.3752,0.37907,0.3752,0.3752,12800,0.0,0.0
1977-10-07 00:00:00-04:00,0.37907,0.37907,0.37907,0.37907,3200,0.0,0.0
1977-10-10 00:00:00-04:00,0.37907,0.37907,0.37907,0.37907,0,0.0,0.0
1977-10-11 00:00:00-04:00,0.37907,0.37907,0.37907,0.37907,0,0.0,0.0
1977-10-12 00:00:00-04:00,0.37133,0.37133,0.37133,0.37133,1600,0.0,0.0
1977-10-13 00:00:00-04:00,0.35586,0.35586,0.35586,0.35586,32000,0.0,0.0
1977-10-14 00:00:00-04:00,0.35586,0.35973,0.35586,0.35586,20800,0.0,0.0
1977-10-17 00:00:00-04:00,0.35586,0.35586,0.35586,0.35586,0,0.0,0.0
1977-10-18 00:00:00-04:00,0.35973,0.35973,0.35973,0.35973,1600,0.0,0.0
1977-10-19 00:00:00-04:00,0.35199,0.35199,0.35199,0.35199,3200,0.0,0.0
1977-10-20 00:00:00-04:00,0.35199,0.35199,0.34425,0.34812,22400,0.0,0.0
1977-10-21 00:00:00-04:00,0.35199,0.35199,0.35199,0.35199,1600,0.0,0.0
1977-10-24 00:00:00-04:00,0.34812,0.34812,0.34039,0.34039,9600,0.0,0.0
1977-10-25 00:00:00-04:00,0.33652,0.33652,0.31331,0.31331,22400,0.0,0.0
1977-10-26 00:00:00-04:00,0.31718,0.32105,0.31718,0.31718,6400,0.0,0.0
1977-10-27 00:00:00-04:00,0.32105,0.33265,0.32105,0.33265,24000,0.0,0.0
1977-10-28 00:00:00-04:00,0.33265,0.33265,0.32878,0.32878,4800,0.0,0.0
1977-10-31 00:00:00-05:00,0.32878,0.32878,0.32878,0.32878,0,0.0,0.0
1977-11-01 00:00:00-05:00,0.32878,0.33652,0.32878,0.32878,4800,0.0,0.0
1977-11-02 00:00:00-05:00,0.32878,0.32878,0.32878,0.32878,0,0.0,0.0
1977-11-03 00:00:00-05:00,0.32878,0.32878,0.32878,0.32878,0,0.0,0.0
1977-11-04 00:00:00-05:00,0.32878,0.32878,0.32491,0.32491,24000,0.0,0.0
1977-11-07 00:00:00-05:00,0.32491,0.32491,0.32491,0.32491,11200,0.0,0.0
1977-11-08 00:00:00-05:00,0.32878,0.33652,0.32878,0.33652,16000,0.0,0.0
1977-11-09 00:00:00-05:00,0.34425,0.34425,0.34425,0.34425,3200,0.0,0.0
1977-11-10 00:00:00-05:00,0.34812,0.35973,0.34812,0.35973,25600,0.0,0.0
1977-11-11 00:00:00-05:00,0.36359,0.36746,0.36359,0.36746,3200,0.0,0.0
1977-11-14 00:00:00-05:00,0.36359,0.36359,0.35586,0.35586,20800,0.0,0.0
1977-11-15 00:00:00-05:00,0.35586,0.36359,0.35586,0.35973,59200,0.0,0.0
1977-11-16 00:00:00-05:00,0.35973,0.36746,0.35973,0.36359,12800,0.0,0.0
1977-11-17 00:00:00-05:00,0.36359,0.36746,0.35586,0.35586,14400,0.0,0.0
1977-11-18 00:00:00-05:00,0.35586,0.36746,0.35199,0.36746,48000,0.0,0.0
1977-11-21 00:00:00-05:00,0.36746,0.37133,0.36359,0.36746,12800,0.0,0.0
1977-11-22 00:00:00-05:00,0.37133,0.37907,0.37133,0.37133,8000,0.0,0.0
1977-11-23 00:00:00-05:00,0.37133,0.37133,0.37133,0.37133,11200,0.0,0.0
1977-11-25 00:00:00-05:00,0.37133,0.37133,0.36746,0.36746,20800,0.0,0.0
1977-11-28 00:00:00-05:00,0.36746,0.37133,0.36746,0.36746,3200,0.0,0.0
1977-11-29 00:00:00-05:00,0.36746,0.37133,0.36746,0.37133,3200,0.0,0.0
1977-11-30 00:00:00-05:00,0.36359,0.36359,0.35973,0.35973,6400,0.0,0.0
1977-12-01 00:00:00-05:00,0.35973,0.36746,0.35973,0.36746,4800,0.0,0.0
1977-12-02 00:00:00-05:00,0.36746,0.36746,0.36746,0.36746,0,0.0,0.0
1977-12-05 00:00:00-05:00,0.36746,0.37133,0.36359,0.36359,6400,0.0,0.0
1977-12-06 00:00:00-05:00,0.36359,0.36746,0.35973,0.35973,11200,0.0,0.0
1977-12-07 00:00:00-05:00,0.35973,0.35973,0.35973,0.35973,1600,0.0,0.0
1977-12-08 00:00:00-05:00,0.35586,0.35586,0.35199,0.35586,9600,0.0,0.0
1977-12-09 00:00:00-05:00,0.35586,0.35586,0.35586,0.35586,0,0.0,0.0
1977-12-12 00:00:00-05:00,0.35199,0.35199,0.35199,0.35199,1600,0.0,0.0
1977-12-13 00:00:00-05:00,0.34425,0.34425,0.34039,0.34039,22400,0.0,0.0
1977-12-14 00:00:00-05:00,0.34039,0.34425,0.33652,0.34425,6400,0.0,0.0
1977-12-15 00:00:00-05:00,0.34812,0.34812,0.34812,0.34812,8000,0.0,0.0
1977-12-16 00:00:00-05:00,0.34812,0.34812,0.34812,0.34812,1600,0.0,0.0
1977-12-19 00:00:00-05:00,0.34812,0.34812,0.34812,0.34812,0,0.0,0.0
1977-12-20 00:00:00-05:00,0.34425,0.34425,0.34425,0.34425,3200,0.0,0.0
1977-12-21 00:00:00-05:00,0.34425,0.34425,0.34425,0.34425,1600,0.0,0.0
1977-12-22 00:00:00-05:00,0.34425,0.34425,0.34425,0.34425,3200,0.0,0.0
1977-12-23 00:00:00-05:00,0.34425,0.34425,0.34425,0.34425,0,0.0,0.0
1977-12-27 00:00:00-05:00,0.34812,0.34812,0.34812,0.34812,1600,0.0,0.0
1977-12-28 00:00:00-05:00,0.34812,0.34812,0.34812,0.34812,0,0.0,0.0
1977-12-29 00:00:00-05:00,0.34425,0.34425,0.34039,0.34039,9600,0.0,0.0
1977-12-30 00:00:00-05:00,0.34039,0.34039,0.33652,0.33652,11200,0.0,0.0
1978-01-03 00:00:00-05:00,0.33652,0.33652,0.33652,0.33652,0,0.0,0.0
1978-01-04 00:00:00-05:00,0.33652,0.33652,0.33652,0.33652,0,0.0,0.0
1978-01-05 00:00:00-05:00,0.33652,0.33652,0.33652,0.33652,0,0.0,0.0
1978-01-06 00:00:00-05:00,0.33652,0.33652,0.33652,0.33652,1600,0.0,0.0
1978-01-09 00:00:00-05:00,0.32878,0.32878,0.32491,0.32491,12800,0.0,0.0
1978-01-10 00:00:00-05:00,0.32491,0.32491,0.32491,0.32491,0,0.0,0.0
1978-01-11 00:00:00-05:00,0.32491,0.32491,0.32491,0.32491,4800,0.0,0.0
1978-01-12 00:00:00-05:00,0.32491,0.32491,0.32491,0.32491,8000,0.0,0.0
1978-01-13 00:00:00-05:00,0.32491,0.32491,0.32491,0.32491,0,0.0,0.0
1978-01-16 00:00:00-05:00,0.32491,0.32491,0.32491,0.32491,0,0.0,0.0
1978-01-17 00:00:00-05:00,0.32491,0.32878,0.32491,0.32878,3200,0.0,0.0
1978-01-18 00:00:00-05:00,0.32878,0.32878,0.32878,0.32878,0,0.0,0.0
1978-01-19 00:00:00-05:00,0.32878,0.32878,0.32491,0.32878,81600,0.0,0.0
1978-01-20 00:00:00-05:00,0.32878,0.32878,0.32878,0.32878,4800,0.0,0.0
1978-01-23 00:00:00-05:00,0.32878,0.33265,0.32878,0.32878,12800,0.0,0.0
1978-01-24 00:00:00-05:00,0.32878,0.35586,0.32105,0.35586,52800,0.0,0.0
1978-01-25 00:00:00-05:00,0.35586,0.35586,0.34425,0.35199,41600,0.0,0.0
1978-01-26 00:00:00-05:00,0.35199,0.35199,0.35199,0.35199,3200,0.0,0.0
1978-01-27 00:00:00-05:00,0.35199,0.35199,0.35199,0.35199,0,0.0,0.0
1978-01-30 00:00:00-05:00,0.35199,0.35199,0.35199,0.35199,0,0.0,0.0
1978-01-31 00:00:00-05:00,0.35199,0.35199,0.35199,0.35199,1600,0.0,0.0
1978-02-01 00:00:00-05:00,0.35199,0.35199,0.34812,0.34812,6400,0.0,0.0
1978-02-02 00:00:00-05:00,0.34425,0.34425,0.34425,0.34425,4800,0.0,0.0
1978-02-03 00:00:00-05:00,0.34425,0.34425,0.34425,0.34425,4800,0.0,0.0
1978-02-06 00:00:00-05:00,0.34425,0.34425,0.34425,0.34425,4800,0.0,0.0
1978-02-07 00:00:00-05:00,0.34812,0.35586,0.34812,0.35586,8000,0.0,0.0
1978-02-08 00:00:00-05:00,0.35586,0.36359,0.35586,0.36359,17600,0.0,0.0
1978-02-09 00:00:00-05:00,0.37133,0.38293,0.37133,0.38293,49600,0.0,0.0
1978-02-10 00:00:00-05:00,0.39067,0.41775,0.39067,0.41775,102400,0.0,0.0
1978-02-13 00:00:00-05:00,0.41775,0.41775,0.40227,0.40227,88000,0.0,0.0
1978-02-14 00:00:00-05:00,0.39841,0.39841,0.39067,0.39067,17600,0.0,0.0
1978-02-15 00:00:00-05:00,0.39067,0.39067,0.39067,0.39067,3200,0.0,0.0
1978-02-16 00:00:00-05:00,0.3868,0.3868,0.37907,0.37907,9600,0.0,0.0
1978-02-17 00:00:00-05:00,0.37907,0.37907,0.37907,0.37907,0,0.0,0.0
1978-02-21 00:00:00-05:00,0.38293,0.38293,0.38293,0.38293,1600,0.0,0.0
1978-02-22 00:00:00-05:00,0.37907,0.37907,0.37907,0.37907,1600,0.0,0.0
1978-02-23 00:00:00-05:00,0.36746,0.36746,0.36746,0.36746,3200,0.0,0.0
1978-02-24 00:00:00-05:00,0.36746,0.36746,0.36746,0.36746,0,0.0,0.0
1978-02-27 00:00:00-05:00,0.37133,0.37133,0.37133,0.37133,1600,0.0,0.0
1978-02-28 00:00:00-05:00,0.37133,0.37133,0.36359,0.37133,14400,0.0,0.0
1978-03-01 00:00:00-05:00,0.36746,0.36746,0.36746,0.36746,1600,0.0,0.0
1978-03-02 00:00:00-05:00,0.36359,0.36359,0.36359,0.36359,1600,0.0,0.0
1978-03-03 00:00:00-05:00,0.36359,0.36359,0.36359,0.36359,0,0.0,0.0
1978-03-06 00:00:00-05:00,0.36359,0.36359,0.36359,0.36359,0,0.0,0.0
1978-03-07 00:00:00-05:00,0.36359,0.36359,0.36359,0.36359,3200,0.0,0.0
1978-03-08 00:00:00-05:00,0.36359,0.36359,0.35973,0.35973,12800,0.0,0.0
1978-03-09 00:00:00-05:00,0.35586,0.35586,0.35586,0.35586,8000,0.0,0.0
1978-03-10 00:00:00-05:00,0.35586,0.35973,0.35586,0.35586,4800,0.0,0.0
1978-03-13 00:00:00-05:00,0.36359,0.36359,0.36359,0.36359,16000,0.0,0.0
1978-03-14 00:00:00-05:00,0.36359,0.36359,0.36359,0.36359,0,0.0,0.0
1978-03-15 00:00:00-05:00,0.36746,0.36746,0.36746,0.36746,4800,0.0,0.0
1978-03-16 00:00:00-05:00,0.35973,0.35973,0.35973,0.35973,1600,0.0,0.0
1978-03-17 00:00:00-05:00,0.35973,0.35973,0.35973,0.35973,0,0.0,0.0
1978-03-20 00:00:00-05:00,0.36359,0.36359,0.36359,0.36359,6400,0.0,0.0
1978-03-21 00:00:00-05:00,0.35973,0.35973,0.35973,0.35973,3200,0.0,0.0
1978-03-22 00:00:00-05:00,0.35973,0.35973,0.35973,0.35973,0,0.0,0.0
1978-03-23 00:00:00-05:00,0.35973,0.36746,0.35973,0.36746,25600,0.0,0.0
1978-03-27 00:00:00-05:00,0.36746,0.37133,0.36746,0.37133,24000,0.0,0.0
1978-03-28 00:00:00-05:00,0.37133,0.3752,0.37133,0.3752,8000,0.0,0.0
1978-03-29 00:00:00-05:00,0.37133,0.37133,0.37133,0.37133,8000,0.0,0.0
1978-03-30 00:00:00-05:00,0.36746,0.36746,0.36746,0.36746,1600,0.0,0.0
1978-03-31 00:00:00-05:00,0.36746,0.37133,0.36359,0.36746,19200,0.0,0.0
1978-04-03 00:00:00-05:00,0.36746,0.37133,0.36746,0.36746,12800,0.0,0.0
1978-04-04 00:00:00-05:00,0.36746,0.36746,0.36746,0.36746,1600,0.0,0.0
1978-04-05 00:00:00-05:00,0.36746,0.3752,0.36746,0.3752,38400,0.0,0.0
1978-04-06 00:00:00-05:00,0.37907,0.41001,0.37907,0.39841,100800,0.0,0.0
1978-04-07 00:00:00-05:00,0.39841,0.39841,0.39067,0.39067,25600,0.0,0.0
1978-04-10 00:00:00-05:00,0.39454,0.39454,0.39454,0.39454,11200,0.0,0.0
1978-04-11 00:00:00-05:00,0.39454,0.39454,0.39454,0.39454,1600,0.0,0.0
1978-04-12 00:00:00-05:00,0.39454,0.39454,0.39454,0.39454,14400,0.0,0.0
1978-04-13 00:00:00-05:00,0.39454,0.40614,0.39067,0.40614,38400,0.0,0.0
1978-04-14 00:00:00-05:00,0.41001,0.42548,0.41001,0.42161,65600,0.0,0.0
1978-04-17 00:00:00-05:00,0.41775,0.41775,0.40227,0.40614,124800,0.0,0.0
1978-04-18 00:00:00-05:00,0.40614,0.40614,0.39841,0.40614,43200,0.0,0.0
1978-04-19 00:00:00-05:00,0.40227,0.40227,0.39454,0.40227,88000,0.0,0.0
1978-04-20 00:00:00-05:00,0.40227,0.40227,0.39454,0.39454,20800,0.0,0.0
1978-04-21 00:00:00-05:00,0.39841,0.40614,0.39841,0.40614,17600,0.0,0.0
1978-04-24 00:00:00-05:00,0.41388,0.41388,0.41388,0.41388,19200,0.0,0.0
1978-04-25 00:00:00-05:00,0.41001,0.41001,0.39454,0.40614,44800,0.0,0.0
1978-04-26 00:00:00-05:00,0.40614,0.41001,0.39841,0.41001,70400,0.0,0.0
1978-04-27 00:00:00-05:00,0.41001,0.41001,0.39841,0.40614,12800,0.0,0.0
1978-04-28 00:00:00-05:00,0.40614,0.40614,0.40227,0.40227,35200,0.0,0.0
1978-05-01 00:00:00-04:00,0.39841,0.39841,0.39841,0.39841,6400,0.0,0.0
1978-05-02 00:00:00-04:00,0.39841,0.39841,0.39841,0.39841,8000,0.0,0.0
1978-05-03 00:00:00-04:00,0.39841,0.41001,0.39841,0.41001,72000,0.0,0.0
1978-05-04 00:00:00-04:00,0.41001,0.44869,0.41001,0.44869,142400,0.0,0.0
1978-05-05 00:00:00-04:00,0.44869,0.4719,0.43322,0.4719,89600,0.0,0.0
1978-05-08 00:00:00-04:00,0.4719,0.47964,0.4603,0.4603,60800,0.0,0.0
1978-05-09 00:00:00-04:00,0.45643,0.45643,0.43709,0.43709,20800,0.0,0.0
1978-05-10 00:00:00-04:00,0.43709,0.44095,0.43709,0.43709,8000,0.0,0.0
1978-05-11 00:00:00-04:00,0.43322,0.43322,0.41775,0.42548,67200,0.0,0.0
1978-05-12 00:00:00-04:00,0.42548,0.44869,0.42548,0.44869,72000,0.0,0.0
1978-05-15 00:00:00-04:00,0.44869,0.44869,0.44869,0.44869,24000,0.0,0.0
1978-05-16 00:00:00-04:00,0.44869,0.4603,0.44095,0.4603,83200,0.0,0.0
1978-05-17 00:00:00-04:00,0.45643,0.45643,0.44869,0.44869,35200,0.0,0.0
1978-05-18 00:00:00-04:00,0.44869,0.46803,0.44482,0.46416,54400,0.0,0.0
1978-05-19 00:00:00-04:00,0.46416,0.46416,0.46416,0.46416,4800,0.0,0.0
1978-05-22 00:00:00-04:00,0.46416,0.46416,0.45256,0.4603,32000,0.0,0.0
1978-05-23 00:00:00-04:00,0.45256,0.45256,0.44095,0.44095,14400,0.0,0.0
1978-05-24 00:00:00-04:00,0.43322,0.43322,0.43322,0.43322,14400,0.0,0.0
1978-05-25 00:00:00-04:00,0.43322,0.43322,0.43322,0.43322,3200,0.0,0.0
1978-05-26 00:00:00-04:00,0.43322,0.43322,0.43322,0.43322,4800,0.0,0.0
1978-05-30 00:00:00-04:00,0.43322,0.43709,0.42935,0.43322,4800,0.0,0.0
1978-05-31 00:00:00-04:00,0.43322,0.43322,0.43322,0.43322,4800,0.0,0.0
1978-06-01 00:00:00-04:00,0.43322,0.43322,0.42935,0.42935,3200,0.0,0.0
1978-06-02 00:00:00-04:00,0.42935,0.43322,0.42935,0.43322,24000,0.0,0.0
1978-06-05 00:00:00-04:00,0.43709,0.44869,0.43709,0.44869,40000,0.0,0.0
1978-06-06 00:00:00-04:00,0.44869,0.45643,0.44095,0.45643,16000,0.0,0.0
1978-06-07 00:00:00-04:00,0.45643,0.45643,0.44095,0.44095,20800,0.0,0.0
1978-06-08 00:00:00-04:00,0.44095,0.44095,0.43322,0.43322,22400,0.0,0.0
1978-06-09 00:00:00-04:00,0.43322,0.43322,0.43322,0.43322,1600,0.0,0.0
1978-06-12 00:00:00-04:00,0.42935,0.42935,0.42548,0.42548,8000,0.0,0.0
1978-06-13 00:00:00-04:00,0.42548,0.42935,0.42161,0.42935,35200,0.0,0.0
1978-06-14 00:00:00-04:00,0.42935,0.42935,0.42935,0.42935,8000,0.0,0.0
1978-06-15 00:00:00-04:00,0.42935,0.43322,0.42548,0.43322,9600,0.0,0.0
1978-06-16 00:00:00-04:00,0.43322,0.43322,0.42161,0.42161,17600,0.0,0.0
1978-06-19 00:00:00-04:00,0.42161,0.42161,0.41388,0.41775,28800,0.0,0.0
1978-06-20 00:00:00-04:00,0.40614,0.40614,0.39841,0.40227,19200,0.0,0.0
1978-06-21 00:00:00-04:00,0.39841,0.39841,0.37907,0.37907,17600,0.0,0.0
1978-06-22 00:00:00-04:00,0.37907,0.3868,0.37133,0.37133,11200,0.0,0.0
1978-06-23 00:00:00-04:00,0.37133,0.37133,0.37133,0.37133,19200,0.0,0.0
1978-06-26 00:00:00-04:00,0.37133,0.37133,0.37133,0.37133,8000,0.0,0.0
1978-06-27 00:00:00-04:00,0.37133,0.37133,0.37133,0.37133,0,0.0,0.0
1978-06-28 00:00:00-04:00,0.37133,0.37133,0.37133,0.37133,0,0.0,0.0
1978-06-29 00:00:00-04:00,0.36746,0.36746,0.35586,0.35586,16000,0.0,0.0
1978-06-30 00:00:00-04:00,0.35973,0.36359,0.35973,0.36359,16000,0.0,0.0
1978-07-03 00:00:00-04:00,0.36359,0.36359,0.36359,0.36359,8000,0.0,0.0
1978-07-05 00:00:00-04:00,0.36359,0.36359,0.36359,0.36359,0,0.0,0.0
1978-07-06 00:00:00-04:00,0.35973,0.35973,0.35973,0.35973,1600,0.0,0.0
1978-07-07 00:00:00-04:00,0.36359,0.36359,0.36359,0.36359,17600,0.0,0.0
1978-07-10 00:00:00-04:00,0.36359,0.36359,0.36359,0.36359,0,0.0,0.0
1978-07-11 00:00:00-04:00,0.36359,0.36359,0.36359,0.36359,1600,0.0,0.0
1978-07-12 00:00:00-04:00,0.36359,0.36359,0.36359,0.36359,1600,0.0,0.0
1978-07-13 00:00:00-04:00,0.36359,0.36359,0.36359,0.36359,0,0.0,0.0
1978-07-14 00:00:00-04:00,0.36359,0.36359,0.35586,0.36359,70400,0.0,0.0
1978-07-17 00:00:00-04:00,0.36359,0.3868,0.36359,0.37133,27200,0.0,0.0
1978-07-18 00:00:00-04:00,0.37133,0.37133,0.37133,0.37133,6400,0.0,0.0
1978-07-19 00:00:00-04:00,0.37133,0.37133,0.36746,0.37133,9600,0.0,0.0
1978-07-20 00:00:00-04:00,0.37133,0.38293,0.36359,0.38293,20800,0.0,0.0
1978-07-21 00:00:00-04:00,0.37907,0.37907,0.37133,0.37133,14400,0.0,0.0
1978-07-24 00:00:00-04:00,0.37133,0.37133,0.36746,0.37133,17600,0.0,0.0
1978-07-25 00:00:00-04:00,0.37133,0.3868,0.37133,0.3868,19200,0.0,0.0
1978-07-26 00:00:00-04:00,0.37907,0.37907,0.37907,0.37907,8000,0.0,0.0
1978-07-27 00:00:00-04:00,0.37907,0.39454,0.37907,0.3868,24000,0.0,0.0
1978-07-28 00:00:00-04:00,0.38293,0.38293,0.38293,0.38293,3200,0.0,0.0
1978-07-31 00:00:00-04:00,0.3868,0.3868,0.3868,0.3868,8000,0.0,0.0
1978-08-01 00:00:00-04:00,0.39454,0.39841,0.39454,0.39454,11200,0.0,0.0
1978-08-02 00:00:00-04:00,0.39067,0.39067,0.39067,0.39067,1600,0.0,0.0
1978-08-03 00:00:00-04:00,0.39067,0.39067,0.3868,0.3868,11200,0.0,0.0
1978-08-04 00:00:00-04:00,0.37907,0.37907,0.3752,0.3752,17600,0.0,0.0
1978-08-07 00:00:00-04:00,0.3752,0.3752,0.37133,0.3752,9600,0.0,0.0
1978-08-08 00:00:00-04:00,0.3752,0.37907,0.37133,0.37907,8000,0.0,0.0
1978-08-09 00:00:00-04:00,0.37907,0.37907,0.37907,0.37907,0,0.0,0.0
1978-08-10 00:00:00-04:00,0.37907,0.37907,0.3752,0.37907,8000,0.0,0.0
1978-08-11 00:00:00-04:00,0.37133,0.37133,0.37133,0.37133,6400,0.0,0.0
1978-08-14 00:00:00-04:00,0.37133,0.37133,0.36746,0.37133,3200,0.0,0.0
1978-08-15 00:00:00-04:00,0.36746,0.36746,0.36746,0.36746,3200,0.0,0.0
1978-08-16 00:00:00-04:00,0.36746,0.36746,0.36746,0.36746,1600,0.0,0.0
1978-08-17 00:00:00-04:00,0.3752,0.3752,0.3752,0.3752,3200,0.0,0.0
1978-08-18 00:00:00-04:00,0.3752,0.3868,0.3752,0.3868,60800,0.0,0.0
1978-08-21 00:00:00-04:00,0.3868,0.3868,0.38293,0.38293,14400,0.0,0.0
1978-08-22 00:00:00-04:00,0.38293,0.38293,0.37133,0.37907,40000,0.0,0.0
1978-08-23 00:00:00-04:00,0.38293,0.3868,0.38293,0.3868,16000,0.0,0.0
1978-08-24 00:00:00-04:00,0.39454,0.41775,0.39454,0.41001,64000,0.0,0.0
1978-08-25 00:00:00-04:00,0.41001,0.41001,0.40227,0.40227,20800,0.0,0.0
1978-08-28 00:00:00-04:00,0.40227,0.40227,0.40227,0.40227,0,0.0,0.0
1978-08-29 00:00:00-04:00,0.40227,0.41001,0.39454,0.41001,64000,0.0,0.0
1978-08-30 00:00:00-04:00,0.40614,0.40614,0.40227,0.40227,14400,0.0,0.0
1978-08-31 00:00:00-04:00,0.41001,0.41388,0.41001,0.41001,12800,0.0,0.0
1978-09-01 00:00:00-04:00,0.41388,0.41775,0.41388,0.41388,28800,0.0,0.0
1978-09-05 00:00:00-04:00,0.41388,0.41388,0.40227,0.41388,51200,0.0,0.0
1978-09-06 00:00:00-04:00,0.41001,0.41001,0.40227,0.40227,12800,0.0,0.0
1978-09-07 00:00:00-04:00,0.40227,0.40614,0.40227,0.40227,14400,0.0,0.0
1978-09-08 00:00:00-04:00,0.40227,0.41001,0.39841,0.39841,24000,0.0,0.0
1978-09-11 00:00:00-04:00,0.39841,0.39841,0.39841,0.39841,4800,0.0,0.0
1978-09-12 00:00:00-04:00,0.40227,0.40614,0.40227,0.40227,6400,0.0,0.0
1978-09-13 00:00:00-04:00,0.40227,0.40227,0.40227,0.40227,0,0.0,0.0
1978-09-14 00:00:00-04:00,0.40227,0.40227,0.39454,0.39454,19200,0.0,0.0
1978-09-15 00:00:00-04:00,0.39454,0.40227,0.39454,0.39454,17600,0.0,0.0
1978-09-18 00:00:00-04:00,0.39454,0.40227,0.39454,0.39454,25600,0.0,0.0
1978-09-19 00:00:00-04:00,0.39454,0.39454,0.39454,0.39454,8000,0.0,0.0
1978-09-20 00:00:00-04:00,0.39067,0.39067,0.39067,0.39067,19200,0.0,0.0
1978-09-21 00:00:00-04:00,0.39067,0.39067,0.39067,0.39067,0,0.0,0.0
1978-09-22 00:00:00-04:00,0.39067,0.39454,0.3868,0.39454,17600,0.0,0.0
1978-09-25 00:00:00-04:00,0.39454,0.39841,0.39067,0.39067,11200,0.0,0.0
1978-09-26 00:00:00-04:00,0.39067,0.39067,0.3868,0.3868,9600,0.0,0.0
1978-09-27 00:00:00-04:00,0.38293,0.38293,0.38293,0.38293,16000,0.0,0.0
1978-09-28 00:00:00-04:00,0.38293,0.38293,0.38293,0.38293,0,0.0,0.0
1978-09-29 00:00:00-04:00,0.38293,0.3868,0.37907,0.3868,14400,0.0,0.0
1978-10-02 00:00:00-04:00,0.3868,0.3868,0.3868,0.3868,0,0.0,0.0
1978-10-03 00:00:00-04:00,0.39454,0.39454,0.39454,0.39454,8000,0.0,0.0
1978-10-04 00:00:00-04:00,0.3868,0.3868,0.3868,0.3868,4800,0.0,0.0
1978-10-05 00:00:00-04:00,0.3868,0.39067,0.3868,0.3868,49600,0.0,0.0
1978-10-06 00:00:00-04:00,0.39454,0.39454,0.39454,0.39454,1600,0.0,0.0
1978-10-09 00:00:00-04:00,0.39067,0.39067,0.39067,0.39067,8000,0.0,0.0
1978-10-10 00:00:00-04:00,0.3868,0.3868,0.3868,0.3868,1600,0.0,0.0
1978-10-11 00:00:00-04:00,0.3868,0.39067,0.3868,0.3868,12800,0.0,0.0
1978-10-12 00:00:00-04:00,0.3868,0.3868,0.3868,0.3868,0,0.0,0.0
1978-10-13 00:00:00-04:00,0.3868,0.3868,0.3868,0.3868,11200,0.0,0.0
1978-10-16 00:00:00-04:00,0.3868,0.3868,0.37907,0.37907,8000,0.0,0.0
1978-10-17 00:00:00-04:00,0.37907,0.37907,0.35199,0.35199,35200,0.0,0.0
1978-10-18 00:00:00-04:00,0.35199,0.35199,0.32878,0.32878,16000,0.0,0.0
1978-10-19 00:00:00-04:00,0.33652,0.34039,0.33652,0.34039,12800,0.0,0.0
1978-10-20 00:00:00-04:00,0.34039,0.34812,0.32491,0.32491,46400,0.0,0.0
1978-10-23 00:00:00-04:00,0.32878,0.32878,0.32878,0.32878,1600,0.0,0.0
1978-10-24 00:00:00-04:00,0.33652,0.34039,0.33652,0.34039,11200,0.0,0.0
1978-10-25 00:00:00-04:00,0.34039,0.34039,0.34039,0.34039,0,0.0,0.0
1978-10-26 00:00:00-04:00,0.33652,0.33652,0.32491,0.33265,12800,0.0,0.0
1978-10-27 00:00:00-04:00,0.32491,0.32491,0.30944,0.30944,22400,0.0,0.0
1978-10-30 00:00:00-05:00,0.30944,0.30944,0.30944,0.30944,9600,0.0,0.0
1978-10-31 00:00:00-05:00,0.30944,0.30944,0.29397,0.30171,9600,0.0,0.0
1978-11-01 00:00:00-05:00,0.30171,0.30557,0.28237,0.30557,32000,0.0,0.0
1978-11-02 00:00:00-05:00,0.31331,0.31718,0.31331,0.31331,19200,0.0,0.0
1978-11-03 00:00:00-05:00,0.31331,0.31331,0.31331,0.31331,0,0.0,0.0
1978-11-06 00:00:00-05:00,0.30944,0.30944,0.29784,0.29784,11200,0.0,0.0
1978-11-07 00:00:00-05:00,0.29397,0.29397,0.2785,0.2785,16000,0.0,0.0
1978-11-08 00:00:00-05:00,0.2785,0.2785,0.2785,0.2785,0,0.0,0.0
1978-11-09 00:00:00-05:00,0.28623,0.30171,0.28623,0.30171,9600,0.0,0.0
1978-11-10 00:00:00-05:00,0.30944,0.30944,0.30944,0.30944,1600,0.0,0.0
1978-11-13 00:00:00-05:00,0.31718,0.32491,0.31718,0.32105,102400,0.0,0.0
1978-11-14 00:00:00-05:00,0.32105,0.32491,0.31718,0.32105,16000,0.0,0.0
1978-11-15 00:00:00-05:00,0.32105,0.32105,0.32105,0.32105,0,0.0,0.0
1978-11-16 00:00:00-05:00,0.32878,0.33652,0.32878,0.33652,12800,0.0,0.0
1978-11-17 00:00:00-05:00,0.32878,0.32878,0.30944,0.32878,64000,0.0,0.0
1978-11-20 00:00:00-05:00,0.32878,0.32878,0.32878,0.32878,1600,0.0,0.0
1978-11-21 00:00:00-05:00,0.32878,0.33652,0.32878,0.32878,9600,0.0,0.0
1978-11-22 00:00:00-05:00,0.33265,0.33652,0.33265,0.33652,4800,0.0,0.0
1978-11-24 00:00:00-05:00,0.33265,0.33265,0.32878,0.33265,3200,0.0,0.0
1978-11-27 00:00:00-05:00,0.33265,0.33265,0.33265,0.33265,0,0.0,0.0
1978-11-28 00:00:00-05:00,0.32491,0.32491,0.32491,0.32491,3200,0.0,0.0
1978-11-29 00:00:00-05:00,0.32491,0.32491,0.32491,0.32491,0,0.0,0.0
1978-11-30 00:00:00-05:00,0.32491,0.32491,0.32491,0.32491,0,0.0,0.0
1978-12-01 00:00:00-05:00,0.32491,0.32491,0.32491,0.32491,8000,0.0,0.0
1978-12-04 00:00:00-05:00,0.32105,0.32105,0.32105,0.32105,4800,0.0,0.0
1978-12-05 00:00:00-05:00,0.32105,0.32105,0.32105,0.32105,12800,0.0,0.0
1978-12-06 00:00:00-05:00,0.31718,0.31718,0.30944,0.30944,33600,0.0,0.0
1978-12-07 00:00:00-05:00,0.30944,0.31718,0.30944,0.30944,11200,0.0,0.0
1978-12-08 00:00:00-05:00,0.30557,0.30557,0.30171,0.30557,4800,0.0,0.0
1978-12-11 00:00:00-05:00,0.30557,0.30557,0.29784,0.30557,19200,0.0,0.0
1978-12-12 00:00:00-05:00,0.30557,0.30557,0.30557,0.30557,11200,0.0,0.0
1978-12-13 00:00:00-05:00,0.30171,0.30171,0.29397,0.29397,3200,0.0,0.0
1978-12-14 00:00:00-05:00,0.29397,0.29397,0.28623,0.29397,14400,0.0,0.0
1978-12-15 00:00:00-05:00,0.29397,0.29397,0.2901,0.2901,27200,0.0,0.0
1978-12-18 00:00:00-05:00,0.2785,0.2785,0.2785,0.2785,24000,0.0,0.0
1978-12-19 00:00:00-05:00,0.2785,0.28623,0.2785,0.28623,52800,0.0,0.0
1978-12-20 00:00:00-05:00,0.28623,0.2901,0.28237,0.2901,6400,0.0,0.0
1978-12-21 00:00:00-05:00,0.2901,0.2901,0.28623,0.28623,12800,0.0,0.0
1978-12-22 00:00:00-05:00,0.28623,0.29397,0.28623,0.29397,12800,0.0,0.0
1978-12-26 00:00:00-05:00,0.29397,0.29397,0.29397,0.29397,4800,0.0,0.0
1978-12-27 00:00:00-05:00,0.29397,0.30944,0.29397,0.30171,48000,0.0,0.0
1978-12-28 00:00:00-05:00,0.30171,0.30944,0.29397,0.30944,57600,0.0,0.0
1978-12-29 00:00:00-05:00,0.30557,0.30557,0.29397,0.29397,36800,0.0,0.0
1979-01-02 00:00:00-05:00,0.29397,0.30557,0.29397,0.30171,32000,0.0,0.0
1979-01-03 00:00:00-05:00,0.30944,0.32878,0.30944,0.32878,30400,0.0,0.0
1979-01-04 00:00:00-05:00,0.33652,0.34039,0.33652,0.34039,14400,0.0,0.0
1979-01-05 00:00:00-05:00,0.34039,0.34039,0.33652,0.34039,3200,0.0,0.0
1979-01-08 00:00:00-05:00,0.34039,0.34425,0.34039,0.34425,16000,0.0,0.0
1979-01-09 00:00:00-05:00,0.34039,0.34039,0.33652,0.33652,3200,0.0,0.0
1979-01-10 00:00:00-05:00,0.33652,0.33652,0.33652,0.33652,0,0.0,0.0
1979-01-11 00:00:00-05:00,0.33652,0.34039,0.33652,0.34039,4800,0.0,0.0
1979-01-12 00:00:00-05:00,0.34039,0.34039,0.34039,0.34039,9600,0.0,0.0
1979-01-15 00:00:00-05:00,0.34039,0.34425,0.33265,0.33265,11200,0.0,0.0
1979-01-16 00:00:00-05:00,0.33652,0.34039,0.33652,0.34039,22400,0.0,0.0
1979-01-17 00:00:00-05:00,0.34039,0.34039,0.34039,0.34039,3200,0.0,0.0
1979-01-18 00:00:00-05:00,0.33265,0.33265,0.32491,0.32491,12800,0.0,0.0
1979-01-19 00:00:00-05:00,0.31718,0.31718,0.31718,0.31718,1600,0.0,0.0
1979-01-22 00:00:00-05:00,0.31718,0.31718,0.31331,0.31718,9600,0.0,0.0
1979-01-23 00:00:00-05:00,0.31331,0.31331,0.30944,0.30944,12800,0.0,0.0
1979-01-24 00:00:00-05:00,0.30944,0.31331,0.30944,0.31331,8000,0.0,0.0
1979-01-25 00:00:00-05:00,0.31331,0.31331,0.31331,0.31331,1600,0.0,0.0
1979-01-26 00:00:00-05:00,0.31718,0.32105,0.31718,0.32105,3200,0.0,0.0
1979-01-29 00:00:00-05:00,0.32105,0.32878,0.31718,0.32878,16000,0.0,0.0
1979-01-30 00:00:00-05:00,0.33265,0.33265,0.33265,0.33265,3200,0.0,0.0
1979-01-31 00:00:00-05:00,0.33265,0.33265,0.33265,0.33265,0,0.0,0.0
1979-02-01 00:00:00-05:00,0.33652,0.33652,0.33652,0.33652,4800,0.0,0.0
1979-02-02 00:00:00-05:00,0.33652,0.33652,0.33652,0.33652,0,0.0,0.0
1979-02-05 00:00:00-05:00,0.33652,0.33652,0.33652,0.33652,0,0.0,0.0
1979-02-06 00:00:00-05:00,0.32878,0.32878,0.32491,0.32491,8000,0.0,0.0
1979-02-07 00:00:00-05:00,0.32491,0.32491,0.32491,0.32491,0,0.0,0.0
1979-02-08 00:00:00-05:00,0.32491,0.32491,0.32491,0.32491,0,0.0,0.0
1979-02-09 00:00:00-05:00,0.32105,0.32105,0.31718,0.32105,4800,0.0,0.0
1979-02-12 00:00:00-05:00,0.32105,0.32105,0.32105,0.32105,0,0.0,0.0
1979-02-13 00:00:00-05:00,0.32105,0.32105,0.32105,0.32105,14400,0.0,0.0
1979-02-14 00:00:00-05:00,0.32878,0.32878,0.32878,0.32878,3200,0.0,0.0
1979-02-15 00:00:00-05:00,0.32878,0.33652,0.32491,0.33652,12800,0.0,0.0
1979-02-16 00:00:00-05:00,0.33652,0.33652,0.33652,0.33652,3200,0.0,0.0
1979-02-20 00:00:00-05:00,0.32878,0.32878,0.32491,0.32491,17600,0.0,0.0
1979-02-21 00:00:00-05:00,0.32491,0.33265,0.32491,0.33265,11200,0.0,0.0
1979-02-22 00:00:00-05:00,0.33265,0.33265,0.32878,0.33265,6400,0.0,0.0
1979-02-23 00:00:00-05:00,0.33265,0.33265,0.33265,0.33265,0,0.0,0.0
1979-02-26 00:00:00-05:00,0.33265,0.33265,0.32491,0.33265,14400,0.0,0.0
1979-02-27 00:00:00-05:00,0.32878,0.32878,0.32491,0.32491,14400,0.0,0.0
1979-02-28 00:00:00-05:00,0.32491,0.32491,0.32491,0.32491,6400,0.0,0.0
1979-03-01 00:00:00-05:00,0.32491,0.32491,0.32491,0.32491,3200,0.0,0.0
1979-03-02 00:00:00-05:00,0.32491,0.33265,0.31718,0.31718,11200,0.0,0.0
1979-03-05 00:00:00-05:00,0.31331,0.31331,0.31331,0.31331,8000,0.0,0.0
1979-03-06 00:00:00-05:00,0.31331,0.32105,0.31331,0.32105,6400,0.0,0.0
1979-03-07 00:00:00-05:00,0.31718,0.31718,0.31718,0.31718,1600,0.0,0.0
1979-03-08 00:00:00-05:00,0.32491,0.32491,0.32491,0.32491,3200,0.0,0.0
1979-03-09 00:00:00-05:00,0.32491,0.32878,0.32491,0.32491,9600,0.0,0.0
1979-03-12 00:00:00-05:00,0.32491,0.32491,0.32105,0.32491,11200,0.0,0.0
1979-03-13 00:00:00-05:00,0.32491,0.32878,0.31718,0.32491,12800,0.0,0.0
1979-03-14 00:00:00-05:00,0.31718,0.31718,0.31331,0.31331,16000,0.0,0.0
1979-03-15 00:00:00-05:00,0.32105,0.32105,0.32105,0.32105,11200,0.0,0.0
1979-03-16 00:00:00-05:00,0.32105,0.32105,0.32105,0.32105,0,0.0,0.0
1979-03-19 00:00:00-05:00,0.32105,0.32491,0.31331,0.31718,16000,0.0,0.0
1979-03-20 00:00:00-05:00,0.31718,0.31718,0.31718,0.31718,6400,0.0,0.0
1979-03-21 00:00:00-05:00,0.31718,0.31718,0.31718,0.31718,0,0.0,0.0
1979-03-22 00:00:00-05:00,0.31718,0.32105,0.31331,0.32105,22400,0.0,0.0
1979-03-23 00:00:00-05:00,0.32105,0.32878,0.31331,0.32878,52800,0.0,0.0
1979-03-26 00:00:00-05:00,0.32878,0.33265,0.32878,0.33265,19200,0.0,0.0
1979-03-27 00:00:00-05:00,0.33265,0.33265,0.32878,0.32878,22400,0.0,0.0
1979-03-28 00:00:00-05:00,0.32878,0.32878,0.32491,0.32491,4800,0.0,0.0
1979-03-29 00:00:00-05:00,0.32491,0.32491,0.32491,0.32491,16000,0.0,0.0
1979-03-30 00:00:00-05:00,0.32878,0.33265,0.32878,0.33265,6400,0.0,0.0
1979-04-02 00:00:00-05:00,0.32491,0.32491,0.31331,0.32105,19200,0.0,0.0
1979-04-03 00:00:00-05:00,0.31718,0.31718,0.31331,0.31718,12800,0.0,0.0
1979-04-04 00:00:00-05:00,0.31718,0.32105,0.31331,0.32105,27200,0.0,0.0
1979-04-05 00:00:00-05:00,0.32105,0.34039,0.32105,0.34039,56000,0.0,0.0
1979-04-06 00:00:00-05:00,0.34812,0.35199,0.34812,0.34812,22400,0.0,0.0
1979-04-09 00:00:00-05:00,0.34812,0.34812,0.34812,0.34812,1600,0.0,0.0
1979-04-10 00:00:00-05:00,0.34425,0.34425,0.33652,0.34039,17600,0.0,0.0
1979-04-11 00:00:00-05:00,0.34039,0.34039,0.34039,0.34039,1600,0.0,0.0
1979-04-12 00:00:00-05:00,0.34425,0.34425,0.34425,0.34425,1600,0.0,0.0
1979-04-16 00:00:00-05:00,0.34425,0.34425,0.33652,0.33652,9600,0.0,0.0
1979-04-17 00:00:00-05:00,0.32878,0.32878,0.32105,0.32105,27200,0.0,0.0
1979-04-18 00:00:00-05:00,0.32878,0.34039,0.32878,0.34039,22400,0.0,0.0
1979-04-19 00:00:00-05:00,0.34039,0.34039,0.32878,0.33652,56000,0.0,0.0
1979-04-20 00:00:00-05:00,0.33652,0.33652,0.33652,0.33652,0,0.0,0.0
1979-04-23 00:00:00-05:00,0.33652,0.33652,0.33652,0.33652,1600,0.0,0.0
1979-04-24 00:00:00-05:00,0.33265,0.33265,0.32878,0.33265,4800,0.0,0.0
1979-04-25 00:00:00-05:00,0.33265,0.33265,0.32105,0.33265,27200,0.0,0.0
1979-04-26 00:00:00-05:00,0.33265,0.33265,0.33265,0.33265,9600,0.0,0.0
1979-04-27 00:00:00-05:00,0.32491,0.32491,0.32491,0.32491,25600,0.0,0.0
1979-04-30 00:00:00-04:00,0.32491,0.32878,0.32491,0.32491,24000,0.0,0.0
1979-05-01 00:00:00-04:00,0.32491,0.32878,0.32105,0.32878,14400,0.0,0.0
1979-05-02 00:00:00-04:00,0.32878,0.33265,0.32491,0.32491,27200,0.0,0.0
1979-05-03 00:00:00-04:00,0.32491,0.32491,0.32491,0.32491,4800,0.0,0.0
1979-05-04 00:00:00-04:00,0.32491,0.33652,0.32491,0.33652,32000,0.0,0.0
1979-05-07 00:00:00-04:00,0.33652,0.33652,0.32491,0.32491,35200,0.0,0.0
1979-05-08 00:00:00-04:00,0.32878,0.32878,0.32878,0.32878,16000,0.0,0.0
1979-05-09 00:00:00-04:00,0.32878,0.33652,0.32491,0.32878,17600,0.0,0.0
1979-05-10 00:00:00-04:00,0.33265,0.33265,0.33265,0.33265,11200,0.0,0.0
1979-05-11 00:00:00-04:00,0.33265,0.33265,0.33265,0.33265,0,0.0,0.0
1979-05-14 00:00:00-04:00,0.32878,0.32878,0.32878,0.32878,1600,0.0,0.0
1979-05-15 00:00:00-04:00,0.33265,0.33265,0.33265,0.33265,1600,0.0,0.0
1979-05-16 00:00:00-04:00,0.32105,0.32105,0.31331,0.31718,107200,0.0,0.0
1979-05-17 00:00:00-04:00,0.32105,0.32491,0.32105,0.32491,12800,0.0,0.0
1979-05-18 00:00:00-04:00,0.32105,0.32105,0.32105,0.32105,1600,0.0,0.0
1979-05-21 00:00:00-04:00,0.32105,0.32105,0.32105,0.32105,0,0.0,0.0
1979-05-22 00:00:00-04:00,0.32491,0.32491,0.32491,0.32491,11200,0.0,0.0
1979-05-23 00:00:00-04:00,0.32491,0.32491,0.32491,0.32491,1600,0.0,0.0
1979-05-24 00:00:00-04:00,0.32491,0.32491,0.32491,0.32491,1600,0.0,0.0
1979-05-25 00:00:00-04:00,0.32878,0.32878,0.32878,0.32878,3200,0.0,0.0
1979-05-29 00:00:00-04:00,0.32878,0.32878,0.32105,0.32878,9600,0.0,0.0
1979-05-30 00:00:00-04:00,0.32878,0.32878,0.32878,0.32878,0,0.0,0.0
1979-05-31 00:00:00-04:00,0.32878,0.32878,0.32878,0.32878,4800,0.0,0.0
1979-06-01 00:00:00-04:00,0.32878,0.32878,0.30944,0.30944,28800,0.0,0.0
1979-06-04 00:00:00-04:00,0.30944,0.30944,0.30944,0.30944,6400,0.0,0.0
1979-06-05 00:00:00-04:00,0.31331,0.31331,0.31331,0.31331,20800,0.0,0.0
1979-06-06 00:00:00-04:00,0.31331,0.31331,0.30944,0.30944,6400,0.0,0.0
1979-06-07 00:00:00-04:00,0.30944,0.30944,0.30944,0.30944,1600,0.0,0.0
1979-06-08 00:00:00-04:00,0.30557,0.30557,0.30171,0.30557,30400,0.0,0.0
1979-06-11 00:00:00-04:00,0.30557,0.30944,0.30557,0.30944,3200,0.0,0.0
1979-06-12 00:00:00-04:00,0.30944,0.31718,0.30171,0.30944,70400,0.0,0.0
1979-06-13 00:00:00-04:00,0.30944,0.30944,0.30557,0.30944,4800,0.0,0.0
1979-06-14 00:00:00-04:00,0.30944,0.30944,0.30171,0.30944,19200,0.0,0.0
1979-06-15 00:00:00-04:00,0.30944,0.30944,0.30944,0.30944,0,0.0,0.0
1979-06-18 00:00:00-04:00,0.30171,0.30171,0.30171,0.30171,3200,0.0,0.0
1979-06-19 00:00:00-04:00,0.30557,0.30944,0.30557,0.30944,22400,0.0,0.0
1979-06-20 00:00:00-04:00,0.30944,0.31718,0.30944,0.31718,60800,0.0,0.0
1979-06-21 00:00:00-04:00,0.31718,0.32491,0.31718,0.32105,38400,0.0,0.0
1979-06-22 00:00:00-04:00,0.32105,0.32491,0.32105,0.32491,3200,0.0,0.0
1979-06-25 00:00:00-04:00,0.32491,0.32491,0.32105,0.32491,8000,0.0,0.0
1979-06-26 00:00:00-04:00,0.32491,0.32491,0.31718,0.31718,11200,0.0,0.0
1979-06-27 00:00:00-04:00,0.31718,0.31718,0.31718,0.31718,4800,0.0,0.0
1979-06-28 00:00:00-04:00,0.30944,0.30944,0.30944,0.30944,1600,0.0,0.0
1979-06-29 00:00:00-04:00,0.30944,0.31331,0.30944,0.31331,51200,0.0,0.0
1979-07-02 00:00:00-04:00,0.31331,0.31331,0.30944,0.30944,17600,0.0,0.0
1979-07-03 00:00:00-04:00,0.30944,0.30944,0.30944,0.30944,8000,0.0,0.0
1979-07-05 00:00:00-04:00,0.31331,0.31331,0.31331,0.31331,4800,0.0,0.0
1979-07-06 00:00:00-04:00,0.30944,0.30944,0.30557,0.30944,36800,0.0,0.0
1979-07-09 00:00:00-04:00,0.30944,0.30944,0.30944,0.30944,8000,0.0,0.0
1979-07-10 00:00:00-04:00,0.30944,0.30944,0.30171,0.30171,38400,0.0,0.0
1979-07-11 00:00:00-04:00,0.30171,0.30944,0.30171,0.30944,33600,0.0,0.0
1979-07-12 00:00:00-04:00,0.30944,0.30944,0.30944,0.30944,0,0.0,0.0
1979-07-13 00:00:00-04:00,0.30944,0.33265,0.30171,0.33265,30400,0.0,0.0
1979-07-16 00:00:00-04:00,0.33265,0.33652,0.33265,0.33265,16000,0.0,0.0
1979-07-17 00:00:00-04:00,0.33265,0.33652,0.33265,0.33652,9600,0.0,0.0
1979-07-18 00:00:00-04:00,0.32878,0.32878,0.32105,0.32105,24000,0.0,0.0
1979-07-19 00:00:00-04:00,0.32491,0.32878,0.32491,0.32878,11200,0.0,0.0
1979-07-20 00:00:00-04:00,0.32105,0.32105,0.32105,0.32105,4800,0.0,0.0
1979-07-23 00:00:00-04:00,0.32491,0.32878,0.32491,0.32491,8000,0.0,0.0
1979-07-24 00:00:00-04:00,0.33265,0.33652,0.33265,0.33652,8000,0.0,0.0
1979-07-25 00:00:00-04:00,0.33652,0.34425,0.33265,0.34425,33600,0.0,0.0
1979-07-26 00:00:00-04:00,0.34425,0.34812,0.34039,0.34812,16000,0.0,0.0
1979-07-27 00:00:00-04:00,0.34812,0.35586,0.34039,0.35586,44800,0.0,0.0
1979-07-30 00:00:00-04:00,0.35586,0.35586,0.35199,0.35586,20800,0.0,0.0
1979-07-31 00:00:00-04:00,0.35586,0.35586,0.35199,0.35199,6400,0.0,0.0
1979-08-01 00:00:00-04:00,0.35586,0.35586,0.35586,0.35586,6400,0.0,0.0
1979-08-02 00:00:00-04:00,0.35586,0.35586,0.34812,0.34812,20800,0.0,0.0
1979-08-03 00:00:00-04:00,0.35199,0.35586,0.35199,0.35199,6400,0.0,0.0
1979-08-06 00:00:00-04:00,0.35586,0.35586,0.35586,0.35586,3200,0.0,0.0
1979-08-07 00:00:00-04:00,0.35586,0.35586,0.34812,0.35586,46400,0.0,0.0
1979-08-08 00:00:00-04:00,0.35199,0.35199,0.34812,0.35199,6400,0.0,0.0
1979-08-09 00:00:00-04:00,0.35973,0.35973,0.35973,0.35973,25600,0.0,0.0
1979-08-10 00:00:00-04:00,0.35973,0.36359,0.35586,0.36359,9600,0.0,0.0
1979-08-13 00:00:00-04:00,0.36359,0.37133,0.36359,0.37133,62400,0.0,0.0
1979-08-14 00:00:00-04:00,0.37907,0.3868,0.37907,0.3868,24000,0.0,0.0
1979-08-15 00:00:00-04:00,0.3868,0.3868,0.3752,0.3868,22400,0.0,0.0
1979-08-16 00:00:00-04:00,0.3868,0.3868,0.3752,0.3752,44800,0.0,0.0
1979-08-17 00:00:00-04:00,0.3752,0.3868,0.37133,0.3868,22400,0.0,0.0
1979-08-20 00:00:00-04:00,0.3868,0.39454,0.3868,0.3868,20800,0.0,0.0
1979-08-21 00:00:00-04:00,0.3868,0.3868,0.38293,0.38293,4800,0.0,0.0
1979-08-22 00:00:00-04:00,0.37907,0.37907,0.37907,0.37907,4800,0.0,0.0
1979-08-23 00:00:00-04:00,0.3752,0.3752,0.37133,0.37133,19200,0.0,0.0
1979-08-24 00:00:00-04:00,0.37133,0.37907,0.37133,0.37907,11200,0.0,0.0
1979-08-27 00:00:00-04:00,0.39454,0.41388,0.39454,0.39841,80000,0.0,0.0
1979-08-28 00:00:00-04:00,0.39841,0.42935,0.39454,0.41388,78400,0.0,0.0
1979-08-29 00:00:00-04:00,0.41388,0.41388,0.39841,0.41001,22400,0.0,0.0
1979-08-30 00:00:00-04:00,0.41001,0.41388,0.40227,0.41001,30400,0.0,0.0
1979-08-31 00:00:00-04:00,0.41001,0.41388,0.39841,0.39841,24000,0.0,0.0
1979-09-04 00:00:00-04:00,0.39841,0.39841,0.3868,0.3868,24000,0.0,0.0
1979-09-05 00:00:00-04:00,0.37907,0.37907,0.3752,0.3752,20800,0.0,0.0
1979-09-06 00:00:00-04:00,0.37907,0.37907,0.37907,0.37907,35200,0.0,0.0
1979-09-07 00:00:00-04:00,0.37907,0.37907,0.3752,0.3752,12800,0.0,0.0
1979-09-10 00:00:00-04:00,0.3752,0.38293,0.3752,0.3752,19200,0.0,0.0
1979-09-11 00:00:00-04:00,0.3752,0.3752,0.35973,0.36746,32000,0.0,0.0
1979-09-12 00:00:00-04:00,0.36746,0.36746,0.36746,0.36746,0,0.0,0.0
1979-09-13 00:00:00-04:00,0.36746,0.36746,0.36746,0.36746,0,0.0,0.0
1979-09-14 00:00:00-04:00,0.36746,0.36746,0.36359,0.36746,4800,0.0,0.0
1979-09-17 00:00:00-04:00,0.36746,0.36746,0.36359,0.36746,17600,0.0,0.0
1979-09-18 00:00:00-04:00,0.36746,0.3752,0.35973,0.35973,68800,0.0,0.0
1979-09-19 00:00:00-04:00,0.35973,0.36359,0.35586,0.35973,44800,0.0,0.0
1979-09-20 00:00:00-04:00,0.35973,0.37907,0.35586,0.37907,81600,0.0,0.0
1979-09-21 00:00:00-04:00,0.37907,0.38293,0.36746,0.38293,30400,0.0,0.0
1979-09-24 00:00:00-04:00,0.3752,0.3752,0.37133,0.3752,9600,0.0,0.0
1979-09-25 00:00:00-04:00,0.37133,0.37133,0.37133,0.37133,1600,0.0,0.0
1979-09-26 00:00:00-04:00,0.37133,0.37133,0.36746,0.36746,9600,0.0,0.0
1979-09-27 00:00:00-04:00,0.36746,0.3752,0.36746,0.37133,12800,0.0,0.0
1979-09-28 00:00:00-04:00,0.36746,0.36746,0.35973,0.35973,33600,0.0,0.0
1979-10-01 00:00:00-04:00,0.35586,0.35586,0.35586,0.35586,1600,0.0,0.0
1979-10-02 00:00:00-04:00,0.35586,0.35586,0.35586,0.35586,0,0.0,0.0
1979-10-03 00:00:00-04:00,0.35586,0.36746,0.35586,0.36746,14400,0.0,0.0
1979-10-04 00:00:00-04:00,0.36746,0.37133,0.36746,0.37133,4800,0.0,0.0
1979-10-05 00:00:00-04:00,0.37133,0.37133,0.36746,0.36746,3200,0.0,0.0
1979-10-08 00:00:00-04:00,0.36746,0.36746,0.36359,0.36746,8000,0.0,0.0
1979-10-09 00:00:00-04:00,0.36359,0.36359,0.34812,0.34812,27200,0.0,0.0
1979-10-10 00:00:00-04:00,0.34039,0.34039,0.32878,0.32878,70400,0.0,0.0
1979-10-11 00:00:00-04:00,0.32878,0.32878,0.32878,0.32878,6400,0.0,0.0
1979-10-12 00:00:00-04:00,0.32878,0.32878,0.32878,0.32878,8000,0.0,0.0
1979-10-15 00:00:00-04:00,0.34039,0.34812,0.34039,0.34812,36800,0.0,0.0
1979-10-16 00:00:00-04:00,0.33652,0.33652,0.33652,0.33652,16000,0.0,0.0
1979-10-17 00:00:00-04:00,0.34039,0.34039,0.34039,0.34039,3200,0.0,0.0
1979-10-18 00:00:00-04:00,0.33652,0.33652,0.32491,0.32491,22400,0.0,0.0
1979-10-19 00:00:00-04:00,0.32491,0.32491,0.31718,0.31718,11200,0.0,0.0
1979-10-22 00:00:00-04:00,0.31331,0.31331,0.30557,0.30944,51200,0.0,0.0
1979-10-23 00:00:00-04:00,0.30944,0.30944,0.30557,0.30557,9600,0.0,0.0
1979-10-24 00:00:00-04:00,0.30557,0.30557,0.30557,0.30557,1600,0.0,0.0
1979-10-25 00:00:00-04:00,0.30557,0.30557,0.30557,0.30557,0,0.0,0.0
1979-10-26 00:00:00-04:00,0.30557,0.30557,0.30557,0.30557,28800,0.0,0.0
1979-10-29 00:00:00-05:00,0.30557,0.30944,0.30557,0.30944,33600,0.0,0.0
1979-10-30 00:00:00-05:00,0.30944,0.31331,0.30944,0.30944,8000,0.0,0.0
1979-10-31 00:00:00-05:00,0.31331,0.31718,0.31331,0.31718,17600,0.0,0.0
1979-11-01 00:00:00-05:00,0.31718,0.31718,0.31718,0.31718,0,0.0,0.0
1979-11-02 00:00:00-05:00,0.31718,0.36359,0.31718,0.34812,56000,0.0,0.0
1979-11-05 00:00:00-05:00,0.34812,0.35199,0.34812,0.34812,6400,0.0,0.0
1979-11-06 00:00:00-05:00,0.34425,0.34425,0.33652,0.33652,8000,0.0,0.0
1979-11-07 00:00:00-05:00,0.33652,0.34039,0.32878,0.32878,9600,0.0,0.0
1979-11-08 00:00:00-05:00,0.32878,0.32878,0.32878,0.32878,12800,0.0,0.0
1979-11-09 00:00:00-05:00,0.32878,0.32878,0.32878,0.32878,24000,0.0,0.0
1979-11-12 00:00:00-05:00,0.32878,0.32878,0.32878,0.32878,3200,0.0,0.0
1979-11-13 00:00:00-05:00,0.32491,0.32491,0.32491,0.32491,8000,0.0,0.0
1979-11-14 00:00:00-05:00,0.32491,0.32491,0.31718,0.31718,6400,0.0,0.0
1979-11-15 00:00:00-05:00,0.31718,0.31718,0.31718,0.31718,0,0.0,0.0
1979-11-16 00:00:00-05:00,0.31331,0.31331,0.31331,0.31331,3200,0.0,0.0
1979-11-19 00:00:00-05:00,0.31331,0.31331,0.31331,0.31331,9600,0.0,0.0
1979-11-20 00:00:00-05:00,0.32105,0.32491,0.32105,0.32105,32000,0.0,0.0
1979-11-21 00:00:00-05:00,0.32105,0.32105,0.32105,0.32105,0,0.0,0.0
1979-11-23 00:00:00-05:00,0.32105,0.32491,0.32105,0.32491,3200,0.0,0.0
1979-11-26 00:00:00-05:00,0.32105,0.32105,0.31718,0.31718,9600,0.0,0.0
1979-11-27 00:00:00-05:00,0.31718,0.32491,0.30944,0.32491,19200,0.0,0.0
1979-11-28 00:00:00-05:00,0.32491,0.32491,0.32105,0.32105,3200,0.0,0.0
1979-11-29 00:00:00-05:00,0.32105,0.32105,0.32105,0.32105,1600,0.0,0.0
1979-11-30 00:00:00-05:00,0.32105,0.32105,0.32105,0.32105,0,0.0,0.0
1979-12-03 00:00:00-05:00,0.32105,0.32105,0.32105,0.32105,0,0.0,0.0
1979-12-04 00:00:00-05:00,0.32491,0.32878,0.32491,0.32878,16000,0.0,0.0
1979-12-05 00:00:00-05:00,0.33652,0.34039,0.33652,0.33652,57600,0.0,0.0
1979-12-06 00:00:00-05:00,0.33652,0.33652,0.33652,0.33652,16000,0.0,0.0
1979-12-07 00:00:00-05:00,0.33652,0.33652,0.33652,0.33652,0,0.0,0.0
1979-12-10 00:00:00-05:00,0.33265,0.33265,0.33265,0.33265,4800,0.0,0.0
1979-12-11 00:00:00-05:00,0.33265,0.33265,0.33265,0.33265,19200,0.0,0.0
1979-12-12 00:00:00-05:00,0.33265,0.33265,0.32878,0.32878,12800,0.0,0.0
1979-12-13 00:00:00-05:00,0.32878,0.32878,0.32491,0.32491,14400,0.0,0.0
1979-12-14 00:00:00-05:00,0.32491,0.33265,0.32105,0.33265,14400,0.0,0.0
1979-12-17 00:00:00-05:00,0.33265,0.33265,0.32878,0.33265,4800,0.0,0.0
1979-12-18 00:00:00-05:00,0.33265,0.33265,0.31718,0.31718,25600,0.0,0.0
1979-12-19 00:00:00-05:00,0.31718,0.31718,0.31718,0.31718,1600,0.0,0.0
1979-12-20 00:00:00-05:00,0.31718,0.32878,0.31331,0.32105,40000,0.0,0.0
1979-12-21 00:00:00-05:00,0.32105,0.32105,0.32105,0.32105,1600,0.0,0.0
1979-12-24 00:00:00-05:00,0.32105,0.33652,0.32105,0.33265,27200,0.0,0.0
1979-12-26 00:00:00-05:00,0.33652,0.34039,0.33652,0.34039,12800,0.0,0.0
1979-12-27 00:00:00-05:00,0.34039,0.34039,0.33265,0.33265,8000,0.0,0.0
1979-12-28 00:00:00-05:00,0.33265,0.33652,0.32491,0.33652,59200,0.0,0.0
1979-12-31 00:00:00-05:00,0.33652,0.34039,0.33652,0.33652,24000,0.0,0.0
1980-01-02 00:00:00-05:00,0.32878,0.32878,0.32878,0.32878,6400,0.0,0.0
1980-01-03 00:00:00-05:00,0.32878,0.32878,0.32491,0.32491,6400,0.0,0.0
1980-01-04 00:00:00-05:00,0.32878,0.33652,0.32878,0.33265,9600,0.0,0.0
1980-01-07 00:00:00-05:00,0.33265,0.34812,0.32491,0.34812,19200,0.0,0.0
1980-01-08 00:00:00-05:00,0.34812,0.34812,0.34039,0.34425,17600,0.0,0.0
1980-01-09 00:00:00-05:00,0.34812,0.35199,0.34812,0.34812,33600,0.0,0.0
1980-01-10 00:00:00-05:00,0.34812,0.35199,0.34425,0.34425,51200,0.0,0.0
1980-01-11 00:00:00-05:00,0.34812,0.34812,0.34812,0.34812,11200,0.0,0.0
1980-01-14 00:00:00-05:00,0.35199,0.3752,0.35199,0.37133,131200,0.0,0.0
1980-01-15 00:00:00-05:00,0.37907,0.39067,0.37907,0.38293,52800,0.0,0.0
1980-01-16 00:00:00-05:00,0.38293,0.38293,0.38293,0.38293,16000,0.0,0.0
1980-01-17 00:00:00-05:00,0.38293,0.3868,0.38293,0.38293,27200,0.0,0.0
1980-01-18 00:00:00-05:00,0.3868,0.39454,0.3868,0.39454,78400,0.0,0.0
1980-01-21 00:00:00-05:00,0.39067,0.39067,0.38293,0.3868,57600,0.0,0.0
1980-01-22 00:00:00-05:00,0.3868,0.3868,0.3868,0.3868,32000,0.0,0.0
1980-01-23 00:00:00-05:00,0.3868,0.39454,0.38293,0.39454,19200,0.0,0.0
1980-01-24 00:00:00-05:00,0.39454,0.39841,0.39067,0.39067,20800,0.0,0.0
1980-01-25 00:00:00-05:00,0.3868,0.3868,0.3868,0.3868,11200,0.0,0.0
1980-01-28 00:00:00-05:00,0.3868,0.39454,0.3868,0.39067,16000,0.0,0.0
1980-01-29 00:00:00-05:00,0.39067,0.39454,0.3868,0.3868,48000,0.0,0.0
1980-01-30 00:00:00-05:00,0.3868,0.3868,0.38293,0.38293,22400,0.0,0.0
1980-01-31 00:00:00-05:00,0.39067,0.39841,0.39067,0.39067,19200,0.0,0.0
1980-02-01 00:00:00-05:00,0.39067,0.39454,0.39067,0.39454,9600,0.0,0.0
1980-02-04 00:00:00-05:00,0.39454,0.39841,0.3868,0.39841,27200,0.0,0.0
1980-02-05 00:00:00-05:00,0.39454,0.39454,0.3868,0.39454,22400,0.0,0.0
1980-02-06 00:00:00-05:00,0.39067,0.39067,0.39067,0.39067,3200,0.0,0.0
1980-02-07 00:00:00-05:00,0.3868,0.3868,0.3868,0.3868,33600,0.0,0.0
1980-02-08 00:00:00-05:00,0.3868,0.39454,0.3868,0.39067,33600,0.0,0.0
1980-02-11 00:00:00-05:00,0.39067,0.39067,0.37907,0.38293,68800,0.0,0.0
1980-02-12 00:00:00-05:00,0.38293,0.3868,0.3752,0.3868,28800,0.0,0.0
1980-02-13 00:00:00-05:00,0.38293,0.38293,0.3752,0.3752,12800,0.0,0.0
1980-02-14 00:00:00-05:00,0.38293,0.3868,0.38293,0.38293,24000,0.0,0.0
1980-02-15 00:00:00-05:00,0.37907,0.37907,0.37907,0.37907,1600,0.0,0.0
1980-02-19 00:00:00-05:00,0.38293,0.38293,0.38293,0.38293,6400,0.0,0.0
1980-02-20 00:00:00-05:00,0.3868,0.3868,0.3868,0.3868,1600,0.0,0.0
1980-02-21 00:00:00-05:00,0.3868,0.3868,0.37907,0.38293,32000,0.0,0.0
1980-02-22 00:00:00-05:00,0.37907,0.37907,0.3752,0.3752,20800,0.0,0.0
1980-02-25 00:00:00-05:00,0.3752,0.3752,0.37133,0.37133,27200,0.0,0.0
1980-02-26 00:00:00-05:00,0.37133,0.37133,0.37133,0.37133,25600,0.0,0.0
1980-02-27 00:00:00-05:00,0.37133,0.3752,0.36746,0.37133,32000,0.0,0.0
1980-02-28 00:00:00-05:00,0.37133,0.37133,0.37133,0.37133,8000,0.0,0.0
1980-02-29 00:00:00-05:00,0.37133,0.37133,0.37133,0.37133,8000,0.0,0.0
1980-03-03 00:00:00-05:00,0.37133,0.37907,0.37133,0.37907,19200,0.0,0.0
1980-03-04 00:00:00-05:00,0.37907,0.37907,0.37133,0.37133,38400,0.0,0.0
1980-03-05 00:00:00-05:00,0.37133,0.37133,0.37133,0.37133,1600,0.0,0.0
1980-03-06 00:00:00-05:00,0.37133,0.37133,0.36746,0.36746,6400,0.0,0.0
1980-03-07 00:00:00-05:00,0.36746,0.36746,0.36746,0.36746,19200,0.0,0.0
1980-03-10 00:00:00-05:00,0.36746,0.36746,0.36746,0.36746,44800,0.0,0.0
1980-03-11 00:00:00-05:00,0.37133,0.37133,0.37133,0.37133,91200,0.0,0.0
1980-03-12 00:00:00-05:00,0.36746,0.36746,0.36746,0.36746,14400,0.0,0.0
1980-03-13 00:00:00-05:00,0.36359,0.36359,0.36359,0.36359,6400,0.0,0.0
1980-03-14 00:00:00-05:00,0.36359,0.37133,0.36359,0.37133,12800,0.0,0.0
1980-03-17 00:00:00-05:00,0.37133,0.37907,0.37133,0.37133,11200,0.0,0.0
1980-03-18 00:00:00-05:00,0.36746,0.36746,0.36359,0.36746,9600,0.0,0.0
1980-03-19 00:00:00-05:00,0.36359,0.36359,0.35973,0.35973,99200,0.0,0.0
1980-03-20 00:00:00-05:00,0.35586,0.35586,0.34039,0.34039,43200,0.0,0.0
1980-03-21 00:00:00-05:00,0.34812,0.35199,0.34812,0.35199,59200,0.0,0.0
1980-03-24 00:00:00-05:00,0.34812,0.34812,0.34425,0.34812,24000,0.0,0.0
1980-03-25 00:00:00-05:00,0.34812,0.34812,0.34812,0.34812,41600,0.0,0.0
1980-03-26 00:00:00-05:00,0.34812,0.34812,0.34812,0.34812,88000,0.0,0.0
1980-03-27 00:00:00-05:00,0.34812,0.34812,0.33265,0.33265,52800,0.0,0.0
1980-03-28 00:00:00-05:00,0.33265,0.33265,0.32878,0.32878,8000,0.0,0.0
1980-03-31 00:00:00-05:00,0.32491,0.32491,0.32105,0.32105,4800,0.0,0.0
1980-04-01 00:00:00-05:00,0.32105,0.32105,0.32105,0.32105,1600,0.0,0.0
1980-04-02 00:00:00-05:00,0.32105,0.32105,0.32105,0.32105,0,0.0,0.0
1980-04-03 00:00:00-05:00,0.31718,0.31718,0.31331,0.31331,4800,0.0,0.0
1980-04-07 00:00:00-05:00,0.31331,0.31331,0.30557,0.31331,4800,0.0,0.0
1980-04-08 00:00:00-05:00,0.30557,0.30557,0.30557,0.30557,1600,0.0,0.0
1980-04-09 00:00:00-05:00,0.30171,0.30171,0.29397,0.30171,17600,0.0,0.0
1980-04-10 00:00:00-05:00,0.30171,0.30557,0.29397,0.29397,27200,0.0,0.0
1980-04-11 00:00:00-05:00,0.2901,0.2901,0.28623,0.28623,9600,0.0,0.0
1980-04-14 00:00:00-05:00,0.28623,0.28623,0.28237,0.28623,12800,0.0,0.0
1980-04-15 00:00:00-05:00,0.28623,0.2901,0.28237,0.28623,24000,0.0,0.0
1980-04-16 00:00:00-05:00,0.28623,0.28623,0.28623,0.28623,0,0.0,0.0
1980-04-17 00:00:00-05:00,0.28623,0.28623,0.28623,0.28623,0,0.0,0.0
1980-04-18 00:00:00-05:00,0.28237,0.28237,0.27076,0.27463,30400,0.0,0.0
1980-04-21 00:00:00-05:00,0.27463,0.27463,0.27463,0.27463,0,0.0,0.0
1980-04-22 00:00:00-05:00,0.27463,0.27463,0.27463,0.27463,0,0.0,0.0
1980-04-23 00:00:00-05:00,0.2785,0.2785,0.2785,0.2785,35200,0.0,0.0
1980-04-24 00:00:00-05:00,0.2785,0.2785,0.2785,0.2785,32000,0.0,0.0
1980-04-25 00:00:00-05:00,0.2785,0.2785,0.2785,0.2785,1600,0.0,0.0
1980-04-28 00:00:00-04:00,0.2785,0.2785,0.2785,0.2785,4800,0.0,0.0
1980-04-29 00:00:00-04:00,0.28237,0.28237,0.28237,0.28237,3200,0.0,0.0
1980-04-30 00:00:00-04:00,0.28623,0.29397,0.28623,0.29397,32000,0.0,0.0
1980-05-01 00:00:00-04:00,0.29397,0.29397,0.29397,0.29397,0,0.0,0.0
1980-05-02 00:00:00-04:00,0.28623,0.28623,0.28623,0.28623,6400,0.0,0.0
1980-05-05 00:00:00-04:00,0.2901,0.2901,0.2901,0.2901,1600,0.0,0.0
1980-05-06 00:00:00-04:00,0.2901,0.29397,0.28237,0.28237,14400,0.0,0.0
1980-05-07 00:00:00-04:00,0.28623,0.28623,0.28623,0.28623,1600,0.0,0.0
1980-05-08 00:00:00-04:00,0.28623,0.28623,0.2785,0.2785,43200,0.0,0.0
1980-05-09 00:00:00-04:00,0.2785,0.28237,0.2785,0.28237,8000,0.0,0.0
1980-05-12 00:00:00-04:00,0.2785,0.2785,0.27076,0.2785,12800,0.0,0.0
1980-05-13 00:00:00-04:00,0.2785,0.2785,0.2785,0.2785,3200,0.0,0.0
1980-05-14 00:00:00-04:00,0.2785,0.2785,0.27463,0.2785,25600,0.0,0.0
1980-05-15 00:00:00-04:00,0.2785,0.2785,0.2785,0.2785,1600,0.0,0.0
1980-05-16 00:00:00-04:00,0.2785,0.2785,0.2785,0.2785,22400,0.0,0.0
1980-05-19 00:00:00-04:00,0.28623,0.28623,0.28623,0.28623,3200,0.0,0.0
1980-05-20 00:00:00-04:00,0.28623,0.28623,0.28623,0.28623,0,0.0,0.0
1980-05-21 00:00:00-04:00,0.2785,0.2785,0.27463,0.27463,4800,0.0,0.0
1980-05-22 00:00:00-04:00,0.27463,0.27463,0.27463,0.27463,3200,0.0,0.0
1980-05-23 00:00:00-04:00,0.28237,0.29397,0.28237,0.29397,20800,0.0,0.0
1980-05-27 00:00:00-04:00,0.2901,0.2901,0.2901,0.2901,1600,0.0,0.0
1980-05-28 00:00:00-04:00,0.29784,0.30557,0.29784,0.30557,30400,0.0,0.0
1980-05-29 00:00:00-04:00,0.30557,0.30557,0.30557,0.30557,0,0.0,0.0
1980-05-30 00:00:00-04:00,0.29784,0.29784,0.29784,0.29784,8000,0.0,0.0
1980-06-02 00:00:00-04:00,0.29397,0.29397,0.2901,0.2901,6400,0.0,0.0
1980-06-03 00:00:00-04:00,0.2901,0.2901,0.2901,0.2901,3200,0.0,0.0
1980-06-04 00:00:00-04:00,0.2901,0.29397,0.28623,0.2901,12800,0.0,0.0
1980-06-05 00:00:00-04:00,0.2901,0.2901,0.2901,0.2901,0,0.0,0.0
1980-06-06 00:00:00-04:00,0.2901,0.29397,0.2901,0.29397,11200,0.0,0.0
1980-06-09 00:00:00-04:00,0.29397,0.29397,0.2901,0.2901,9600,0.0,0.0
1980-06-10 00:00:00-04:00,0.2901,0.29784,0.28237,0.29784,57600,0.0,0.0
1980-06-11 00:00:00-04:00,0.29784,0.29784,0.29784,0.29784,0,0.0,0.0
1980-06-12 00:00:00-04:00,0.29784,0.29784,0.29397,0.29397,6400,0.0,0.0
1980-06-13 00:00:00-04:00,0.29397,0.29784,0.29397,0.29784,8000,0.0,0.0
1980-06-16 00:00:00-04:00,0.29784,0.30171,0.2901,0.2901,12800,0.0,0.0
1980-06-17 00:00:00-04:00,0.29397,0.29397,0.29397,0.29397,17600,0.0,0.0
1980-06-18 00:00:00-04:00,0.29784,0.32105,0.29784,0.32105,121600,0.0,0.0
1980-06-19 00:00:00-04:00,0.30944,0.30944,0.30557,0.30944,60800,0.0,0.0
1980-06-20 00:00:00-04:00,0.30944,0.30944,0.30944,0.30944,0,0.0,0.0
1980-06-23 00:00:00-04:00,0.30171,0.30171,0.29784,0.29784,9600,0.0,0.0
1980-06-24 00:00:00-04:00,0.29784,0.29784,0.29784,0.29784,0,0.0,0.0
1980-06-25 00:00:00-04:00,0.30171,0.30557,0.30171,0.30557,17600,0.0,0.0
1980-06-26 00:00:00-04:00,0.30557,0.30557,0.30557,0.30557,0,0.0,0.0
1980-06-27 00:00:00-04:00,0.30557,0.30944,0.29784,0.30944,17600,0.0,0.0
1980-06-30 00:00:00-04:00,0.30557,0.30557,0.30557,0.30557,1600,0.0,0.0
1980-07-01 00:00:00-04:00,0.30171,0.30171,0.30171,0.30171,1600,0.0,0.0
1980-07-02 00:00:00-04:00,0.30171,0.30557,0.30171,0.30171,4800,0.0,0.0
1980-07-03 00:00:00-04:00,0.30171,0.30171,0.30171,0.30171,0,0.0,0.0
1980-07-07 00:00:00-04:00,0.30171,0.30557,0.30171,0.30171,14400,0.0,0.0
1980-07-08 00:00:00-04:00,0.30171,0.30171,0.29784,0.30171,4800,0.0,0.0
1980-07-09 00:00:00-04:00,0.30171,0.30171,0.30171,0.30171,6400,0.0,0.0
1980-07-10 00:00:00-04:00,0.30557,0.30557,0.30557,0.30557,19200,0.0,0.0
1980-07-11 00:00:00-04:00,0.30171,0.30171,0.30171,0.30171,8000,0.0,0.0
1980-07-14 00:00:00-04:00,0.30171,0.30944,0.30171,0.30944,20800,0.0,0.0
1980-07-15 00:00:00-04:00,0.30944,0.30944,0.30944,0.30944,17600,0.0,0.0
1980-07-16 00:00:00-04:00,0.30944,0.32105,0.30944,0.32105,51200,0.0,0.0
1980-07-17 00:00:00-04:00,0.32491,0.32491,0.32491,0.32491,8000,0.0,0.0
1980-07-18 00:00:00-04:00,0.32491,0.33652,0.32491,0.32878,54400,0.0,0.0
1980-07-21 00:00:00-04:00,0.32878,0.32878,0.32878,0.32878,3200,0.0,0.0
1980-07-22 00:00:00-04:00,0.32878,0.32878,0.32105,0.32491,33600,0.0,0.0
1980-07-23 00:00:00-04:00,0.33265,0.34425,0.33265,0.34039,28800,0.0,0.0
1980-07-24 00:00:00-04:00,0.34039,0.34812,0.33652,0.33652,19200,0.0,0.0
1980-07-25 00:00:00-04:00,0.32878,0.32878,0.31718,0.31718,28800,0.0,0.0
1980-07-28 00:00:00-04:00,0.31331,0.31331,0.30944,0.30944,24000,0.0,0.0
1980-07-29 00:00:00-04:00,0.31331,0.31718,0.31331,0.31718,8000,0.0,0.0
1980-07-30 00:00:00-04:00,0.31718,0.31718,0.31718,0.31718,9600,0.0,0.0
1980-07-31 00:00:00-04:00,0.32105,0.32491,0.32105,0.32491,9600,0.0,0.0
1980-08-01 00:00:00-04:00,0.32105,0.32105,0.32105,0.32105,1600,0.0,0.0
1980-08-04 00:00:00-04:00,0.31331,0.31331,0.31331,0.31331,16000,0.0,0.0
1980-08-05 00:00:00-04:00,0.31331,0.32878,0.31331,0.32878,38400,0.0,0.0
1980-08-06 00:00:00-04:00,0.32878,0.32878,0.32878,0.32878,0,0.0,0.0
1980-08-07 00:00:00-04:00,0.32491,0.32491,0.32491,0.32491,16000,0.0,0.0
1980-08-08 00:00:00-04:00,0.32105,0.32105,0.32105,0.32105,3200,0.0,0.0
1980-08-11 00:00:00-04:00,0.31718,0.31718,0.31718,0.31718,1600,0.0,0.0
1980-08-12 00:00:00-04:00,0.31718,0.31718,0.31718,0.31718,3200,0.0,0.0
1980-08-13 00:00:00-04:00,0.32105,0.32105,0.32105,0.32105,4800,0.0,0.0
1980-08-14 00:00:00-04:00,0.31718,0.31718,0.31331,0.31331,9600,0.0,0.0
1980-08-15 00:00:00-04:00,0.31331,0.31331,0.31331,0.31331,0,0.0,0.0
1980-08-18 00:00:00-04:00,0.31718,0.32105,0.31718,0.32105,4800,0.0,0.0
1980-08-19 00:00:00-04:00,0.32105,0.32105,0.32105,0.32105,3200,0.0,0.0
1980-08-20 00:00:00-04:00,0.32105,0.32491,0.31718,0.31718,8000,0.0,0.0
1980-08-21 00:00:00-04:00,0.31718,0.32105,0.31718,0.32105,35200,0.0,0.0
1980-08-22 00:00:00-04:00,0.31718,0.31718,0.31718,0.31718,6400,0.0,0.0
1980-08-25 00:00:00-04:00,0.31718,0.31718,0.31718,0.31718,3200,0.0,0.0
1980-08-26 00:00:00-04:00,0.31718,0.31718,0.31331,0.31331,35200,0.0,0.0
1980-08-27 00:00:00-04:00,0.31331,0.31718,0.31331,0.31331,12800,0.0,0.0
1980-08-28 00:00:00-04:00,0.31331,0.31331,0.31331,0.31331,0,0.0,0.0
1980-08-29 00:00:00-04:00,0.31331,0.31331,0.31331,0.31331,0,0.0,0.0
1980-09-02 00:00:00-04:00,0.31331,0.31331,0.31331,0.31331,0,0.0,0.0
1980-09-03 00:00:00-04:00,0.31331,0.31718,0.31331,0.31331,16000,0.0,0.0
1980-09-04 00:00:00-04:00,0.31718,0.31718,0.31718,0.31718,3200,0.0,0.0
1980-09-05 00:00:00-04:00,0.31331,0.31331,0.31331,0.31331,1600,0.0,0.0
1980-09-08 00:00:00-04:00,0.31331,0.31331,0.31331,0.31331,6400,0.0,0.0
1980-09-09 00:00:00-04:00,0.31331,0.31331,0.31331,0.31331,3200,0.0,0.0
1980-09-10 00:00:00-04:00,0.31331,0.31718,0.31331,0.31331,24000,0.0,0.0
1980-09-11 00:00:00-04:00,0.32105,0.32105,0.32105,0.32105,1600,0.0,0.0
1980-09-12 00:00:00-04:00,0.32105,0.32105,0.32105,0.32105,0,0.0,0.0
1980-09-15 00:00:00-04:00,0.31718,0.31718,0.31718,0.31718,4800,0.0,0.0
1980-09-16 00:00:00-04:00,0.31718,0.31718,0.31718,0.31718,11200,0.0,0.0
1980-09-17 00:00:00-04:00,0.31718,0.32491,0.31718,0.32105,14400,0.0,0.0
1980-09-18 00:00:00-04:00,0.32878,0.33265,0.32878,0.33265,8000,0.0,0.0
1980-09-19 00:00:00-04:00,0.33265,0.34039,0.33265,0.34039,11200,0.0,0.0
1980-09-22 00:00:00-04:00,0.35199,0.36359,0.35199,0.36359,51200,0.0,0.0
1980-09-23 00:00:00-04:00,0.37133,0.39841,0.37133,0.3868,123200,0.0,0.0
1980-09-24 00:00:00-04:00,0.3868,0.39067,0.37907,0.39067,128000,0.0,0.0
1980-09-25 00:00:00-04:00,0.3868,0.3868,0.38293,0.3868,70400,0.0,0.0
1980-09-26 00:00:00-04:00,0.38293,0.38293,0.36359,0.36359,27200,0.0,0.0
1980-09-29 00:00:00-04:00,0.36359,0.36359,0.34812,0.34812,30400,0.0,0.0
1980-09-30 00:00:00-04:00,0.35199,0.35199,0.35199,0.35199,1600,0.0,0.0
1980-10-01 00:00:00-04:00,0.35199,0.35973,0.34425,0.35973,22400,0.0,0.0
1980-10-02 00:00:00-04:00,0.36746,0.36746,0.36746,0.36746,3200,0.0,0.0
1980-10-03 00:00:00-04:00,0.36746,0.36746,0.36359,0.36746,6400,0.0,0.0
1980-10-06 00:00:00-04:00,0.37133,0.37133,0.37133,0.37133,1600,0.0,0.0
1980-10-07 00:00:00-04:00,0.37133,0.37133,0.37133,0.37133,16000,0.0,0.0
1980-10-08 00:00:00-04:00,0.36746,0.36746,0.35973,0.36746,30400,0.0,0.0
1980-10-09 00:00:00-04:00,0.36746,0.36746,0.36746,0.36746,1600,0.0,0.0
1980-10-10 00:00:00-04:00,0.36746,0.36746,0.35973,0.35973,28800,0.0,0.0
1980-10-13 00:00:00-04:00,0.36359,0.36746,0.36359,0.36746,8000,0.0,0.0
1980-10-14 00:00:00-04:00,0.36359,0.36359,0.35586,0.36359,19200,0.0,0.0
1980-10-15 00:00:00-04:00,0.35586,0.35586,0.35199,0.35199,20800,0.0,0.0
1980-10-16 00:00:00-04:00,0.35199,0.35586,0.33265,0.33265,60800,0.0,0.0
1980-10-17 00:00:00-04:00,0.33265,0.33265,0.33265,0.33265,1600,0.0,0.0
1980-10-20 00:00:00-04:00,0.33265,0.33265,0.32878,0.32878,6400,0.0,0.0
1980-10-21 00:00:00-04:00,0.33652,0.33652,0.33652,0.33652,4800,0.0,0.0
1980-10-22 00:00:00-04:00,0.33652,0.34039,0.32491,0.32491,11200,0.0,0.0
1980-10-23 00:00:00-04:00,0.32491,0.32491,0.32491,0.32491,3200,0.0,0.0
1980-10-24 00:00:00-04:00,0.32491,0.32491,0.32105,0.32491,14400,0.0,0.0
1980-10-27 00:00:00-05:00,0.32491,0.32878,0.32105,0.32105,16000,0.0,0.0
1980-10-28 00:00:00-05:00,0.32105,0.32491,0.32105,0.32491,33600,0.0,0.0
1980-10-29 00:00:00-05:00,0.32491,0.32491,0.32105,0.32491,3200,0.0,0.0
1980-10-30 00:00:00-05:00,0.32105,0.32105,0.32105,0.32105,6400,0.0,0.0
1980-10-31 00:00:00-05:00,0.32491,0.32491,0.32491,0.32491,3200,0.0,0.0
1980-11-03 00:00:00-05:00,0.32491,0.32491,0.32491,0.32491,0,0.0,0.0
1980-11-05 00:00:00-05:00,0.32878,0.32878,0.32878,0.32878,4800,0.0,0.0
1980-11-06 00:00:00-05:00,0.33265,0.33265,0.33265,0.33265,11200,0.0,0.0
1980-11-07 00:00:00-05:00,0.33265,0.33265,0.33265,0.33265,0,0.0,0.0
1980-11-10 00:00:00-05:00,0.32491,0.32491,0.32491,0.32491,3200,0.0,0.0
1980-11-11 00:00:00-05:00,0.33265,0.33265,0.33265,0.33265,1600,0.0,0.0
1980-11-12 00:00:00-05:00,0.32491,0.32491,0.32491,0.32491,11200,0.0,0.0
1980-11-13 00:00:00-05:00,0.32878,0.34812,0.32878,0.34812,52800,0.0,0.0
1980-11-14 00:00:00-05:00,0.34812,0.35973,0.34039,0.35973,20800,0.0,0.0
1980-11-17 00:00:00-05:00,0.35586,0.35586,0.34425,0.34425,19200,0.0,0.0
1980-11-18 00:00:00-05:00,0.34425,0.34812,0.34425,0.34812,14400,0.0,0.0
1980-11-19 00:00:00-05:00,0.34425,0.34425,0.34425,0.34425,3200,0.0,0.0
1980-11-20 00:00:00-05:00,0.34425,0.34812,0.34039,0.34425,20800,0.0,0.0
1980-11-21 00:00:00-05:00,0.34425,0.35199,0.34425,0.35199,3200,0.0,0.0
1980-11-24 00:00:00-05:00,0.34039,0.34039,0.34039,0.34039,1600,0.0,0.0
1980-11-25 00:00:00-05:00,0.33652,0.33652,0.33652,0.33652,12800,0.0,0.0
1980-11-26 00:00:00-05:00,0.33265,0.33265,0.33265,0.33265,8000,0.0,0.0
1980-11-28 00:00:00-05:00,0.33265,0.33265,0.33265,0.33265,0,0.0,0.0
1980-12-01 00:00:00-05:00,0.34039,0.34425,0.34039,0.34425,8000,0.0,0.0
1980-12-02 00:00:00-05:00,0.34425,0.34425,0.34425,0.34425,1600,0.0,0.0
1980-12-03 00:00:00-05:00,0.34039,0.34039,0.32491,0.32491,17600,0.0,0.0
1980-12-04 00:00:00-05:00,0.32491,0.32878,0.31718,0.31718,25600,0.0,0.0
1980-12-05 00:00:00-05:00,0.31718,0.31718,0.31718,0.31718,9600,0.0,0.0
1980-12-08 00:00:00-05:00,0.31718,0.31718,0.30944,0.30944,25600,0.0,0.0
1980-12-09 00:00:00-05:00,0.30944,0.30944,0.30944,0.30944,0,0.0,0.0
1980-12-10 00:00:00-05:00,0.30944,0.30944,0.30944,0.30944,0,0.0,0.0
1980-12-11 00:00:00-05:00,0.30171,0.30171,0.29397,0.29397,12800,0.0,0.0
1980-12-12 00:00:00-05:00,0.29397,0.29397,0.28623,0.28623,6400,0.0,0.0
1980-12-15 00:00:00-05:00,0.28623,0.2901,0.28237,0.28623,9600,0.0,0.0
1980-12-16 00:00:00-05:00,0.28623,0.28623,0.28237,0.28237,12800,0.0,0.0
1980-12-17 00:00:00-05:00,0.28623,0.29397,0.28623,0.29397,17600,0.0,0.0
1980-12-18 00:00:00-05:00,0.29397,0.29397,0.29397,0.29397,0,0.0,0.0
1980-12-19 00:00:00-05:00,0.2901,0.2901,0.2901,0.2901,1600,0.0,0.0
1980-12-22 00:00:00-05:00,0.2901,0.2901,0.2901,0.2901,3200,0.0,0.0
1980-12-23 00:00:00-05:00,0.28623,0.28623,0.2785,0.2785,19200,0.0,0.0
1980-12-24 00:00:00-05:00,0.2785,0.2785,0.2785,0.2785,0,0.0,0.0
1980-12-26 00:00:00-05:00,0.28237,0.28237,0.28237,0.28237,1600,0.0,0.0
1980-12-29 00:00:00-05:00,0.28237,0.28623,0.2785,0.2785,16000,0.0,0.0
1980-12-30 00:00:00-05:00,0.2785,0.28237,0.27076,0.2785,44800,0.0,0.0
1980-12-31 00:00:00-05:00,0.2785,0.28237,0.27463,0.28237,35200,0.0,0.0
1981-01-02 00:00:00-05:00,0.2901,0.2901,0.2901,0.2901,1600,0.0,0.0
1981-01-05 00:00:00-05:00,0.29397,0.30171,0.29397,0.29397,12800,0.0,0.0
1981-01-06 00:00:00-05:00,0.29397,0.30171,0.29397,0.29397,6400,0.0,0.0
1981-01-07 00:00:00-05:00,0.29397,0.30557,0.28237,0.29397,35200,0.0,0.0
1981-01-08 00:00:00-05:00,0.29397,0.29397,0.2901,0.29397,14400,0.0,0.0
1981-01-09 00:00:00-05:00,0.29397,0.29397,0.29397,0.29397,0,0.0,0.0
1981-01-12 00:00:00-05:00,0.2901,0.2901,0.28623,0.2901,4800,0.0,0.0
1981-01-13 00:00:00-05:00,0.2901,0.2901,0.2901,0.2901,3200,0.0,0.0
1981-01-14 00:00:00-05:00,0.28623,0.28623,0.28623,0.28623,6400,0.0,0.0
1981-01-15 00:00:00-05:00,0.28623,0.2901,0.28623,0.28623,4800,0.0,0.0
1981-01-16 00:00:00-05:00,0.2901,0.2901,0.2901,0.2901,1600,0.0,0.0
1981-01-19 00:00:00-05:00,0.2901,0.2901,0.28623,0.2901,9600,0.0,0.0
1981-01-20 00:00:00-05:00,0.2901,0.2901,0.2901,0.2901,4800,0.0,0.0
1981-01-21 00:00:00-05:00,0.28623,0.28623,0.28623,0.28623,17600,0.0,0.0
1981-01-22 00:00:00-05:00,0.28237,0.28237,0.28237,0.28237,9600,0.0,0.0
1981-01-23 00:00:00-05:00,0.28237,0.28237,0.28237,0.28237,0,0.0,0.0
1981-01-26 00:00:00-05:00,0.28623,0.28623,0.28623,0.28623,1600,0.0,0.0
1981-01-27 00:00:00-05:00,0.28623,0.28623,0.28623,0.28623,0,0.0,0.0
1981-01-28 00:00:00-05:00,0.2901,0.31331,0.2901,0.30944,40000,0.0,0.0
1981-01-29 00:00:00-05:00,0.32105,0.36359,0.32105,0.34812,132800,0.0,0.0
1981-01-30 00:00:00-05:00,0.34812,0.36359,0.34812,0.36359,88000,0.0,0.0
1981-02-02 00:00:00-05:00,0.36359,0.3752,0.35586,0.35586,60800,0.0,0.0
1981-02-03 00:00:00-05:00,0.34812,0.34812,0.34425,0.34812,27200,0.0,0.0
1981-02-04 00:00:00-05:00,0.35199,0.37907,0.35199,0.36359,126400,0.0,0.0
1981-02-05 00:00:00-05:00,0.36746,0.3752,0.36746,0.36746,28800,0.0,0.0
1981-02-06 00:00:00-05:00,0.36746,0.36746,0.36746,0.36746,1600,0.0,0.0
1981-02-09 00:00:00-05:00,0.36746,0.37133,0.36746,0.37133,27200,0.0,0.0
1981-02-10 00:00:00-05:00,0.37133,0.37133,0.37133,0.37133,16000,0.0,0.0
1981-02-11 00:00:00-05:00,0.36746,0.36746,0.36359,0.36359,8000,0.0,0.0
1981-02-12 00:00:00-05:00,0.36359,0.36746,0.36359,0.36359,8000,0.0,0.0
1981-02-13 00:00:00-05:00,0.36359,0.36359,0.35586,0.36359,4800,0.0,0.0
1981-02-17 00:00:00-05:00,0.36359,0.36746,0.35586,0.35586,6400,0.0,0.0
1981-02-18 00:00:00-05:00,0.36359,0.36359,0.36359,0.36359,3200,0.0,0.0
1981-02-19 00:00:00-05:00,0.35973,0.35973,0.35586,0.35973,4800,0.0,0.0
1981-02-20 00:00:00-05:00,0.35586,0.35586,0.35199,0.35199,3200,0.0,0.0
1981-02-23 00:00:00-05:00,0.35199,0.35199,0.35199,0.35199,0,0.0,0.0
1981-02-24 00:00:00-05:00,0.34425,0.34425,0.33652,0.33652,6400,0.0,0.0
1981-02-25 00:00:00-05:00,0.33265,0.33265,0.33265,0.33265,1600,0.0,0.0
1981-02-26 00:00:00-05:00,0.33265,0.33265,0.33265,0.33265,0,0.0,0.0
1981-02-27 00:00:00-05:00,0.33265,0.33265,0.33265,0.33265,0,0.0,0.0
1981-03-02 00:00:00-05:00,0.32878,0.32878,0.32105,0.32105,8000,0.0,0.0
1981-03-03 00:00:00-05:00,0.32105,0.32491,0.32105,0.32105,3200,0.0,0.0
1981-03-04 00:00:00-05:00,0.32105,0.32105,0.32105,0.32105,0,0.0,0.0
1981-03-05 00:00:00-05:00,0.32105,0.32105,0.32105,0.32105,0,0.0,0.0
1981-03-06 00:00:00-05:00,0.32105,0.32105,0.32105,0.32105,0,0.0,0.0
1981-03-09 00:00:00-05:00,0.32878,0.32878,0.32878,0.32878,1600,0.0,0.0
1981-03-10 00:00:00-05:00,0.32491,0.32491,0.32491,0.32491,1600,0.0,0.0
1981-03-11 00:00:00-05:00,0.32491,0.32878,0.32491,0.32491,4800,0.0,0.0
1981-03-12 00:00:00-05:00,0.32105,0.32105,0.31718,0.31718,4800,0.0,0.0
1981-03-13 00:00:00-05:00,0.31718,0.31718,0.31718,0.31718,0,0.0,0.0
1981-03-16 00:00:00-05:00,0.31718,0.31718,0.31718,0.31718,3200,0.0,0.0
1981-03-17 00:00:00-05:00,0.31331,0.31331,0.30944,0.30944,12800,0.0,0.0
1981-03-18 00:00:00-05:00,0.30944,0.31331,0.30171,0.30171,11200,0.0,0.0
1981-03-19 00:00:00-05:00,0.30171,0.30557,0.30171,0.30557,33600,0.0,0.0
1981-03-20 00:00:00-05:00,0.30557,0.30557,0.30557,0.30557,6400,0.0,0.0
1981-03-23 00:00:00-05:00,0.31331,0.31718,0.31331,0.31718,12800,0.0,0.0
1981-03-24 00:00:00-05:00,0.31718,0.31718,0.30944,0.30944,6400,0.0,0.0
1981-03-25 00:00:00-05:00,0.31331,0.32105,0.31331,0.31718,6400,0.0,0.0
1981-03-26 00:00:00-05:00,0.31718,0.31718,0.31718,0.31718,3200,0.0,0.0
1981-03-27 00:00:00-05:00,0.32105,0.32105,0.32105,0.32105,3200,0.0,0.0
1981-03-30 00:00:00-05:00,0.30944,0.30944,0.30944,0.30944,12800,0.0,0.0
1981-03-31 00:00:00-05:00,0.30944,0.31331,0.30557,0.31331,14400,0.0,0.0
1981-04-01 00:00:00-05:00,0.31718,0.31718,0.31718,0.31718,1600,0.0,0.0
1981-04-02 00:00:00-05:00,0.31718,0.32105,0.31331,0.32105,20800,0.0,0.0
1981-04-03 00:00:00-05:00,0.32105,0.32105,0.32105,0.32105,0,0.0,0.0
1981-04-06 00:00:00-05:00,0.32105,0.32105,0.32105,0.32105,0,0.0,0.0
1981-04-07 00:00:00-05:00,0.31331,0.31331,0.31331,0.31331,6400,0.0,0.0
1981-04-08 00:00:00-05:00,0.31331,0.31718,0.31331,0.31331,4800,0.0,0.0
1981-04-09 00:00:00-05:00,0.31331,0.31331,0.31331,0.31331,0,0.0,0.0
1981-04-10 00:00:00-05:00,0.31331,0.31331,0.31331,0.31331,0,0.0,0.0
1981-04-13 00:00:00-05:00,0.32105,0.32105,0.32105,0.32105,1600,0.0,0.0
1981-04-14 00:00:00-05:00,0.32491,0.32491,0.32491,0.32491,4800,0.0,0.0
1981-04-15 00:00:00-05:00,0.32491,0.32491,0.31718,0.32491,4800,0.0,0.0
1981-04-16 00:00:00-05:00,0.32878,0.35199,0.32878,0.34039,80000,0.0,0.0
1981-04-20 00:00:00-05:00,0.34039,0.35586,0.34039,0.35586,57600,0.0,0.0
1981-04-21 00:00:00-05:00,0.35586,0.35586,0.35586,0.35586,3200,0.0,0.0
1981-04-22 00:00:00-05:00,0.35586,0.35586,0.35199,0.35199,25600,0.0,0.0
1981-04-23 00:00:00-05:00,0.35199,0.35199,0.35199,0.35199,0,0.0,0.0
1981-04-24 00:00:00-05:00,0.35199,0.35199,0.35199,0.35199,0,0.0,0.0
1981-04-27 00:00:00-04:00,0.34425,0.34425,0.34039,0.34039,8000,0.0,0.0
1981-04-28 00:00:00-04:00,0.33265,0.33265,0.33265,0.33265,3200,0.0,0.0
1981-04-29 00:00:00-04:00,0.33265,0.34039,0.30944,0.30944,163200,0.0,0.0
1981-04-30 00:00:00-04:00,0.31718,0.32105,0.31718,0.31718,33600,0.0,0.0
1981-05-01 00:00:00-04:00,0.31331,0.31331,0.31331,0.31331,4800,0.0,0.0
1981-05-04 00:00:00-04:00,0.31331,0.31331,0.31331,0.31331,0,0.0,0.0
1981-05-05 00:00:00-04:00,0.31331,0.31331,0.31331,0.31331,0,0.0,0.0
1981-05-06 00:00:00-04:00,0.31331,0.31331,0.31331,0.31331,0,0.0,0.0
1981-05-07 00:00:00-04:00,0.31331,0.31331,0.31331,0.31331,0,0.0,0.0
1981-05-08 00:00:00-04:00,0.30944,0.30944,0.30944,0.30944,8000,0.0,0.0
1981-05-11 00:00:00-04:00,0.30557,0.30557,0.30171,0.30171,16000,0.0,0.0
1981-05-12 00:00:00-04:00,0.29397,0.29397,0.28623,0.2901,14400,0.0,0.0
1981-05-13 00:00:00-04:00,0.2901,0.29784,0.2901,0.2901,36800,0.0,0.0
1981-05-14 00:00:00-04:00,0.28623,0.28623,0.2785,0.2785,44800,0.0,0.0
1981-05-15 00:00:00-04:00,0.2785,0.2785,0.27463,0.27463,19200,0.0,0.0
1981-05-18 00:00:00-04:00,0.2785,0.2901,0.2785,0.28623,30400,0.0,0.0
1981-05-19 00:00:00-04:00,0.28623,0.29397,0.28623,0.28623,9600,0.0,0.0
1981-05-20 00:00:00-04:00,0.28237,0.28237,0.27463,0.2785,48000,0.0,0.0
1981-05-21 00:00:00-04:00,0.2785,0.28237,0.2785,0.2785,9600,0.0,0.0
1981-05-22 00:00:00-04:00,0.28237,0.28237,0.28237,0.28237,8000,0.0,0.0
1981-05-26 00:00:00-04:00,0.28237,0.2901,0.28237,0.28237,22400,0.0,0.0
1981-05-27 00:00:00-04:00,0.28237,0.28623,0.2785,0.28237,25600,0.0,0.0
1981-05-28 00:00:00-04:00,0.28623,0.2901,0.28623,0.2901,9600,0.0,0.0
1981-05-29 00:00:00-04:00,0.2901,0.29784,0.28623,0.29397,28800,0.0,0.0
1981-06-01 00:00:00-04:00,0.29397,0.29397,0.2785,0.29397,46400,0.0,0.0
1981-06-02 00:00:00-04:00,0.29397,0.29397,0.27463,0.2785,62400,0.0,0.0
1981-06-03 00:00:00-04:00,0.2785,0.28237,0.27463,0.28237,24000,0.0,0.0
1981-06-04 00:00:00-04:00,0.2901,0.2901,0.2901,0.2901,8000,0.0,0.0
1981-06-05 00:00:00-04:00,0.2901,0.2901,0.28237,0.2901,38400,0.0,0.0
1981-06-08 00:00:00-04:00,0.2901,0.29397,0.28623,0.29397,25600,0.0,0.0
1981-06-09 00:00:00-04:00,0.29397,0.29397,0.2901,0.2901,9600,0.0,0.0
1981-06-10 00:00:00-04:00,0.2901,0.2901,0.2901,0.2901,11200,0.0,0.0
1981-06-11 00:00:00-04:00,0.2901,0.29397,0.28623,0.29397,11200,0.0,0.0
1981-06-12 00:00:00-04:00,0.29397,0.29397,0.28237,0.2901,27200,0.0,0.0
1981-06-15 00:00:00-04:00,0.2901,0.29397,0.2901,0.29397,19200,0.0,0.0
1981-06-16 00:00:00-04:00,0.29397,0.29397,0.29397,0.29397,12800,0.0,0.0
1981-06-17 00:00:00-04:00,0.29397,0.29784,0.29397,0.29397,19200,0.0,0.0
1981-06-18 00:00:00-04:00,0.29397,0.29397,0.2901,0.2901,11200,0.0,0.0
1981-06-19 00:00:00-04:00,0.28623,0.28623,0.2785,0.28237,28800,0.0,0.0
1981-06-22 00:00:00-04:00,0.28623,0.2901,0.28623,0.28623,6400,0.0,0.0
1981-06-23 00:00:00-04:00,0.2901,0.2901,0.2901,0.2901,9600,0.0,0.0
1981-06-24 00:00:00-04:00,0.2901,0.29397,0.28237,0.28623,24000,0.0,0.0
1981-06-25 00:00:00-04:00,0.2901,0.2901,0.2901,0.2901,1600,0.0,0.0
1981-06-26 00:00:00-04:00,0.28623,0.28623,0.28623,0.28623,1600,0.0,0.0
1981-06-29 00:00:00-04:00,0.28237,0.28237,0.28237,0.28237,14400,0.0,0.0
1981-06-30 00:00:00-04:00,0.28237,0.28237,0.28237,0.28237,0,0.0,0.0
1981-07-01 00:00:00-04:00,0.2785,0.2785,0.2785,0.2785,32000,0.0,0.0
1981-07-02 00:00:00-04:00,0.2785,0.2785,0.2785,0.2785,0,0.0,0.0
1981-07-06 00:00:00-04:00,0.2785,0.2785,0.25916,0.26689,131200,0.0,0.0
1981-07-07 00:00:00-04:00,0.26689,0.26689,0.26689,0.26689,3200,0.0,0.0
1981-07-08 00:00:00-04:00,0.26689,0.26689,0.26303,0.26689,8000,0.0,0.0
1981-07-09 00:00:00-04:00,0.26689,0.26689,0.26689,0.26689,0,0.0,0.0
1981-07-10 00:00:00-04:00,0.27076,0.27076,0.27076,0.27076,1600,0.0,0.0
1981-07-13 00:00:00-04:00,0.27076,0.27076,0.27076,0.27076,1600,0.0,0.0
1981-07-14 00:00:00-04:00,0.27076,0.27076,0.27076,0.27076,0,0.0,0.0
1981-07-15 00:00:00-04:00,0.27076,0.27076,0.27076,0.27076,1600,0.0,0.0
1981-07-16 00:00:00-04:00,0.27076,0.27463,0.27076,0.27076,12800,0.0,0.0
1981-07-17 00:00:00-04:00,0.27076,0.27076,0.27076,0.27076,0,0.0,0.0
1981-07-20 00:00:00-04:00,0.27076,0.27076,0.27076,0.27076,0,0.0,0.0
1981-07-21 00:00:00-04:00,0.27076,0.27463,0.26689,0.27463,38400,0.0,0.0
1981-07-22 00:00:00-04:00,0.27463,0.27463,0.27463,0.27463,1600,0.0,0.0
1981-07-23 00:00:00-04:00,0.27463,0.27463,0.27463,0.27463,0,0.0,0.0
1981-07-24 00:00:00-04:00,0.27076,0.27076,0.26689,0.26689,6400,0.0,0.0
1981-07-27 00:00:00-04:00,0.26689,0.26689,0.26689,0.26689,1600,0.0,0.0
1981-07-28 00:00:00-04:00,0.26689,0.27076,0.26303,0.26303,88000,0.0,0.0
1981-07-29 00:00:00-04:00,0.26689,0.26689,0.26689,0.26689,1600,0.0,0.0
1981-07-30 00:00:00-04:00,0.26689,0.27076,0.26689,0.26689,12800,0.0,0.0
1981-07-31 00:00:00-04:00,0.26689,0.27076,0.26303,0.27076,17600,0.0,0.0
1981-08-03 00:00:00-04:00,0.26689,0.26689,0.26689,0.26689,8000,0.0,0.0
1981-08-04 00:00:00-04:00,0.26689,0.26689,0.25916,0.25916,16000,0.0,0.0
1981-08-05 00:00:00-04:00,0.25916,0.25916,0.25916,0.25916,22400,0.0,0.0
1981-08-06 00:00:00-04:00,0.25916,0.25916,0.25916,0.25916,17600,0.0,0.0
1981-08-07 00:00:00-04:00,0.26303,0.26689,0.26303,0.26689,65600,0.0,0.0
1981-08-10 00:00:00-04:00,0.26303,0.26303,0.26303,0.26303,1600,0.0,0.0
1981-08-11 00:00:00-04:00,0.26303,0.27076,0.25916,0.27076,88000,0.0,0.0
1981-08-12 00:00:00-04:00,0.27076,0.27463,0.27076,0.27463,6400,0.0,0.0
1981-08-13 00:00:00-04:00,0.27463,0.27463,0.27463,0.27463,0,0.0,0.0
1981-08-14 00:00:00-04:00,0.27076,0.27076,0.27076,0.27076,4800,0.0,0.0
1981-08-17 00:00:00-04:00,0.27076,0.27076,0.26689,0.26689,9600,0.0,0.0
1981-08-18 00:00:00-04:00,0.26689,0.26689,0.26689,0.26689,9600,0.0,0.0
1981-08-19 00:00:00-04:00,0.26689,0.26689,0.26689,0.26689,1600,0.0,0.0
1981-08-20 00:00:00-04:00,0.25916,0.25916,0.25916,0.25916,32000,0.0,0.0
1981-08-21 00:00:00-04:00,0.25916,0.25916,0.25916,0.25916,3200,0.0,0.0
1981-08-24 00:00:00-04:00,0.25916,0.25916,0.25142,0.25529,27200,0.0,0.0
1981-08-25 00:00:00-04:00,0.25142,0.25142,0.24755,0.25142,8000,0.0,0.0
1981-08-26 00:00:00-04:00,0.25142,0.25142,0.24755,0.24755,30400,0.0,0.0
1981-08-27 00:00:00-04:00,0.24755,0.24755,0.24755,0.24755,0,0.0,0.0
1981-08-28 00:00:00-04:00,0.24755,0.24755,0.24755,0.24755,0,0.0,0.0
1981-08-31 00:00:00-04:00,0.24755,0.24755,0.24755,0.24755,17600,0.0,0.0
1981-09-01 00:00:00-04:00,0.24755,0.25142,0.24755,0.24755,9600,0.0,0.0
1981-09-02 00:00:00-04:00,0.24755,0.24755,0.24755,0.24755,3200,0.0,0.0
1981-09-03 00:00:00-04:00,0.24755,0.25529,0.24369,0.24369,28800,0.0,0.0
1981-09-04 00:00:00-04:00,0.24755,0.25142,0.24755,0.24755,14400,0.0,0.0
1981-09-08 00:00:00-04:00,0.24369,0.24369,0.23595,0.23595,64000,0.0,0.0
1981-09-09 00:00:00-04:00,0.23595,0.24369,0.23208,0.23208,16000,0.0,0.0
1981-09-10 00:00:00-04:00,0.23595,0.23982,0.23595,0.23595,8000,0.0,0.0
1981-09-11 00:00:00-04:00,0.23595,0.23595,0.23595,0.23595,0,0.0,0.0
1981-09-14 00:00:00-04:00,0.23595,0.23595,0.23595,0.23595,0,0.0,0.0
1981-09-15 00:00:00-04:00,0.23982,0.24369,0.23982,0.24369,4800,0.0,0.0
1981-09-16 00:00:00-04:00,0.24369,0.24755,0.23982,0.23982,17600,0.0,0.0
1981-09-17 00:00:00-04:00,0.24755,0.24755,0.24755,0.24755,6400,0.0,0.0
1981-09-18 00:00:00-04:00,0.23982,0.23982,0.23982,0.23982,16000,0.0,0.0
1981-09-21 00:00:00-04:00,0.23982,0.23982,0.23982,0.23982,0,0.0,0.0
1981-09-22 00:00:00-04:00,0.23982,0.23982,0.23595,0.23595,6400,0.0,0.0
1981-09-23 00:00:00-04:00,0.23595,0.23595,0.23595,0.23595,0,0.0,0.0
1981-09-24 00:00:00-04:00,0.23595,0.23595,0.23595,0.23595,0,0.0,0.0
1981-09-25 00:00:00-04:00,0.23208,0.23208,0.23208,0.23208,30400,0.0,0.0
1981-09-28 00:00:00-04:00,0.23208,0.23208,0.23208,0.23208,3200,0.0,0.0
1981-09-29 00:00:00-04:00,0.23982,0.23982,0.23982,0.23982,3200,0.0,0.0
1981-09-30 00:00:00-04:00,0.23982,0.23982,0.23208,0.23208,9600,0.0,0.0
1981-10-01 00:00:00-04:00,0.23208,0.23208,0.23208,0.23208,16000,0.0,0.0
1981-10-02 00:00:00-04:00,0.23208,0.23208,0.22821,0.22821,11200,0.0,0.0
1981-10-05 00:00:00-04:00,0.22821,0.22821,0.22821,0.22821,6400,0.0,0.0
1981-10-06 00:00:00-04:00,0.22821,0.23208,0.22821,0.22821,12800,0.0,0.0
1981-10-07 00:00:00-04:00,0.22821,0.22821,0.22821,0.22821,11200,0.0,0.0
1981-10-08 00:00:00-04:00,0.23208,0.23208,0.23208,0.23208,3200,0.0,0.0
1981-10-09 00:00:00-04:00,0.22821,0.22821,0.22821,0.22821,3200,0.0,0.0
1981-10-12 00:00:00-04:00,0.22821,0.22821,0.22435,0.22435,28800,0.0,0.0
1981-10-13 00:00:00-04:00,0.22435,0.22435,0.22435,0.22435,24000,0.0,0.0
1981-10-14 00:00:00-04:00,0.22435,0.22435,0.21661,0.21661,123200,0.0,0.0
1981-10-15 00:00:00-04:00,0.21661,0.21661,0.21661,0.21661,0,0.0,0.0
1981-10-16 00:00:00-04:00,0.21661,0.21661,0.21661,0.21661,0,0.0,0.0
1981-10-19 00:00:00-04:00,0.21661,0.22048,0.21661,0.21661,3200,0.0,0.0
1981-10-20 00:00:00-04:00,0.21661,0.21661,0.21661,0.21661,8000,0.0,0.0
1981-10-21 00:00:00-04:00,0.21661,0.21661,0.21661,0.21661,11200,0.0,0.0
1981-10-22 00:00:00-04:00,0.21661,0.21661,0.21661,0.21661,16000,0.0,0.0
1981-10-23 00:00:00-04:00,0.21661,0.21661,0.21274,0.21274,14400,0.0,0.0
1981-10-26 00:00:00-05:00,0.21274,0.21274,0.21274,0.21274,0,0.0,0.0
1981-10-27 00:00:00-05:00,0.21274,0.21274,0.20887,0.20887,8000,0.0,0.0
1981-10-28 00:00:00-05:00,0.20887,0.20887,0.20114,0.20501,32000,0.0,0.0
1981-10-29 00:00:00-05:00,0.20501,0.20501,0.19727,0.20501,12800,0.0,0.0
1981-10-30 00:00:00-05:00,0.20114,0.20114,0.19727,0.20114,17600,0.0,0.0
1981-11-02 00:00:00-05:00,0.20114,0.20114,0.20114,0.20114,4800,0.0,0.0
1981-11-03 00:00:00-05:00,0.20114,0.20887,0.20114,0.20887,6400,0.0,0.0
1981-11-04 00:00:00-05:00,0.20114,0.20114,0.20114,0.20114,4800,0.0,0.0
1981-11-05 00:00:00-05:00,0.20114,0.20887,0.19727,0.20887,35200,0.0,0.0
1981-11-06 00:00:00-05:00,0.20887,0.20887,0.20887,0.20887,3200,0.0,0.0
1981-11-09 00:00:00-05:00,0.20501,0.20501,0.20501,0.20501,12800,0.0,0.0
1981-11-10 00:00:00-05:00,0.20501,0.20501,0.20501,0.20501,0,0.0,0.0
1981-11-11 00:00:00-05:00,0.20114,0.20114,0.20114,0.20114,6400,0.0,0.0
1981-11-12 00:00:00-05:00,0.20114,0.20114,0.20114,0.20114,6400,0.0,0.0
1981-11-13 00:00:00-05:00,0.20114,0.20501,0.20114,0.20114,16000,0.0,0.0
1981-11-16 00:00:00-05:00,0.20114,0.20114,0.19727,0.19727,24000,0.0,0.0
1981-11-17 00:00:00-05:00,0.19727,0.19727,0.19727,0.19727,8000,0.0,0.0
1981-11-18 00:00:00-05:00,0.1934,0.1934,0.1934,0.1934,12800,0.0,0.0
1981-11-19 00:00:00-05:00,0.1934,0.19727,0.18953,0.19727,24000,0.0,0.0
1981-11-20 00:00:00-05:00,0.19727,0.19727,0.1934,0.19727,57600,0.0,0.0
1981-11-23 00:00:00-05:00,0.19727,0.20114,0.19727,0.20114,9600,0.0,0.0
1981-11-24 00:00:00-05:00,0.20114,0.20501,0.19727,0.20501,24000,0.0,0.0
1981-11-25 00:00:00-05:00,0.20501,0.20887,0.20501,0.20501,4800,0.0,0.0
1981-11-27 00:00:00-05:00,0.21274,0.21661,0.21274,0.21274,22400,0.0,0.0
1981-11-30 00:00:00-05:00,0.20887,0.20887,0.20887,0.20887,1600,0.0,0.0
1981-12-01 00:00:00-05:00,0.20887,0.20887,0.20887,0.20887,16000,0.0,0.0
1981-12-02 00:00:00-05:00,0.20501,0.20501,0.20501,0.20501,22400,0.0,0.0
1981-12-03 00:00:00-05:00,0.20501,0.20887,0.20114,0.20887,56000,0.0,0.0
1981-12-04 00:00:00-05:00,0.20887,0.20887,0.20501,0.20501,38400,0.0,0.0
1981-12-07 00:00:00-05:00,0.20501,0.20887,0.20501,0.20887,9600,0.0,0.0
1981-12-08 00:00:00-05:00,0.20887,0.21274,0.20501,0.20887,22400,0.0,0.0
1981-12-09 00:00:00-05:00,0.20887,0.20887,0.20501,0.20501,11200,0.0,0.0
1981-12-10 00:00:00-05:00,0.20501,0.20887,0.20501,0.20887,11200,0.0,0.0
1981-12-11 00:00:00-05:00,0.20887,0.20887,0.20501,0.20887,14400,0.0,0.0
1981-12-14 00:00:00-05:00,0.20887,0.20887,0.20114,0.20501,60800,0.0,0.0
1981-12-15 00:00:00-05:00,0.20501,0.20887,0.20114,0.20501,38400,0.0,0.0
1981-12-16 00:00:00-05:00,0.20501,0.22048,0.20501,0.22048,78400,0.0,0.0
1981-12-17 00:00:00-05:00,0.22048,0.22435,0.21661,0.22435,16000,0.0,0.0
1981-12-18 00:00:00-05:00,0.22435,0.22821,0.21661,0.22435,20800,0.0,0.0
1981-12-21 00:00:00-05:00,0.21661,0.21661,0.21661,0.21661,3200,0.0,0.0
1981-12-22 00:00:00-05:00,0.21274,0.21274,0.20887,0.20887,22400,0.0,0.0
1981-12-23 00:00:00-05:00,0.20887,0.21274,0.20887,0.20887,20800,0.0,0.0
1981-12-24 00:00:00-05:00,0.21274,0.21274,0.21274,0.21274,4800,0.0,0.0
1981-12-28 00:00:00-05:00,0.21274,0.21274,0.20887,0.20887,8000,0.0,0.0
1981-12-29 00:00:00-05:00,0.20887,0.20887,0.20114,0.20114,35200,0.0,0.0
1981-12-30 00:00:00-05:00,0.20114,0.20114,0.20114,0.20114,17600,0.0,0.0
1981-12-31 00:00:00-05:00,0.20114,0.20501,0.20114,0.20114,51200,0.0,0.0
1982-01-04 00:00:00-05:00,0.20114,0.20887,0.20114,0.20887,24000,0.0,0.0
1982-01-05 00:00:00-05:00,0.21274,0.21274,0.21274,0.21274,19200,0.0,0.0
1982-01-06 00:00:00-05:00,0.20887,0.20887,0.20887,0.20887,32000,0.0,0.0
1982-01-07 00:00:00-05:00,0.20887,0.20887,0.20887,0.20887,0,0.0,0.0
1982-01-08 00:00:00-05:00,0.20887,0.21274,0.20501,0.21274,59200,0.0,0.0
1982-01-11 00:00:00-05:00,0.21274,0.21661,0.20501,0.20501,49600,0.0,0.0
1982-01-12 00:00:00-05:00,0.20501,0.20887,0.20114,0.20114,56000,0.0,0.0
1982-01-13 00:00:00-05:00,0.20114,0.20114,0.20114,0.20114,0,0.0,0.0
1982-01-14 00:00:00-05:00,0.20114,0.20114,0.20114,0.20114,8000,0.0,0.0
1982-01-15 00:00:00-05:00,0.20114,0.20114,0.20114,0.20114,0,0.0,0.0
1982-01-18 00:00:00-05:00,0.20114,0.20501,0.19727,0.20114,41600,0.0,0.0
1982-01-19 00:00:00-05:00,0.19727,0.19727,0.19727,0.19727,8000,0.0,0.0
1982-01-20 00:00:00-05:00,0.19727,0.19727,0.19727,0.19727,35200,0.0,0.0
1982-01-21 00:00:00-05:00,0.20114,0.20501,0.20114,0.20501,6400,0.0,0.0
1982-01-22 00:00:00-05:00,0.20501,0.20501,0.20501,0.20501,0,0.0,0.0
1982-01-25 00:00:00-05:00,0.20114,0.20114,0.19727,0.19727,8000,0.0,0.0
1982-01-26 00:00:00-05:00,0.20114,0.20114,0.20114,0.20114,49600,0.0,0.0
1982-01-27 00:00:00-05:00,0.20114,0.20114,0.19727,0.19727,12800,0.0,0.0
1982-01-28 00:00:00-05:00,0.19727,0.20114,0.19727,0.20114,8000,0.0,0.0
1982-01-29 00:00:00-05:00,0.20501,0.23208,0.20501,0.23208,64000,0.0,0.0
1982-02-01 00:00:00-05:00,0.23208,0.23982,0.22435,0.23595,41600,0.0,0.0
1982-02-02 00:00:00-05:00,0.23595,0.23595,0.23595,0.23595,0,0.0,0.0
1982-02-03 00:00:00-05:00,0.23595,0.23595,0.23208,0.23595,9600,0.0,0.0
1982-02-04 00:00:00-05:00,0.23208,0.23208,0.23208,0.23208,19200,0.0,0.0
1982-02-05 00:00:00-05:00,0.23982,0.23982,0.23982,0.23982,1600,0.0,0.0
1982-02-08 00:00:00-05:00,0.23595,0.23595,0.23208,0.23208,25600,0.0,0.0
1982-02-09 00:00:00-05:00,0.23208,0.23595,0.23208,0.23208,12800,0.0,0.0
1982-02-10 00:00:00-05:00,0.21661,0.21661,0.21661,0.21661,1600,0.0,0.0
1982-02-11 00:00:00-05:00,0.23982,0.24369,0.23982,0.23982,17600,0.0,0.0
1982-02-12 00:00:00-05:00,0.23982,0.23982,0.23595,0.23595,4800,0.0,0.0
1982-02-16 00:00:00-05:00,0.23208,0.23208,0.23208,0.23208,3200,0.0,0.0
1982-02-17 00:00:00-05:00,0.23208,0.23208,0.23208,0.23208,0,0.0,0.0
1982-02-18 00:00:00-05:00,0.23595,0.23595,0.23595,0.23595,1600,0.0,0.0
1982-02-19 00:00:00-05:00,0.23208,0.23208,0.23208,0.23208,1600,0.0,0.0
1982-02-22 00:00:00-05:00,0.22821,0.22821,0.22435,0.22435,17600,0.0,0.0
1982-02-23 00:00:00-05:00,0.22435,0.22435,0.22048,0.22048,9600,0.0,0.0
1982-02-24 00:00:00-05:00,0.22048,0.22048,0.22048,0.22048,0,0.0,0.0
1982-02-25 00:00:00-05:00,0.22048,0.22048,0.22048,0.22048,0,0.0,0.0
1982-02-26 00:00:00-05:00,0.21661,0.21661,0.21661,0.21661,3200,0.0,0.0
1982-03-01 00:00:00-05:00,0.21274,0.21274,0.21274,0.21274,32000,0.0,0.0
1982-03-02 00:00:00-05:00,0.20887,0.20887,0.20887,0.20887,3200,0.0,0.0
1982-03-03 00:00:00-05:00,0.20887,0.21274,0.20114,0.20114,11200,0.0,0.0
1982-03-04 00:00:00-05:00,0.20501,0.20501,0.20501,0.20501,4800,0.0,0.0
1982-03-05 00:00:00-05:00,0.20501,0.20501,0.20501,0.20501,0,0.0,0.0
1982-03-08 00:00:00-05:00,0.20114,0.20114,0.1934,0.1934,38400,0.0,0.0
1982-03-09 00:00:00-05:00,0.1934,0.19727,0.1934,0.19727,19200,0.0,0.0
1982-03-10 00:00:00-05:00,0.19727,0.19727,0.19727,0.19727,1600,0.0,0.0
1982-03-11 00:00:00-05:00,0.20114,0.20114,0.20114,0.20114,4800,0.0,0.0
1982-03-12 00:00:00-05:00,0.20114,0.20114,0.20114,0.20114,0,0.0,0.0
1982-03-15 00:00:00-05:00,0.20114,0.20114,0.20114,0.20114,0,0.0,0.0
1982-03-16 00:00:00-05:00,0.19727,0.19727,0.19727,0.19727,8000,0.0,0.0
1982-03-17 00:00:00-05:00,0.20114,0.20114,0.20114,0.20114,3200,0.0,0.0
1982-03-18 00:00:00-05:00,0.20501,0.20501,0.20501,0.20501,4800,0.0,0.0
1982-03-19 00:00:00-05:00,0.20501,0.20501,0.20501,0.20501,0,0.0,0.0
1982-03-22 00:00:00-05:00,0.20501,0.20501,0.20501,0.20501,0,0.0,0.0
1982-03-23 00:00:00-05:00,0.20501,0.20887,0.20114,0.20887,16000,0.0,0.0
1982-03-24 00:00:00-05:00,0.20501,0.20501,0.19727,0.19727,19200,0.0,0.0
1982-03-25 00:00:00-05:00,0.19727,0.20501,0.19727,0.20501,14400,0.0,0.0
1982-03-26 00:00:00-05:00,0.19727,0.19727,0.19727,0.19727,24000,0.0,0.0
1982-03-29 00:00:00-05:00,0.20114,0.20114,0.20114,0.20114,1600,0.0,0.0
1982-03-30 00:00:00-05:00,0.20114,0.20114,0.20114,0.20114,0,0.0,0.0
1982-03-31 00:00:00-05:00,0.19727,0.19727,0.1934,0.1934,30400,0.0,0.0
1982-04-01 00:00:00-05:00,0.19727,0.19727,0.19727,0.19727,1600,0.0,0.0
1982-04-02 00:00:00-05:00,0.19727,0.19727,0.19727,0.19727,0,0.0,0.0
1982-04-05 00:00:00-05:00,0.1934,0.1934,0.1934,0.1934,3200,0.0,0.0
1982-04-06 00:00:00-05:00,0.1934,0.1934,0.1934,0.1934,16000,0.0,0.0
1982-04-07 00:00:00-05:00,0.1934,0.1934,0.1934,0.1934,4800,0.0,0.0
1982-04-08 00:00:00-05:00,0.1934,0.19727,0.1934,0.1934,19200,0.0,0.0
1982-04-12 00:00:00-05:00,0.1934,0.1934,0.1934,0.1934,0,0.0,0.0
1982-04-13 00:00:00-05:00,0.1934,0.1934,0.18953,0.18953,75200,0.0,0.0
1982-04-14 00:00:00-05:00,0.18953,0.18953,0.18953,0.18953,9600,0.0,0.0
1982-04-15 00:00:00-05:00,0.1934,0.19727,0.1934,0.1934,30400,0.0,0.0
1982-04-16 00:00:00-05:00,0.1934,0.1934,0.1934,0.1934,4800,0.0,0.0
1982-04-19 00:00:00-05:00,0.20114,0.20114,0.20114,0.20114,3200,0.0,0.0
1982-04-20 00:00:00-05:00,0.20501,0.20887,0.20501,0.20887,12800,0.0,0.0
1982-04-21 00:00:00-05:00,0.20887,0.20887,0.20887,0.20887,0,0.0,0.0
1982-04-22 00:00:00-05:00,0.20887,0.20887,0.20887,0.20887,0,0.0,0.0
1982-04-23 00:00:00-05:00,0.20887,0.20887,0.20114,0.20114,19200,0.0,0.0
1982-04-26 00:00:00-04:00,0.19727,0.19727,0.19727,0.19727,8000,0.0,0.0
1982-04-27 00:00:00-04:00,0.20114,0.20114,0.20114,0.20114,4800,0.0,0.0
1982-04-28 00:00:00-04:00,0.20114,0.20114,0.20114,0.20114,3200,0.0,0.0
1982-04-29 00:00:00-04:00,0.19727,0.19727,0.19727,0.19727,1600,0.0,0.0
1982-04-30 00:00:00-04:00,0.19727,0.20114,0.19727,0.20114,16000,0.0,0.0
1982-05-03 00:00:00-04:00,0.20114,0.20114,0.20114,0.20114,0,0.0,0.0
1982-05-04 00:00:00-04:00,0.20114,0.20114,0.20114,0.20114,3200,0.0,0.0
1982-05-05 00:00:00-04:00,0.1934,0.1934,0.1934,0.1934,3200,0.0,0.0
1982-05-06 00:00:00-04:00,0.1934,0.19727,0.1934,0.19727,25600,0.0,0.0
1982-05-07 00:00:00-04:00,0.19727,0.19727,0.19727,0.19727,0,0.0,0.0
1982-05-10 00:00:00-04:00,0.19727,0.20114,0.19727,0.19727,4800,0.0,0.0
1982-05-11 00:00:00-04:00,0.19727,0.19727,0.19727,0.19727,0,0.0,0.0
1982-05-12 00:00:00-04:00,0.19727,0.19727,0.19727,0.19727,0,0.0,0.0
1982-05-13 00:00:00-04:00,0.19727,0.19727,0.19727,0.19727,0,0.0,0.0
1982-05-14 00:00:00-04:00,0.19727,0.19727,0.19727,0.19727,0,0.0,0.0
1982-05-17 00:00:00-04:00,0.19727,0.19727,0.1934,0.1934,9600,0.0,0.0
1982-05-18 00:00:00-04:00,0.1934,0.1934,0.1934,0.1934,1600,0.0,0.0
1982-05-19 00:00:00-04:00,0.1934,0.1934,0.18953,0.18953,24000,0.0,0.0
1982-05-20 00:00:00-04:00,0.18953,0.18953,0.18953,0.18953,3200,0.0,0.0
1982-05-21 00:00:00-04:00,0.18953,0.18953,0.18953,0.18953,0,0.0,0.0
1982-05-24 00:00:00-04:00,0.18953,0.18953,0.18953,0.18953,6400,0.0,0.0
1982-05-25 00:00:00-04:00,0.18953,0.1934,0.18953,0.1934,12800,0.0,0.0
1982-05-26 00:00:00-04:00,0.1934,0.1934,0.1934,0.1934,0,0.0,0.0
1982-05-27 00:00:00-04:00,0.1934,0.1934,0.1934,0.1934,0,0.0,0.0
1982-05-28 00:00:00-04:00,0.1934,0.1934,0.1934,0.1934,3200,0.0,0.0
1982-06-01 00:00:00-04:00,0.1934,0.19727,0.1934,0.1934,27200,0.0,0.0
1982-06-02 00:00:00-04:00,0.19727,0.20114,0.19727,0.20114,6400,0.0,0.0
1982-06-03 00:00:00-04:00,0.20114,0.20114,0.20114,0.20114,0,0.0,0.0
1982-06-04 00:00:00-04:00,0.19727,0.19727,0.19727,0.19727,3200,0.0,0.0
1982-06-07 00:00:00-04:00,0.1934,0.1934,0.1934,0.1934,3200,0.0,0.0
1982-06-08 00:00:00-04:00,0.18953,0.18953,0.18953,0.18953,6400,0.0,0.0
1982-06-09 00:00:00-04:00,0.18953,0.18953,0.18953,0.18953,8000,0.0,0.0
1982-06-10 00:00:00-04:00,0.18953,0.18953,0.18953,0.18953,16000,0.0,0.0
1982-06-11 00:00:00-04:00,0.18953,0.18953,0.18953,0.18953,38400,0.0,0.0
1982-06-14 00:00:00-04:00,0.18953,0.18953,0.18953,0.18953,9600,0.0,0.0
1982-06-15 00:00:00-04:00,0.18953,0.18953,0.18953,0.18953,3200,0.0,0.0
1982-06-16 00:00:00-04:00,0.18953,0.18953,0.18953,0.18953,0,0.0,0.0
1982-06-17 00:00:00-04:00,0.18567,0.18567,0.18567,0.18567,11200,0.0,0.0
1982-06-18 00:00:00-04:00,0.18567,0.18567,0.18567,0.18567,6400,0.0,0.0
1982-06-21 00:00:00-04:00,0.18953,0.18953,0.18953,0.18953,1600,0.0,0.0
1982-06-22 00:00:00-04:00,0.1934,0.19727,0.1934,0.19727,9600,0.0,0.0
1982-06-23 00:00:00-04:00,0.19727,0.19727,0.19727,0.19727,0,0.0,0.0
1982-06-24 00:00:00-04:00,0.19727,0.19727,0.19727,0.19727,0,0.0,0.0
1982-06-25 00:00:00-04:00,0.19727,0.19727,0.19727,0.19727,0,0.0,0.0
1982-06-28 00:00:00-04:00,0.19727,0.19727,0.19727,0.19727,0,0.0,0.0
1982-06-29 00:00:00-04:00,0.1934,0.1934,0.18953,0.18953,17600,0.0,0.0
1982-06-30 00:00:00-04:00,0.18953,0.1934,0.18953,0.18953,17600,0.0,0.0
1982-07-01 00:00:00-04:00,0.18953,0.18953,0.18953,0.18953,12800,0.0,0.0
1982-07-02 00:00:00-04:00,0.19727,0.19727,0.19727,0.19727,1600,0.0,0.0
1982-07-06 00:00:00-04:00,0.19727,0.19727,0.19727,0.19727,0,0.0,0.0
1982-07-07 00:00:00-04:00,0.20114,0.20114,0.20114,0.20114,1600,0.0,0.0
1982-07-08 00:00:00-04:00,0.20114,0.20114,0.20114,0.20114,40000,0.0,0.0
1982-07-09 00:00:00-04:00,0.20114,0.20114,0.19727,0.19727,48000,0.0,0.0
1982-07-12 00:00:00-04:00,0.1934,0.1934,0.1934,0.1934,17600,0.0,0.0
1982-07-13 00:00:00-04:00,0.1934,0.20114,0.1934,0.20114,17600,0.0,0.0
1982-07-14 00:00:00-04:00,0.20114,0.20501,0.19727,0.19727,6400,0.0,0.0
1982-07-15 00:00:00-04:00,0.1934,0.1934,0.1934,0.1934,25600,0.0,0.0
1982-07-16 00:00:00-04:00,0.18953,0.18953,0.18953,0.18953,3200,0.0,0.0
1982-07-19 00:00:00-04:00,0.18953,0.18953,0.18953,0.18953,0,0.0,0.0
1982-07-20 00:00:00-04:00,0.19727,0.19727,0.19727,0.19727,3200,0.0,0.0
1982-07-21 00:00:00-04:00,0.20114,0.20114,0.20114,0.20114,8000,0.0,0.0
1982-07-22 00:00:00-04:00,0.19727,0.19727,0.19727,0.19727,1600,0.0,0.0
1982-07-23 00:00:00-04:00,0.1934,0.1934,0.1934,0.1934,3200,0.0,0.0
1982-07-26 00:00:00-04:00,0.18953,0.18953,0.18953,0.18953,8000,0.0,0.0
1982-07-27 00:00:00-04:00,0.18953,0.18953,0.18567,0.18567,8000,0.0,0.0
1982-07-28 00:00:00-04:00,0.18567,0.18567,0.18567,0.18567,3200,0.0,0.0
1982-07-29 00:00:00-04:00,0.18567,0.18953,0.18567,0.18567,20800,0.0,0.0
1982-07-30 00:00:00-04:00,0.18567,0.18567,0.18567,0.18567,1600,0.0,0.0
1982-08-02 00:00:00-04:00,0.18567,0.18567,0.18567,0.18567,0,0.0,0.0
1982-08-03 00:00:00-04:00,0.18567,0.18567,0.18567,0.18567,6400,0.0,0.0
1982-08-04 00:00:00-04:00,0.18567,0.18567,0.18567,0.18567,0,0.0,0.0
1982-08-05 00:00:00-04:00,0.18567,0.18567,0.18567,0.18567,0,0.0,0.0
1982-08-06 00:00:00-04:00,0.18567,0.18567,0.1818,0.18567,56000,0.0,0.0
1982-08-09 00:00:00-04:00,0.1818,0.1818,0.1818,0.1818,16000,0.0,0.0
1982-08-10 00:00:00-04:00,0.1818,0.1818,0.1818,0.1818,0,0.0,0.0
1982-08-11 00:00:00-04:00,0.1818,0.1818,0.1818,0.1818,1600,0.0,0.0
1982-08-12 00:00:00-04:00,0.1818,0.1818,0.1818,0.1818,0,0.0,0.0
1982-08-13 00:00:00-04:00,0.1818,0.1818,0.1818,0.1818,0,0.0,0.0
1982-08-16 00:00:00-04:00,0.17793,0.17793,0.17793,0.17793,40000,0.0,0.0
1982-08-17 00:00:00-04:00,0.17793,0.18567,0.17793,0.18567,12800,0.0,0.0
1982-08-18 00:00:00-04:00,0.18953,0.19727,0.18953,0.1934,17600,0.0,0.0
1982-08-19 00:00:00-04:00,0.1934,0.1934,0.1934,0.1934,0,0.0,0.0
1982-08-20 00:00:00-04:00,0.1934,0.1934,0.1934,0.1934,0,0.0,0.0
1982-08-23 00:00:00-04:00,0.1934,0.1934,0.18953,0.1934,12800,0.0,0.0
1982-08-24 00:00:00-04:00,0.18953,0.18953,0.18567,0.18567,49600,0.0,0.0
1982-08-25 00:00:00-04:00,0.1934,0.1934,0.1934,0.1934,3200,0.0,0.0
1982-08-26 00:00:00-04:00,0.1934,0.1934,0.18567,0.18567,49600,0.0,0.0
1982-08-27 00:00:00-04:00,0.18567,0.18567,0.18567,0.18567,0,0.0,0.0
1982-08-30 00:00:00-04:00,0.18567,0.18567,0.18567,0.18567,0,0.0,0.0
1982-08-31 00:00:00-04:00,0.18953,0.18953,0.18953,0.18953,3200,0.0,0.0
1982-09-01 00:00:00-04:00,0.18567,0.18567,0.18567,0.18567,4800,0.0,0.0
1982-09-02 00:00:00-04:00,0.18567,0.18567,0.18567,0.18567,8000,0.0,0.0
1982-09-03 00:00:00-04:00,0.18567,0.18567,0.18567,0.18567,0,0.0,0.0
1982-09-07 00:00:00-04:00,0.18567,0.1934,0.18567,0.1934,8000,0.0,0.0
1982-09-08 00:00:00-04:00,0.1934,0.1934,0.1934,0.1934,0,0.0,0.0
1982-09-09 00:00:00-04:00,0.18953,0.18953,0.18953,0.18953,3200,0.0,0.0
1982-09-10 00:00:00-04:00,0.18953,0.18953,0.18953,0.18953,0,0.0,0.0
1982-09-13 00:00:00-04:00,0.18567,0.18567,0.18567,0.18567,9600,0.0,0.0
1982-09-14 00:00:00-04:00,0.18567,0.18567,0.18567,0.18567,1600,0.0,0.0
1982-09-15 00:00:00-04:00,0.18567,0.18953,0.18567,0.18953,12800,0.0,0.0
1982-09-16 00:00:00-04:00,0.18953,0.18953,0.18567,0.18953,6400,0.0,0.0
1982-09-17 00:00:00-04:00,0.18953,0.18953,0.18953,0.18953,0,0.0,0.0
1982-09-20 00:00:00-04:00,0.18567,0.18567,0.18567,0.18567,51200,0.0,0.0
1982-09-21 00:00:00-04:00,0.18567,0.18567,0.18567,0.18567,0,0.0,0.0
1982-09-22 00:00:00-04:00,0.1934,0.1934,0.1934,0.1934,16000,0.0,0.0
1982-09-23 00:00:00-04:00,0.18953,0.18953,0.18953,0.18953,3200,0.0,0.0
1982-09-24 00:00:00-04:00,0.1934,0.1934,0.1934,0.1934,12800,0.0,0.0
1982-09-27 00:00:00-04:00,0.1934,0.1934,0.1934,0.1934,0,0.0,0.0
1982-09-28 00:00:00-04:00,0.18953,0.18953,0.18953,0.18953,1600,0.0,0.0
1982-09-29 00:00:00-04:00,0.18953,0.18953,0.18953,0.18953,16000,0.0,0.0
1982-09-30 00:00:00-04:00,0.18953,0.18953,0.18953,0.18953,9600,0.0,0.0
1982-10-01 00:00:00-04:00,0.18567,0.18567,0.18567,0.18567,4800,0.0,0.0
1982-10-04 00:00:00-04:00,0.18567,0.18567,0.18567,0.18567,0,0.0,0.0
1982-10-05 00:00:00-04:00,0.18567,0.18567,0.18567,0.18567,0,0.0,0.0
1982-10-06 00:00:00-04:00,0.1934,0.1934,0.1934,0.1934,3200,0.0,0.0
1982-10-07 00:00:00-04:00,0.19727,0.19727,0.19727,0.19727,3200,0.0,0.0
1982-10-08 00:00:00-04:00,0.19727,0.20114,0.19727,0.19727,8000,0.0,0.0
1982-10-11 00:00:00-04:00,0.19727,0.20887,0.19727,0.20887,49600,0.0,0.0
1982-10-12 00:00:00-04:00,0.20887,0.20887,0.20114,0.20501,20800,0.0,0.0
1982-10-13 00:00:00-04:00,0.20501,0.21661,0.20501,0.21661,28800,0.0,0.0
1982-10-14 00:00:00-04:00,0.22435,0.22435,0.22435,0.22435,1600,0.0,0.0
1982-10-15 00:00:00-04:00,0.22048,0.22048,0.22048,0.22048,3200,0.0,0.0
1982-10-18 00:00:00-04:00,0.22048,0.22821,0.21661,0.22048,25600,0.0,0.0
1982-10-19 00:00:00-04:00,0.22048,0.22048,0.22048,0.22048,11200,0.0,0.0
1982-10-20 00:00:00-04:00,0.22435,0.23595,0.22435,0.23595,12800,0.0,0.0
1982-10-21 00:00:00-04:00,0.23982,0.24369,0.23982,0.23982,11200,0.0,0.0
1982-10-22 00:00:00-04:00,0.24755,0.24755,0.24755,0.24755,12800,0.0,0.0
1982-10-25 00:00:00-04:00,0.24755,0.24755,0.23982,0.23982,11200,0.0,0.0
1982-10-26 00:00:00-04:00,0.23595,0.23595,0.23595,0.23595,4800,0.0,0.0
1982-10-27 00:00:00-04:00,0.23595,0.23595,0.23595,0.23595,8000,0.0,0.0
1982-10-28 00:00:00-04:00,0.23208,0.23208,0.23208,0.23208,9600,0.0,0.0
1982-10-29 00:00:00-04:00,0.22821,0.22821,0.21661,0.21661,4800,0.0,0.0
1982-11-01 00:00:00-05:00,0.23595,0.23595,0.23595,0.23595,1600,0.0,0.0
1982-11-02 00:00:00-05:00,0.23595,0.23595,0.23595,0.23595,0,0.0,0.0
1982-11-03 00:00:00-05:00,0.23982,0.24755,0.23982,0.24755,16000,0.0,0.0
1982-11-04 00:00:00-05:00,0.24755,0.25142,0.24369,0.25142,35200,0.0,0.0
1982-11-05 00:00:00-05:00,0.25142,0.25529,0.24755,0.25529,27200,0.0,0.0
1982-11-08 00:00:00-05:00,0.25529,0.25529,0.24755,0.25142,19200,0.0,0.0
1982-11-09 00:00:00-05:00,0.25142,0.25142,0.24755,0.24755,17600,0.0,0.0
1982-11-10 00:00:00-05:00,0.24755,0.24755,0.24755,0.24755,22400,0.0,0.0
1982-11-11 00:00:00-05:00,0.25142,0.25142,0.25142,0.25142,11200,0.0,0.0
1982-11-12 00:00:00-05:00,0.25529,0.27076,0.25529,0.27076,49600,0.0,0.0
1982-11-15 00:00:00-05:00,0.26689,0.26689,0.26689,0.26689,4800,0.0,0.0
1982-11-16 00:00:00-05:00,0.26303,0.26303,0.26303,0.26303,9600,0.0,0.0
1982-11-17 00:00:00-05:00,0.26303,0.26303,0.26303,0.26303,16000,0.0,0.0
1982-11-18 00:00:00-05:00,0.26303,0.26303,0.26303,0.26303,0,0.0,0.0
1982-11-19 00:00:00-05:00,0.25916,0.25916,0.25529,0.25529,16000,0.0,0.0
1982-11-22 00:00:00-05:00,0.25529,0.25529,0.25529,0.25529,0,0.0,0.0
1982-11-23 00:00:00-05:00,0.25142,0.25142,0.24755,0.25142,24000,0.0,0.0
1982-11-24 00:00:00-05:00,0.24755,0.24755,0.24755,0.24755,1600,0.0,0.0
1982-11-26 00:00:00-05:00,0.24755,0.25142,0.24755,0.24755,4800,0.0,0.0
1982-11-29 00:00:00-05:00,0.24755,0.24755,0.24755,0.24755,0,0.0,0.0
1982-11-30 00:00:00-05:00,0.24369,0.24369,0.24369,0.24369,8000,0.0,0.0
1982-12-01 00:00:00-05:00,0.25142,0.25916,0.25142,0.25916,24000,0.0,0.0
1982-12-02 00:00:00-05:00,0.25916,0.28623,0.25529,0.25529,112000,0.0,0.0
1982-12-03 00:00:00-05:00,0.25529,0.25529,0.25529,0.25529,25600,0.0,0.0
1982-12-06 00:00:00-05:00,0.25529,0.25529,0.25529,0.25529,3200,0.0,0.0
1982-12-07 00:00:00-05:00,0.25142,0.25142,0.25142,0.25142,3200,0.0,0.0
1982-12-08 00:00:00-05:00,0.25142,0.26303,0.25142,0.25142,38400,0.0,0.0
1982-12-09 00:00:00-05:00,0.24755,0.24755,0.24369,0.24369,12800,0.0,0.0
1982-12-10 00:00:00-05:00,0.24369,0.24755,0.24369,0.24755,6400,0.0,0.0
1982-12-13 00:00:00-05:00,0.25529,0.26689,0.25529,0.25916,73600,0.0,0.0
1982-12-14 00:00:00-05:00,0.25916,0.26303,0.24755,0.24755,36800,0.0,0.0
1982-12-15 00:00:00-05:00,0.24755,0.25142,0.24755,0.24755,8000,0.0,0.0
1982-12-16 00:00:00-05:00,0.23982,0.23982,0.23208,0.23982,44800,0.0,0.0
1982-12-17 00:00:00-05:00,0.23982,0.24369,0.23982,0.23982,9600,0.0,0.0
1982-12-20 00:00:00-05:00,0.23595,0.23595,0.23208,0.23208,17600,0.0,0.0
1982-12-21 00:00:00-05:00,0.23208,0.23208,0.23208,0.23208,0,0.0,0.0
1982-12-22 00:00:00-05:00,0.23208,0.23208,0.23208,0.23208,8000,0.0,0.0
1982-12-23 00:00:00-05:00,0.23208,0.23208,0.23208,0.23208,0,0.0,0.0
1982-12-27 00:00:00-05:00,0.23208,0.23208,0.23208,0.23208,11200,0.0,0.0
1982-12-28 00:00:00-05:00,0.23208,0.23208,0.22821,0.23208,22400,0.0,0.0
1982-12-29 00:00:00-05:00,0.22821,0.22821,0.22821,0.22821,8000,0.0,0.0
1982-12-30 00:00:00-05:00,0.22821,0.22821,0.22048,0.22048,41600,0.0,0.0
1982-12-31 00:00:00-05:00,0.22048,0.22821,0.21661,0.21661,36800,0.0,0.0
1983-01-03 00:00:00-05:00,0.21661,0.21661,0.21661,0.21661,0,0.0,0.0
1983-01-04 00:00:00-05:00,0.21661,0.22435,0.21661,0.22435,8000,0.0,0.0
1983-01-05 00:00:00-05:00,0.22821,0.23595,0.22821,0.23595,16000,0.0,0.0
1983-01-06 00:00:00-05:00,0.23595,0.23982,0.23208,0.23982,16000,0.0,0.0
1983-01-07 00:00:00-05:00,0.23982,0.23982,0.23595,0.23595,17600,0.0,0.0
1983-01-10 00:00:00-05:00,0.23595,0.23982,0.23595,0.23982,6400,0.0,0.0
1983-01-11 00:00:00-05:00,0.23982,0.24369,0.23982,0.24369,32000,0.0,0.0
1983-01-12 00:00:00-05:00,0.24369,0.24755,0.23595,0.23595,27200,0.0,0.0
1983-01-13 00:00:00-05:00,0.23982,0.25142,0.23982,0.24755,28800,0.0,0.0
1983-01-14 00:00:00-05:00,0.24755,0.25529,0.24755,0.24755,11200,0.0,0.0
1983-01-17 00:00:00-05:00,0.23982,0.23982,0.23595,0.23982,19200,0.0,0.0
1983-01-18 00:00:00-05:00,0.23982,0.24369,0.23982,0.23982,6400,0.0,0.0
1983-01-19 00:00:00-05:00,0.23982,0.23982,0.23595,0.23595,11200,0.0,0.0
1983-01-20 00:00:00-05:00,0.23595,0.23595,0.23595,0.23595,0,0.0,0.0
1983-01-21 00:00:00-05:00,0.23595,0.23595,0.23595,0.23595,0,0.0,0.0
1983-01-24 00:00:00-05:00,0.23208,0.23208,0.22821,0.22821,32000,0.0,0.0
1983-01-25 00:00:00-05:00,0.22821,0.23595,0.22435,0.23595,12800,0.0,0.0
1983-01-26 00:00:00-05:00,0.23595,0.23982,0.23595,0.23595,17600,0.0,0.0
1983-01-27 00:00:00-05:00,0.23595,0.23982,0.23595,0.23595,44800,0.0,0.0
1983-01-28 00:00:00-05:00,0.23595,0.23595,0.23595,0.23595,0,0.0,0.0
1983-01-31 00:00:00-05:00,0.23208,0.23208,0.23208,0.23208,4800,0.0,0.0
1983-02-01 00:00:00-05:00,0.23208,0.23208,0.22435,0.22435,17600,0.0,0.0
1983-02-02 00:00:00-05:00,0.22821,0.23208,0.22821,0.23208,16000,0.0,0.0
1983-02-03 00:00:00-05:00,0.23208,0.23595,0.23208,0.23208,16000,0.0,0.0
1983-02-04 00:00:00-05:00,0.23595,0.23595,0.23595,0.23595,19200,0.0,0.0
1983-02-07 00:00:00-05:00,0.23982,0.23982,0.23982,0.23982,19200,0.0,0.0
1983-02-08 00:00:00-05:00,0.23595,0.23595,0.23208,0.23208,65600,0.0,0.0
1983-02-09 00:00:00-05:00,0.23595,0.23595,0.23595,0.23595,14400,0.0,0.0
1983-02-10 00:00:00-05:00,0.23982,0.23982,0.23982,0.23982,8000,0.0,0.0
1983-02-11 00:00:00-05:00,0.24369,0.25142,0.24369,0.25142,46400,0.0,0.0
1983-02-14 00:00:00-05:00,0.25142,0.27076,0.25142,0.27076,41600,0.0,0.0
1983-02-15 00:00:00-05:00,0.27076,0.27076,0.25916,0.26689,65600,0.0,0.0
1983-02-16 00:00:00-05:00,0.27076,0.2785,0.27076,0.2785,35200,0.0,0.0
1983-02-17 00:00:00-05:00,0.2785,0.28623,0.27076,0.28237,27200,0.0,0.0
1983-02-18 00:00:00-05:00,0.2785,0.2785,0.27463,0.2785,14400,0.0,0.0
1983-02-22 00:00:00-05:00,0.27463,0.27463,0.26689,0.26689,41600,0.0,0.0
1983-02-23 00:00:00-05:00,0.26689,0.28623,0.26689,0.28623,49600,0.0,0.0
1983-02-24 00:00:00-05:00,0.28237,0.28237,0.2785,0.2785,4800,0.0,0.0
1983-02-25 00:00:00-05:00,0.2785,0.28623,0.27463,0.28237,76800,0.0,0.0
1983-02-28 00:00:00-05:00,0.28237,0.28623,0.28237,0.28623,20800,0.0,0.0
1983-03-01 00:00:00-05:00,0.28623,0.28623,0.2785,0.28623,24000,0.0,0.0
1983-03-02 00:00:00-05:00,0.28237,0.28237,0.2785,0.2785,14400,0.0,0.0
1983-03-03 00:00:00-05:00,0.2785,0.29784,0.27463,0.29784,70400,0.0,0.0
1983-03-04 00:00:00-05:00,0.29784,0.30171,0.2901,0.2901,49600,0.0,0.0
1983-03-07 00:00:00-05:00,0.2901,0.29784,0.2901,0.2901,22400,0.0,0.0
1983-03-08 00:00:00-05:00,0.2901,0.29397,0.28623,0.28623,27200,0.0,0.0
1983-03-09 00:00:00-05:00,0.28623,0.2901,0.28623,0.2901,11200,0.0,0.0
1983-03-10 00:00:00-05:00,0.2901,0.2901,0.2901,0.2901,40000,0.0,0.0
1983-03-11 00:00:00-05:00,0.29397,0.29397,0.29397,0.29397,11200,0.0,0.0
1983-03-14 00:00:00-05:00,0.2901,0.2901,0.28623,0.2901,33600,0.0,0.0
1983-03-15 00:00:00-05:00,0.2901,0.2901,0.2901,0.2901,0,0.0,0.0
1983-03-16 00:00:00-05:00,0.2901,0.29397,0.28623,0.2901,24000,0.0,0.0
1983-03-17 00:00:00-05:00,0.2901,0.2901,0.28623,0.28623,20800,0.0,0.0
1983-03-18 00:00:00-05:00,0.28623,0.28623,0.28623,0.28623,0,0.0,0.0
1983-03-21 00:00:00-05:00,0.28623,0.28623,0.28623,0.28623,6400,0.0,0.0
1983-03-22 00:00:00-05:00,0.28623,0.28623,0.28623,0.28623,3200,0.0,0.0
1983-03-23 00:00:00-05:00,0.28237,0.28237,0.28237,0.28237,4800,0.0,0.0
1983-03-24 00:00:00-05:00,0.28237,0.28237,0.28237,0.28237,0,0.0,0.0
1983-03-25 00:00:00-05:00,0.2785,0.2785,0.2785,0.2785,9600,0.0,0.0
1983-03-28 00:00:00-05:00,0.2785,0.2785,0.2785,0.2785,3200,0.0,0.0
1983-03-29 00:00:00-05:00,0.2785,0.28237,0.2785,0.28237,11200,0.0,0.0
1983-03-30 00:00:00-05:00,0.28237,0.28237,0.28237,0.28237,0,0.0,0.0
1983-03-31 00:00:00-05:00,0.28237,0.2901,0.2785,0.2901,22400,0.0,0.0
1983-04-04 00:00:00-05:00,0.2901,0.29397,0.2901,0.29397,24000,0.0,0.0
1983-04-05 00:00:00-05:00,0.29397,0.29397,0.29397,0.29397,8000,0.0,0.0
1983-04-06 00:00:00-05:00,0.2901,0.2901,0.2901,0.2901,3200,0.0,0.0
1983-04-07 00:00:00-05:00,0.2901,0.29397,0.2901,0.2901,4800,0.0,0.0
1983-04-08 00:00:00-05:00,0.2901,0.30557,0.28623,0.30557,27200,0.0,0.0
1983-04-11 00:00:00-05:00,0.30171,0.30171,0.29784,0.30171,16000,0.0,0.0
1983-04-12 00:00:00-05:00,0.30171,0.30557,0.30171,0.30171,20800,0.0,0.0
1983-04-13 00:00:00-05:00,0.30171,0.31718,0.29784,0.31718,25600,0.0,0.0
1983-04-14 00:00:00-05:00,0.31718,0.31718,0.31718,0.31718,0,0.0,0.0
1983-04-15 00:00:00-05:00,0.31718,0.31718,0.30944,0.30944,8000,0.0,0.0
1983-04-18 00:00:00-05:00,0.30944,0.30944,0.30944,0.30944,8000,0.0,0.0
1983-04-19 00:00:00-05:00,0.30944,0.30944,0.29397,0.29397,51200,0.0,0.0
1983-04-20 00:00:00-05:00,0.29397,0.29784,0.29397,0.29397,22400,0.0,0.0
1983-04-21 00:00:00-05:00,0.29397,0.30171,0.29397,0.30171,20800,0.0,0.0
1983-04-22 00:00:00-05:00,0.30171,0.30171,0.30171,0.30171,0,0.0,0.0
1983-04-25 00:00:00-04:00,0.29784,0.29784,0.2901,0.29784,57600,0.0,0.0
1983-04-26 00:00:00-04:00,0.2901,0.2901,0.2901,0.2901,16000,0.0,0.0
1983-04-27 00:00:00-04:00,0.2901,0.29784,0.28623,0.2901,43200,0.0,0.0
1983-04-28 00:00:00-04:00,0.2901,0.2901,0.2901,0.2901,3200,0.0,0.0
1983-04-29 00:00:00-04:00,0.28623,0.28623,0.28237,0.28237,33600,0.0,0.0
1983-05-02 00:00:00-04:00,0.28623,0.28623,0.28623,0.28623,4800,0.0,0.0
1983-05-03 00:00:00-04:00,0.28623,0.28623,0.28623,0.28623,0,0.0,0.0
1983-05-04 00:00:00-04:00,0.28623,0.28623,0.28237,0.28237,24000,0.0,0.0
1983-05-05 00:00:00-04:00,0.28237,0.28623,0.28237,0.28623,17600,0.0,0.0
1983-05-06 00:00:00-04:00,0.28623,0.2901,0.28237,0.28623,40000,0.0,0.0
1983-05-09 00:00:00-04:00,0.2901,0.2901,0.2901,0.2901,3200,0.0,0.0
1983-05-10 00:00:00-04:00,0.2901,0.29784,0.28623,0.29784,43200,0.0,0.0
1983-05-11 00:00:00-04:00,0.2901,0.2901,0.2901,0.2901,4800,0.0,0.0
1983-05-12 00:00:00-04:00,0.28623,0.28623,0.28623,0.28623,8000,0.0,0.0
1983-05-13 00:00:00-04:00,0.2901,0.29397,0.2901,0.29397,12800,0.0,0.0
1983-05-16 00:00:00-04:00,0.29397,0.29397,0.28623,0.29397,19200,0.0,0.0
1983-05-17 00:00:00-04:00,0.29784,0.29784,0.29784,0.29784,16000,0.0,0.0
1983-05-18 00:00:00-04:00,0.29784,0.29784,0.29784,0.29784,0,0.0,0.0
1983-05-19 00:00:00-04:00,0.30171,0.30171,0.30171,0.30171,1600,0.0,0.0
1983-05-20 00:00:00-04:00,0.30171,0.32105,0.29784,0.31718,139200,0.0,0.0
1983-05-23 00:00:00-04:00,0.31718,0.32105,0.30557,0.30557,36800,0.0,0.0
1983-05-24 00:00:00-04:00,0.30944,0.33265,0.30944,0.33265,188800,0.0,0.0
1983-05-25 00:00:00-04:00,0.33265,0.33652,0.32491,0.32491,12800,0.0,0.0
1983-05-26 00:00:00-04:00,0.32878,0.33265,0.32878,0.32878,17600,0.0,0.0
1983-05-27 00:00:00-04:00,0.32878,0.33265,0.32491,0.32491,9600,0.0,0.0
1983-05-31 00:00:00-04:00,0.32491,0.32491,0.32105,0.32105,22400,0.0,0.0
1983-06-01 00:00:00-04:00,0.31718,0.31718,0.31331,0.31718,9600,0.0,0.0
1983-06-02 00:00:00-04:00,0.31718,0.31718,0.31718,0.31718,4800,0.0,0.0
1983-06-03 00:00:00-04:00,0.32105,0.32105,0.32105,0.32105,19200,0.0,0.0
1983-06-06 00:00:00-04:00,0.32105,0.32105,0.31718,0.31718,12800,0.0,0.0
1983-06-07 00:00:00-04:00,0.31718,0.31718,0.31718,0.31718,8000,0.0,0.0
1983-06-08 00:00:00-04:00,0.31718,0.32105,0.31718,0.31718,4800,0.0,0.0
1983-06-09 00:00:00-04:00,0.31331,0.31331,0.30944,0.31331,208000,0.0,0.0
1983-06-10 00:00:00-04:00,0.31331,0.31331,0.30557,0.30944,238400,0.0,0.0
1983-06-13 00:00:00-04:00,0.30944,0.31331,0.30944,0.30944,107200,0.0,0.0
1983-06-14 00:00:00-04:00,0.30944,0.30944,0.30944,0.30944,99200,0.0,0.0
1983-06-15 00:00:00-04:00,0.30944,0.32105,0.30944,0.32105,145600,0.0,0.0
1983-06-16 00:00:00-04:00,0.32105,0.33265,0.32105,0.32878,91200,0.0,0.0
1983-06-17 00:00:00-04:00,0.32878,0.33652,0.32105,0.33652,172800,0.0,0.0
1983-06-20 00:00:00-04:00,0.33652,0.34039,0.33265,0.33652,49600,0.0,0.0
1983-06-21 00:00:00-04:00,0.33652,0.34039,0.32878,0.34039,48000,0.0,0.0
1983-06-22 00:00:00-04:00,0.34425,0.34812,0.34425,0.34425,14400,0.0,0.0
1983-06-23 00:00:00-04:00,0.34812,0.36359,0.34812,0.35973,60800,0.0,0.0
1983-06-24 00:00:00-04:00,0.35586,0.35586,0.35586,0.35586,1600,0.0,0.0
1983-06-27 00:00:00-04:00,0.35199,0.35199,0.35199,0.35199,4800,0.0,0.0
1983-06-28 00:00:00-04:00,0.35199,0.35199,0.35199,0.35199,19200,0.0,0.0
1983-06-29 00:00:00-04:00,0.34812,0.34812,0.34425,0.34425,6400,0.0,0.0
1983-06-30 00:00:00-04:00,0.34812,0.35199,0.34812,0.34812,16000,0.0,0.0
1983-07-01 00:00:00-04:00,0.34812,0.34812,0.34812,0.34812,11200,0.0,0.0
1983-07-05 00:00:00-04:00,0.35199,0.35586,0.35199,0.35199,4800,0.0,0.0
1983-07-06 00:00:00-04:00,0.35586,0.36359,0.35586,0.36359,24000,0.0,0.0
1983-07-07 00:00:00-04:00,0.36359,0.3752,0.35586,0.35586,59200,0.0,0.0
1983-07-08 00:00:00-04:00,0.35586,0.35586,0.35586,0.35586,0,0.0,0.0
1983-07-11 00:00:00-04:00,0.35586,0.35586,0.35586,0.35586,0,0.0,0.0
1983-07-12 00:00:00-04:00,0.35586,0.35586,0.35586,0.35586,6400,0.0,0.0
1983-07-13 00:00:00-04:00,0.35586,0.35586,0.35586,0.35586,6400,0.0,0.0
1983-07-14 00:00:00-04:00,0.35586,0.35586,0.35586,0.35586,0,0.0,0.0
1983-07-15 00:00:00-04:00,0.35586,0.35586,0.34039,0.34039,17600,0.0,0.0
1983-07-18 00:00:00-04:00,0.34039,0.34039,0.33652,0.34039,22400,0.0,0.0
1983-07-19 00:00:00-04:00,0.34039,0.34812,0.34039,0.34039,11200,0.0,0.0
1983-07-20 00:00:00-04:00,0.34425,0.34425,0.34425,0.34425,8000,0.0,0.0
1983-07-21 00:00:00-04:00,0.34039,0.34039,0.34039,0.34039,32000,0.0,0.0
1983-07-22 00:00:00-04:00,0.34812,0.34812,0.34812,0.34812,4800,0.0,0.0
1983-07-25 00:00:00-04:00,0.34425,0.34425,0.33652,0.34039,20800,0.0,0.0
1983-07-26 00:00:00-04:00,0.34039,0.34812,0.34039,0.34425,14400,0.0,0.0
1983-07-27 00:00:00-04:00,0.34812,0.34812,0.34812,0.34812,3200,0.0,0.0
1983-07-28 00:00:00-04:00,0.34039,0.34039,0.34039,0.34039,9600,0.0,0.0
1983-07-29 00:00:00-04:00,0.34039,0.34039,0.34039,0.34039,32000,0.0,0.0
1983-08-01 00:00:00-04:00,0.34039,0.34039,0.34039,0.34039,16000,0.0,0.0
1983-08-02 00:00:00-04:00,0.33652,0.33652,0.33652,0.33652,19200,0.0,0.0
1983-08-03 00:00:00-04:00,0.34039,0.34039,0.34039,0.34039,24000,0.0,0.0
1983-08-04 00:00:00-04:00,0.34039,0.34039,0.32878,0.32878,30400,0.0,0.0
1983-08-05 00:00:00-04:00,0.32878,0.32878,0.32878,0.32878,1600,0.0,0.0
1983-08-08 00:00:00-04:00,0.33265,0.33265,0.33265,0.33265,1600,0.0,0.0
1983-08-09 00:00:00-04:00,0.33265,0.33265,0.33265,0.33265,24000,0.0,0.0
1983-08-10 00:00:00-04:00,0.33652,0.33652,0.33652,0.33652,1600,0.0,0.0
1983-08-11 00:00:00-04:00,0.33652,0.33652,0.33652,0.33652,9600,0.0,0.0
1983-08-12 00:00:00-04:00,0.33652,0.33652,0.33652,0.33652,0,0.0,0.0
1983-08-15 00:00:00-04:00,0.33265,0.33265,0.32878,0.32878,54400,0.0,0.0
1983-08-16 00:00:00-04:00,0.32878,0.32878,0.32878,0.32878,0,0.0,0.0
1983-08-17 00:00:00-04:00,0.32491,0.32491,0.31331,0.31331,36800,0.0,0.0
1983-08-18 00:00:00-04:00,0.31331,0.31331,0.31331,0.31331,1600,0.0,0.0
1983-08-19 00:00:00-04:00,0.31331,0.31331,0.31331,0.31331,8000,0.0,0.0
1983-08-22 00:00:00-04:00,0.31331,0.31331,0.31331,0.31331,0,0.0,0.0
1983-08-23 00:00:00-04:00,0.31331,0.31331,0.31331,0.31331,8000,0.0,0.0
1983-08-24 00:00:00-04:00,0.31331,0.31331,0.31331,0.31331,0,0.0,0.0
1983-08-25 00:00:00-04:00,0.31331,0.31331,0.30557,0.30944,20800,0.0,0.0
1983-08-26 00:00:00-04:00,0.30171,0.30171,0.30171,0.30171,3200,0.0,0.0
1983-08-29 00:00:00-04:00,0.30557,0.30944,0.30557,0.30944,12800,0.0,0.0
1983-08-30 00:00:00-04:00,0.30557,0.30557,0.30557,0.30557,4800,0.0,0.0
1983-08-31 00:00:00-04:00,0.30171,0.30171,0.29784,0.30171,14400,0.0,0.0
1983-09-01 00:00:00-04:00,0.30557,0.30557,0.30557,0.30557,1600,0.0,0.0
1983-09-02 00:00:00-04:00,0.30171,0.30171,0.30171,0.30171,1600,0.0,0.0
1983-09-06 00:00:00-04:00,0.30171,0.30557,0.30171,0.30171,35200,0.0,0.0
1983-09-07 00:00:00-04:00,0.29784,0.29784,0.29784,0.29784,8000,0.0,0.0
1983-09-08 00:00:00-04:00,0.29784,0.29784,0.29784,0.29784,0,0.0,0.0
1983-09-09 00:00:00-04:00,0.29784,0.29784,0.29784,0.29784,8000,0.0,0.0
1983-09-12 00:00:00-04:00,0.29784,0.29784,0.29784,0.29784,19200,0.0,0.0
1983-09-13 00:00:00-04:00,0.29784,0.29784,0.29784,0.29784,16000,0.0,0.0
1983-09-14 00:00:00-04:00,0.30171,0.30171,0.30171,0.30171,19200,0.0,0.0
1983-09-15 00:00:00-04:00,0.30171,0.30557,0.30171,0.30557,65600,0.0,0.0
1983-09-16 00:00:00-04:00,0.30171,0.30171,0.29784,0.29784,8000,0.0,0.0
1983-09-19 00:00:00-04:00,0.29784,0.30171,0.29784,0.30171,27200,0.0,0.0
1983-09-20 00:00:00-04:00,0.30171,0.30171,0.30171,0.30171,1600,0.0,0.0
1983-09-21 00:00:00-04:00,0.30171,0.30171,0.30171,0.30171,8000,0.0,0.0
1983-09-22 00:00:00-04:00,0.30557,0.31331,0.30557,0.31331,25600,0.0,0.0
1983-09-23 00:00:00-04:00,0.31331,0.31331,0.31331,0.31331,0,0.0,0.0
1983-09-26 00:00:00-04:00,0.31331,0.31331,0.31331,0.31331,0,0.0,0.0
1983-09-27 00:00:00-04:00,0.30944,0.30944,0.30944,0.30944,3200,0.0,0.0
1983-09-28 00:00:00-04:00,0.31331,0.31718,0.31331,0.31331,62400,0.0,0.0
1983-09-29 00:00:00-04:00,0.30944,0.30944,0.30171,0.30171,9600,0.0,0.0
1983-09-30 00:00:00-04:00,0.29784,0.29784,0.29784,0.29784,3200,0.0,0.0
1983-10-03 00:00:00-04:00,0.29397,0.29397,0.29397,0.29397,8000,0.0,0.0
1983-10-04 00:00:00-04:00,0.29397,0.29784,0.29397,0.29397,33600,0.0,0.0
1983-10-05 00:00:00-04:00,0.29397,0.29397,0.2901,0.2901,6400,0.0,0.0
1983-10-06 00:00:00-04:00,0.2901,0.2901,0.28237,0.28623,12800,0.0,0.0
1983-10-07 00:00:00-04:00,0.29397,0.29397,0.29397,0.29397,1600,0.0,0.0
1983-10-10 00:00:00-04:00,0.29397,0.29784,0.29397,0.29784,3200,0.0,0.0
1983-10-11 00:00:00-04:00,0.29784,0.29784,0.29784,0.29784,0,0.0,0.0
1983-10-12 00:00:00-04:00,0.29784,0.29784,0.29784,0.29784,0,0.0,0.0
1983-10-13 00:00:00-04:00,0.29784,0.29784,0.29784,0.29784,0,0.0,0.0
1983-10-14 00:00:00-04:00,0.29784,0.29784,0.29784,0.29784,0,0.0,0.0
1983-10-17 00:00:00-04:00,0.30171,0.32105,0.30171,0.30557,137600,0.0,0.0
1983-10-18 00:00:00-04:00,0.30171,0.30171,0.29784,0.29784,73600,0.0,0.0
1983-10-19 00:00:00-04:00,0.29784,0.29784,0.29784,0.29784,20800,0.0,0.0
1983-10-20 00:00:00-04:00,0.29784,0.30171,0.29784,0.30171,83200,0.0,0.0
1983-10-21 00:00:00-04:00,0.30171,0.30171,0.30171,0.30171,0,0.0,0.0
1983-10-24 00:00:00-04:00,0.29784,0.29784,0.29784,0.29784,11200,0.0,0.0
1983-10-25 00:00:00-04:00,0.29784,0.29784,0.29784,0.29784,0,0.0,0.0
1983-10-26 00:00:00-04:00,0.29784,0.29784,0.29784,0.29784,1600,0.0,0.0
1983-10-27 00:00:00-04:00,0.30171,0.30171,0.30171,0.30171,17600,0.0,0.0
1983-10-28 00:00:00-04:00,0.30171,0.30171,0.30171,0.30171,0,0.0,0.0
1983-10-31 00:00:00-05:00,0.29784,0.29784,0.29784,0.29784,3200,0.0,0.0
1983-11-01 00:00:00-05:00,0.29784,0.29784,0.29784,0.29784,0,0.0,0.0
1983-11-02 00:00:00-05:00,0.29784,0.29784,0.29784,0.29784,0,0.0,0.0
1983-11-03 00:00:00-05:00,0.30171,0.30557,0.30171,0.30557,32000,0.0,0.0
1983-11-04 00:00:00-05:00,0.30171,0.30171,0.30171,0.30171,9600,0.0,0.0
1983-11-07 00:00:00-05:00,0.30171,0.30171,0.30171,0.30171,9600,0.0,0.0
1983-11-08 00:00:00-05:00,0.30557,0.30557,0.30557,0.30557,64000,0.0,0.0
1983-11-09 00:00:00-05:00,0.30557,0.30557,0.30171,0.30557,6400,0.0,0.0
1983-11-10 00:00:00-05:00,0.30557,0.30557,0.30557,0.30557,0,0.0,0.0
1983-11-11 00:00:00-05:00,0.30557,0.30557,0.30557,0.30557,0,0.0,0.0
1983-11-14 00:00:00-05:00,0.30171,0.30171,0.29784,0.29784,16000,0.0,0.0
1983-11-15 00:00:00-05:00,0.29397,0.29397,0.29397,0.29397,3200,0.0,0.0
1983-11-16 00:00:00-05:00,0.29784,0.29784,0.29784,0.29784,1600,0.0,0.0
1983-11-17 00:00:00-05:00,0.29784,0.29784,0.29784,0.29784,0,0.0,0.0
1983-11-18 00:00:00-05:00,0.30171,0.30557,0.30171,0.30171,33600,0.0,0.0
1983-11-21 00:00:00-05:00,0.29784,0.29784,0.29397,0.29397,6400,0.0,0.0
1983-11-22 00:00:00-05:00,0.2901,0.2901,0.28623,0.28623,17600,0.0,0.0
1983-11-23 00:00:00-05:00,0.28623,0.28623,0.28623,0.28623,0,0.0,0.0
1983-11-25 00:00:00-05:00,0.29397,0.29397,0.29397,0.29397,4800,0.0,0.0
1983-11-28 00:00:00-05:00,0.28623,0.28623,0.28623,0.28623,4800,0.0,0.0
1983-11-29 00:00:00-05:00,0.28623,0.29397,0.28623,0.29397,24000,0.0,0.0
1983-11-30 00:00:00-05:00,0.29397,0.29784,0.29397,0.29397,33600,0.0,0.0
1983-12-01 00:00:00-05:00,0.29397,0.29397,0.29397,0.29397,1600,0.0,0.0
1983-12-02 00:00:00-05:00,0.2901,0.2901,0.2901,0.2901,3200,0.0,0.0
1983-12-05 00:00:00-05:00,0.2901,0.2901,0.2901,0.2901,14400,0.0,0.0
1983-12-06 00:00:00-05:00,0.28237,0.28237,0.28237,0.28237,19200,0.0,0.0
1983-12-07 00:00:00-05:00,0.2785,0.2785,0.27463,0.2785,70400,0.0,0.0
1983-12-08 00:00:00-05:00,0.2785,0.2785,0.2785,0.2785,1600,0.0,0.0
1983-12-09 00:00:00-05:00,0.27076,0.27076,0.27076,0.27076,6400,0.0,0.0
1983-12-12 00:00:00-05:00,0.2785,0.2785,0.2785,0.2785,1600,0.0,0.0
1983-12-13 00:00:00-05:00,0.27463,0.27463,0.27463,0.27463,8000,0.0,0.0
1983-12-14 00:00:00-05:00,0.27463,0.27463,0.27463,0.27463,0,0.0,0.0
1983-12-15 00:00:00-05:00,0.27463,0.2785,0.27076,0.2785,6400,0.0,0.0
1983-12-16 00:00:00-05:00,0.27463,0.27463,0.27463,0.27463,9600,0.0,0.0
1983-12-19 00:00:00-05:00,0.27463,0.27463,0.27463,0.27463,19200,0.0,0.0
1983-12-20 00:00:00-05:00,0.27463,0.27463,0.27463,0.27463,0,0.0,0.0
1983-12-21 00:00:00-05:00,0.2785,0.2785,0.2785,0.2785,1600,0.0,0.0
1983-12-22 00:00:00-05:00,0.2785,0.2785,0.2785,0.2785,3200,0.0,0.0
1983-12-23 00:00:00-05:00,0.27463,0.27463,0.27463,0.27463,3200,0.0,0.0
1983-12-27 00:00:00-05:00,0.27463,0.2785,0.27463,0.27463,4800,0.0,0.0
1983-12-28 00:00:00-05:00,0.2785,0.2785,0.2785,0.2785,8000,0.0,0.0
1983-12-29 00:00:00-05:00,0.27463,0.27463,0.27076,0.27076,14400,0.0,0.0
1983-12-30 00:00:00-05:00,0.26689,0.26689,0.26303,0.26303,40000,0.0,0.0
1984-01-03 00:00:00-05:00,0.26303,0.26303,0.26303,0.26303,0,0.0,0.0
1984-01-04 00:00:00-05:00,0.26303,0.26689,0.26303,0.26689,11200,0.0,0.0
1984-01-05 00:00:00-05:00,0.27076,0.27463,0.27076,0.27463,4800,0.0,0.0
1984-01-06 00:00:00-05:00,0.27463,0.30171,0.27463,0.29784,94400,0.0,0.0
1984-01-09 00:00:00-05:00,0.29784,0.29784,0.28623,0.28623,12800,0.0,0.0
1984-01-10 00:00:00-05:00,0.28623,0.28623,0.28623,0.28623,9600,0.0,0.0
1984-01-11 00:00:00-05:00,0.28623,0.28623,0.28623,0.28623,0,0.0,0.0
1984-01-12 00:00:00-05:00,0.29397,0.29397,0.29397,0.29397,8000,0.0,0.0
1984-01-13 00:00:00-05:00,0.29397,0.29397,0.2901,0.29397,20800,0.0,0.0
1984-01-16 00:00:00-05:00,0.29397,0.29397,0.29397,0.29397,0,0.0,0.0
1984-01-17 00:00:00-05:00,0.29397,0.29397,0.29397,0.29397,0,0.0,0.0
1984-01-18 00:00:00-05:00,0.29784,0.29784,0.29784,0.29784,1600,0.0,0.0
1984-01-19 00:00:00-05:00,0.29397,0.29397,0.29397,0.29397,4800,0.0,0.0
1984-01-20 00:00:00-05:00,0.29397,0.29397,0.28623,0.29397,30400,0.0,0.0
1984-01-23 00:00:00-05:00,0.29397,0.29397,0.29397,0.29397,0,0.0,0.0
1984-01-24 00:00:00-05:00,0.29397,0.29397,0.29397,0.29397,0,0.0,0.0
1984-01-25 00:00:00-05:00,0.29397,0.29397,0.29397,0.29397,0,0.0,0.0
1984-01-26 00:00:00-05:00,0.2901,0.2901,0.2901,0.2901,4800,0.0,0.0
1984-01-27 00:00:00-05:00,0.2901,0.2901,0.2901,0.2901,0,0.0,0.0
1984-01-30 00:00:00-05:00,0.2901,0.2901,0.2901,0.2901,0,0.0,0.0
1984-01-31 00:00:00-05:00,0.2901,0.29397,0.28623,0.28623,17600,0.0,0.0
1984-02-01 00:00:00-05:00,0.2901,0.2901,0.2901,0.2901,1600,0.0,0.0
1984-02-02 00:00:00-05:00,0.2901,0.2901,0.2901,0.2901,0,0.0,0.0
1984-02-03 00:00:00-05:00,0.28623,0.28623,0.27463,0.27463,36800,0.0,0.0
1984-02-06 00:00:00-05:00,0.27463,0.28237,0.27076,0.27076,28800,0.0,0.0
1984-02-07 00:00:00-05:00,0.27076,0.27076,0.27076,0.27076,0,0.0,0.0
1984-02-08 00:00:00-05:00,0.26303,0.26303,0.24755,0.25142,54400,0.0,0.0
1984-02-09 00:00:00-05:00,0.25529,0.25916,0.25529,0.25916,8000,0.0,0.0
1984-02-10 00:00:00-05:00,0.26303,0.26303,0.26303,0.26303,1600,0.0,0.0
1984-02-13 00:00:00-05:00,0.26303,0.26303,0.26303,0.26303,0,0.0,0.0
1984-02-14 00:00:00-05:00,0.26303,0.26303,0.26303,0.26303,0,0.0,0.0
1984-02-15 00:00:00-05:00,0.26303,0.26303,0.26303,0.26303,0,0.0,0.0
1984-02-16 00:00:00-05:00,0.26303,0.26303,0.26303,0.26303,8000,0.0,0.0
1984-02-17 00:00:00-05:00,0.26689,0.26689,0.26689,0.26689,8000,0.0,0.0
1984-02-21 00:00:00-05:00,0.26303,0.26303,0.26303,0.26303,6400,0.0,0.0
1984-02-22 00:00:00-05:00,0.26303,0.26303,0.26303,0.26303,1600,0.0,0.0
1984-02-23 00:00:00-05:00,0.26303,0.26689,0.25916,0.26689,28800,0.0,0.0
1984-02-24 00:00:00-05:00,0.26689,0.26689,0.26303,0.26303,11200,0.0,0.0
1984-02-27 00:00:00-05:00,0.26689,0.27076,0.26689,0.26689,56000,0.0,0.0
1984-02-28 00:00:00-05:00,0.26303,0.26303,0.26303,0.26303,3200,0.0,0.0
1984-02-29 00:00:00-05:00,0.27076,0.27076,0.27076,0.27076,4800,0.0,0.0
1984-03-01 00:00:00-05:00,0.27076,0.27076,0.27076,0.27076,0,0.0,0.0
1984-03-02 00:00:00-05:00,0.27076,0.27076,0.26689,0.27076,6400,0.0,0.0
1984-03-05 00:00:00-05:00,0.26689,0.26689,0.26689,0.26689,19200,0.0,0.0
1984-03-06 00:00:00-05:00,0.26689,0.26689,0.26303,0.26303,22400,0.0,0.0
1984-03-07 00:00:00-05:00,0.26303,0.26303,0.26303,0.26303,9600,0.0,0.0
1984-03-08 00:00:00-05:00,0.26303,0.26303,0.26303,0.26303,0,0.0,0.0
1984-03-09 00:00:00-05:00,0.26303,0.26303,0.26303,0.26303,0,0.0,0.0
1984-03-12 00:00:00-05:00,0.26303,0.26689,0.26303,0.26303,3200,0.0,0.0
1984-03-13 00:00:00-05:00,0.26303,0.26303,0.26303,0.26303,1600,0.0,0.0
1984-03-14 00:00:00-05:00,0.27076,0.27076,0.27076,0.27076,17600,0.0,0.0
1984-03-15 00:00:00-05:00,0.27076,0.27076,0.27076,0.27076,3200,0.0,0.0
1984-03-16 00:00:00-05:00,0.27463,0.28237,0.27463,0.27463,38400,0.0,0.0
1984-03-19 00:00:00-05:00,0.27463,0.27463,0.27463,0.27463,0,0.0,0.0
1984-03-20 00:00:00-05:00,0.27463,0.27463,0.27463,0.27463,0,0.0,0.0
1984-03-21 00:00:00-05:00,0.27463,0.27463,0.27463,0.27463,0,0.0,0.0
1984-03-22 00:00:00-05:00,0.27463,0.27463,0.27463,0.27463,0,0.0,0.0
1984-03-23 00:00:00-05:00,0.27463,0.27463,0.27463,0.27463,1600,0.0,0.0
1984-03-26 00:00:00-05:00,0.27463,0.27463,0.27463,0.27463,6400,0.0,0.0
1984-03-27 00:00:00-05:00,0.27463,0.27463,0.27463,0.27463,1600,0.0,0.0
1984-03-28 00:00:00-05:00,0.27463,0.27463,0.27463,0.27463,1600,0.0,0.0
1984-03-29 00:00:00-05:00,0.27463,0.27463,0.27076,0.27463,32000,0.0,0.0
1984-03-30 00:00:00-05:00,0.2785,0.2785,0.2785,0.2785,1600,0.0,0.0
1984-04-02 00:00:00-05:00,0.2785,0.2785,0.27463,0.27463,145600,0.0,0.0
1984-04-03 00:00:00-05:00,0.27463,0.27463,0.27463,0.27463,19200,0.0,0.0
1984-04-04 00:00:00-05:00,0.27463,0.27463,0.26689,0.26689,33600,0.0,0.0
1984-04-05 00:00:00-05:00,0.26689,0.26689,0.26689,0.26689,16000,0.0,0.0
1984-04-06 00:00:00-05:00,0.26303,0.26303,0.26303,0.26303,8000,0.0,0.0
1984-04-09 00:00:00-05:00,0.25916,0.25916,0.25916,0.25916,1600,0.0,0.0
1984-04-10 00:00:00-05:00,0.26689,0.27463,0.26689,0.27463,16000,0.0,0.0
1984-04-11 00:00:00-05:00,0.27463,0.27463,0.27463,0.27463,20800,0.0,0.0
1984-04-12 00:00:00-05:00,0.27463,0.27463,0.27076,0.27463,46400,0.0,0.0
1984-04-13 00:00:00-05:00,0.27463,0.27463,0.27463,0.27463,0,0.0,0.0
1984-04-16 00:00:00-05:00,0.27076,0.27076,0.26689,0.26689,20800,0.0,0.0
1984-04-17 00:00:00-05:00,0.26689,0.27463,0.26689,0.27463,78400,0.0,0.0
1984-04-18 00:00:00-05:00,0.27463,0.27463,0.27463,0.27463,0,0.0,0.0
1984-04-19 00:00:00-05:00,0.26689,0.26689,0.26689,0.26689,1600,0.0,0.0
1984-04-23 00:00:00-05:00,0.26689,0.26689,0.26303,0.26303,8000,0.0,0.0
1984-04-24 00:00:00-05:00,0.26303,0.26303,0.25142,0.26303,44800,0.0,0.0
1984-04-25 00:00:00-05:00,0.26303,0.26303,0.25916,0.25916,48000,0.0,0.0
1984-04-26 00:00:00-05:00,0.25916,0.25916,0.25916,0.25916,0,0.0,0.0
1984-04-27 00:00:00-05:00,0.25916,0.26303,0.25916,0.25916,65600,0.0,0.0
1984-04-30 00:00:00-04:00,0.25916,0.25916,0.25142,0.25142,12800,0.0,0.0
1984-05-01 00:00:00-04:00,0.25529,0.26689,0.25529,0.26689,48000,0.0,0.0
1984-05-02 00:00:00-04:00,0.26689,0.26689,0.26689,0.26689,0,0.0,0.0
1984-05-03 00:00:00-04:00,0.26689,0.26689,0.26689,0.26689,0,0.0,0.0
1984-05-04 00:00:00-04:00,0.25916,0.25916,0.25529,0.25529,14400,0.0,0.0
1984-05-07 00:00:00-04:00,0.25142,0.25142,0.24755,0.24755,11200,0.0,0.0
1984-05-08 00:00:00-04:00,0.24369,0.24369,0.23982,0.23982,28800,0.0,0.0
1984-05-09 00:00:00-04:00,0.23982,0.23982,0.23982,0.23982,1600,0.0,0.0
1984-05-10 00:00:00-04:00,0.23982,0.23982,0.23208,0.23595,136000,0.0,0.0
1984-05-11 00:00:00-04:00,0.23208,0.23208,0.23208,0.23208,1600,0.0,0.0
1984-05-14 00:00:00-04:00,0.23595,0.23982,0.23595,0.23595,4800,0.0,0.0
1984-05-15 00:00:00-04:00,0.23595,0.23595,0.23595,0.23595,16000,0.0,0.0
1984-05-16 00:00:00-04:00,0.23595,0.23595,0.23595,0.23595,16000,0.0,0.0
1984-05-17 00:00:00-04:00,0.23982,0.24369,0.23982,0.24369,8000,0.0,0.0
1984-05-18 00:00:00-04:00,0.24369,0.25529,0.23982,0.25529,27200,0.0,0.0
1984-05-21 00:00:00-04:00,0.25529,0.25529,0.24755,0.24755,12800,0.0,0.0
1984-05-22 00:00:00-04:00,0.24755,0.24755,0.24755,0.24755,41600,0.0,0.0
1984-05-23 00:00:00-04:00,0.24369,0.24369,0.24369,0.24369,1600,0.0,0.0
1984-05-24 00:00:00-04:00,0.24369,0.24369,0.24369,0.24369,0,0.0,0.0
1984-05-25 00:00:00-04:00,0.24369,0.24369,0.24369,0.24369,0,0.0,0.0
1984-05-29 00:00:00-04:00,0.24369,0.24369,0.24369,0.24369,0,0.0,0.0
1984-05-30 00:00:00-04:00,0.23595,0.23595,0.23208,0.23208,20800,0.0,0.0
1984-05-31 00:00:00-04:00,0.23208,0.23208,0.23208,0.23208,1600,0.0,0.0
1984-06-01 00:00:00-04:00,0.23208,0.23208,0.23208,0.23208,0,0.0,0.0
1984-06-04 00:00:00-04:00,0.23208,0.23595,0.23208,0.23208,8000,0.0,0.0
1984-06-05 00:00:00-04:00,0.23208,0.23208,0.23208,0.23208,0,0.0,0.0
1984-06-06 00:00:00-04:00,0.23595,0.23595,0.23595,0.23595,4800,0.0,0.0
1984-06-07 00:00:00-04:00,0.23595,0.23595,0.23595,0.23595,0,0.0,0.0
1984-06-08 00:00:00-04:00,0.23595,0.23982,0.23595,0.23595,6400,0.0,0.0
1984-06-11 00:00:00-04:00,0.23595,0.23982,0.23208,0.23208,19200,0.0,0.0
1984-06-12 00:00:00-04:00,0.22821,0.22821,0.22821,0.22821,9600,0.0,0.0
1984-06-13 00:00:00-04:00,0.22821,0.23208,0.22821,0.23208,4800,0.0,0.0
1984-06-14 00:00:00-04:00,0.23208,0.23208,0.23208,0.23208,0,0.0,0.0
1984-06-15 00:00:00-04:00,0.23208,0.23208,0.23208,0.23208,0,0.0,0.0
1984-06-18 00:00:00-04:00,0.23982,0.23982,0.23982,0.23982,8000,0.0,0.0
1984-06-19 00:00:00-04:00,0.23982,0.23982,0.23982,0.23982,0,0.0,0.0
1984-06-20 00:00:00-04:00,0.23982,0.23982,0.23982,0.23982,8000,0.0,0.0
1984-06-21 00:00:00-04:00,0.23982,0.23982,0.23982,0.23982,6400,0.0,0.0
1984-06-22 00:00:00-04:00,0.23982,0.24369,0.23208,0.23208,25600,0.0,0.0
1984-06-25 00:00:00-04:00,0.23208,0.23595,0.22821,0.22821,43200,0.0,0.0
1984-06-26 00:00:00-04:00,0.22821,0.23595,0.22435,0.23595,36800,0.0,0.0
1984-06-27 00:00:00-04:00,0.23595,0.23595,0.23595,0.23595,4800,0.0,0.0
1984-06-28 00:00:00-04:00,0.23595,0.23595,0.23595,0.23595,0,0.0,0.0
1984-06-29 00:00:00-04:00,0.23208,0.23208,0.23208,0.23208,1600,0.0,0.0
1984-07-02 00:00:00-04:00,0.23208,0.23208,0.23208,0.23208,0,0.0,0.0
1984-07-03 00:00:00-04:00,0.23208,0.23208,0.23208,0.23208,48000,0.0,0.0
1984-07-05 00:00:00-04:00,0.23208,0.23208,0.23208,0.23208,0,0.0,0.0
1984-07-06 00:00:00-04:00,0.23208,0.23208,0.23208,0.23208,1600,0.0,0.0
1984-07-09 00:00:00-04:00,0.23208,0.23208,0.23208,0.23208,0,0.0,0.0
1984-07-10 00:00:00-04:00,0.23208,0.23208,0.23208,0.23208,16000,0.0,0.0
1984-07-11 00:00:00-04:00,0.23208,0.23208,0.22821,0.22821,17600,0.0,0.0
1984-07-12 00:00:00-04:00,0.22821,0.22821,0.22821,0.22821,0,0.0,0.0
1984-07-13 00:00:00-04:00,0.22821,0.22821,0.22435,0.22435,17600,0.0,0.0
1984-07-16 00:00:00-04:00,0.22435,0.22435,0.22435,0.22435,0,0.0,0.0
1984-07-17 00:00:00-04:00,0.22435,0.22435,0.22435,0.22435,0,0.0,0.0
1984-07-18 00:00:00-04:00,0.22435,0.22435,0.22435,0.22435,1600,0.0,0.0
1984-07-19 00:00:00-04:00,0.22435,0.22435,0.22435,0.22435,0,0.0,0.0
1984-07-20 00:00:00-04:00,0.22821,0.23595,0.22821,0.23595,17600,0.0,0.0
1984-07-23 00:00:00-04:00,0.23595,0.23595,0.23595,0.23595,0,0.0,0.0
1984-07-24 00:00:00-04:00,0.23595,0.23595,0.23595,0.23595,0,0.0,0.0
1984-07-25 00:00:00-04:00,0.23982,0.23982,0.23982,0.23982,1600,0.0,0.0
1984-07-26 00:00:00-04:00,0.24369,0.24369,0.24369,0.24369,1600,0.0,0.0
1984-07-27 00:00:00-04:00,0.24755,0.24755,0.24755,0.24755,3200,0.0,0.0
1984-07-30 00:00:00-04:00,0.24369,0.24369,0.24369,0.24369,4800,0.0,0.0
1984-07-31 00:00:00-04:00,0.24369,0.24369,0.24369,0.24369,0,0.0,0.0
1984-08-01 00:00:00-04:00,0.24369,0.24369,0.24369,0.24369,0,0.0,0.0
1984-08-02 00:00:00-04:00,0.24369,0.24369,0.24369,0.24369,3200,0.0,0.0
1984-08-03 00:00:00-04:00,0.24755,0.25142,0.24755,0.24755,6400,0.0,0.0
1984-08-06 00:00:00-04:00,0.24755,0.24755,0.24755,0.24755,11200,0.0,0.0
1984-08-07 00:00:00-04:00,0.25529,0.25529,0.25529,0.25529,6400,0.0,0.0
1984-08-08 00:00:00-04:00,0.25529,0.25916,0.25529,0.25529,8000,0.0,0.0
1984-08-09 00:00:00-04:00,0.25529,0.25529,0.25529,0.25529,16000,0.0,0.0
1984-08-10 00:00:00-04:00,0.25529,0.25529,0.25529,0.25529,0,0.0,0.0
1984-08-13 00:00:00-04:00,0.25529,0.25529,0.25529,0.25529,0,0.0,0.0
1984-08-14 00:00:00-04:00,0.25529,0.25529,0.25529,0.25529,0,0.0,0.0
1984-08-15 00:00:00-04:00,0.25529,0.25529,0.25529,0.25529,0,0.0,0.0
1984-08-16 00:00:00-04:00,0.25142,0.25142,0.25142,0.25142,3200,0.0,0.0
1984-08-17 00:00:00-04:00,0.25142,0.25142,0.25142,0.25142,3200,0.0,0.0
1984-08-20 00:00:00-04:00,0.25142,0.25142,0.25142,0.25142,80000,0.0,0.0
1984-08-21 00:00:00-04:00,0.25142,0.25529,0.25142,0.25142,86400,0.0,0.0
1984-08-22 00:00:00-04:00,0.25142,0.25142,0.25142,0.25142,0,0.0,0.0
1984-08-23 00:00:00-04:00,0.25529,0.25529,0.25529,0.25529,16000,0.0,0.0
1984-08-24 00:00:00-04:00,0.25529,0.25529,0.25142,0.25142,19200,0.0,0.0
1984-08-27 00:00:00-04:00,0.25529,0.25916,0.25529,0.25916,41600,0.0,0.0
1984-08-28 00:00:00-04:00,0.25916,0.25916,0.25916,0.25916,0,0.0,0.0
1984-08-29 00:00:00-04:00,0.25529,0.25529,0.25529,0.25529,1600,0.0,0.0
1984-08-30 00:00:00-04:00,0.25916,0.25916,0.25916,0.25916,41600,0.0,0.0
1984-08-31 00:00:00-04:00,0.25916,0.25916,0.25916,0.25916,1600,0.0,0.0
1984-09-04 00:00:00-04:00,0.25916,0.25916,0.25916,0.25916,3200,0.0,0.0
1984-09-05 00:00:00-04:00,0.26303,0.26303,0.26303,0.26303,14400,0.0,0.0
1984-09-06 00:00:00-04:00,0.26303,0.26689,0.25916,0.26689,33600,0.0,0.0
1984-09-07 00:00:00-04:00,0.26689,0.2785,0.26689,0.27076,145600,0.0,0.0
1984-09-10 00:00:00-04:00,0.27076,0.27076,0.27076,0.27076,0,0.0,0.0
1984-09-11 00:00:00-04:00,0.27463,0.27463,0.27463,0.27463,1600,0.0,0.0
1984-09-12 00:00:00-04:00,0.27463,0.27463,0.27076,0.27076,25600,0.0,0.0
1984-09-13 00:00:00-04:00,0.27076,0.27076,0.27076,0.27076,0,0.0,0.0
1984-09-14 00:00:00-04:00,0.27076,0.27463,0.27076,0.27463,25600,0.0,0.0
1984-09-17 00:00:00-04:00,0.27076,0.27076,0.27076,0.27076,8000,0.0,0.0
1984-09-18 00:00:00-04:00,0.27076,0.27076,0.27076,0.27076,0,0.0,0.0
1984-09-19 00:00:00-04:00,0.2785,0.28237,0.2785,0.2785,19200,0.0,0.0
1984-09-20 00:00:00-04:00,0.27463,0.27463,0.27463,0.27463,16000,0.0,0.0
1984-09-21 00:00:00-04:00,0.27463,0.27463,0.27076,0.27076,32000,0.0,0.0
1984-09-24 00:00:00-04:00,0.27076,0.27076,0.27076,0.27076,3200,0.0,0.0
1984-09-25 00:00:00-04:00,0.27076,0.27076,0.27076,0.27076,44800,0.0,0.0
1984-09-26 00:00:00-04:00,0.26689,0.26689,0.26689,0.26689,4800,0.0,0.0
1984-09-27 00:00:00-04:00,0.26689,0.26689,0.26689,0.26689,3200,0.0,0.0
1984-09-28 00:00:00-04:00,0.26689,0.26689,0.26689,0.26689,1600,0.0,0.0
1984-10-01 00:00:00-04:00,0.26689,0.26689,0.26689,0.26689,0,0.0,0.0
1984-10-02 00:00:00-04:00,0.26689,0.26689,0.26689,0.26689,0,0.0,0.0
1984-10-03 00:00:00-04:00,0.26689,0.26689,0.26689,0.26689,0,0.0,0.0
1984-10-04 00:00:00-04:00,0.27076,0.27463,0.27076,0.27463,12800,0.0,0.0
1984-10-05 00:00:00-04:00,0.27076,0.27076,0.27076,0.27076,1600,0.0,0.0
1984-10-08 00:00:00-04:00,0.27076,0.27076,0.27076,0.27076,1600,0.0,0.0
1984-10-09 00:00:00-04:00,0.27076,0.27076,0.27076,0.27076,0,0.0,0.0
1984-10-10 00:00:00-04:00,0.27076,0.27076,0.27076,0.27076,0,0.0,0.0
1984-10-11 00:00:00-04:00,0.27076,0.27076,0.27076,0.27076,0,0.0,0.0
1984-10-12 00:00:00-04:00,0.27076,0.27076,0.27076,0.27076,1600,0.0,0.0
1984-10-15 00:00:00-04:00,0.27076,0.27076,0.27076,0.27076,12800,0.0,0.0
1984-10-16 00:00:00-04:00,0.27076,0.27076,0.27076,0.27076,0,0.0,0.0
1984-10-17 00:00:00-04:00,0.27076,0.27076,0.27076,0.27076,1600,0.0,0.0
1984-10-18 00:00:00-04:00,0.27463,0.27463,0.27463,0.27463,40000,0.0,0.0
1984-10-19 00:00:00-04:00,0.27463,0.2785,0.27463,0.2785,17600,0.0,0.0
1984-10-22 00:00:00-04:00,0.29397,0.29397,0.29397,0.29397,22400,0.0,0.0
1984-10-23 00:00:00-04:00,0.29784,0.29784,0.29784,0.29784,6400,0.0,0.0
1984-10-24 00:00:00-04:00,0.29784,0.29784,0.29784,0.29784,0,0.0,0.0
1984-10-25 00:00:00-04:00,0.29397,0.29397,0.29397,0.29397,33600,0.0,0.0
1984-10-26 00:00:00-04:00,0.2901,0.2901,0.2901,0.2901,3200,0.0,0.0
1984-10-29 00:00:00-05:00,0.2901,0.2901,0.2901,0.2901,0,0.0,0.0
1984-10-30 00:00:00-05:00,0.2901,0.2901,0.2901,0.2901,1600,0.0,0.0
1984-10-31 00:00:00-05:00,0.2901,0.2901,0.28237,0.28237,28800,0.0,0.0
1984-11-01 00:00:00-05:00,0.2901,0.30171,0.2901,0.29397,43200,0.0,0.0
1984-11-02 00:00:00-05:00,0.29784,0.31718,0.29784,0.31718,86400,0.0,0.0
1984-11-05 00:00:00-05:00,0.32491,0.34812,0.32491,0.33265,188800,0.0,0.0
1984-11-06 00:00:00-05:00,0.33265,0.34425,0.32491,0.33652,145600,0.0,0.0
1984-11-07 00:00:00-05:00,0.33652,0.33652,0.32878,0.33265,46400,0.0,0.0
1984-11-08 00:00:00-05:00,0.32878,0.32878,0.32105,0.32105,40000,0.0,0.0
1984-11-09 00:00:00-05:00,0.32105,0.32491,0.31331,0.32105,72000,0.0,0.0
1984-11-12 00:00:00-05:00,0.31718,0.31718,0.31718,0.31718,24000,0.0,0.0
1984-11-13 00:00:00-05:00,0.31718,0.31718,0.30944,0.30944,8000,0.0,0.0
1984-11-14 00:00:00-05:00,0.30944,0.30944,0.30944,0.30944,11200,0.0,0.0
1984-11-15 00:00:00-05:00,0.30944,0.30944,0.30557,0.30944,19200,0.0,0.0
1984-11-16 00:00:00-05:00,0.30944,0.30944,0.29397,0.29397,36800,0.0,0.0
1984-11-19 00:00:00-05:00,0.29397,0.30171,0.29397,0.29397,9600,0.0,0.0
1984-11-20 00:00:00-05:00,0.29397,0.29397,0.29397,0.29397,0,0.0,0.0
1984-11-21 00:00:00-05:00,0.29397,0.29397,0.29397,0.29397,8000,0.0,0.0
1984-11-23 00:00:00-05:00,0.2785,0.2785,0.26689,0.2785,112000,0.0,0.0
1984-11-26 00:00:00-05:00,0.28237,0.28237,0.28237,0.28237,17600,0.0,0.0
1984-11-27 00:00:00-05:00,0.2785,0.2785,0.26689,0.2785,36800,0.0,0.0
1984-11-28 00:00:00-05:00,0.27463,0.27463,0.27463,0.27463,17600,0.0,0.0
1984-11-29 00:00:00-05:00,0.27463,0.27463,0.26689,0.26689,25600,0.0,0.0
1984-11-30 00:00:00-05:00,0.27076,0.27076,0.27076,0.27076,1600,0.0,0.0
1984-12-03 00:00:00-05:00,0.27076,0.27076,0.26689,0.26689,16000,0.0,0.0
1984-12-04 00:00:00-05:00,0.27076,0.27076,0.27076,0.27076,3200,0.0,0.0
1984-12-05 00:00:00-05:00,0.27076,0.27076,0.27076,0.27076,0,0.0,0.0
1984-12-06 00:00:00-05:00,0.26689,0.26689,0.26689,0.26689,8000,0.0,0.0
1984-12-07 00:00:00-05:00,0.26689,0.26689,0.26689,0.26689,0,0.0,0.0
1984-12-10 00:00:00-05:00,0.26689,0.26689,0.26689,0.26689,0,0.0,0.0
1984-12-11 00:00:00-05:00,0.25916,0.25916,0.25916,0.25916,1600,0.0,0.0
1984-12-12 00:00:00-05:00,0.25916,0.25916,0.25916,0.25916,1600,0.0,0.0
1984-12-13 00:00:00-05:00,0.26303,0.26303,0.26303,0.26303,3200,0.0,0.0
1984-12-14 00:00:00-05:00,0.26303,0.27076,0.25529,0.27076,36800,0.0,0.0
1984-12-17 00:00:00-05:00,0.27463,0.2785,0.27463,0.2785,32000,0.0,0.0
1984-12-18 00:00:00-05:00,0.2785,0.28623,0.27463,0.28237,9600,0.0,0.0
1984-12-19 00:00:00-05:00,0.28237,0.2901,0.28237,0.28237,27200,0.0,0.0
1984-12-20 00:00:00-05:00,0.2785,0.2785,0.2785,0.2785,11200,0.0,0.0
1984-12-21 00:00:00-05:00,0.2785,0.2785,0.2785,0.2785,22400,0.0,0.0
1984-12-24 00:00:00-05:00,0.2785,0.2785,0.2785,0.2785,0,0.0,0.0
1984-12-26 00:00:00-05:00,0.2785,0.2785,0.2785,0.2785,3200,0.0,0.0
1984-12-27 00:00:00-05:00,0.2785,0.2785,0.2785,0.2785,3200,0.0,0.0
1984-12-28 00:00:00-05:00,0.2785,0.28237,0.2785,0.2785,11200,0.0,0.0
1984-12-31 00:00:00-05:00,0.2785,0.28623,0.2785,0.28623,17600,0.0,0.0
1985-01-02 00:00:00-05:00,0.2901,0.2901,0.2901,0.2901,11200,0.0,0.0
1985-01-03 00:00:00-05:00,0.28237,0.28237,0.28237,0.28237,4800,0.0,0.0
1985-01-04 00:00:00-05:00,0.28237,0.28237,0.28237,0.28237,0,0.0,0.0
1985-01-07 00:00:00-05:00,0.28237,0.28237,0.28237,0.28237,0,0.0,0.0
1985-01-08 00:00:00-05:00,0.28237,0.28237,0.28237,0.28237,6400,0.0,0.0
1985-01-09 00:00:00-05:00,0.28623,0.30944,0.28623,0.30944,59200,0.0,0.0
1985-01-10 00:00:00-05:00,0.30944,0.33265,0.29784,0.33265,238400,0.0,0.0
1985-01-11 00:00:00-05:00,0.33265,0.33265,0.32105,0.32491,84800,0.0,0.0
1985-01-14 00:00:00-05:00,0.32878,0.34039,0.32878,0.33652,110400,0.0,0.0
1985-01-15 00:00:00-05:00,0.33652,0.34039,0.32491,0.32878,100800,0.0,0.0
1985-01-16 00:00:00-05:00,0.33265,0.34425,0.33265,0.34425,72000,0.0,0.0
1985-01-17 00:00:00-05:00,0.34039,0.34039,0.33265,0.33265,76800,0.0,0.0
1985-01-18 00:00:00-05:00,0.33265,0.36359,0.33265,0.35199,200000,0.0,0.0
1985-01-21 00:00:00-05:00,0.35199,0.35199,0.33652,0.34039,52800,0.0,0.0
1985-01-22 00:00:00-05:00,0.34039,0.35199,0.33652,0.35199,52800,0.0,0.0
1985-01-23 00:00:00-05:00,0.34812,0.34812,0.34425,0.34812,139200,0.0,0.0
1985-01-24 00:00:00-05:00,0.34812,0.34812,0.32878,0.34812,102400,0.0,0.0
1985-01-25 00:00:00-05:00,0.34812,0.37907,0.34039,0.37133,286400,0.0,0.0
1985-01-28 00:00:00-05:00,0.37133,0.37907,0.37133,0.37133,62400,0.0,0.0
1985-01-29 00:00:00-05:00,0.37133,0.37133,0.35586,0.37133,65600,0.0,0.0
1985-01-30 00:00:00-05:00,0.37133,0.39067,0.37133,0.38293,128000,0.0,0.0
1985-01-31 00:00:00-05:00,0.37907,0.37907,0.37133,0.3752,25600,0.0,0.0
1985-02-01 00:00:00-05:00,0.3752,0.3752,0.36746,0.37133,28800,0.0,0.0
1985-02-04 00:00:00-05:00,0.37133,0.38293,0.36359,0.38293,28800,0.0,0.0
1985-02-05 00:00:00-05:00,0.37133,0.37133,0.36746,0.36746,27200,0.0,0.0
1985-02-06 00:00:00-05:00,0.3752,0.39454,0.3752,0.3868,246400,0.0,0.0
1985-02-07 00:00:00-05:00,0.39067,0.39454,0.39067,0.39454,52800,0.0,0.0
1985-02-08 00:00:00-05:00,0.39841,0.40614,0.39841,0.40227,177600,0.0,0.0
1985-02-11 00:00:00-05:00,0.39454,0.39454,0.37907,0.37907,49600,0.0,0.0
1985-02-12 00:00:00-05:00,0.37133,0.37133,0.37133,0.37133,16000,0.0,0.0
1985-02-13 00:00:00-05:00,0.3752,0.38293,0.3752,0.37907,48000,0.0,0.0
1985-02-14 00:00:00-05:00,0.37907,0.38293,0.3752,0.3752,14400,0.0,0.0
1985-02-15 00:00:00-05:00,0.3752,0.3752,0.3752,0.3752,16000,0.0,0.0
1985-02-19 00:00:00-05:00,0.37133,0.37133,0.36746,0.36746,11200,0.0,0.0
1985-02-20 00:00:00-05:00,0.36746,0.37133,0.36746,0.36746,9600,0.0,0.0
1985-02-21 00:00:00-05:00,0.36746,0.36746,0.36359,0.36359,4800,0.0,0.0
1985-02-22 00:00:00-05:00,0.35973,0.35973,0.35586,0.35586,8000,0.0,0.0
1985-02-25 00:00:00-05:00,0.34812,0.34812,0.34425,0.34425,8000,0.0,0.0
1985-02-26 00:00:00-05:00,0.34425,0.35199,0.34039,0.34425,20800,0.0,0.0
1985-02-27 00:00:00-05:00,0.34039,0.34039,0.33652,0.34039,56000,0.0,0.0
1985-02-28 00:00:00-05:00,0.34039,0.34039,0.33265,0.33652,25600,0.0,0.0
1985-03-01 00:00:00-05:00,0.33652,0.33652,0.33265,0.33265,6400,0.0,0.0
1985-03-04 00:00:00-05:00,0.33265,0.33652,0.32878,0.32878,11200,0.0,0.0
1985-03-05 00:00:00-05:00,0.33265,0.33652,0.33265,0.33265,25600,0.0,0.0
1985-03-06 00:00:00-05:00,0.33265,0.33265,0.33265,0.33265,0,0.0,0.0
1985-03-07 00:00:00-05:00,0.33265,0.33265,0.33265,0.33265,3200,0.0,0.0
1985-03-08 00:00:00-05:00,0.33265,0.33265,0.33265,0.33265,0,0.0,0.0
1985-03-11 00:00:00-05:00,0.32878,0.32878,0.32491,0.32878,30400,0.0,0.0
1985-03-12 00:00:00-05:00,0.32878,0.33265,0.32491,0.32491,12800,0.0,0.0
1985-03-13 00:00:00-05:00,0.32491,0.32491,0.32105,0.32105,17600,0.0,0.0
1985-03-14 00:00:00-05:00,0.32491,0.33265,0.32491,0.33265,20800,0.0,0.0
1985-03-15 00:00:00-05:00,0.33652,0.34039,0.33652,0.34039,11200,0.0,0.0
1985-03-18 00:00:00-05:00,0.34039,0.34812,0.34039,0.34812,12800,0.0,0.0
1985-03-19 00:00:00-05:00,0.35199,0.35199,0.35199,0.35199,1600,0.0,0.0
1985-03-20 00:00:00-05:00,0.35199,0.35586,0.34425,0.34812,19200,0.0,0.0
1985-03-21 00:00:00-05:00,0.34812,0.34812,0.34812,0.34812,0,0.0,0.0
1985-03-22 00:00:00-05:00,0.34039,0.34039,0.33652,0.33652,14400,0.0,0.0
1985-03-25 00:00:00-05:00,0.33652,0.33652,0.33652,0.33652,0,0.0,0.0
1985-03-26 00:00:00-05:00,0.33265,0.33265,0.33265,0.33265,8000,0.0,0.0
1985-03-27 00:00:00-05:00,0.33265,0.33265,0.33265,0.33265,0,0.0,0.0
1985-03-28 00:00:00-05:00,0.33265,0.33265,0.33265,0.33265,4800,0.0,0.0
1985-03-29 00:00:00-05:00,0.33652,0.34039,0.33652,0.33652,11200,0.0,0.0
1985-04-01 00:00:00-05:00,0.33265,0.33265,0.33265,0.33265,1600,0.0,0.0
1985-04-02 00:00:00-05:00,0.33265,0.33265,0.32878,0.32878,12800,0.0,0.0
1985-04-03 00:00:00-05:00,0.31718,0.31718,0.31718,0.31718,35200,0.0,0.0
1985-04-04 00:00:00-05:00,0.31718,0.31718,0.31718,0.31718,0,0.0,0.0
1985-04-08 00:00:00-05:00,0.31718,0.31718,0.31331,0.31331,11200,0.0,0.0
1985-04-09 00:00:00-05:00,0.31331,0.31331,0.31331,0.31331,0,0.0,0.0
1985-04-10 00:00:00-05:00,0.31331,0.31331,0.30944,0.31331,9600,0.0,0.0
1985-04-11 00:00:00-05:00,0.31331,0.31331,0.30944,0.30944,9600,0.0,0.0
1985-04-12 00:00:00-05:00,0.30557,0.30557,0.30557,0.30557,3200,0.0,0.0
1985-04-15 00:00:00-05:00,0.30944,0.32105,0.30944,0.31718,129600,0.0,0.0
1985-04-16 00:00:00-05:00,0.31718,0.32491,0.31718,0.31718,51200,0.0,0.0
1985-04-17 00:00:00-05:00,0.31718,0.32491,0.31718,0.31718,33600,0.0,0.0
1985-04-18 00:00:00-05:00,0.31331,0.31331,0.30944,0.30944,14400,0.0,0.0
1985-04-19 00:00:00-05:00,0.30944,0.30944,0.29397,0.29397,137600,0.0,0.0
1985-04-22 00:00:00-05:00,0.29397,0.30171,0.2901,0.29784,59200,0.0,0.0
1985-04-23 00:00:00-05:00,0.29784,0.30171,0.29397,0.29397,51200,0.0,0.0
1985-04-24 00:00:00-05:00,0.29397,0.29784,0.29397,0.29397,6400,0.0,0.0
1985-04-25 00:00:00-05:00,0.29397,0.30557,0.29397,0.30557,78400,0.0,0.0
1985-04-26 00:00:00-05:00,0.30557,0.30557,0.29784,0.29784,38400,0.0,0.0
1985-04-29 00:00:00-04:00,0.29397,0.29397,0.2901,0.2901,22400,0.0,0.0
1985-04-30 00:00:00-04:00,0.29397,0.29397,0.29397,0.29397,4800,0.0,0.0
1985-05-01 00:00:00-04:00,0.2901,0.2901,0.28623,0.28623,36800,0.0,0.0
1985-05-02 00:00:00-04:00,0.28623,0.2901,0.2785,0.28237,60800,0.0,0.0
1985-05-03 00:00:00-04:00,0.28237,0.29397,0.2785,0.2901,68800,0.0,0.0
1985-05-06 00:00:00-04:00,0.2901,0.29397,0.28623,0.29397,6400,0.0,0.0
1985-05-07 00:00:00-04:00,0.29784,0.30171,0.29784,0.30171,19200,0.0,0.0
1985-05-08 00:00:00-04:00,0.30171,0.30171,0.29784,0.29784,16000,0.0,0.0
1985-05-09 00:00:00-04:00,0.2901,0.2901,0.2901,0.2901,4800,0.0,0.0
1985-05-10 00:00:00-04:00,0.29784,0.30557,0.29784,0.30557,32000,0.0,0.0
1985-05-13 00:00:00-04:00,0.30944,0.30944,0.30944,0.30944,35200,0.0,0.0
1985-05-14 00:00:00-04:00,0.31718,0.32105,0.31718,0.32105,48000,0.0,0.0
1985-05-15 00:00:00-04:00,0.32105,0.32491,0.31718,0.32105,65600,0.0,0.0
1985-05-16 00:00:00-04:00,0.32105,0.32105,0.31331,0.31718,44800,0.0,0.0
1985-05-17 00:00:00-04:00,0.31331,0.31331,0.31331,0.31331,1600,0.0,0.0
1985-05-20 00:00:00-04:00,0.32105,0.32105,0.32105,0.32105,1600,0.0,0.0
1985-05-21 00:00:00-04:00,0.32491,0.32878,0.32491,0.32878,12800,0.0,0.0
1985-05-22 00:00:00-04:00,0.32878,0.32878,0.31718,0.31718,96000,0.0,0.0
1985-05-23 00:00:00-04:00,0.31718,0.31718,0.30557,0.31331,113600,0.0,0.0
1985-05-24 00:00:00-04:00,0.31331,0.31331,0.31331,0.31331,0,0.0,0.0
1985-05-28 00:00:00-04:00,0.31331,0.31331,0.30944,0.31331,25600,0.0,0.0
1985-05-29 00:00:00-04:00,0.31331,0.31331,0.30944,0.31331,9600,0.0,0.0
1985-05-30 00:00:00-04:00,0.30944,0.30944,0.29784,0.30944,126400,0.0,0.0
1985-05-31 00:00:00-04:00,0.30944,0.30944,0.30944,0.30944,40000,0.0,0.0
1985-06-03 00:00:00-04:00,0.30944,0.31718,0.30557,0.31718,22400,0.0,0.0
1985-06-04 00:00:00-04:00,0.31718,0.32105,0.30944,0.30944,32000,0.0,0.0
1985-06-05 00:00:00-04:00,0.30944,0.31718,0.30944,0.31718,96000,0.0,0.0
1985-06-06 00:00:00-04:00,0.31718,0.31718,0.30944,0.31718,49600,0.0,0.0
1985-06-07 00:00:00-04:00,0.31331,0.31331,0.30944,0.30944,14400,0.0,0.0
1985-06-10 00:00:00-04:00,0.30944,0.30944,0.30557,0.30557,19200,0.0,0.0
1985-06-11 00:00:00-04:00,0.30557,0.30557,0.30557,0.30557,8000,0.0,0.0
1985-06-12 00:00:00-04:00,0.30557,0.31331,0.30557,0.30944,91200,0.0,0.0
1985-06-13 00:00:00-04:00,0.30944,0.30944,0.30944,0.30944,81600,0.0,0.0
1985-06-14 00:00:00-04:00,0.30944,0.31331,0.30557,0.30557,9600,0.0,0.0
1985-06-17 00:00:00-04:00,0.30557,0.30944,0.30171,0.30171,75200,0.0,0.0
1985-06-18 00:00:00-04:00,0.30171,0.30944,0.30171,0.30944,160000,0.0,0.0
1985-06-19 00:00:00-04:00,0.30944,0.31331,0.30944,0.30944,16000,0.0,0.0
1985-06-20 00:00:00-04:00,0.30944,0.30944,0.30944,0.30944,14400,0.0,0.0
1985-06-21 00:00:00-04:00,0.30944,0.30944,0.30944,0.30944,24000,0.0,0.0
1985-06-24 00:00:00-04:00,0.30944,0.32878,0.30557,0.32105,203200,0.0,0.0
1985-06-25 00:00:00-04:00,0.32878,0.33652,0.32878,0.33265,43200,0.0,0.0
1985-06-26 00:00:00-04:00,0.32491,0.32491,0.32491,0.32491,24000,0.0,0.0
1985-06-27 00:00:00-04:00,0.32878,0.33652,0.32878,0.33265,25600,0.0,0.0
1985-06-28 00:00:00-04:00,0.33265,0.33265,0.33265,0.33265,3200,0.0,0.0
1985-07-01 00:00:00-04:00,0.33265,0.33652,0.32878,0.32878,16000,0.0,0.0
1985-07-02 00:00:00-04:00,0.33265,0.34039,0.33265,0.34039,41600,0.0,0.0
1985-07-03 00:00:00-04:00,0.34039,0.34039,0.33265,0.34039,64000,0.0,0.0
1985-07-05 00:00:00-04:00,0.34039,0.34039,0.34039,0.34039,16000,0.0,0.0
1985-07-08 00:00:00-04:00,0.33265,0.33265,0.33265,0.33265,9600,0.0,0.0
1985-07-09 00:00:00-04:00,0.33265,0.33265,0.33265,0.33265,46400,0.0,0.0
1985-07-10 00:00:00-04:00,0.34039,0.34039,0.34039,0.34039,59200,0.0,0.0
1985-07-11 00:00:00-04:00,0.34039,0.35973,0.33652,0.35199,108800,0.0,0.0
1985-07-12 00:00:00-04:00,0.35199,0.35973,0.34425,0.34425,32000,0.0,0.0
1985-07-15 00:00:00-04:00,0.34425,0.35586,0.34039,0.34812,65600,0.0,0.0
1985-07-16 00:00:00-04:00,0.34812,0.34812,0.34039,0.34425,230400,0.0,0.0
1985-07-17 00:00:00-04:00,0.34425,0.34812,0.34039,0.34039,20800,0.0,0.0
1985-07-18 00:00:00-04:00,0.33652,0.33652,0.33265,0.33265,92800,0.0,0.0
1985-07-19 00:00:00-04:00,0.32878,0.32878,0.32878,0.32878,3200,0.0,0.0
1985-07-22 00:00:00-04:00,0.33265,0.33265,0.33265,0.33265,24000,0.0,0.0
1985-07-23 00:00:00-04:00,0.33265,0.33265,0.33265,0.33265,11200,0.0,0.0
1985-07-24 00:00:00-04:00,0.33265,0.33265,0.33265,0.33265,16000,0.0,0.0
1985-07-25 00:00:00-04:00,0.33265,0.34039,0.33265,0.34039,92800,0.0,0.0
1985-07-26 00:00:00-04:00,0.34039,0.34039,0.32878,0.33652,64000,0.0,0.0
1985-07-29 00:00:00-04:00,0.33265,0.33265,0.32878,0.32878,36800,0.0,0.0
1985-07-30 00:00:00-04:00,0.33265,0.34039,0.33265,0.33265,51200,0.0,0.0
1985-07-31 00:00:00-04:00,0.33652,0.34425,0.33652,0.34039,113600,0.0,0.0
1985-08-01 00:00:00-04:00,0.33265,0.33265,0.33265,0.33265,32000,0.0,0.0
1985-08-02 00:00:00-04:00,0.33265,0.34039,0.33265,0.33265,36800,0.0,0.0
1985-08-05 00:00:00-04:00,0.33265,0.33265,0.32878,0.33265,40000,0.0,0.0
1985-08-06 00:00:00-04:00,0.33652,0.34039,0.33652,0.33652,120000,0.0,0.0
1985-08-07 00:00:00-04:00,0.33652,0.33652,0.33652,0.33652,3200,0.0,0.0
1985-08-08 00:00:00-04:00,0.33652,0.34425,0.33265,0.34039,76800,0.0,0.0
1985-08-09 00:00:00-04:00,0.34039,0.34039,0.33652,0.33652,6400,0.0,0.0
1985-08-12 00:00:00-04:00,0.33265,0.33265,0.33265,0.33265,16000,0.0,0.0
1985-08-13 00:00:00-04:00,0.33265,0.33265,0.33265,0.33265,8000,0.0,0.0
1985-08-14 00:00:00-04:00,0.33265,0.33265,0.33265,0.33265,16000,0.0,0.0
1985-08-15 00:00:00-04:00,0.33265,0.33652,0.32878,0.33652,171200,0.0,0.0
1985-08-16 00:00:00-04:00,0.34039,0.34425,0.34039,0.34425,36800,0.0,0.0
1985-08-19 00:00:00-04:00,0.34039,0.34039,0.33652,0.33652,8000,0.0,0.0
1985-08-20 00:00:00-04:00,0.33652,0.33652,0.33652,0.33652,0,0.0,0.0
1985-08-21 00:00:00-04:00,0.33265,0.33265,0.32878,0.32878,27200,0.0,0.0
1985-08-22 00:00:00-04:00,0.32878,0.33265,0.32878,0.32878,17600,0.0,0.0
1985-08-23 00:00:00-04:00,0.33265,0.33265,0.33265,0.33265,14400,0.0,0.0
1985-08-26 00:00:00-04:00,0.33265,0.33265,0.33265,0.33265,0,0.0,0.0
1985-08-27 00:00:00-04:00,0.33652,0.33652,0.33652,0.33652,11200,0.0,0.0
1985-08-28 00:00:00-04:00,0.34039,0.34039,0.34039,0.34039,8000,0.0,0.0
1985-08-29 00:00:00-04:00,0.34039,0.34812,0.34039,0.34425,8000,0.0,0.0
1985-08-30 00:00:00-04:00,0.34812,0.35586,0.34812,0.35586,17600,0.0,0.0
1985-09-03 00:00:00-04:00,0.35586,0.35973,0.35199,0.35199,60800,0.0,0.0
1985-09-04 00:00:00-04:00,0.35199,0.35586,0.34425,0.34425,54400,0.0,0.0
1985-09-05 00:00:00-04:00,0.34425,0.34425,0.34425,0.34425,0,0.0,0.0
1985-09-06 00:00:00-04:00,0.34039,0.34039,0.34039,0.34039,16000,0.0,0.0
1985-09-09 00:00:00-04:00,0.34039,0.34425,0.34039,0.34425,4800,0.0,0.0
1985-09-10 00:00:00-04:00,0.34039,0.34039,0.33652,0.33652,33600,0.0,0.0
1985-09-11 00:00:00-04:00,0.33265,0.33265,0.32878,0.33265,14400,0.0,0.0
1985-09-12 00:00:00-04:00,0.33652,0.34039,0.33652,0.33652,65600,0.0,0.0
1985-09-13 00:00:00-04:00,0.33652,0.34425,0.33652,0.33652,193600,0.0,0.0
1985-09-16 00:00:00-04:00,0.33652,0.34039,0.33265,0.34039,158400,0.0,0.0
1985-09-17 00:00:00-04:00,0.34039,0.34039,0.33265,0.33265,52800,0.0,0.0
1985-09-18 00:00:00-04:00,0.34812,0.35586,0.34812,0.34812,145600,0.0,0.0
1985-09-19 00:00:00-04:00,0.34812,0.34812,0.34425,0.34812,17600,0.0,0.0
1985-09-20 00:00:00-04:00,0.34812,0.35199,0.34039,0.34425,56000,0.0,0.0
1985-09-23 00:00:00-04:00,0.34425,0.34812,0.33265,0.33652,43200,0.0,0.0
1985-09-24 00:00:00-04:00,0.33265,0.33265,0.33265,0.33265,22400,0.0,0.0
1985-09-25 00:00:00-04:00,0.32878,0.32878,0.32878,0.32878,8000,0.0,0.0
1985-09-26 00:00:00-04:00,0.32878,0.32878,0.32878,0.32878,4800,0.0,0.0
1985-09-30 00:00:00-04:00,0.32878,0.32878,0.32491,0.32491,25600,0.0,0.0
1985-10-01 00:00:00-04:00,0.32878,0.32878,0.32878,0.32878,1600,0.0,0.0
1985-10-02 00:00:00-04:00,0.32878,0.32878,0.32878,0.32878,0,0.0,0.0
1985-10-03 00:00:00-04:00,0.32878,0.32878,0.32491,0.32491,52800,0.0,0.0
1985-10-04 00:00:00-04:00,0.32878,0.32878,0.32878,0.32878,112000,0.0,0.0
1985-10-07 00:00:00-04:00,0.32878,0.33265,0.32105,0.32105,17600,0.0,0.0
1985-10-08 00:00:00-04:00,0.32105,0.32105,0.32105,0.32105,0,0.0,0.0
1985-10-09 00:00:00-04:00,0.32105,0.32105,0.31718,0.32105,8000,0.0,0.0
1985-10-10 00:00:00-04:00,0.32105,0.32491,0.32105,0.32105,9600,0.0,0.0
1985-10-11 00:00:00-04:00,0.31718,0.31718,0.31718,0.31718,3200,0.0,0.0
1985-10-14 00:00:00-04:00,0.31718,0.31718,0.31718,0.31718,0,0.0,0.0
1985-10-15 00:00:00-04:00,0.31718,0.31718,0.31718,0.31718,0,0.0,0.0
1985-10-16 00:00:00-04:00,0.31718,0.32491,0.31718,0.32491,24000,0.0,0.0
1985-10-17 00:00:00-04:00,0.32491,0.32491,0.32491,0.32491,8000,0.0,0.0
1985-10-18 00:00:00-04:00,0.32491,0.33652,0.30944,0.30944,126400,0.0,0.0
1985-10-21 00:00:00-04:00,0.31718,0.31718,0.31718,0.31718,8000,0.0,0.0
1985-10-22 00:00:00-04:00,0.31718,0.31718,0.31331,0.31331,22400,0.0,0.0
1985-10-23 00:00:00-04:00,0.32105,0.32878,0.32105,0.32878,132800,0.0,0.0
1985-10-24 00:00:00-04:00,0.32105,0.32105,0.32105,0.32105,19200,0.0,0.0
1985-10-25 00:00:00-04:00,0.32491,0.32878,0.32491,0.32491,11200,0.0,0.0
1985-10-28 00:00:00-05:00,0.32491,0.32491,0.32491,0.32491,0,0.0,0.0
1985-10-29 00:00:00-05:00,0.32491,0.32491,0.32491,0.32491,40000,0.0,0.0
1985-10-30 00:00:00-05:00,0.32491,0.32491,0.32491,0.32491,3200,0.0,0.0
1985-10-31 00:00:00-05:00,0.32491,0.32491,0.32491,0.32491,12800,0.0,0.0
1985-11-01 00:00:00-05:00,0.32878,0.33265,0.32878,0.32878,108800,0.0,0.0
1985-11-04 00:00:00-05:00,0.32491,0.32491,0.32105,0.32105,6400,0.0,0.0
1985-11-05 00:00:00-05:00,0.32105,0.32105,0.32105,0.32105,273600,0.0,0.0
1985-11-06 00:00:00-05:00,0.32105,0.32105,0.32105,0.32105,16000,0.0,0.0
1985-11-07 00:00:00-05:00,0.32105,0.32105,0.32105,0.32105,0,0.0,0.0
1985-11-08 00:00:00-05:00,0.32105,0.32491,0.32105,0.32105,8000,0.0,0.0
1985-11-11 00:00:00-05:00,0.32105,0.32105,0.32105,0.32105,0,0.0,0.0
1985-11-12 00:00:00-05:00,0.32491,0.32491,0.32491,0.32491,17600,0.0,0.0
1985-11-13 00:00:00-05:00,0.32491,0.32491,0.32491,0.32491,0,0.0,0.0
1985-11-14 00:00:00-05:00,0.32105,0.32105,0.31718,0.32105,32000,0.0,0.0
1985-11-15 00:00:00-05:00,0.31718,0.31718,0.31331,0.31331,11200,0.0,0.0
1985-11-18 00:00:00-05:00,0.31331,0.31331,0.31331,0.31331,32000,0.0,0.0
1985-11-19 00:00:00-05:00,0.31331,0.32105,0.31331,0.31331,9600,0.0,0.0
1985-11-20 00:00:00-05:00,0.31331,0.31331,0.31331,0.31331,8000,0.0,0.0
1985-11-21 00:00:00-05:00,0.31331,0.31331,0.31331,0.31331,0,0.0,0.0
1985-11-22 00:00:00-05:00,0.31331,0.31331,0.31331,0.31331,0,0.0,0.0
1985-11-25 00:00:00-05:00,0.30944,0.30944,0.30944,0.30944,9600,0.0,0.0
1985-11-26 00:00:00-05:00,0.30944,0.30944,0.30944,0.30944,16000,0.0,0.0
1985-11-27 00:00:00-05:00,0.31331,0.32105,0.31331,0.31331,20800,0.0,0.0
1985-11-29 00:00:00-05:00,0.31331,0.31331,0.31331,0.31331,3200,0.0,0.0
1985-12-02 00:00:00-05:00,0.30944,0.30944,0.30944,0.30944,9600,0.0,0.0
1985-12-03 00:00:00-05:00,0.30944,0.30944,0.30944,0.30944,0,0.0,0.0
1985-12-04 00:00:00-05:00,0.31331,0.31718,0.31331,0.31718,11200,0.0,0.0
1985-12-05 00:00:00-05:00,0.31718,0.31718,0.31331,0.31718,17600,0.0,0.0
1985-12-06 00:00:00-05:00,0.31331,0.31331,0.31331,0.31331,17600,0.0,0.0
1985-12-09 00:00:00-05:00,0.31331,0.31718,0.31331,0.31331,22400,0.0,0.0
1985-12-10 00:00:00-05:00,0.31331,0.31718,0.31331,0.31331,9600,0.0,0.0
1985-12-11 00:00:00-05:00,0.31331,0.31331,0.31331,0.31331,0,0.0,0.0
1985-12-12 00:00:00-05:00,0.31718,0.31718,0.31718,0.31718,19200,0.0,0.0
1985-12-13 00:00:00-05:00,0.32105,0.33265,0.32105,0.33265,123200,0.0,0.0
1985-12-16 00:00:00-05:00,0.33265,0.33265,0.33265,0.33265,0,0.0,0.0
1985-12-17 00:00:00-05:00,0.32491,0.32491,0.31718,0.32491,20800,0.0,0.0
1985-12-18 00:00:00-05:00,0.32491,0.32491,0.32105,0.32105,65600,0.0,0.0
1985-12-19 00:00:00-05:00,0.32105,0.32491,0.31718,0.32105,126400,0.0,0.0
1985-12-20 00:00:00-05:00,0.32491,0.32491,0.32491,0.32491,3200,0.0,0.0
1985-12-23 00:00:00-05:00,0.32491,0.33265,0.31718,0.33265,174400,0.0,0.0
1985-12-24 00:00:00-05:00,0.33265,0.34812,0.33265,0.34812,134400,0.0,0.0
1985-12-26 00:00:00-05:00,0.34812,0.34812,0.34039,0.34039,68800,0.0,0.0
1985-12-27 00:00:00-05:00,0.34812,0.35586,0.34812,0.35586,32000,0.0,0.0
1985-12-30 00:00:00-05:00,0.35973,0.36746,0.35973,0.36746,81600,0.0,0.0
1985-12-31 00:00:00-05:00,0.36746,0.3752,0.36746,0.3752,70400,0.0,0.0
1986-01-02 00:00:00-05:00,0.3752,0.39454,0.37133,0.39454,240000,0.0,0.0
1986-01-03 00:00:00-05:00,0.39454,0.39841,0.3868,0.39841,73600,0.0,0.0
1986-01-06 00:00:00-05:00,0.39841,0.40227,0.38293,0.40227,150400,0.0,0.0
1986-01-07 00:00:00-05:00,0.40227,0.41388,0.39067,0.41388,168000,0.0,0.0
1986-01-08 00:00:00-05:00,0.41775,0.43322,0.41775,0.41775,337600,0.0,0.0
1986-01-09 00:00:00-05:00,0.41388,0.41388,0.40227,0.41001,120000,0.0,0.0
1986-01-10 00:00:00-05:00,0.41001,0.41388,0.40614,0.41388,35200,0.0,0.0
1986-01-13 00:00:00-05:00,0.41388,0.41775,0.40614,0.41775,48000,0.0,0.0
1986-01-14 00:00:00-05:00,0.41775,0.42161,0.41001,0.41775,100800,0.0,0.0
1986-01-15 00:00:00-05:00,0.41775,0.42548,0.41775,0.41775,62400,0.0,0.0
1986-01-16 00:00:00-05:00,0.41775,0.42935,0.41388,0.41388,86400,0.0,0.0
1986-01-17 00:00:00-05:00,0.41388,0.41388,0.40227,0.41388,102400,0.0,0.0
1986-01-20 00:00:00-05:00,0.41388,0.42161,0.41388,0.41775,16000,0.0,0.0
1986-01-21 00:00:00-05:00,0.41775,0.42935,0.41775,0.42935,14400,0.0,0.0
1986-01-22 00:00:00-05:00,0.42935,0.43322,0.42935,0.43322,60800,0.0,0.0
1986-01-23 00:00:00-05:00,0.44095,0.45643,0.44095,0.45643,88000,0.0,0.0
1986-01-24 00:00:00-05:00,0.45643,0.45643,0.44482,0.45256,41600,0.0,0.0
1986-01-27 00:00:00-05:00,0.45643,0.46416,0.45643,0.46416,38400,0.0,0.0
1986-01-28 00:00:00-05:00,0.46803,0.47577,0.46803,0.4719,72000,0.0,0.0
1986-01-29 00:00:00-05:00,0.46803,0.46803,0.4603,0.46416,48000,0.0,0.0
1986-01-30 00:00:00-05:00,0.46416,0.4719,0.46416,0.46416,38400,0.0,0.0
1986-01-31 00:00:00-05:00,0.46416,0.46803,0.4603,0.46803,43200,0.0,0.0
1986-02-03 00:00:00-05:00,0.46803,0.4719,0.44482,0.45256,126400,0.0,0.0
1986-02-04 00:00:00-05:00,0.45643,0.4603,0.45643,0.4603,27200,0.0,0.0
1986-02-05 00:00:00-05:00,0.46029,0.46029,0.45256,0.45643,27200,0.0,0.0
1986-02-06 00:00:00-05:00,0.45643,0.45643,0.45256,0.45643,6400,0.0,0.0
1986-02-07 00:00:00-05:00,0.44869,0.44869,0.43709,0.44095,28800,0.0,0.0
1986-02-10 00:00:00-05:00,0.44095,0.44482,0.43709,0.44482,25600,0.0,0.0
1986-02-11 00:00:00-05:00,0.44869,0.46029,0.44869,0.45643,51200,0.0,0.0
1986-02-12 00:00:00-05:00,0.45643,0.45643,0.44482,0.44482,59200,0.0,0.0
1986-02-13 00:00:00-05:00,0.44482,0.45256,0.44482,0.45256,11200,0.0,0.0
1986-02-14 00:00:00-05:00,0.45256,0.45643,0.44869,0.45256,27200,0.0,0.0
1986-02-18 00:00:00-05:00,0.45643,0.45643,0.45643,0.45643,4800,0.0,0.0
1986-02-19 00:00:00-05:00,0.45643,0.45643,0.44482,0.45256,28800,0.0,0.0
1986-02-20 00:00:00-05:00,0.45256,0.4603,0.45256,0.4603,27200,0.0,0.0
1986-02-21 00:00:00-05:00,0.4603,0.46803,0.4603,0.46803,96000,0.0,0.0
1986-02-24 00:00:00-05:00,0.46803,0.46803,0.4603,0.46416,28800,0.0,0.0
1986-02-25 00:00:00-05:00,0.46416,0.46803,0.4603,0.46803,22400,0.0,0.0
1986-02-26 00:00:00-05:00,0.46803,0.47577,0.46803,0.47577,32000,0.0,0.0
1986-02-27 00:00:00-05:00,0.47577,0.47964,0.4719,0.4719,59200,0.0,0.0
1986-02-28 00:00:00-05:00,0.47963,0.51058,0.47963,0.51058,80000,0.0,0.0
1986-03-03 00:00:00-05:00,0.51058,0.53766,0.51058,0.51832,297600,0.0,0.0
1986-03-04 00:00:00-05:00,0.51832,0.51832,0.50671,0.51058,16000,0.0,0.0
1986-03-05 00:00:00-05:00,0.50284,0.50284,0.47964,0.47964,43200,0.0,0.0
1986-03-06 00:00:00-05:00,0.4835,0.48737,0.4835,0.4835,17600,0.0,0.0
1986-03-07 00:00:00-05:00,0.4835,0.4835,0.4835,0.4835,0,0.0,0.0
1986-03-10 00:00:00-05:00,0.4835,0.4835,0.4835,0.4835,0,0.0,0.0
1986-03-11 00:00:00-05:00,0.4835,0.48737,0.4835,0.4835,19200,0.0,0.0
1986-03-12 00:00:00-05:00,0.48737,0.49124,0.48737,0.49124,9600,0.0,0.0
1986-03-13 00:00:00-05:00,0.49124,0.49898,0.49124,0.49124,24000,0.0,0.0
1986-03-14 00:00:00-05:00,0.49124,0.49511,0.49124,0.49511,6400,0.0,0.0
1986-03-17 00:00:00-05:00,0.49124,0.49124,0.48737,0.48737,6400,0.0,0.0
1986-03-18 00:00:00-05:00,0.4835,0.4835,0.4835,0.4835,11200,0.0,0.0
1986-03-19 00:00:00-05:00,0.4835,0.4835,0.4835,0.4835,6400,0.0,0.0
1986-03-20 00:00:00-05:00,0.48737,0.49124,0.48737,0.48737,4800,0.0,0.0
1986-03-21 00:00:00-05:00,0.48737,0.49124,0.4835,0.4835,14400,0.0,0.0
1986-03-24 00:00:00-05:00,0.4835,0.49511,0.4835,0.49511,14400,0.0,0.0
1986-03-25 00:00:00-05:00,0.49124,0.49124,0.4835,0.4835,32000,0.0,0.0
1986-03-26 00:00:00-05:00,0.4835,0.49124,0.4835,0.49124,27200,0.0,0.0
1986-03-27 00:00:00-05:00,0.48737,0.48737,0.4835,0.48737,6400,0.0,0.0
1986-03-31 00:00:00-05:00,0.4835,0.4835,0.47577,0.47577,25600,0.0,0.0
1986-04-01 00:00:00-05:00,0.4719,0.4719,0.45643,0.45643,27200,0.0,0.0
1986-04-02 00:00:00-05:00,0.45256,0.45256,0.43709,0.44482,27200,0.0,0.0
1986-04-03 00:00:00-05:00,0.44482,0.44869,0.44482,0.44869,9600,0.0,0.0
1986-04-04 00:00:00-05:00,0.44869,0.44869,0.44869,0.44869,3200,0.0,0.0
1986-04-07 00:00:00-05:00,0.44869,0.44869,0.44869,0.44869,0,0.0,0.0
1986-04-08 00:00:00-05:00,0.44482,0.44482,0.44482,0.44482,3200,0.0,0.0
1986-04-09 00:00:00-05:00,0.44482,0.44482,0.44482,0.44482,0,0.0,0.0
1986-04-10 00:00:00-05:00,0.45256,0.4603,0.45256,0.4603,24000,0.0,0.0
1986-04-11 00:00:00-05:00,0.46416,0.46416,0.46416,0.46416,9600,0.0,0.0
1986-04-14 00:00:00-05:00,0.46416,0.46803,0.4603,0.46416,22400,0.0,0.0
1986-04-15 00:00:00-05:00,0.46416,0.46416,0.4603,0.4603,16000,0.0,0.0
1986-04-16 00:00:00-05:00,0.46416,0.4719,0.46416,0.46803,43200,0.0,0.0
1986-04-17 00:00:00-05:00,0.46416,0.46416,0.4603,0.4603,6400,0.0,0.0
1986-04-18 00:00:00-05:00,0.46416,0.46416,0.46416,0.46416,8000,0.0,0.0
1986-04-21 00:00:00-05:00,0.46029,0.46029,0.45643,0.45643,14400,0.0,0.0
1986-04-22 00:00:00-05:00,0.45643,0.46416,0.45643,0.46416,3200,0.0,0.0
1986-04-23 00:00:00-05:00,0.46416,0.46803,0.45643,0.46803,19200,0.0,0.0
1986-04-24 00:00:00-05:00,0.4603,0.4603,0.45643,0.4603,41600,0.0,0.0
1986-04-25 00:00:00-05:00,0.46416,0.46416,0.46416,0.46416,17600,0.0,0.0
1986-04-28 00:00:00-04:00,0.46416,0.46416,0.46416,0.46416,4800,0.0,0.0
1986-04-29 00:00:00-04:00,0.46416,0.46416,0.4603,0.4603,38400,0.0,0.0
1986-04-30 00:00:00-04:00,0.4603,0.4603,0.45643,0.4603,27200,0.0,0.0
1986-05-01 00:00:00-04:00,0.45643,0.45643,0.44869,0.44869,16000,0.0,0.0
1986-05-02 00:00:00-04:00,0.45256,0.45256,0.45256,0.45256,12800,0.0,0.0
1986-05-05 00:00:00-04:00,0.45643,0.4603,0.45643,0.4603,28800,0.0,0.0
1986-05-06 00:00:00-04:00,0.45643,0.45643,0.45256,0.45256,22400,0.0,0.0
1986-05-07 00:00:00-04:00,0.45256,0.45643,0.45256,0.45256,16000,0.0,0.0
1986-05-08 00:00:00-04:00,0.45643,0.46416,0.45643,0.46416,32000,0.0,0.0
1986-05-09 00:00:00-04:00,0.46416,0.46803,0.46416,0.46416,24000,0.0,0.0
1986-05-12 00:00:00-04:00,0.4719,0.47577,0.4719,0.47577,17600,0.0,0.0
1986-05-13 00:00:00-04:00,0.4719,0.4719,0.4719,0.4719,9600,0.0,0.0
1986-05-14 00:00:00-04:00,0.4719,0.4719,0.4719,0.4719,3200,0.0,0.0
1986-05-15 00:00:00-04:00,0.4719,0.4719,0.4719,0.4719,1600,0.0,0.0
1986-05-16 00:00:00-04:00,0.4719,0.4719,0.4719,0.4719,3200,0.0,0.0
1986-05-19 00:00:00-04:00,0.4719,0.47964,0.4719,0.47964,20800,0.0,0.0
1986-05-20 00:00:00-04:00,0.47964,0.4835,0.4719,0.4719,67200,0.0,0.0
1986-05-21 00:00:00-04:00,0.4719,0.48737,0.4719,0.48737,41600,0.0,0.0
1986-05-22 00:00:00-04:00,0.49511,0.51832,0.49511,0.50284,81600,0.0,0.0
1986-05-23 00:00:00-04:00,0.50284,0.50671,0.50284,0.50671,14400,0.0,0.0
1986-05-27 00:00:00-04:00,0.50671,0.51058,0.50284,0.50671,20800,0.0,0.0
1986-05-28 00:00:00-04:00,0.50671,0.50671,0.49511,0.49511,52800,0.0,0.0
1986-05-29 00:00:00-04:00,0.49511,0.49511,0.49124,0.49511,121600,0.0,0.0
1986-05-30 00:00:00-04:00,0.50284,0.54926,0.50284,0.54926,104000,0.0,0.0
1986-06-02 00:00:00-04:00,0.54926,0.56473,0.54926,0.54926,96000,0.0,0.0
1986-06-03 00:00:00-04:00,0.54926,0.557,0.54539,0.54926,24000,0.0,0.0
1986-06-04 00:00:00-04:00,0.54539,0.54539,0.54152,0.54152,11200,0.0,0.0
1986-06-05 00:00:00-04:00,0.54152,0.54926,0.53766,0.54152,75200,0.0,0.0
1986-06-06 00:00:00-04:00,0.54152,0.54539,0.53766,0.54539,12800,0.0,0.0
1986-06-09 00:00:00-04:00,0.54539,0.54539,0.52992,0.53766,57600,0.0,0.0
1986-06-10 00:00:00-04:00,0.54539,0.54539,0.54539,0.54539,22400,0.0,0.0
1986-06-11 00:00:00-04:00,0.54152,0.54152,0.53379,0.54152,32000,0.0,0.0
1986-06-12 00:00:00-04:00,0.53766,0.53766,0.53766,0.53766,6400,0.0,0.0
1986-06-13 00:00:00-04:00,0.53766,0.53766,0.53766,0.53766,0,0.0,0.0
1986-06-16 00:00:00-04:00,0.53766,0.54539,0.53766,0.54152,14400,0.0,0.0
1986-06-17 00:00:00-04:00,0.54926,0.54926,0.54926,0.54926,16000,0.0,0.0
1986-06-18 00:00:00-04:00,0.54539,0.54539,0.54539,0.54539,4800,0.0,0.0
1986-06-19 00:00:00-04:00,0.55313,0.55313,0.55313,0.55313,20800,0.0,0.0
1986-06-20 00:00:00-04:00,0.557,0.60728,0.557,0.60728,243200,0.0,0.0
1986-06-23 00:00:00-04:00,0.59954,0.59954,0.58407,0.58794,59200,0.0,0.0
1986-06-24 00:00:00-04:00,0.58794,0.58794,0.557,0.557,97600,0.0,0.0
1986-06-25 00:00:00-04:00,0.55313,0.55313,0.55313,0.55313,3200,0.0,0.0
1986-06-26 00:00:00-04:00,0.55313,0.557,0.54926,0.557,14400,0.0,0.0
1986-06-27 00:00:00-04:00,0.56473,0.57247,0.56473,0.57247,24000,0.0,0.0
1986-06-30 00:00:00-04:00,0.57247,0.57634,0.57247,0.57247,3200,0.0,0.0
1986-07-01 00:00:00-04:00,0.57247,0.57634,0.57247,0.57247,36800,0.0,0.0
1986-07-02 00:00:00-04:00,0.57634,0.5802,0.57634,0.5802,44800,0.0,0.0
1986-07-03 00:00:00-04:00,0.57634,0.57634,0.57247,0.57634,20800,0.0,0.0
1986-07-07 00:00:00-04:00,0.57247,0.57247,0.55313,0.55313,147200,0.0,0.0
1986-07-08 00:00:00-04:00,0.54926,0.54926,0.51832,0.51832,220800,0.0,0.0
1986-07-09 00:00:00-04:00,0.52605,0.52605,0.52605,0.52605,27200,0.0,0.0
1986-07-10 00:00:00-04:00,0.52605,0.53379,0.52605,0.53379,30400,0.0,0.0
1986-07-11 00:00:00-04:00,0.52605,0.52605,0.52605,0.52605,16000,0.0,0.0
1986-07-14 00:00:00-04:00,0.52605,0.52992,0.52605,0.52605,56000,0.0,0.0
1986-07-15 00:00:00-04:00,0.52605,0.52605,0.52605,0.52605,8000,0.0,0.0
1986-07-16 00:00:00-04:00,0.52605,0.52992,0.52605,0.52992,36800,0.0,0.0
1986-07-17 00:00:00-04:00,0.52605,0.52605,0.52605,0.52605,12800,0.0,0.0
1986-07-18 00:00:00-04:00,0.52218,0.52218,0.52218,0.52218,17600,0.0,0.0
1986-07-21 00:00:00-04:00,0.52605,0.52605,0.52605,0.52605,3200,0.0,0.0
1986-07-22 00:00:00-04:00,0.52605,0.53379,0.52605,0.52605,16000,0.0,0.0
1986-07-23 00:00:00-04:00,0.52992,0.53766,0.52992,0.53379,83200,0.0,0.0
1986-07-24 00:00:00-04:00,0.53379,0.53766,0.53379,0.53766,22400,0.0,0.0
1986-07-25 00:00:00-04:00,0.54539,0.54539,0.54539,0.54539,12800,0.0,0.0
1986-07-28 00:00:00-04:00,0.54152,0.54152,0.53766,0.53766,22400,0.0,0.0
1986-07-29 00:00:00-04:00,0.53766,0.53766,0.53379,0.53379,73600,0.0,0.0
1986-07-30 00:00:00-04:00,0.53379,0.53379,0.53379,0.53379,0,0.0,0.0
1986-07-31 00:00:00-04:00,0.54152,0.54152,0.54152,0.54152,17600,0.0,0.0
1986-08-01 00:00:00-04:00,0.54152,0.54926,0.54152,0.54152,33600,0.0,0.0
1986-08-04 00:00:00-04:00,0.54152,0.54152,0.54152,0.54152,16000,0.0,0.0
1986-08-05 00:00:00-04:00,0.54539,0.54539,0.54539,0.54539,20800,0.0,0.0
1986-08-06 00:00:00-04:00,0.54539,0.557,0.54539,0.55313,33600,0.0,0.0
1986-08-07 00:00:00-04:00,0.55313,0.55313,0.54539,0.55313,14400,0.0,0.0
1986-08-08 00:00:00-04:00,0.55313,0.55313,0.55313,0.55313,0,0.0,0.0
1986-08-11 00:00:00-04:00,0.55313,0.557,0.54539,0.54539,19200,0.0,0.0
1986-08-12 00:00:00-04:00,0.54539,0.55313,0.54539,0.54926,14400,0.0,0.0
1986-08-13 00:00:00-04:00,0.54539,0.54539,0.54539,0.54539,1600,0.0,0.0
1986-08-14 00:00:00-04:00,0.54539,0.54539,0.54539,0.54539,0,0.0,0.0
1986-08-15 00:00:00-04:00,0.54539,0.55313,0.54539,0.54539,17600,0.0,0.0
1986-08-18 00:00:00-04:00,0.54539,0.54539,0.54539,0.54539,0,0.0,0.0
1986-08-19 00:00:00-04:00,0.54539,0.54926,0.54152,0.54539,57600,0.0,0.0
1986-08-20 00:00:00-04:00,0.55313,0.55313,0.55313,0.55313,11200,0.0,0.0
1986-08-21 00:00:00-04:00,0.55313,0.55313,0.54539,0.54539,99200,0.0,0.0
1986-08-22 00:00:00-04:00,0.54539,0.54539,0.54539,0.54539,17600,0.0,0.0
1986-08-25 00:00:00-04:00,0.54152,0.54152,0.54152,0.54152,8000,0.0,0.0
1986-08-26 00:00:00-04:00,0.54152,0.54539,0.54152,0.54539,36800,0.0,0.0
1986-08-27 00:00:00-04:00,0.54539,0.54539,0.54539,0.54539,9600,0.0,0.0
1986-08-28 00:00:00-04:00,0.54539,0.54926,0.53766,0.54539,144000,0.0,0.0
1986-08-29 00:00:00-04:00,0.54152,0.54152,0.54152,0.54152,9600,0.0,0.0
1986-09-02 00:00:00-04:00,0.54152,0.54539,0.54152,0.54152,9600,0.0,0.0
1986-09-03 00:00:00-04:00,0.54152,0.54539,0.53766,0.53766,24000,0.0,0.0
1986-09-04 00:00:00-04:00,0.53766,0.53766,0.53379,0.53379,385600,0.0,0.0
1986-09-05 00:00:00-04:00,0.53379,0.53379,0.53379,0.53379,3200,0.0,0.0
1986-09-08 00:00:00-04:00,0.52992,0.52992,0.52605,0.52992,40000,0.0,0.0
1986-09-09 00:00:00-04:00,0.52992,0.52992,0.52218,0.52218,19200,0.0,0.0
1986-09-10 00:00:00-04:00,0.52218,0.52218,0.52218,0.52218,1600,0.0,0.0
1986-09-11 00:00:00-04:00,0.52218,0.52218,0.51445,0.51445,35200,0.0,0.0
1986-09-12 00:00:00-04:00,0.51058,0.51058,0.4835,0.49124,52800,0.0,0.0
1986-09-15 00:00:00-04:00,0.48737,0.48737,0.48737,0.48737,1600,0.0,0.0
1986-09-16 00:00:00-04:00,0.48737,0.49511,0.47577,0.47577,56000,0.0,0.0
1986-09-17 00:00:00-04:00,0.4719,0.4719,0.46803,0.46803,24000,0.0,0.0
1986-09-18 00:00:00-04:00,0.46803,0.46803,0.46803,0.46803,0,0.0,0.0
1986-09-19 00:00:00-04:00,0.46803,0.46803,0.46803,0.46803,0,0.0,0.0
1986-09-22 00:00:00-04:00,0.47577,0.47577,0.47577,0.47577,3200,0.0,0.0
1986-09-23 00:00:00-04:00,0.4719,0.4719,0.4719,0.4719,3200,0.0,0.0
1986-09-24 00:00:00-04:00,0.47577,0.47577,0.47577,0.47577,3200,0.0,0.0
1986-09-25 00:00:00-04:00,0.46803,0.46803,0.46803,0.46803,6400,0.0,0.0
1986-09-26 00:00:00-04:00,0.47577,0.47577,0.47577,0.47577,1600,0.0,0.0
1986-09-29 00:00:00-04:00,0.47577,0.47577,0.46803,0.47577,25600,0.0,0.0
1986-09-30 00:00:00-04:00,0.47577,0.47577,0.47577,0.47577,3200,0.0,0.0
1986-10-01 00:00:00-04:00,0.4719,0.4719,0.46416,0.46803,25600,0.0,0.0
1986-10-02 00:00:00-04:00,0.4719,0.47577,0.4719,0.4719,12800,0.0,0.0
1986-10-03 00:00:00-04:00,0.47964,0.47964,0.47964,0.47964,3200,0.0,0.0
1986-10-06 00:00:00-04:00,0.4835,0.4835,0.4835,0.4835,1600,0.0,0.0
1986-10-07 00:00:00-04:00,0.47577,0.47577,0.46803,0.47577,40000,0.0,0.0
1986-10-08 00:00:00-04:00,0.46416,0.46416,0.46416,0.46416,3200,0.0,0.0
1986-10-09 00:00:00-04:00,0.46416,0.4719,0.46416,0.46416,12800,0.0,0.0
1986-10-10 00:00:00-04:00,0.46416,0.46416,0.4603,0.4603,51200,0.0,0.0
1986-10-13 00:00:00-04:00,0.45643,0.45643,0.45643,0.45643,4800,0.0,0.0
1986-10-14 00:00:00-04:00,0.45643,0.45643,0.45643,0.45643,0,0.0,0.0
1986-10-15 00:00:00-04:00,0.45643,0.46803,0.45256,0.46803,24000,0.0,0.0
1986-10-16 00:00:00-04:00,0.4719,0.47577,0.4719,0.47577,4800,0.0,0.0
1986-10-17 00:00:00-04:00,0.47577,0.47577,0.4719,0.4719,17600,0.0,0.0
1986-10-20 00:00:00-04:00,0.46416,0.46416,0.46416,0.46416,8000,0.0,0.0
1986-10-21 00:00:00-04:00,0.46416,0.46416,0.46416,0.46416,4800,0.0,0.0
1986-10-22 00:00:00-04:00,0.46416,0.46416,0.46416,0.46416,1600,0.0,0.0
1986-10-23 00:00:00-04:00,0.46803,0.47577,0.46803,0.47577,4800,0.0,0.0
1986-10-24 00:00:00-04:00,0.46803,0.46803,0.46803,0.46803,1600,0.0,0.0
1986-10-27 00:00:00-05:00,0.46803,0.46803,0.46803,0.46803,6400,0.0,0.0
1986-10-28 00:00:00-05:00,0.46416,0.46416,0.46416,0.46416,22400,0.0,0.0
1986-10-29 00:00:00-05:00,0.46416,0.46803,0.46416,0.46416,12800,0.0,0.0
1986-10-30 00:00:00-05:00,0.46416,0.46416,0.46416,0.46416,24000,0.0,0.0
1986-10-31 00:00:00-05:00,0.46416,0.46416,0.46416,0.46416,14400,0.0,0.0
1986-11-03 00:00:00-05:00,0.46029,0.46029,0.45643,0.45643,4800,0.0,0.0
1986-11-04 00:00:00-05:00,0.45643,0.4603,0.45256,0.4603,24000,0.0,0.0
1986-11-05 00:00:00-05:00,0.45643,0.45643,0.45643,0.45643,17600,0.0,0.0
1986-11-06 00:00:00-05:00,0.45643,0.45643,0.45643,0.45643,0,0.0,0.0
1986-11-07 00:00:00-05:00,0.45643,0.45643,0.45643,0.45643,1600,0.0,0.0
1986-11-10 00:00:00-05:00,0.45643,0.45643,0.45643,0.45643,0,0.0,0.0
1986-11-11 00:00:00-05:00,0.45643,0.45643,0.45256,0.45643,9600,0.0,0.0
1986-11-12 00:00:00-05:00,0.4603,0.4603,0.4603,0.4603,25600,0.0,0.0
1986-11-13 00:00:00-05:00,0.4603,0.4603,0.45643,0.4603,104000,0.0,0.0
1986-11-14 00:00:00-05:00,0.45256,0.45256,0.44869,0.44869,70400,0.0,0.0
1986-11-17 00:00:00-05:00,0.45256,0.45256,0.45256,0.45256,1600,0.0,0.0
1986-11-18 00:00:00-05:00,0.44869,0.44869,0.44869,0.44869,8000,0.0,0.0
1986-11-19 00:00:00-05:00,0.44869,0.45256,0.44869,0.45256,38400,0.0,0.0
1986-11-20 00:00:00-05:00,0.45256,0.45256,0.44869,0.45256,14400,0.0,0.0
1986-11-21 00:00:00-05:00,0.45256,0.4603,0.44869,0.45256,28800,0.0,0.0
1986-11-24 00:00:00-05:00,0.45256,0.45256,0.45256,0.45256,6400,0.0,0.0
1986-11-25 00:00:00-05:00,0.45256,0.45643,0.45256,0.45643,16000,0.0,0.0
1986-11-26 00:00:00-05:00,0.45643,0.45643,0.45643,0.45643,1600,0.0,0.0
1986-11-28 00:00:00-05:00,0.45643,0.4603,0.45256,0.4603,11200,0.0,0.0
1986-12-01 00:00:00-05:00,0.45256,0.45256,0.44869,0.45256,12800,0.0,0.0
1986-12-02 00:00:00-05:00,0.44869,0.44869,0.44869,0.44869,4800,0.0,0.0
1986-12-03 00:00:00-05:00,0.44869,0.45643,0.44869,0.45643,6400,0.0,0.0
1986-12-04 00:00:00-05:00,0.45643,0.4603,0.45643,0.4603,30400,0.0,0.0
1986-12-05 00:00:00-05:00,0.4603,0.4603,0.4603,0.4603,0,0.0,0.0
1986-12-08 00:00:00-05:00,0.45643,0.45643,0.45643,0.45643,9600,0.0,0.0
1986-12-09 00:00:00-05:00,0.4603,0.46416,0.4603,0.4603,44800,0.0,0.0
1986-12-10 00:00:00-05:00,0.46029,0.46029,0.45643,0.45643,27200,0.0,0.0
1986-12-11 00:00:00-05:00,0.45643,0.46416,0.45643,0.46416,20800,0.0,0.0
1986-12-12 00:00:00-05:00,0.46416,0.46416,0.46416,0.46416,1600,0.0,0.0
1986-12-15 00:00:00-05:00,0.45643,0.45643,0.45643,0.45643,41600,0.0,0.0
1986-12-16 00:00:00-05:00,0.45643,0.45643,0.45643,0.45643,11200,0.0,0.0
1986-12-17 00:00:00-05:00,0.45643,0.45643,0.45643,0.45643,6400,0.0,0.0
1986-12-18 00:00:00-05:00,0.45643,0.46416,0.45643,0.45643,1056000,0.0,0.0
1986-12-19 00:00:00-05:00,0.45643,0.45643,0.45256,0.45256,16000,0.0,0.0
1986-12-22 00:00:00-05:00,0.45256,0.45256,0.45256,0.45256,8000,0.0,0.0
1986-12-23 00:00:00-05:00,0.45256,0.45256,0.44869,0.44869,17600,0.0,0.0
1986-12-24 00:00:00-05:00,0.45643,0.45643,0.45643,0.45643,3200,0.0,0.0
1986-12-26 00:00:00-05:00,0.44869,0.44869,0.44482,0.44869,16000,0.0,0.0
1986-12-29 00:00:00-05:00,0.44482,0.44482,0.44095,0.44095,9600,0.0,0.0
1986-12-30 00:00:00-05:00,0.44095,0.44095,0.44095,0.44095,0,0.0,0.0
1986-12-31 00:00:00-05:00,0.43709,0.43709,0.43322,0.43322,12800,0.0,0.0
1987-01-02 00:00:00-05:00,0.43322,0.43709,0.43322,0.43709,17600,0.0,0.0
1987-01-05 00:00:00-05:00,0.44095,0.44095,0.44095,0.44095,3200,0.0,0.0
1987-01-06 00:00:00-05:00,0.43709,0.43709,0.43709,0.43709,12800,0.0,0.0
1987-01-07 00:00:00-05:00,0.44482,0.44482,0.44482,0.44482,11200,0.0,0.0
1987-01-08 00:00:00-05:00,0.44482,0.44482,0.44095,0.44095,17600,0.0,0.0
1987-01-09 00:00:00-05:00,0.44482,0.44482,0.44482,0.44482,65600,0.0,0.0
1987-01-12 00:00:00-05:00,0.44482,0.46416,0.44482,0.46416,84800,0.0,0.0
1987-01-13 00:00:00-05:00,0.46416,0.46416,0.45643,0.46416,78400,0.0,0.0
1987-01-14 00:00:00-05:00,0.45643,0.45643,0.45256,0.45256,11200,0.0,0.0
1987-01-15 00:00:00-05:00,0.45256,0.4603,0.45256,0.4603,19200,0.0,0.0
1987-01-16 00:00:00-05:00,0.4603,0.4603,0.4603,0.4603,0,0.0,0.0
1987-01-19 00:00:00-05:00,0.4603,0.46416,0.45256,0.45256,11200,0.0,0.0
1987-01-20 00:00:00-05:00,0.45256,0.45643,0.44869,0.44869,75200,0.0,0.0
1987-01-21 00:00:00-05:00,0.44869,0.45643,0.44869,0.44869,9600,0.0,0.0
1987-01-22 00:00:00-05:00,0.44869,0.44869,0.44869,0.44869,0,0.0,0.0
1987-01-23 00:00:00-05:00,0.44869,0.44869,0.44869,0.44869,0,0.0,0.0
1987-01-26 00:00:00-05:00,0.44095,0.44095,0.44095,0.44095,8000,0.0,0.0
1987-01-27 00:00:00-05:00,0.44095,0.44869,0.44095,0.44869,6400,0.0,0.0
1987-01-28 00:00:00-05:00,0.44869,0.44869,0.44869,0.44869,11200,0.0,0.0
1987-01-29 00:00:00-05:00,0.44869,0.45256,0.44482,0.44482,46400,0.0,0.0
1987-01-30 00:00:00-05:00,0.44869,0.4603,0.44869,0.4603,35200,0.0,0.0
1987-02-02 00:00:00-05:00,0.46416,0.4719,0.46416,0.4719,27200,0.0,0.0
1987-02-03 00:00:00-05:00,0.4719,0.47577,0.46803,0.46803,20800,0.0,0.0
1987-02-04 00:00:00-05:00,0.47577,0.47964,0.47577,0.47964,22400,0.0,0.0
1987-02-05 00:00:00-05:00,0.4835,0.52605,0.4835,0.52605,107200,0.0,0.0
1987-02-06 00:00:00-05:00,0.51832,0.51832,0.51445,0.51445,9600,0.0,0.0
1987-02-09 00:00:00-05:00,0.51445,0.52218,0.50284,0.50284,40000,0.0,0.0
1987-02-10 00:00:00-05:00,0.49898,0.49898,0.49124,0.49898,28800,0.0,0.0
1987-02-11 00:00:00-05:00,0.49511,0.49511,0.49511,0.49511,1600,0.0,0.0
1987-02-12 00:00:00-05:00,0.49511,0.49511,0.49124,0.49124,17600,0.0,0.0
1987-02-13 00:00:00-05:00,0.4835,0.4835,0.4835,0.4835,3200,0.0,0.0
1987-02-17 00:00:00-05:00,0.4835,0.4835,0.47963,0.4835,17600,0.0,0.0
1987-02-18 00:00:00-05:00,0.4835,0.48737,0.47964,0.47964,30400,0.0,0.0
1987-02-19 00:00:00-05:00,0.47577,0.47577,0.47577,0.47577,6400,0.0,0.0
1987-02-20 00:00:00-05:00,0.47963,0.48737,0.47963,0.48737,17600,0.0,0.0
1987-02-23 00:00:00-05:00,0.49124,0.49124,0.49124,0.49124,32000,0.0,0.0
1987-02-24 00:00:00-05:00,0.49124,0.49511,0.48737,0.48737,52800,0.0,0.0
1987-02-25 00:00:00-05:00,0.48737,0.50671,0.48737,0.50671,156800,0.0,0.0
1987-02-26 00:00:00-05:00,0.50671,0.51058,0.50284,0.51058,76800,0.0,0.0
1987-02-27 00:00:00-05:00,0.51058,0.51832,0.51058,0.51832,38400,0.0,0.0
1987-03-02 00:00:00-05:00,0.51058,0.51058,0.49898,0.51058,44800,0.0,0.0
1987-03-03 00:00:00-05:00,0.51058,0.51832,0.51058,0.51058,38400,0.0,0.0
1987-03-04 00:00:00-05:00,0.51832,0.54152,0.51832,0.54152,140800,0.0,0.0
1987-03-05 00:00:00-05:00,0.54539,0.557,0.54539,0.557,56000,0.0,0.0
1987-03-06 00:00:00-05:00,0.5686,0.5802,0.5686,0.5802,108800,0.0,0.0
1987-03-09 00:00:00-05:00,0.5802,0.59568,0.5802,0.5802,92800,0.0,0.0
1987-03-10 00:00:00-05:00,0.5802,0.59181,0.5802,0.58794,35200,0.0,0.0
1987-03-11 00:00:00-05:00,0.60341,0.61888,0.60341,0.61888,81600,0.0,0.0
1987-03-12 00:00:00-05:00,0.6537,0.73492,0.6537,0.73492,299200,0.0,0.0
1987-03-13 00:00:00-05:00,0.70011,0.70011,0.61888,0.61888,217600,0.0,0.0
1987-03-16 00:00:00-05:00,0.61888,0.63436,0.61888,0.61888,72000,0.0,0.0
1987-03-17 00:00:00-05:00,0.61888,0.63436,0.61888,0.62662,83200,0.0,0.0
1987-03-18 00:00:00-05:00,0.70398,0.7504,0.70398,0.71172,328000,0.0,0.0
1987-03-19 00:00:00-05:00,0.71172,0.71172,0.70398,0.71172,12800,0.0,0.0
1987-03-20 00:00:00-05:00,0.70011,0.70011,0.69238,0.69238,54400,0.0,0.0
1987-03-23 00:00:00-05:00,0.68851,0.68851,0.65756,0.65756,43200,0.0,0.0
1987-03-24 00:00:00-05:00,0.65756,0.66143,0.63049,0.63049,41600,0.0,0.0
1987-03-25 00:00:00-05:00,0.63049,0.63436,0.62275,0.62275,20800,0.0,0.0
1987-03-26 00:00:00-05:00,0.61888,0.61888,0.61502,0.61888,49600,0.0,0.0
1987-03-27 00:00:00-05:00,0.61888,0.62662,0.61888,0.62662,104000,0.0,0.0
1987-03-30 00:00:00-05:00,0.62662,0.63049,0.62275,0.63049,9600,0.0,0.0
1987-03-31 00:00:00-05:00,0.63436,0.63436,0.63436,0.63436,49600,0.0,0.0
1987-04-01 00:00:00-05:00,0.63436,0.63436,0.62662,0.62662,20800,0.0,0.0
1987-04-02 00:00:00-05:00,0.62662,0.63049,0.61888,0.61888,14400,0.0,0.0
1987-04-03 00:00:00-05:00,0.62662,0.62662,0.62662,0.62662,1600,0.0,0.0
1987-04-06 00:00:00-04:00,0.63436,0.63436,0.63436,0.63436,16000,0.0,0.0
1987-04-07 00:00:00-04:00,0.63436,0.63822,0.62662,0.62662,120000,0.0,0.0
1987-04-08 00:00:00-04:00,0.63436,0.63822,0.63436,0.63822,113600,0.0,0.0
1987-04-09 00:00:00-04:00,0.63822,0.63822,0.61888,0.61888,36800,0.0,0.0
1987-04-10 00:00:00-04:00,0.61888,0.61888,0.61888,0.61888,0,0.0,0.0
1987-04-13 00:00:00-04:00,0.61888,0.62662,0.61502,0.61502,120000,0.0,0.0
1987-04-14 00:00:00-04:00,0.61502,0.61888,0.59568,0.59568,40000,0.0,0.0
1987-04-15 00:00:00-04:00,0.59568,0.59568,0.59181,0.59181,3200,0.0,0.0
1987-04-16 00:00:00-04:00,0.57634,0.57634,0.5686,0.5686,105600,0.0,0.0
1987-04-20 00:00:00-04:00,0.57634,0.5802,0.57634,0.57634,16000,0.0,0.0
1987-04-21 00:00:00-04:00,0.57634,0.57634,0.57634,0.57634,0,0.0,0.0
1987-04-22 00:00:00-04:00,0.57634,0.58407,0.57634,0.58407,17600,0.0,0.0
1987-04-23 00:00:00-04:00,0.5802,0.5802,0.5802,0.5802,1600,0.0,0.0
1987-04-24 00:00:00-04:00,0.58794,0.58794,0.58794,0.58794,25600,0.0,0.0
1987-04-27 00:00:00-04:00,0.58794,0.58794,0.5802,0.58794,19200,0.0,0.0
1987-04-28 00:00:00-04:00,0.58794,0.59181,0.58794,0.58794,8000,0.0,0.0
1987-04-29 00:00:00-04:00,0.58794,0.60341,0.58794,0.60341,12800,0.0,0.0
1987-04-30 00:00:00-04:00,0.60341,0.60728,0.58794,0.60728,104000,0.0,0.0
1987-05-01 00:00:00-04:00,0.61888,0.61888,0.61888,0.61888,192000,0.0,0.0
1987-05-04 00:00:00-04:00,0.61888,0.63436,0.61888,0.62662,152000,0.0,0.0
1987-05-05 00:00:00-04:00,0.62662,0.63822,0.62662,0.63436,36800,0.0,0.0
1987-05-06 00:00:00-04:00,0.63822,0.64209,0.63822,0.63822,11200,0.0,0.0
1987-05-07 00:00:00-04:00,0.63822,0.64596,0.63049,0.63049,32000,0.0,0.0
1987-05-08 00:00:00-04:00,0.63049,0.63049,0.62275,0.62275,16000,0.0,0.0
1987-05-11 00:00:00-04:00,0.62275,0.63049,0.62275,0.62275,9600,0.0,0.0
1987-05-12 00:00:00-04:00,0.61888,0.61888,0.60728,0.60728,25600,0.0,0.0
1987-05-13 00:00:00-04:00,0.60728,0.61502,0.60341,0.61502,40000,0.0,0.0
1987-05-14 00:00:00-04:00,0.60728,0.60728,0.60728,0.60728,3200,0.0,0.0
1987-05-15 00:00:00-04:00,0.61502,0.61502,0.61502,0.61502,1600,0.0,0.0
1987-05-18 00:00:00-04:00,0.61502,0.61888,0.60728,0.61888,33600,0.0,0.0
1987-05-19 00:00:00-04:00,0.61502,0.61502,0.61502,0.61502,16000,0.0,0.0
1987-05-20 00:00:00-04:00,0.61502,0.61502,0.61502,0.61502,0,0.0,0.0
1987-05-21 00:00:00-04:00,0.61502,0.61502,0.61502,0.61502,3200,0.0,0.0
1987-05-22 00:00:00-04:00,0.61502,0.61502,0.61502,0.61502,3200,0.0,0.0
1987-05-26 00:00:00-04:00,0.61502,0.61502,0.61502,0.61502,4800,0.0,0.0
1987-05-27 00:00:00-04:00,0.60728,0.60728,0.60341,0.60341,9600,0.0,0.0
1987-05-28 00:00:00-04:00,0.59568,0.59568,0.59568,0.59568,1600,0.0,0.0
1987-05-29 00:00:00-04:00,0.60341,0.60341,0.60341,0.60341,3200,0.0,0.0
1987-06-01 00:00:00-04:00,0.59568,0.59568,0.59568,0.59568,6400,0.0,0.0
1987-06-02 00:00:00-04:00,0.59568,0.59568,0.58794,0.58794,11200,0.0,0.0
1987-06-03 00:00:00-04:00,0.58794,0.58794,0.58794,0.58794,1600,0.0,0.0
1987-06-04 00:00:00-04:00,0.5802,0.5802,0.5802,0.5802,9600,0.0,0.0
1987-06-05 00:00:00-04:00,0.5802,0.5802,0.5802,0.5802,0,0.0,0.0
1987-06-08 00:00:00-04:00,0.57634,0.57634,0.57247,0.57634,6400,0.0,0.0
1987-06-09 00:00:00-04:00,0.5686,0.5686,0.5686,0.5686,19200,0.0,0.0
1987-06-10 00:00:00-04:00,0.57634,0.5802,0.57634,0.5802,12800,0.0,0.0
1987-06-11 00:00:00-04:00,0.58407,0.59181,0.58407,0.58407,17600,0.0,0.0
1987-06-12 00:00:00-04:00,0.58407,0.58794,0.5802,0.58794,11200,0.0,0.0
1987-06-15 00:00:00-04:00,0.58794,0.59181,0.58407,0.59181,179200,0.0,0.0
1987-06-16 00:00:00-04:00,0.59181,0.59568,0.59181,0.59568,112000,0.0,0.0
1987-06-17 00:00:00-04:00,0.59568,0.61115,0.59568,0.61115,24000,0.0,0.0
1987-06-18 00:00:00-04:00,0.61502,0.61502,0.61502,0.61502,3200,0.0,0.0
1987-06-19 00:00:00-04:00,0.61502,0.61888,0.61502,0.61888,20800,0.0,0.0
1987-06-22 00:00:00-04:00,0.61888,0.63049,0.61888,0.62275,148800,0.0,0.0
1987-06-23 00:00:00-04:00,0.62275,0.62275,0.62275,0.62275,4800,0.0,0.0
1987-06-24 00:00:00-04:00,0.62662,0.64209,0.62662,0.63436,27200,0.0,0.0
1987-06-25 00:00:00-04:00,0.63049,0.63049,0.63049,0.63049,1600,0.0,0.0
1987-06-26 00:00:00-04:00,0.63436,0.64209,0.63436,0.64209,8000,0.0,0.0
1987-06-29 00:00:00-04:00,0.63436,0.63436,0.63436,0.63436,51200,0.0,0.0
1987-06-30 00:00:00-04:00,0.62662,0.62662,0.62662,0.62662,6400,0.0,0.0
1987-07-01 00:00:00-04:00,0.63436,0.63436,0.63436,0.63436,3200,0.0,0.0
1987-07-02 00:00:00-04:00,0.63049,0.63049,0.63049,0.63049,16000,0.0,0.0
1987-07-06 00:00:00-04:00,0.63822,0.63822,0.63822,0.63822,8000,0.0,0.0
1987-07-07 00:00:00-04:00,0.63822,0.6537,0.63436,0.6537,139200,0.0,0.0
1987-07-08 00:00:00-04:00,0.6537,0.69624,0.6537,0.69238,128000,0.0,0.0
1987-07-09 00:00:00-04:00,0.68851,0.68851,0.68077,0.68851,41600,0.0,0.0
1987-07-10 00:00:00-04:00,0.68464,0.68464,0.68464,0.68464,12800,0.0,0.0
1987-07-13 00:00:00-04:00,0.68464,0.70785,0.68077,0.70785,35200,0.0,0.0
1987-07-14 00:00:00-04:00,0.70785,0.71172,0.69238,0.69238,73600,0.0,0.0
1987-07-15 00:00:00-04:00,0.69238,0.70011,0.69238,0.69238,76800,0.0,0.0
1987-07-16 00:00:00-04:00,0.68851,0.68851,0.68077,0.68077,19200,0.0,0.0
1987-07-17 00:00:00-04:00,0.68077,0.68077,0.6769,0.6769,12800,0.0,0.0
1987-07-20 00:00:00-04:00,0.67304,0.67304,0.6653,0.66917,20800,0.0,0.0
1987-07-21 00:00:00-04:00,0.66917,0.66917,0.66917,0.66917,0,0.0,0.0
1987-07-22 00:00:00-04:00,0.6653,0.6653,0.6653,0.6653,6400,0.0,0.0
1987-07-23 00:00:00-04:00,0.64983,0.64983,0.64209,0.64209,62400,0.0,0.0
1987-07-24 00:00:00-04:00,0.64209,0.64983,0.63822,0.63822,30400,0.0,0.0
1987-07-27 00:00:00-04:00,0.63822,0.63822,0.63822,0.63822,4800,0.0,0.0
1987-07-28 00:00:00-04:00,0.63822,0.63822,0.63822,0.63822,0,0.0,0.0
1987-07-29 00:00:00-04:00,0.63822,0.63822,0.63822,0.63822,6400,0.0,0.0
1987-07-30 00:00:00-04:00,0.63436,0.63436,0.62662,0.62662,8000,0.0,0.0
1987-07-31 00:00:00-04:00,0.62275,0.62275,0.62275,0.62275,3200,0.0,0.0
1987-08-03 00:00:00-04:00,0.62275,0.62662,0.61888,0.62662,11200,0.0,0.0
1987-08-04 00:00:00-04:00,0.62662,0.62662,0.61888,0.62662,16000,0.0,0.0
1987-08-05 00:00:00-04:00,0.63049,0.63049,0.63049,0.63049,1600,0.0,0.0
1987-08-06 00:00:00-04:00,0.63049,0.63049,0.63049,0.63049,0,0.0,0.0
1987-08-07 00:00:00-04:00,0.61888,0.61888,0.61888,0.61888,14400,0.0,0.0
1987-08-10 00:00:00-04:00,0.62662,0.63436,0.62662,0.63436,27200,0.0,0.0
1987-08-11 00:00:00-04:00,0.63436,0.63436,0.63436,0.63436,0,0.0,0.0
1987-08-12 00:00:00-04:00,0.63436,0.63436,0.62662,0.63436,6400,0.0,0.0
1987-08-13 00:00:00-04:00,0.63436,0.63436,0.62275,0.62275,9600,0.0,0.0
1987-08-14 00:00:00-04:00,0.62275,0.62662,0.61888,0.62662,12800,0.0,0.0
1987-08-17 00:00:00-04:00,0.63049,0.63049,0.63049,0.63049,8000,0.0,0.0
1987-08-18 00:00:00-04:00,0.63049,0.63049,0.63049,0.63049,1600,0.0,0.0
1987-08-19 00:00:00-04:00,0.62275,0.62275,0.61888,0.61888,8000,0.0,0.0
1987-08-20 00:00:00-04:00,0.61888,0.61888,0.61888,0.61888,0,0.0,0.0
1987-08-21 00:00:00-04:00,0.61888,0.62662,0.60728,0.61502,57600,0.0,0.0
1987-08-24 00:00:00-04:00,0.61115,0.61115,0.60728,0.60728,8000,0.0,0.0
1987-08-25 00:00:00-04:00,0.60728,0.61502,0.60341,0.61502,20800,0.0,0.0
1987-08-26 00:00:00-04:00,0.61888,0.62275,0.61888,0.62275,4800,0.0,0.0
1987-08-27 00:00:00-04:00,0.62275,0.62275,0.61888,0.61888,24000,0.0,0.0
1987-08-28 00:00:00-04:00,0.61888,0.61888,0.61888,0.61888,3200,0.0,0.0
1987-08-31 00:00:00-04:00,0.61115,0.61115,0.59568,0.59568,32000,0.0,0.0
1987-09-01 00:00:00-04:00,0.60341,0.60341,0.60341,0.60341,1600,0.0,0.0
1987-09-02 00:00:00-04:00,0.59568,0.59568,0.59568,0.59568,3200,0.0,0.0
1987-09-03 00:00:00-04:00,0.59568,0.59954,0.59181,0.59568,22400,0.0,0.0
1987-09-04 00:00:00-04:00,0.59568,0.60728,0.59568,0.59568,27200,0.0,0.0
1987-09-08 00:00:00-04:00,0.59181,0.59181,0.59181,0.59181,1600,0.0,0.0
1987-09-09 00:00:00-04:00,0.58794,0.58794,0.58794,0.58794,9600,0.0,0.0
1987-09-10 00:00:00-04:00,0.58794,0.58794,0.58794,0.58794,3200,0.0,0.0
1987-09-11 00:00:00-04:00,0.5802,0.5802,0.5802,0.5802,8000,0.0,0.0
1987-09-14 00:00:00-04:00,0.57634,0.57634,0.57634,0.57634,1600,0.0,0.0
1987-09-15 00:00:00-04:00,0.57247,0.57247,0.5686,0.5686,4800,0.0,0.0
1987-09-16 00:00:00-04:00,0.56473,0.56473,0.56086,0.56086,9600,0.0,0.0
1987-09-17 00:00:00-04:00,0.557,0.557,0.54926,0.54926,35200,0.0,0.0
1987-09-18 00:00:00-04:00,0.54539,0.54539,0.53379,0.53379,20800,0.0,0.0
1987-09-21 00:00:00-04:00,0.53766,0.54926,0.53766,0.54926,20800,0.0,0.0
1987-09-22 00:00:00-04:00,0.54926,0.54926,0.54152,0.54926,8000,0.0,0.0
1987-09-23 00:00:00-04:00,0.54926,0.54926,0.54926,0.54926,0,0.0,0.0
1987-09-24 00:00:00-04:00,0.55313,0.56473,0.55313,0.56473,27200,0.0,0.0
1987-09-25 00:00:00-04:00,0.5686,0.58407,0.5686,0.58407,28800,0.0,0.0
1987-09-28 00:00:00-04:00,0.58794,0.58794,0.58794,0.58794,1600,0.0,0.0
1987-09-29 00:00:00-04:00,0.58794,0.59568,0.58794,0.58794,11200,0.0,0.0
1987-09-30 00:00:00-04:00,0.5802,0.5802,0.5802,0.5802,14400,0.0,0.0
1987-10-01 00:00:00-04:00,0.57634,0.57634,0.5686,0.57247,22400,0.0,0.0
1987-10-02 00:00:00-04:00,0.57247,0.60341,0.57247,0.59181,139200,0.0,0.0
1987-10-05 00:00:00-04:00,0.59954,0.60728,0.59954,0.60728,19200,0.0,0.0
1987-10-06 00:00:00-04:00,0.60728,0.61115,0.59568,0.59568,8000,0.0,0.0
1987-10-07 00:00:00-04:00,0.59568,0.59954,0.58407,0.59954,46400,0.0,0.0
1987-10-08 00:00:00-04:00,0.59181,0.59181,0.59181,0.59181,8000,0.0,0.0
1987-10-09 00:00:00-04:00,0.59181,0.59181,0.59181,0.59181,0,0.0,0.0
1987-10-12 00:00:00-04:00,0.58794,0.58794,0.58794,0.58794,6400,0.0,0.0
1987-10-13 00:00:00-04:00,0.59181,0.59954,0.59181,0.59954,19200,0.0,0.0
1987-10-14 00:00:00-04:00,0.59954,0.59954,0.59181,0.59568,8000,0.0,0.0
1987-10-15 00:00:00-04:00,0.59568,0.59568,0.5802,0.59568,32000,0.0,0.0
1987-10-16 00:00:00-04:00,0.59568,0.59568,0.57247,0.57247,62400,0.0,0.0
1987-10-19 00:00:00-04:00,0.56473,0.56473,0.51445,0.51445,68800,0.0,0.0
1987-10-20 00:00:00-04:00,0.50284,0.50284,0.46416,0.4835,91200,0.0,0.0
1987-10-21 00:00:00-04:00,0.4835,0.49124,0.46803,0.49124,22400,0.0,0.0
1987-10-22 00:00:00-04:00,0.49124,0.49124,0.46416,0.48737,35200,0.0,0.0
1987-10-23 00:00:00-04:00,0.48737,0.49511,0.47964,0.49511,20800,0.0,0.0
1987-10-26 00:00:00-05:00,0.4835,0.4835,0.4603,0.4603,70400,0.0,0.0
1987-10-27 00:00:00-05:00,0.46029,0.46803,0.45643,0.45643,11200,0.0,0.0
1987-10-28 00:00:00-05:00,0.44869,0.44869,0.39841,0.39841,113600,0.0,0.0
1987-10-29 00:00:00-05:00,0.39067,0.39067,0.37133,0.37907,38400,0.0,0.0
1987-10-30 00:00:00-05:00,0.3868,0.40227,0.3868,0.39454,113600,0.0,0.0
1987-11-02 00:00:00-05:00,0.39454,0.40227,0.39454,0.40227,54400,0.0,0.0
1987-11-03 00:00:00-05:00,0.40227,0.41388,0.39454,0.41388,59200,0.0,0.0
1987-11-04 00:00:00-05:00,0.41388,0.41388,0.41388,0.41388,0,0.0,0.0
1987-11-05 00:00:00-05:00,0.41775,0.41775,0.41775,0.41775,4800,0.0,0.0
1987-11-06 00:00:00-05:00,0.41775,0.41775,0.41775,0.41775,3200,0.0,0.0
1987-11-09 00:00:00-05:00,0.41001,0.41001,0.40227,0.40227,9600,0.0,0.0
1987-11-10 00:00:00-05:00,0.40227,0.40227,0.39454,0.39454,12800,0.0,0.0
1987-11-11 00:00:00-05:00,0.39454,0.40227,0.39067,0.39454,30400,0.0,0.0
1987-11-12 00:00:00-05:00,0.39454,0.40227,0.39067,0.39067,35200,0.0,0.0
1987-11-13 00:00:00-05:00,0.39067,0.39841,0.39067,0.39067,8000,0.0,0.0
1987-11-16 00:00:00-05:00,0.39841,0.40614,0.39841,0.39841,27200,0.0,0.0
1987-11-17 00:00:00-05:00,0.39841,0.39841,0.39454,0.39454,3200,0.0,0.0
1987-11-18 00:00:00-05:00,0.39067,0.39067,0.39067,0.39067,1600,0.0,0.0
1987-11-19 00:00:00-05:00,0.3868,0.3868,0.3868,0.3868,36800,0.0,0.0
1987-11-20 00:00:00-05:00,0.3868,0.39454,0.37133,0.37133,25600,0.0,0.0
1987-11-23 00:00:00-05:00,0.37133,0.37907,0.36359,0.36359,22400,0.0,0.0
1987-11-24 00:00:00-05:00,0.36359,0.3752,0.35586,0.35973,107200,0.0,0.0
1987-11-25 00:00:00-05:00,0.36359,0.3752,0.36359,0.3752,27200,0.0,0.0
1987-11-27 00:00:00-05:00,0.3752,0.3752,0.3752,0.3752,1600,0.0,0.0
1987-11-30 00:00:00-05:00,0.37133,0.37133,0.35973,0.35973,11200,0.0,0.0
1987-12-01 00:00:00-05:00,0.35973,0.36746,0.35586,0.36746,11200,0.0,0.0
1987-12-02 00:00:00-05:00,0.37133,0.37133,0.37133,0.37133,1600,0.0,0.0
1987-12-03 00:00:00-05:00,0.36746,0.36746,0.36359,0.36746,60800,0.0,0.0
1987-12-04 00:00:00-05:00,0.36359,0.36359,0.34425,0.34425,110400,0.0,0.0
1987-12-07 00:00:00-05:00,0.34425,0.35586,0.34039,0.34039,96000,0.0,0.0
1987-12-08 00:00:00-05:00,0.34039,0.34039,0.34039,0.34039,20800,0.0,0.0
1987-12-09 00:00:00-05:00,0.34039,0.35586,0.32878,0.35586,118400,0.0,0.0
1987-12-10 00:00:00-05:00,0.34812,0.34812,0.34812,0.34812,19200,0.0,0.0
1987-12-11 00:00:00-05:00,0.34812,0.34812,0.34425,0.34812,14400,0.0,0.0
1987-12-14 00:00:00-05:00,0.34812,0.34812,0.34812,0.34812,16000,0.0,0.0
1987-12-15 00:00:00-05:00,0.34812,0.35199,0.34812,0.34812,38400,0.0,0.0
1987-12-16 00:00:00-05:00,0.34812,0.34812,0.34039,0.34812,131200,0.0,0.0
1987-12-17 00:00:00-05:00,0.35199,0.36746,0.35199,0.36746,54400,0.0,0.0
1987-12-18 00:00:00-05:00,0.36746,0.36746,0.36359,0.36746,11200,0.0,0.0
1987-12-21 00:00:00-05:00,0.3752,0.3868,0.3752,0.38293,43200,0.0,0.0
1987-12-22 00:00:00-05:00,0.3752,0.3752,0.37133,0.37133,51200,0.0,0.0
1987-12-23 00:00:00-05:00,0.37133,0.38293,0.37133,0.3752,70400,0.0,0.0
1987-12-24 00:00:00-05:00,0.37907,0.37907,0.37907,0.37907,4800,0.0,0.0
1987-12-28 00:00:00-05:00,0.37907,0.37907,0.37907,0.37907,22400,0.0,0.0
1987-12-29 00:00:00-05:00,0.37907,0.38293,0.3752,0.37907,32000,0.0,0.0
1987-12-30 00:00:00-05:00,0.37907,0.38293,0.3752,0.38293,20800,0.0,0.0
1987-12-31 00:00:00-05:00,0.38293,0.39454,0.37907,0.39067,51200,0.0,0.0
1988-01-04 00:00:00-05:00,0.39067,0.39454,0.38293,0.3868,30400,0.0,0.0
1988-01-05 00:00:00-05:00,0.3868,0.3868,0.3868,0.3868,11200,0.0,0.0
1988-01-06 00:00:00-05:00,0.3868,0.39454,0.3868,0.39454,24000,0.0,0.0
1988-01-07 00:00:00-05:00,0.40227,0.40227,0.40227,0.40227,11200,0.0,0.0
1988-01-08 00:00:00-05:00,0.40227,0.40614,0.39841,0.39841,16000,0.0,0.0
1988-01-11 00:00:00-05:00,0.39067,0.39067,0.39067,0.39067,3200,0.0,0.0
1988-01-12 00:00:00-05:00,0.3868,0.3868,0.3752,0.38293,68800,0.0,0.0
1988-01-13 00:00:00-05:00,0.38293,0.3868,0.3752,0.3752,30400,0.0,0.0
1988-01-14 00:00:00-05:00,0.3752,0.37907,0.37133,0.37907,16000,0.0,0.0
1988-01-15 00:00:00-05:00,0.37907,0.39067,0.3752,0.39067,36800,0.0,0.0
1988-01-18 00:00:00-05:00,0.42161,0.44095,0.42161,0.42548,137600,0.0,0.0
1988-01-19 00:00:00-05:00,0.42548,0.42935,0.41388,0.41775,76800,0.0,0.0
1988-01-20 00:00:00-05:00,0.41775,0.41775,0.40227,0.40227,52800,0.0,0.0
1988-01-21 00:00:00-05:00,0.40227,0.40227,0.40227,0.40227,0,0.0,0.0
1988-01-22 00:00:00-05:00,0.39841,0.39841,0.39454,0.39454,16000,0.0,0.0
1988-01-25 00:00:00-05:00,0.39454,0.39454,0.39454,0.39454,16000,0.0,0.0
1988-01-26 00:00:00-05:00,0.39454,0.40227,0.39454,0.39454,19200,0.0,0.0
1988-01-27 00:00:00-05:00,0.39454,0.40227,0.39454,0.40227,11200,0.0,0.0
1988-01-28 00:00:00-05:00,0.40227,0.40227,0.40227,0.40227,4800,0.0,0.0
1988-01-29 00:00:00-05:00,0.40227,0.40614,0.40227,0.40614,4800,0.0,0.0
1988-02-01 00:00:00-05:00,0.41001,0.41388,0.41001,0.41388,20800,0.0,0.0
1988-02-02 00:00:00-05:00,0.41388,0.41775,0.41388,0.41775,20800,0.0,0.0
1988-02-03 00:00:00-05:00,0.41775,0.41775,0.40614,0.40614,33600,0.0,0.0
1988-02-04 00:00:00-05:00,0.41001,0.41001,0.41001,0.41001,4800,0.0,0.0
1988-02-05 00:00:00-05:00,0.41388,0.41388,0.41388,0.41388,1600,0.0,0.0
1988-02-08 00:00:00-05:00,0.41001,0.41001,0.40227,0.41001,27200,0.0,0.0
1988-02-09 00:00:00-05:00,0.41775,0.42935,0.41775,0.42548,27200,0.0,0.0
1988-02-10 00:00:00-05:00,0.42935,0.44095,0.42935,0.43322,30400,0.0,0.0
1988-02-11 00:00:00-05:00,0.43322,0.43322,0.43322,0.43322,0,0.0,0.0
1988-02-12 00:00:00-05:00,0.43322,0.43322,0.43322,0.43322,8000,0.0,0.0
1988-02-16 00:00:00-05:00,0.43709,0.43709,0.43709,0.43709,4800,0.0,0.0
1988-02-17 00:00:00-05:00,0.44482,0.44869,0.44482,0.44869,16000,0.0,0.0
1988-02-18 00:00:00-05:00,0.44482,0.44482,0.42935,0.42935,32000,0.0,0.0
1988-02-19 00:00:00-05:00,0.43322,0.44095,0.43322,0.44095,14400,0.0,0.0
1988-02-22 00:00:00-05:00,0.44095,0.44095,0.43709,0.43709,49600,0.0,0.0
1988-02-23 00:00:00-05:00,0.44095,0.44095,0.44095,0.44095,1600,0.0,0.0
1988-02-24 00:00:00-05:00,0.44095,0.44095,0.44095,0.44095,8000,0.0,0.0
1988-02-25 00:00:00-05:00,0.44095,0.44095,0.44095,0.44095,0,0.0,0.0
1988-02-26 00:00:00-05:00,0.44095,0.44869,0.43322,0.44869,27200,0.0,0.0
1988-02-29 00:00:00-05:00,0.45643,0.4603,0.45643,0.4603,16000,0.0,0.0
1988-03-01 00:00:00-05:00,0.46803,0.47963,0.46803,0.47577,36800,0.0,0.0
1988-03-02 00:00:00-05:00,0.47577,0.48737,0.47577,0.47964,19200,0.0,0.0
1988-03-03 00:00:00-05:00,0.47963,0.48737,0.47577,0.47577,49600,0.0,0.0
1988-03-04 00:00:00-05:00,0.47577,0.47577,0.47577,0.47577,0,0.0,0.0
1988-03-07 00:00:00-05:00,0.47963,0.49124,0.47963,0.4835,24000,0.0,0.0
1988-03-08 00:00:00-05:00,0.4835,0.4835,0.4835,0.4835,0,0.0,0.0
1988-03-09 00:00:00-05:00,0.48737,0.49511,0.48737,0.49124,27200,0.0,0.0
1988-03-10 00:00:00-05:00,0.49124,0.49511,0.49124,0.49124,19200,0.0,0.0
1988-03-11 00:00:00-05:00,0.49124,0.49124,0.49124,0.49124,0,0.0,0.0
1988-03-14 00:00:00-05:00,0.49124,0.49511,0.49124,0.49511,19200,0.0,0.0
1988-03-15 00:00:00-05:00,0.49511,0.49511,0.49511,0.49511,0,0.0,0.0
1988-03-16 00:00:00-05:00,0.49511,0.49511,0.4835,0.49124,40000,0.0,0.0
1988-03-17 00:00:00-05:00,0.4835,0.4835,0.47577,0.47577,48000,0.0,0.0
1988-03-18 00:00:00-05:00,0.4719,0.4719,0.4719,0.4719,6400,0.0,0.0
1988-03-21 00:00:00-05:00,0.4719,0.4719,0.4719,0.4719,0,0.0,0.0
1988-03-22 00:00:00-05:00,0.4719,0.4719,0.4719,0.4719,0,0.0,0.0
1988-03-23 00:00:00-05:00,0.4719,0.47964,0.46416,0.47964,16000,0.0,0.0
1988-03-24 00:00:00-05:00,0.47577,0.47577,0.47577,0.47577,8000,0.0,0.0
1988-03-25 00:00:00-05:00,0.4719,0.4719,0.4719,0.4719,1600,0.0,0.0
1988-03-28 00:00:00-05:00,0.46803,0.46803,0.46803,0.46803,4800,0.0,0.0
1988-03-29 00:00:00-05:00,0.46803,0.46803,0.46803,0.46803,0,0.0,0.0
1988-03-30 00:00:00-05:00,0.46416,0.46416,0.46416,0.46416,8000,0.0,0.0
1988-03-31 00:00:00-05:00,0.4719,0.4719,0.4719,0.4719,6400,0.0,0.0
1988-04-04 00:00:00-04:00,0.4719,0.4719,0.46416,0.4719,17600,0.0,0.0
1988-04-05 00:00:00-04:00,0.45643,0.45643,0.45643,0.45643,32000,0.0,0.0
1988-04-06 00:00:00-04:00,0.46416,0.46416,0.46416,0.46416,11200,0.0,0.0
1988-04-07 00:00:00-04:00,0.4603,0.4603,0.4603,0.4603,3200,0.0,0.0
1988-04-08 00:00:00-04:00,0.46416,0.46803,0.46416,0.46803,3200,0.0,0.0
1988-04-11 00:00:00-04:00,0.4719,0.47964,0.4719,0.4719,11200,0.0,0.0
1988-04-12 00:00:00-04:00,0.4719,0.4719,0.4719,0.4719,0,0.0,0.0
1988-04-13 00:00:00-04:00,0.47577,0.47577,0.47577,0.47577,1600,0.0,0.0
1988-04-14 00:00:00-04:00,0.46803,0.46803,0.46803,0.46803,3200,0.0,0.0
1988-04-15 00:00:00-04:00,0.4603,0.4603,0.4603,0.4603,3200,0.0,0.0
1988-04-18 00:00:00-04:00,0.4603,0.4603,0.4603,0.4603,0,0.0,0.0
1988-04-19 00:00:00-04:00,0.46416,0.46416,0.46416,0.46416,1600,0.0,0.0
1988-04-20 00:00:00-04:00,0.46416,0.46416,0.4603,0.4603,4800,0.0,0.0
1988-04-21 00:00:00-04:00,0.45256,0.45256,0.44095,0.44482,27200,0.0,0.0
1988-04-22 00:00:00-04:00,0.44869,0.46029,0.44869,0.45643,36800,0.0,0.0
1988-04-25 00:00:00-04:00,0.45256,0.45256,0.45256,0.45256,3200,0.0,0.0
1988-04-26 00:00:00-04:00,0.45256,0.45256,0.45256,0.45256,0,0.0,0.0
1988-04-27 00:00:00-04:00,0.45256,0.45643,0.44095,0.44095,38400,0.0,0.0
1988-04-28 00:00:00-04:00,0.44869,0.45643,0.44869,0.45643,25600,0.0,0.0
1988-04-29 00:00:00-04:00,0.4603,0.46416,0.4603,0.46416,12800,0.0,0.0
1988-05-02 00:00:00-04:00,0.46416,0.46803,0.45643,0.46803,20800,0.0,0.0
1988-05-03 00:00:00-04:00,0.47577,0.48737,0.47577,0.48737,35200,0.0,0.0
1988-05-04 00:00:00-04:00,0.48737,0.50671,0.48737,0.50671,59200,0.0,0.0
1988-05-05 00:00:00-04:00,0.50671,0.51058,0.49511,0.49511,25600,0.0,0.0
1988-05-06 00:00:00-04:00,0.49511,0.49511,0.48737,0.49511,16000,0.0,0.0
1988-05-09 00:00:00-04:00,0.48737,0.48737,0.48737,0.48737,8000,0.0,0.0
1988-05-10 00:00:00-04:00,0.48737,0.48737,0.48737,0.48737,0,0.0,0.0
1988-05-11 00:00:00-04:00,0.4835,0.4835,0.47964,0.47964,9600,0.0,0.0
1988-05-12 00:00:00-04:00,0.47964,0.47964,0.47964,0.47964,0,0.0,0.0
1988-05-13 00:00:00-04:00,0.47964,0.47964,0.47964,0.47964,6400,0.0,0.0
1988-05-16 00:00:00-04:00,0.47964,0.48737,0.47577,0.47964,22400,0.0,0.0
1988-05-17 00:00:00-04:00,0.4835,0.49124,0.4835,0.4835,41600,0.0,0.0
1988-05-18 00:00:00-04:00,0.4835,0.4835,0.47964,0.47964,49600,0.0,0.0
1988-05-19 00:00:00-04:00,0.47964,0.47964,0.47964,0.47964,0,0.0,0.0
1988-05-20 00:00:00-04:00,0.47963,0.48737,0.47963,0.48737,14400,0.0,0.0
1988-05-23 00:00:00-04:00,0.48737,0.49124,0.4835,0.4835,27200,0.0,0.0
1988-05-24 00:00:00-04:00,0.4835,0.4835,0.4835,0.4835,0,0.0,0.0
1988-05-25 00:00:00-04:00,0.47964,0.47964,0.47964,0.47964,1600,0.0,0.0
1988-05-26 00:00:00-04:00,0.4835,0.48737,0.4835,0.48737,35200,0.0,0.0
1988-05-27 00:00:00-04:00,0.4835,0.4835,0.4835,0.4835,16000,0.0,0.0
1988-05-31 00:00:00-04:00,0.48737,0.49511,0.48737,0.49511,132800,0.0,0.0
1988-06-01 00:00:00-04:00,0.49511,0.50671,0.49511,0.50671,59200,0.0,0.0
1988-06-02 00:00:00-04:00,0.49898,0.49898,0.49511,0.49511,8000,0.0,0.0
1988-06-03 00:00:00-04:00,0.49511,0.49511,0.49511,0.49511,0,0.0,0.0
1988-06-06 00:00:00-04:00,0.50284,0.50671,0.50284,0.50671,11200,0.0,0.0
1988-06-07 00:00:00-04:00,0.50671,0.50671,0.50671,0.50671,0,0.0,0.0
1988-06-08 00:00:00-04:00,0.50284,0.50284,0.50284,0.50284,3200,0.0,0.0
1988-06-09 00:00:00-04:00,0.49511,0.49511,0.49511,0.49511,158400,0.0,0.0
1988-06-10 00:00:00-04:00,0.49511,0.50284,0.49511,0.49898,12800,0.0,0.0
1988-06-13 00:00:00-04:00,0.49898,0.49898,0.48737,0.48737,43200,0.0,0.0
1988-06-14 00:00:00-04:00,0.48737,0.48737,0.48737,0.48737,0,0.0,0.0
1988-06-15 00:00:00-04:00,0.48737,0.48737,0.48737,0.48737,0,0.0,0.0
1988-06-16 00:00:00-04:00,0.48737,0.48737,0.4835,0.48737,4800,0.0,0.0
1988-06-17 00:00:00-04:00,0.48737,0.49511,0.4835,0.49511,36800,0.0,0.0
1988-06-20 00:00:00-04:00,0.49511,0.49511,0.49511,0.49511,4800,0.0,0.0
1988-06-21 00:00:00-04:00,0.49898,0.49898,0.49898,0.49898,4800,0.0,0.0
1988-06-22 00:00:00-04:00,0.49898,0.49898,0.49898,0.49898,0,0.0,0.0
1988-06-23 00:00:00-04:00,0.49511,0.49511,0.49511,0.49511,11200,0.0,0.0
1988-06-24 00:00:00-04:00,0.49511,0.49511,0.49511,0.49511,0,0.0,0.0
1988-06-27 00:00:00-04:00,0.49511,0.49511,0.49124,0.49511,52800,0.0,0.0
1988-06-28 00:00:00-04:00,0.49124,0.49124,0.49124,0.49124,1600,0.0,0.0
1988-06-29 00:00:00-04:00,0.49124,0.49511,0.48737,0.49511,36800,0.0,0.0
1988-06-30 00:00:00-04:00,0.49898,0.50284,0.49898,0.50284,3200,0.0,0.0
1988-07-01 00:00:00-04:00,0.50284,0.50284,0.50284,0.50284,0,0.0,0.0
1988-07-05 00:00:00-04:00,0.49511,0.49511,0.49511,0.49511,8000,0.0,0.0
1988-07-06 00:00:00-04:00,0.49898,0.51058,0.49898,0.51058,38400,0.0,0.0
1988-07-07 00:00:00-04:00,0.51832,0.51832,0.51832,0.51832,4800,0.0,0.0
1988-07-08 00:00:00-04:00,0.51832,0.51832,0.51445,0.51832,19200,0.0,0.0
1988-07-11 00:00:00-04:00,0.52605,0.52605,0.52605,0.52605,16000,0.0,0.0
1988-07-12 00:00:00-04:00,0.52218,0.52218,0.51832,0.51832,9600,0.0,0.0
1988-07-13 00:00:00-04:00,0.52605,0.58794,0.52605,0.58794,120000,0.0,0.0
1988-07-14 00:00:00-04:00,0.58794,0.62662,0.58794,0.60341,260800,0.0,0.0
1988-07-15 00:00:00-04:00,0.59954,0.59954,0.55313,0.58794,203200,0.0,0.0
1988-07-18 00:00:00-04:00,0.59181,0.59568,0.59181,0.59181,20800,0.0,0.0
1988-07-19 00:00:00-04:00,0.59181,0.61115,0.59181,0.59181,70400,0.0,0.0
1988-07-20 00:00:00-04:00,0.58794,0.58794,0.5802,0.58407,19200,0.0,0.0
1988-07-21 00:00:00-04:00,0.5802,0.5802,0.57634,0.5802,25600,0.0,0.0
1988-07-22 00:00:00-04:00,0.5802,0.5802,0.5802,0.5802,0,0.0,0.0
1988-07-25 00:00:00-04:00,0.5802,0.58794,0.57247,0.58794,57600,0.0,0.0
1988-07-26 00:00:00-04:00,0.58794,0.58794,0.5802,0.5802,11200,0.0,0.0
1988-07-27 00:00:00-04:00,0.5802,0.5802,0.5802,0.5802,0,0.0,0.0
1988-07-28 00:00:00-04:00,0.57247,0.57247,0.57247,0.57247,16000,0.0,0.0
1988-07-29 00:00:00-04:00,0.57247,0.57247,0.56473,0.56473,16000,0.0,0.0
1988-08-01 00:00:00-04:00,0.56086,0.56086,0.56086,0.56086,9600,0.0,0.0
1988-08-02 00:00:00-04:00,0.557,0.557,0.54926,0.54926,25600,0.0,0.0
1988-08-03 00:00:00-04:00,0.54926,0.55313,0.54926,0.55313,283200,0.0,0.0
1988-08-04 00:00:00-04:00,0.55313,0.56473,0.55313,0.56473,100800,0.0,0.0
1988-08-05 00:00:00-04:00,0.56473,0.5686,0.557,0.56473,112000,0.0,0.0
1988-08-08 00:00:00-04:00,0.56473,0.5686,0.56473,0.56473,22400,0.0,0.0
1988-08-09 00:00:00-04:00,0.56473,0.5686,0.56086,0.56086,48000,0.0,0.0
1988-08-10 00:00:00-04:00,0.56086,0.56086,0.56086,0.56086,0,0.0,0.0
1988-08-11 00:00:00-04:00,0.56086,0.5686,0.56086,0.56086,22400,0.0,0.0
1988-08-12 00:00:00-04:00,0.56086,0.56086,0.56086,0.56086,1600,0.0,0.0
1988-08-15 00:00:00-04:00,0.557,0.557,0.54926,0.54926,16000,0.0,0.0
1988-08-16 00:00:00-04:00,0.55313,0.55313,0.55313,0.55313,1600,0.0,0.0
1988-08-17 00:00:00-04:00,0.55313,0.55313,0.55313,0.55313,0,0.0,0.0
1988-08-18 00:00:00-04:00,0.55313,0.56086,0.55313,0.56086,102400,0.0,0.0
1988-08-19 00:00:00-04:00,0.56086,0.5686,0.557,0.5686,35200,0.0,0.0
1988-08-22 00:00:00-04:00,0.5686,0.57247,0.5686,0.5686,32000,0.0,0.0
1988-08-23 00:00:00-04:00,0.56473,0.56473,0.56473,0.56473,3200,0.0,0.0
1988-08-24 00:00:00-04:00,0.56473,0.56473,0.56086,0.56086,32000,0.0,0.0
1988-08-25 00:00:00-04:00,0.56086,0.56473,0.54926,0.54926,41600,0.0,0.0
1988-08-26 00:00:00-04:00,0.54926,0.54926,0.54926,0.54926,0,0.0,0.0
1988-08-29 00:00:00-04:00,0.54926,0.54926,0.54926,0.54926,0,0.0,0.0
1988-08-30 00:00:00-04:00,0.54926,0.54926,0.54926,0.54926,8000,0.0,0.0
1988-08-31 00:00:00-04:00,0.54926,0.54926,0.54926,0.54926,16000,0.0,0.0
1988-09-01 00:00:00-04:00,0.54926,0.54926,0.54926,0.54926,0,0.0,0.0
1988-09-02 00:00:00-04:00,0.54539,0.54539,0.54539,0.54539,4800,0.0,0.0
1988-09-06 00:00:00-04:00,0.54926,0.55313,0.54926,0.55313,6400,0.0,0.0
1988-09-07 00:00:00-04:00,0.557,0.557,0.557,0.557,25600,0.0,0.0
1988-09-08 00:00:00-04:00,0.54926,0.54926,0.54926,0.54926,8000,0.0,0.0
1988-09-09 00:00:00-04:00,0.54926,0.54926,0.54926,0.54926,3200,0.0,0.0
1988-09-12 00:00:00-04:00,0.54539,0.54539,0.54539,0.54539,6400,0.0,0.0
1988-09-13 00:00:00-04:00,0.54152,0.54152,0.53766,0.53766,8000,0.0,0.0
1988-09-14 00:00:00-04:00,0.54152,0.54152,0.54152,0.54152,3200,0.0,0.0
1988-09-15 00:00:00-04:00,0.53766,0.53766,0.53379,0.53379,20800,0.0,0.0
1988-09-16 00:00:00-04:00,0.53766,0.53766,0.53766,0.53766,3200,0.0,0.0
1988-09-19 00:00:00-04:00,0.53766,0.53766,0.53766,0.53766,11200,0.0,0.0
1988-09-20 00:00:00-04:00,0.53766,0.53766,0.53379,0.53766,3200,0.0,0.0
1988-09-21 00:00:00-04:00,0.53766,0.53766,0.53766,0.53766,0,0.0,0.0
1988-09-22 00:00:00-04:00,0.53766,0.53766,0.53766,0.53766,0,0.0,0.0
1988-09-23 00:00:00-04:00,0.53379,0.53379,0.52218,0.52218,24000,0.0,0.0
1988-09-26 00:00:00-04:00,0.52992,0.52992,0.52992,0.52992,9600,0.0,0.0
1988-09-27 00:00:00-04:00,0.52992,0.52992,0.52992,0.52992,0,0.0,0.0
1988-09-28 00:00:00-04:00,0.52605,0.52605,0.52218,0.52605,17600,0.0,0.0
1988-09-29 00:00:00-04:00,0.52218,0.52218,0.51832,0.52218,24000,0.0,0.0
1988-09-30 00:00:00-04:00,0.52218,0.52218,0.51445,0.52218,16000,0.0,0.0
1988-10-03 00:00:00-04:00,0.52218,0.52218,0.52218,0.52218,0,0.0,0.0
1988-10-04 00:00:00-04:00,0.52218,0.52605,0.51832,0.52605,17600,0.0,0.0
1988-10-05 00:00:00-04:00,0.52218,0.52218,0.52218,0.52218,4800,0.0,0.0
1988-10-06 00:00:00-04:00,0.52218,0.52218,0.51832,0.52218,9600,0.0,0.0
1988-10-07 00:00:00-04:00,0.52218,0.53766,0.52218,0.53766,78400,0.0,0.0
1988-10-10 00:00:00-04:00,0.54539,0.54539,0.54539,0.54539,3200,0.0,0.0
1988-10-11 00:00:00-04:00,0.54152,0.54152,0.54152,0.54152,11200,0.0,0.0
1988-10-12 00:00:00-04:00,0.54152,0.54539,0.54152,0.54539,4800,0.0,0.0
1988-10-13 00:00:00-04:00,0.53766,0.53766,0.53766,0.53766,57600,0.0,0.0
1988-10-14 00:00:00-04:00,0.54539,0.55313,0.54539,0.54539,35200,0.0,0.0
1988-10-17 00:00:00-04:00,0.54539,0.557,0.54152,0.557,144000,0.0,0.0
1988-10-18 00:00:00-04:00,0.557,0.56086,0.557,0.557,9600,0.0,0.0
1988-10-19 00:00:00-04:00,0.557,0.557,0.54926,0.54926,32000,0.0,0.0
1988-10-20 00:00:00-04:00,0.55313,0.55313,0.55313,0.55313,3200,0.0,0.0
1988-10-21 00:00:00-04:00,0.56086,0.56086,0.56086,0.56086,8000,0.0,0.0
1988-10-24 00:00:00-04:00,0.56086,0.56086,0.56086,0.56086,0,0.0,0.0
1988-10-25 00:00:00-04:00,0.56086,0.5686,0.557,0.5686,40000,0.0,0.0
1988-10-26 00:00:00-04:00,0.5686,0.5686,0.5686,0.5686,6400,0.0,0.0
1988-10-27 00:00:00-04:00,0.56473,0.56473,0.55313,0.55313,72000,0.0,0.0
1988-10-28 00:00:00-04:00,0.55313,0.55313,0.55313,0.55313,0,0.0,0.0
1988-10-31 00:00:00-05:00,0.55313,0.55313,0.55313,0.55313,6400,0.0,0.0
1988-11-01 00:00:00-05:00,0.55313,0.55313,0.55313,0.55313,1600,0.0,0.0
1988-11-02 00:00:00-05:00,0.55313,0.55313,0.55313,0.55313,0,0.0,0.0
1988-11-03 00:00:00-05:00,0.55313,0.55313,0.55313,0.55313,0,0.0,0.0
1988-11-04 00:00:00-05:00,0.55313,0.55313,0.55313,0.55313,0,0.0,0.0
1988-11-07 00:00:00-05:00,0.55313,0.55313,0.55313,0.55313,17600,0.0,0.0
1988-11-08 00:00:00-05:00,0.557,0.557,0.557,0.557,19200,0.0,0.0
1988-11-09 00:00:00-05:00,0.55313,0.55313,0.55313,0.55313,4800,0.0,0.0
1988-11-10 00:00:00-05:00,0.557,0.557,0.557,0.557,6400,0.0,0.0
1988-11-11 00:00:00-05:00,0.557,0.557,0.557,0.557,16000,0.0,0.0
1988-11-14 00:00:00-05:00,0.557,0.557,0.55313,0.55313,16000,0.0,0.0
1988-11-15 00:00:00-05:00,0.55313,0.557,0.55313,0.557,35200,0.0,0.0
1988-11-16 00:00:00-05:00,0.557,0.557,0.54926,0.557,8000,0.0,0.0
1988-11-17 00:00:00-05:00,0.557,0.557,0.54926,0.557,6400,0.0,0.0
1988-11-18 00:00:00-05:00,0.55313,0.55313,0.55313,0.55313,1600,0.0,0.0
1988-11-21 00:00:00-05:00,0.55313,0.55313,0.55313,0.55313,1600,0.0,0.0
1988-11-22 00:00:00-05:00,0.55313,0.557,0.54926,0.557,19200,0.0,0.0
1988-11-23 00:00:00-05:00,0.55313,0.55313,0.55313,0.55313,6400,0.0,0.0
1988-11-25 00:00:00-05:00,0.55313,0.55313,0.55313,0.55313,0,0.0,0.0
1988-11-28 00:00:00-05:00,0.55313,0.55313,0.55313,0.55313,0,0.0,0.0
1988-11-29 00:00:00-05:00,0.55313,0.55313,0.55313,0.55313,0,0.0,0.0
1988-11-30 00:00:00-05:00,0.55313,0.55313,0.55313,0.55313,0,0.0,0.0
1988-12-01 00:00:00-05:00,0.54539,0.54539,0.54539,0.54539,3200,0.0,0.0
1988-12-02 00:00:00-05:00,0.54926,0.54926,0.54926,0.54926,1600,0.0,0.0
1988-12-05 00:00:00-05:00,0.557,0.557,0.557,0.557,6400,0.0,0.0
1988-12-06 00:00:00-05:00,0.557,0.557,0.557,0.557,32000,0.0,0.0
1988-12-07 00:00:00-05:00,0.557,0.557,0.557,0.557,8000,0.0,0.0
1988-12-08 00:00:00-05:00,0.55313,0.55313,0.55313,0.55313,12800,0.0,0.0
1988-12-09 00:00:00-05:00,0.55313,0.56473,0.55313,0.56473,11200,0.0,0.0
1988-12-12 00:00:00-05:00,0.56473,0.56473,0.56473,0.56473,0,0.0,0.0
1988-12-13 00:00:00-05:00,0.56473,0.56473,0.56473,0.56473,0,0.0,0.0
1988-12-14 00:00:00-05:00,0.56473,0.56473,0.56473,0.56473,0,0.0,0.0
1988-12-15 00:00:00-05:00,0.56473,0.56473,0.56473,0.56473,0,0.0,0.0
1988-12-16 00:00:00-05:00,0.56473,0.56473,0.56473,0.56473,0,0.0,0.0
1988-12-19 00:00:00-05:00,0.56473,0.5686,0.56086,0.5686,3200,0.0,0.0
1988-12-20 00:00:00-05:00,0.56473,0.56473,0.56473,0.56473,3200,0.0,0.0
1988-12-21 00:00:00-05:00,0.56473,0.56473,0.56473,0.56473,0,0.0,0.0
1988-12-22 00:00:00-05:00,0.56473,0.56473,0.56473,0.56473,0,0.0,0.0
1988-12-23 00:00:00-05:00,0.56086,0.56086,0.56086,0.56086,3200,0.0,0.0
1988-12-27 00:00:00-05:00,0.56086,0.56086,0.56086,0.56086,0,0.0,0.0
1988-12-28 00:00:00-05:00,0.56086,0.56086,0.56086,0.56086,0,0.0,0.0
1988-12-29 00:00:00-05:00,0.56086,0.56086,0.56086,0.56086,0,0.0,0.0
1988-12-30 00:00:00-05:00,0.56086,0.56086,0.56086,0.56086,6400,0.0,0.0
1989-01-03 00:00:00-05:00,0.56086,0.56086,0.56086,0.56086,0,0.0,0.0
1989-01-04 00:00:00-05:00,0.56086,0.5686,0.56086,0.56086,16000,0.0,0.0
1989-01-05 00:00:00-05:00,0.56086,0.56086,0.56086,0.56086,0,0.0,0.0
1989-01-06 00:00:00-05:00,0.5686,0.5686,0.5686,0.5686,3200,0.0,0.0
1989-01-09 00:00:00-05:00,0.56086,0.56086,0.56086,0.56086,17600,0.0,0.0
1989-01-10 00:00:00-05:00,0.56086,0.56086,0.56086,0.56086,22400,0.0,0.0
1989-01-11 00:00:00-05:00,0.56086,0.56086,0.56086,0.56086,0,0.0,0.0
1989-01-12 00:00:00-05:00,0.56086,0.56086,0.56086,0.56086,24000,0.0,0.0
1989-01-13 00:00:00-05:00,0.56086,0.56086,0.56086,0.56086,9600,0.0,0.0
1989-01-16 00:00:00-05:00,0.56473,0.56473,0.56473,0.56473,6400,0.0,0.0
1989-01-17 00:00:00-05:00,0.56473,0.57247,0.56473,0.56473,19200,0.0,0.0
1989-01-18 00:00:00-05:00,0.56086,0.56086,0.56086,0.56086,152000,0.0,0.0
1989-01-19 00:00:00-05:00,0.5686,0.5686,0.5686,0.5686,6400,0.0,0.0
1989-01-20 00:00:00-05:00,0.5686,0.5686,0.5686,0.5686,0,0.0,0.0
1989-01-23 00:00:00-05:00,0.57634,0.57634,0.57634,0.57634,4800,0.0,0.0
1989-01-24 00:00:00-05:00,0.57247,0.57247,0.57247,0.57247,8000,0.0,0.0
1989-01-25 00:00:00-05:00,0.57247,0.57247,0.57247,0.57247,9600,0.0,0.0
1989-01-26 00:00:00-05:00,0.57247,0.5802,0.5686,0.5686,25600,0.0,0.0
1989-01-27 00:00:00-05:00,0.57634,0.57634,0.57634,0.57634,8000,0.0,0.0
1989-01-30 00:00:00-05:00,0.5686,0.5686,0.5686,0.5686,6400,0.0,0.0
1989-01-31 00:00:00-05:00,0.5686,0.5686,0.5686,0.5686,0,0.0,0.0
1989-02-01 00:00:00-05:00,0.5686,0.57634,0.5686,0.5686,14400,0.0,0.0
1989-02-02 00:00:00-05:00,0.5686,0.5686,0.5686,0.5686,0,0.0,0.0
1989-02-03 00:00:00-05:00,0.56473,0.56473,0.56086,0.56086,16000,0.0,0.0
1989-02-06 00:00:00-05:00,0.56086,0.5686,0.56086,0.56086,8000,0.0,0.0
1989-02-07 00:00:00-05:00,0.56086,0.56086,0.557,0.557,44800,0.0,0.0
1989-02-08 00:00:00-05:00,0.557,0.557,0.557,0.557,1600,0.0,0.0
1989-02-09 00:00:00-05:00,0.56086,0.56086,0.56086,0.56086,6400,0.0,0.0
1989-02-10 00:00:00-05:00,0.56086,0.56086,0.55313,0.56086,11200,0.0,0.0
1989-02-13 00:00:00-05:00,0.557,0.557,0.55313,0.55313,9600,0.0,0.0
1989-02-14 00:00:00-05:00,0.55313,0.557,0.54539,0.54539,28800,0.0,0.0
1989-02-15 00:00:00-05:00,0.54539,0.55313,0.54152,0.54152,20800,0.0,0.0
1989-02-16 00:00:00-05:00,0.53379,0.53379,0.52992,0.53379,22400,0.0,0.0
1989-02-17 00:00:00-05:00,0.53379,0.53379,0.53379,0.53379,0,0.0,0.0
1989-02-21 00:00:00-05:00,0.52992,0.52992,0.52992,0.52992,9600,0.0,0.0
1989-02-22 00:00:00-05:00,0.52605,0.52605,0.52605,0.52605,3200,0.0,0.0
1989-02-23 00:00:00-05:00,0.51832,0.51832,0.51832,0.51832,6400,0.0,0.0
1989-02-24 00:00:00-05:00,0.51445,0.51445,0.49511,0.49511,52800,0.0,0.0
1989-02-27 00:00:00-05:00,0.49511,0.49511,0.49511,0.49511,9600,0.0,0.0
1989-02-28 00:00:00-05:00,0.49898,0.49898,0.49898,0.49898,1600,0.0,0.0
1989-03-01 00:00:00-05:00,0.50284,0.50284,0.50284,0.50284,4800,0.0,0.0
1989-03-02 00:00:00-05:00,0.50284,0.50284,0.50284,0.50284,0,0.0,0.0
1989-03-03 00:00:00-05:00,0.51058,0.51058,0.51058,0.51058,6400,0.0,0.0
1989-03-06 00:00:00-05:00,0.50671,0.50671,0.50671,0.50671,4800,0.0,0.0
1989-03-07 00:00:00-05:00,0.50671,0.50671,0.50671,0.50671,3200,0.0,0.0
1989-03-08 00:00:00-05:00,0.50671,0.50671,0.50671,0.50671,6400,0.0,0.0
1989-03-09 00:00:00-05:00,0.50671,0.50671,0.50671,0.50671,1600,0.0,0.0
1989-03-10 00:00:00-05:00,0.51445,0.51445,0.51445,0.51445,4800,0.0,0.0
1989-03-13 00:00:00-05:00,0.51058,0.51058,0.51058,0.51058,1600,0.0,0.0
1989-03-14 00:00:00-05:00,0.51445,0.51445,0.51445,0.51445,3200,0.0,0.0
1989-03-15 00:00:00-05:00,0.51832,0.51832,0.51832,0.51832,8000,0.0,0.0
1989-03-16 00:00:00-05:00,0.51832,0.51832,0.51832,0.51832,0,0.0,0.0
1989-03-17 00:00:00-05:00,0.51832,0.51832,0.51832,0.51832,20800,0.0,0.0
1989-03-20 00:00:00-05:00,0.51832,0.51832,0.51445,0.51832,27200,0.0,0.0
1989-03-21 00:00:00-05:00,0.51832,0.52605,0.51445,0.51832,54400,0.0,0.0
1989-03-22 00:00:00-05:00,0.51832,0.51832,0.51445,0.51832,49600,0.0,0.0
1989-03-23 00:00:00-05:00,0.52218,0.52218,0.52218,0.52218,8000,0.0,0.0
1989-03-27 00:00:00-05:00,0.52218,0.52605,0.52218,0.52605,4800,0.0,0.0
1989-03-28 00:00:00-05:00,0.52605,0.52605,0.52605,0.52605,0,0.0,0.0
1989-03-29 00:00:00-05:00,0.52605,0.52605,0.52605,0.52605,0,0.0,0.0
1989-03-30 00:00:00-05:00,0.53379,0.53379,0.53379,0.53379,80000,0.0,0.0
1989-03-31 00:00:00-05:00,0.54152,0.54152,0.54152,0.54152,19200,0.0,0.0
1989-04-03 00:00:00-04:00,0.54152,0.54152,0.53379,0.53379,40000,0.0,0.0
1989-04-04 00:00:00-04:00,0.53379,0.53379,0.53379,0.53379,51200,0.0,0.0
1989-04-05 00:00:00-04:00,0.53379,0.53766,0.53379,0.53379,27200,0.0,0.0
1989-04-06 00:00:00-04:00,0.53379,0.53379,0.53379,0.53379,0,0.0,0.0
1989-04-07 00:00:00-04:00,0.53379,0.53379,0.53379,0.53379,3200,0.0,0.0
1989-04-10 00:00:00-04:00,0.52992,0.52992,0.52992,0.52992,3200,0.0,0.0
1989-04-11 00:00:00-04:00,0.52992,0.52992,0.52992,0.52992,8000,0.0,0.0
1989-04-12 00:00:00-04:00,0.54152,0.54152,0.54152,0.54152,33600,0.0,0.0
1989-04-13 00:00:00-04:00,0.54152,0.56086,0.53766,0.56086,35200,0.0,0.0
1989-04-14 00:00:00-04:00,0.56086,0.5686,0.56086,0.56086,6400,0.0,0.0
1989-04-17 00:00:00-04:00,0.56086,0.56086,0.56086,0.56086,0,0.0,0.0
1989-04-18 00:00:00-04:00,0.5686,0.5686,0.5686,0.5686,1600,0.0,0.0
1989-04-19 00:00:00-04:00,0.57247,0.57247,0.57247,0.57247,1600,0.0,0.0
1989-04-20 00:00:00-04:00,0.57247,0.57247,0.57247,0.57247,17600,0.0,0.0
1989-04-21 00:00:00-04:00,0.5686,0.5686,0.5686,0.5686,88000,0.0,0.0
1989-04-24 00:00:00-04:00,0.57247,0.5802,0.57247,0.5802,8000,0.0,0.0
1989-04-25 00:00:00-04:00,0.58407,0.58794,0.58407,0.58407,9600,0.0,0.0
1989-04-26 00:00:00-04:00,0.58794,0.58794,0.58794,0.58794,1600,0.0,0.0
1989-04-27 00:00:00-04:00,0.5802,0.5802,0.57634,0.57634,14400,0.0,0.0
1989-04-28 00:00:00-04:00,0.57634,0.57634,0.57634,0.57634,0,0.0,0.0
1989-05-01 00:00:00-04:00,0.5802,0.5802,0.5802,0.5802,3200,0.0,0.0
1989-05-02 00:00:00-04:00,0.58794,0.58794,0.58794,0.58794,9600,0.0,0.0
1989-05-03 00:00:00-04:00,0.59568,0.59568,0.59568,0.59568,8000,0.0,0.0
1989-05-04 00:00:00-04:00,0.59568,0.59568,0.58794,0.58794,33600,0.0,0.0
1989-05-05 00:00:00-04:00,0.58794,0.59568,0.58794,0.58794,25600,0.0,0.0
1989-05-08 00:00:00-04:00,0.58794,0.60728,0.58794,0.60728,72000,0.0,0.0
1989-05-09 00:00:00-04:00,0.60728,0.60728,0.60728,0.60728,1600,0.0,0.0
1989-05-10 00:00:00-04:00,0.60728,0.60728,0.59954,0.59954,40000,0.0,0.0
1989-05-11 00:00:00-04:00,0.59954,0.59954,0.59954,0.59954,0,0.0,0.0
1989-05-12 00:00:00-04:00,0.60341,0.60341,0.60341,0.60341,4800,0.0,0.0
1989-05-15 00:00:00-04:00,0.60341,0.60341,0.60341,0.60341,8000,0.0,0.0
1989-05-16 00:00:00-04:00,0.59568,0.59568,0.59568,0.59568,4800,0.0,0.0
1989-05-17 00:00:00-04:00,0.59181,0.59181,0.59181,0.59181,9600,0.0,0.0
1989-05-18 00:00:00-04:00,0.58794,0.58794,0.58794,0.58794,1600,0.0,0.0
1989-05-19 00:00:00-04:00,0.59568,0.59568,0.59568,0.59568,6400,0.0,0.0
1989-05-22 00:00:00-04:00,0.59568,0.59568,0.59568,0.59568,0,0.0,0.0
1989-05-23 00:00:00-04:00,0.58794,0.58794,0.58407,0.58407,12800,0.0,0.0
1989-05-24 00:00:00-04:00,0.57247,0.57247,0.5686,0.5686,20800,0.0,0.0
1989-05-25 00:00:00-04:00,0.56086,0.56086,0.55313,0.55313,11200,0.0,0.0
1989-05-26 00:00:00-04:00,0.557,0.557,0.557,0.557,3200,0.0,0.0
1989-05-30 00:00:00-04:00,0.557,0.557,0.557,0.557,0,0.0,0.0
1989-05-31 00:00:00-04:00,0.557,0.557,0.557,0.557,0,0.0,0.0
1989-06-01 00:00:00-04:00,0.557,0.56086,0.54539,0.55313,33600,0.0,0.0
1989-06-02 00:00:00-04:00,0.55313,0.55313,0.55313,0.55313,0,0.0,0.0
1989-06-05 00:00:00-04:00,0.557,0.56473,0.557,0.56473,9600,0.0,0.0
1989-06-06 00:00:00-04:00,0.56473,0.57247,0.56086,0.56086,11200,0.0,0.0
1989-06-07 00:00:00-04:00,0.56086,0.5686,0.557,0.557,9600,0.0,0.0
1989-06-08 00:00:00-04:00,0.55313,0.55313,0.55313,0.55313,3200,0.0,0.0
1989-06-09 00:00:00-04:00,0.55313,0.55313,0.55313,0.55313,0,0.0,0.0
1989-06-12 00:00:00-04:00,0.55313,0.55313,0.55313,0.55313,0,0.0,0.0
1989-06-13 00:00:00-04:00,0.55313,0.55313,0.55313,0.55313,0,0.0,0.0
1989-06-14 00:00:00-04:00,0.55313,0.55313,0.55313,0.55313,4800,0.0,0.0
1989-06-15 00:00:00-04:00,0.557,0.557,0.557,0.557,1600,0.0,0.0
1989-06-16 00:00:00-04:00,0.557,0.557,0.54926,0.557,4800,0.0,0.0
1989-06-19 00:00:00-04:00,0.557,0.557,0.55313,0.55313,9600,0.0,0.0
1989-06-20 00:00:00-04:00,0.557,0.557,0.557,0.557,8000,0.0,0.0
1989-06-21 00:00:00-04:00,0.557,0.56086,0.557,0.557,6400,0.0,0.0
1989-06-22 00:00:00-04:00,0.56473,0.56473,0.56473,0.56473,8000,0.0,0.0
1989-06-23 00:00:00-04:00,0.56473,0.56473,0.56473,0.56473,32000,0.0,0.0
1989-06-26 00:00:00-04:00,0.5686,0.57247,0.5686,0.5686,4800,0.0,0.0
1989-06-27 00:00:00-04:00,0.5686,0.57247,0.56473,0.56473,20800,0.0,0.0
1989-06-28 00:00:00-04:00,0.56473,0.56473,0.56473,0.56473,8000,0.0,0.0
1989-06-29 00:00:00-04:00,0.56473,0.5686,0.56473,0.5686,131200,0.0,0.0
1989-06-30 00:00:00-04:00,0.57247,0.57247,0.57247,0.57247,3200,0.0,0.0
1989-07-03 00:00:00-04:00,0.5686,0.5686,0.56473,0.56473,4800,0.0,0.0
1989-07-05 00:00:00-04:00,0.56473,0.56473,0.56473,0.56473,0,0.0,0.0
1989-07-06 00:00:00-04:00,0.5686,0.57247,0.5686,0.5686,6400,0.0,0.0
1989-07-07 00:00:00-04:00,0.5686,0.57634,0.5686,0.5686,8000,0.0,0.0
1989-07-10 00:00:00-04:00,0.5686,0.5686,0.5686,0.5686,0,0.0,0.0
1989-07-11 00:00:00-04:00,0.57634,0.57634,0.57634,0.57634,4800,0.0,0.0
1989-07-12 00:00:00-04:00,0.57247,0.57247,0.57247,0.57247,1600,0.0,0.0
1989-07-13 00:00:00-04:00,0.57247,0.57247,0.57247,0.57247,64000,0.0,0.0
1989-07-14 00:00:00-04:00,0.57247,0.57247,0.56473,0.57247,17600,0.0,0.0
1989-07-17 00:00:00-04:00,0.57247,0.57634,0.56473,0.56473,9600,0.0,0.0
1989-07-18 00:00:00-04:00,0.56086,0.56086,0.557,0.557,14400,0.0,0.0
1989-07-19 00:00:00-04:00,0.56086,0.56086,0.56086,0.56086,24000,0.0,0.0
1989-07-20 00:00:00-04:00,0.5686,0.5686,0.5686,0.5686,3200,0.0,0.0
1989-07-21 00:00:00-04:00,0.5686,0.57247,0.56473,0.56473,12800,0.0,0.0
1989-07-24 00:00:00-04:00,0.56473,0.56473,0.56473,0.56473,0,0.0,0.0
1989-07-25 00:00:00-04:00,0.56473,0.56473,0.56473,0.56473,8000,0.0,0.0
1989-07-26 00:00:00-04:00,0.56473,0.5686,0.56086,0.5686,17600,0.0,0.0
1989-07-27 00:00:00-04:00,0.5686,0.5686,0.56086,0.5686,3200,0.0,0.0
1989-07-28 00:00:00-04:00,0.56473,0.56473,0.56473,0.56473,9600,0.0,0.0
1989-07-31 00:00:00-04:00,0.56086,0.56086,0.56086,0.56086,1600,0.0,0.0
1989-08-01 00:00:00-04:00,0.56086,0.56086,0.56086,0.56086,4800,0.0,0.0
1989-08-02 00:00:00-04:00,0.56086,0.56086,0.56086,0.56086,6400,0.0,0.0
1989-08-03 00:00:00-04:00,0.5686,0.5686,0.5686,0.5686,6400,0.0,0.0
1989-08-04 00:00:00-04:00,0.56086,0.56086,0.56086,0.56086,3200,0.0,0.0
1989-08-07 00:00:00-04:00,0.56473,0.56473,0.56473,0.56473,97600,0.0,0.0
1989-08-08 00:00:00-04:00,0.57247,0.57247,0.57247,0.57247,1600,0.0,0.0
1989-08-09 00:00:00-04:00,0.57634,0.57634,0.57634,0.57634,3200,0.0,0.0
1989-08-10 00:00:00-04:00,0.5686,0.5686,0.5686,0.5686,3200,0.0,0.0
1989-08-11 00:00:00-04:00,0.57634,0.57634,0.57634,0.57634,16000,0.0,0.0
1989-08-14 00:00:00-04:00,0.58407,0.58794,0.58407,0.58794,60800,0.0,0.0
1989-08-15 00:00:00-04:00,0.58794,0.61115,0.58407,0.59954,48000,0.0,0.0
1989-08-16 00:00:00-04:00,0.59954,0.59954,0.59954,0.59954,3200,0.0,0.0
1989-08-17 00:00:00-04:00,0.59954,0.59954,0.59954,0.59954,0,0.0,0.0
1989-08-18 00:00:00-04:00,0.59954,0.59954,0.59954,0.59954,16000,0.0,0.0
1989-08-21 00:00:00-04:00,0.59954,0.60728,0.59568,0.59568,28800,0.0,0.0
1989-08-22 00:00:00-04:00,0.59954,0.59954,0.59954,0.59954,3200,0.0,0.0
1989-08-23 00:00:00-04:00,0.59954,0.59954,0.59181,0.59181,14400,0.0,0.0
1989-08-24 00:00:00-04:00,0.59181,0.59181,0.59181,0.59181,0,0.0,0.0
1989-08-25 00:00:00-04:00,0.59181,0.59954,0.59181,0.59954,14400,0.0,0.0
1989-08-28 00:00:00-04:00,0.58794,0.58794,0.58794,0.58794,24000,0.0,0.0
1989-08-29 00:00:00-04:00,0.58794,0.58794,0.58794,0.58794,0,0.0,0.0
1989-08-30 00:00:00-04:00,0.59568,0.59568,0.59568,0.59568,1600,0.0,0.0
1989-08-31 00:00:00-04:00,0.59568,0.59568,0.59568,0.59568,0,0.0,0.0
1989-09-01 00:00:00-04:00,0.59181,0.59181,0.59181,0.59181,11200,0.0,0.0
1989-09-05 00:00:00-04:00,0.59954,0.61115,0.59954,0.61115,35200,0.0,0.0
1989-09-06 00:00:00-04:00,0.61115,0.61502,0.59954,0.61502,105600,0.0,0.0
1989-09-07 00:00:00-04:00,0.61888,0.62662,0.61888,0.62662,28800,0.0,0.0
1989-09-08 00:00:00-04:00,0.63436,0.70398,0.63436,0.69624,115200,0.0,0.0
1989-09-11 00:00:00-04:00,0.68851,0.68851,0.6769,0.6769,41600,0.0,0.0
1989-09-12 00:00:00-04:00,0.6769,0.68851,0.6769,0.68851,9600,0.0,0.0
1989-09-13 00:00:00-04:00,0.68077,0.68077,0.6769,0.6769,9600,0.0,0.0
1989-09-14 00:00:00-04:00,0.67304,0.67304,0.6653,0.6653,19200,0.0,0.0
1989-09-15 00:00:00-04:00,0.6653,0.6653,0.65756,0.6653,28800,0.0,0.0
1989-09-18 00:00:00-04:00,0.6653,0.6769,0.65756,0.6769,19200,0.0,0.0
1989-09-19 00:00:00-04:00,0.6769,0.68464,0.6769,0.68077,6400,0.0,0.0
1989-09-20 00:00:00-04:00,0.68077,0.68077,0.68077,0.68077,20800,0.0,0.0
1989-09-21 00:00:00-04:00,0.68464,0.69238,0.68464,0.69238,24000,0.0,0.0
1989-09-22 00:00:00-04:00,0.69238,0.70398,0.69238,0.69238,43200,0.0,0.0
1989-09-25 00:00:00-04:00,0.70011,0.70011,0.70011,0.70011,9600,0.0,0.0
1989-09-26 00:00:00-04:00,0.70011,0.70785,0.69624,0.69624,14400,0.0,0.0
1989-09-27 00:00:00-04:00,0.69624,0.70785,0.68464,0.68464,54400,0.0,0.0
1989-09-28 00:00:00-04:00,0.68464,0.68464,0.68464,0.68464,0,0.0,0.0
1989-09-29 00:00:00-04:00,0.69238,0.69238,0.69238,0.69238,6400,0.0,0.0
1989-10-02 00:00:00-04:00,0.69238,0.70011,0.69238,0.70011,6400,0.0,0.0
1989-10-03 00:00:00-04:00,0.70011,0.70398,0.69624,0.69624,6400,0.0,0.0
1989-10-04 00:00:00-04:00,0.69624,0.70785,0.69624,0.70398,46400,0.0,0.0
1989-10-05 00:00:00-04:00,0.70398,0.70398,0.69238,0.69238,22400,0.0,0.0
1989-10-06 00:00:00-04:00,0.69238,0.69624,0.68851,0.69238,11200,0.0,0.0
1989-10-09 00:00:00-04:00,0.69238,0.69624,0.68851,0.69624,20800,0.0,0.0
1989-10-10 00:00:00-04:00,0.68851,0.68851,0.68851,0.68851,1600,0.0,0.0
1989-10-11 00:00:00-04:00,0.68851,0.68851,0.68077,0.68851,9600,0.0,0.0
1989-10-12 00:00:00-04:00,0.68851,0.68851,0.6769,0.68077,22400,0.0,0.0
1989-10-13 00:00:00-04:00,0.68077,0.68077,0.66917,0.66917,35200,0.0,0.0
1989-10-16 00:00:00-04:00,0.6653,0.6653,0.64209,0.6653,67200,0.0,0.0
1989-10-17 00:00:00-04:00,0.6653,0.67304,0.66143,0.67304,20800,0.0,0.0
1989-10-18 00:00:00-04:00,0.6653,0.6653,0.6653,0.6653,4800,0.0,0.0
1989-10-19 00:00:00-04:00,0.67304,0.6769,0.67304,0.6769,11200,0.0,0.0
1989-10-20 00:00:00-04:00,0.6769,0.68077,0.66917,0.66917,24000,0.0,0.0
1989-10-23 00:00:00-04:00,0.66143,0.66143,0.65756,0.65756,19200,0.0,0.0
1989-10-24 00:00:00-04:00,0.6537,0.6537,0.64983,0.6537,4800,0.0,0.0
1989-10-25 00:00:00-04:00,0.64983,0.64983,0.64983,0.64983,1600,0.0,0.0
1989-10-26 00:00:00-04:00,0.64983,0.64983,0.64983,0.64983,0,0.0,0.0
1989-10-27 00:00:00-04:00,0.6537,0.6537,0.6537,0.6537,1600,0.0,0.0
1989-10-30 00:00:00-05:00,0.65756,0.65756,0.65756,0.65756,8000,0.0,0.0
1989-10-31 00:00:00-05:00,0.65756,0.6653,0.6537,0.6537,14400,0.0,0.0
1989-11-01 00:00:00-05:00,0.6537,0.6537,0.64596,0.64596,16000,0.0,0.0
1989-11-02 00:00:00-05:00,0.63822,0.63822,0.63049,0.63822,27200,0.0,0.0
1989-11-03 00:00:00-05:00,0.63822,0.63822,0.63822,0.63822,0,0.0,0.0
1989-11-06 00:00:00-05:00,0.63822,0.64596,0.63049,0.63436,40000,0.0,0.0
1989-11-07 00:00:00-05:00,0.62662,0.62662,0.62662,0.62662,4800,0.0,0.0
1989-11-08 00:00:00-05:00,0.63436,0.63436,0.63436,0.63436,1600,0.0,0.0
1989-11-09 00:00:00-05:00,0.62662,0.62662,0.62275,0.62275,9600,0.0,0.0
1989-11-10 00:00:00-05:00,0.62275,0.62275,0.62275,0.62275,0,0.0,0.0
1989-11-13 00:00:00-05:00,0.63049,0.63049,0.63049,0.63049,4800,0.0,0.0
1989-11-14 00:00:00-05:00,0.63436,0.63822,0.63436,0.63822,11200,0.0,0.0
1989-11-15 00:00:00-05:00,0.63822,0.63822,0.63822,0.63822,0,0.0,0.0
1989-11-16 00:00:00-05:00,0.63822,0.63822,0.63822,0.63822,0,0.0,0.0
1989-11-17 00:00:00-05:00,0.63822,0.63822,0.63822,0.63822,0,0.0,0.0
1989-11-20 00:00:00-05:00,0.64209,0.64209,0.64209,0.64209,3200,0.0,0.0
1989-11-21 00:00:00-05:00,0.63822,0.63822,0.63822,0.63822,1600,0.0,0.0
1989-11-22 00:00:00-05:00,0.63822,0.64209,0.63436,0.63436,9600,0.0,0.0
1989-11-24 00:00:00-05:00,0.63436,0.63436,0.63436,0.63436,0,0.0,0.0
1989-11-27 00:00:00-05:00,0.63436,0.63436,0.63049,0.63436,6400,0.0,0.0
1989-11-28 00:00:00-05:00,0.63436,0.63436,0.63436,0.63436,16000,0.0,0.0
1989-11-29 00:00:00-05:00,0.63822,0.63822,0.63822,0.63822,28800,0.0,0.0
1989-11-30 00:00:00-05:00,0.63822,0.63822,0.63822,0.63822,0,0.0,0.0
1989-12-01 00:00:00-05:00,0.63822,0.63822,0.63822,0.63822,0,0.0,0.0
1989-12-04 00:00:00-05:00,0.63822,0.63822,0.63822,0.63822,0,0.0,0.0
1989-12-05 00:00:00-05:00,0.63822,0.63822,0.63822,0.63822,1600,0.0,0.0
1989-12-06 00:00:00-05:00,0.63049,0.63049,0.62275,0.62275,16000,0.0,0.0
1989-12-07 00:00:00-05:00,0.62662,0.62662,0.62662,0.62662,3200,0.0,0.0
1989-12-08 00:00:00-05:00,0.62662,0.62662,0.62662,0.62662,0,0.0,0.0
1989-12-11 00:00:00-05:00,0.63049,0.63049,0.63049,0.63049,1600,0.0,0.0
1989-12-12 00:00:00-05:00,0.63436,0.63436,0.63436,0.63436,6400,0.0,0.0
1989-12-13 00:00:00-05:00,0.63822,0.63822,0.63822,0.63822,1600,0.0,0.0
1989-12-14 00:00:00-05:00,0.63436,0.63436,0.62662,0.62662,17600,0.0,0.0
1989-12-15 00:00:00-05:00,0.62662,0.62662,0.61888,0.61888,22400,0.0,0.0
1989-12-18 00:00:00-05:00,0.61888,0.62275,0.61115,0.61888,22400,0.0,0.0
1989-12-19 00:00:00-05:00,0.61888,0.61888,0.61888,0.61888,0,0.0,0.0
1989-12-20 00:00:00-05:00,0.61115,0.61115,0.61115,0.61115,17600,0.0,0.0
1989-12-21 00:00:00-05:00,0.60728,0.60728,0.60728,0.60728,3200,0.0,0.0
1989-12-22 00:00:00-05:00,0.60341,0.60341,0.60341,0.60341,4800,0.0,0.0
1989-12-26 00:00:00-05:00,0.60341,0.60341,0.60341,0.60341,6400,0.0,0.0
1989-12-27 00:00:00-05:00,0.60728,0.60728,0.60728,0.60728,11200,0.0,0.0
1989-12-28 00:00:00-05:00,0.60728,0.60728,0.60728,0.60728,0,0.0,0.0
1989-12-29 00:00:00-05:00,0.60728,0.60728,0.60728,0.60728,0,0.0,0.0
1990-01-02 00:00:00-05:00,0.59954,0.59954,0.58407,0.59181,64000,0.0,0.0
1990-01-03 00:00:00-05:00,0.58794,0.58794,0.58794,0.58794,1600,0.0,0.0
1990-01-04 00:00:00-05:00,0.5802,0.5802,0.5802,0.5802,9600,0.0,0.0
1990-01-05 00:00:00-05:00,0.5802,0.5802,0.557,0.557,1206400,0.0,0.0
1990-01-08 00:00:00-05:00,0.557,0.5686,0.557,0.56086,49600,0.0,0.0
1990-01-09 00:00:00-05:00,0.56086,0.5686,0.56086,0.56086,35200,0.0,0.0
1990-01-10 00:00:00-05:00,0.56086,0.5686,0.557,0.56473,25600,0.0,0.0
1990-01-11 00:00:00-05:00,0.56473,0.56473,0.56473,0.56473,0,0.0,0.0
1990-01-12 00:00:00-05:00,0.56473,0.56473,0.56473,0.56473,0,0.0,0.0
1990-01-15 00:00:00-05:00,0.56473,0.56473,0.56473,0.56473,0,0.0,0.0
1990-01-16 00:00:00-05:00,0.56473,0.56473,0.56473,0.56473,0,0.0,0.0
1990-01-17 00:00:00-05:00,0.56473,0.56473,0.56473,0.56473,0,0.0,0.0
1990-01-18 00:00:00-05:00,0.56473,0.56473,0.56473,0.56473,0,0.0,0.0
1990-01-19 00:00:00-05:00,0.56473,0.56473,0.56473,0.56473,0,0.0,0.0
1990-01-22 00:00:00-05:00,0.557,0.557,0.557,0.557,4800,0.0,0.0
1990-01-23 00:00:00-05:00,0.557,0.557,0.557,0.557,0,0.0,0.0
1990-01-24 00:00:00-05:00,0.557,0.557,0.557,0.557,0,0.0,0.0
1990-01-25 00:00:00-05:00,0.557,0.557,0.557,0.557,0,0.0,0.0
1990-01-26 00:00:00-05:00,0.55313,0.55313,0.55313,0.55313,1600,0.0,0.0
1990-01-29 00:00:00-05:00,0.55313,0.55313,0.55313,0.55313,0,0.0,0.0
1990-01-30 00:00:00-05:00,0.54539,0.54539,0.54152,0.54152,4800,0.0,0.0
1990-01-31 00:00:00-05:00,0.54152,0.54539,0.53766,0.53766,4800,0.0,0.0
1990-02-01 00:00:00-05:00,0.53766,0.53766,0.53766,0.53766,0,0.0,0.0
1990-02-02 00:00:00-05:00,0.53766,0.53766,0.53766,0.53766,0,0.0,0.0
1990-02-05 00:00:00-05:00,0.53379,0.53379,0.52992,0.53379,4800,0.0,0.0
1990-02-06 00:00:00-05:00,0.54152,0.54539,0.54152,0.54539,14400,0.0,0.0
1990-02-07 00:00:00-05:00,0.54539,0.54926,0.54152,0.54926,9600,0.0,0.0
1990-02-08 00:00:00-05:00,0.55313,0.55313,0.55313,0.55313,6400,0.0,0.0
1990-02-09 00:00:00-05:00,0.55313,0.55313,0.55313,0.55313,3200,0.0,0.0
1990-02-12 00:00:00-05:00,0.55313,0.55313,0.55313,0.55313,0,0.0,0.0
1990-02-13 00:00:00-05:00,0.55313,0.557,0.54926,0.54926,9600,0.0,0.0
1990-02-14 00:00:00-05:00,0.54926,0.55313,0.54926,0.55313,4800,0.0,0.0
1990-02-15 00:00:00-05:00,0.56086,0.56086,0.56086,0.56086,3200,0.0,0.0
1990-02-16 00:00:00-05:00,0.56086,0.56086,0.56086,0.56086,16000,0.0,0.0
1990-02-20 00:00:00-05:00,0.56086,0.56086,0.557,0.557,32000,0.0,0.0
1990-02-21 00:00:00-05:00,0.557,0.557,0.557,0.557,0,0.0,0.0
1990-02-22 00:00:00-05:00,0.557,0.557,0.557,0.557,1600,0.0,0.0
1990-02-23 00:00:00-05:00,0.55391,0.55391,0.55001,0.55391,11200,0.00944,0.0
1990-02-26 00:00:00-05:00,0.55391,0.55391,0.55391,0.55391,0,0.0,0.0
1990-02-27 00:00:00-05:00,0.55781,0.55781,0.55781,0.55781,4800,0.0,0.0
1990-02-28 00:00:00-05:00,0.56171,0.56171,0.56171,0.56171,1600,0.0,0.0
1990-03-01 00:00:00-05:00,0.55001,0.55001,0.55001,0.55001,3200,0.0,0.0
1990-03-02 00:00:00-05:00,0.55781,0.55781,0.55781,0.55781,1600,0.0,0.0
1990-03-05 00:00:00-05:00,0.55781,0.55781,0.55781,0.55781,0,0.0,0.0
1990-03-06 00:00:00-05:00,0.55391,0.55391,0.55391,0.55391,8000,0.0,0.0
1990-03-07 00:00:00-05:00,0.55391,0.56171,0.55391,0.55391,6400,0.0,0.0
1990-03-08 00:00:00-05:00,0.55391,0.56171,0.55391,0.56171,6400,0.0,0.0
1990-03-09 00:00:00-05:00,0.56171,0.56171,0.56171,0.56171,0,0.0,0.0
1990-03-12 00:00:00-05:00,0.56171,0.56171,0.56171,0.56171,3200,0.0,0.0
1990-03-13 00:00:00-05:00,0.56171,0.56951,0.56171,0.56951,9600,0.0,0.0
1990-03-14 00:00:00-05:00,0.57341,0.57341,0.57341,0.57341,6400,0.0,0.0
1990-03-15 00:00:00-05:00,0.57731,0.57731,0.57731,0.57731,1600,0.0,0.0
1990-03-16 00:00:00-05:00,0.58511,0.58511,0.58511,0.58511,30400,0.0,0.0
1990-03-19 00:00:00-05:00,0.58511,0.58511,0.58511,0.58511,0,0.0,0.0
1990-03-20 00:00:00-05:00,0.58901,0.58901,0.58901,0.58901,3200,0.0,0.0
1990-03-21 00:00:00-05:00,0.59291,0.59291,0.59291,0.59291,1600,0.0,0.0
1990-03-22 00:00:00-05:00,0.59291,0.59291,0.59291,0.59291,0,0.0,0.0
1990-03-23 00:00:00-05:00,0.59291,0.59291,0.59291,0.59291,0,0.0,0.0
1990-03-26 00:00:00-05:00,0.58901,0.58901,0.58901,0.58901,1600,0.0,0.0
1990-03-27 00:00:00-05:00,0.58511,0.58511,0.58511,0.58511,1600,0.0,0.0
1990-03-28 00:00:00-05:00,0.58511,0.58511,0.58511,0.58511,1600,0.0,0.0
1990-03-29 00:00:00-05:00,0.58511,0.58511,0.58511,0.58511,0,0.0,0.0
1990-03-30 00:00:00-05:00,0.58121,0.58121,0.57731,0.57731,20800,0.0,0.0
1990-04-02 00:00:00-04:00,0.57341,0.57341,0.57341,0.57341,1600,0.0,0.0
1990-04-03 00:00:00-04:00,0.57341,0.57341,0.57341,0.57341,0,0.0,0.0
1990-04-04 00:00:00-04:00,0.57341,0.57341,0.57341,0.57341,0,0.0,0.0
1990-04-05 00:00:00-04:00,0.57341,0.57341,0.57341,0.57341,0,0.0,0.0
1990-04-06 00:00:00-04:00,0.58121,0.58511,0.58121,0.58511,6400,0.0,0.0
1990-04-09 00:00:00-04:00,0.58121,0.58121,0.58121,0.58121,1600,0.0,0.0
1990-04-10 00:00:00-04:00,0.57731,0.57731,0.57731,0.57731,6400,0.0,0.0
1990-04-11 00:00:00-04:00,0.57731,0.57731,0.56951,0.57731,28800,0.0,0.0
1990-04-12 00:00:00-04:00,0.57731,0.58121,0.57341,0.58121,11200,0.0,0.0
1990-04-16 00:00:00-04:00,0.57731,0.57731,0.57731,0.57731,4800,0.0,0.0
1990-04-17 00:00:00-04:00,0.58121,0.59291,0.58121,0.59291,12800,0.0,0.0
1990-04-18 00:00:00-04:00,0.59291,0.59291,0.59291,0.59291,9600,0.0,0.0
1990-04-19 00:00:00-04:00,0.59291,0.59291,0.58901,0.58901,12800,0.0,0.0
1990-04-20 00:00:00-04:00,0.58901,0.58901,0.58901,0.58901,0,0.0,0.0
1990-04-23 00:00:00-04:00,0.58901,0.59291,0.58121,0.59291,40000,0.0,0.0
1990-04-24 00:00:00-04:00,0.59291,0.59291,0.59291,0.59291,0,0.0,0.0
1990-04-25 00:00:00-04:00,0.59291,0.59291,0.59291,0.59291,0,0.0,0.0
1990-04-26 00:00:00-04:00,0.58901,0.58901,0.58121,0.58901,51200,0.0,0.0
1990-04-27 00:00:00-04:00,0.58121,0.58121,0.58121,0.58121,11200,0.0,0.0
1990-04-30 00:00:00-04:00,0.57731,0.57731,0.57731,0.57731,8000,0.0,0.0
1990-05-01 00:00:00-04:00,0.57731,0.57731,0.57731,0.57731,0,0.0,0.0
1990-05-02 00:00:00-04:00,0.57341,0.57341,0.57341,0.57341,3200,0.0,0.0
1990-05-03 00:00:00-04:00,0.56951,0.56951,0.56951,0.56951,8000,0.0,0.0
1990-05-04 00:00:00-04:00,0.57341,0.57341,0.57341,0.57341,3200,0.0,0.0
1990-05-07 00:00:00-04:00,0.57341,0.57731,0.57341,0.57731,9600,0.0,0.0
1990-05-08 00:00:00-04:00,0.58121,0.58511,0.58121,0.58121,6400,0.0,0.0
1990-05-09 00:00:00-04:00,0.57731,0.57731,0.57731,0.57731,1600,0.0,0.0
1990-05-10 00:00:00-04:00,0.58121,0.59291,0.58121,0.59291,24000,0.0,0.0
1990-05-11 00:00:00-04:00,0.60072,0.60852,0.60072,0.60852,6400,0.0,0.0
1990-05-14 00:00:00-04:00,0.60852,0.60852,0.60852,0.60852,0,0.0,0.0
1990-05-15 00:00:00-04:00,0.60852,0.61632,0.60852,0.60852,14400,0.0,0.0
1990-05-16 00:00:00-04:00,0.60852,0.60852,0.60852,0.60852,0,0.0,0.0
1990-05-17 00:00:00-04:00,0.60852,0.61242,0.60462,0.60462,12800,0.0,0.0
1990-05-18 00:00:00-04:00,0.60462,0.62022,0.60462,0.61632,579200,0.0,0.0
1990-05-21 00:00:00-04:00,0.61632,0.61632,0.61242,0.61632,14400,0.0,0.0
1990-05-22 00:00:00-04:00,0.60852,0.60852,0.60852,0.60852,4800,0.0,0.0
1990-05-23 00:00:00-04:00,0.60852,0.60852,0.60852,0.60852,1600,0.0,0.0
1990-05-24 00:00:00-04:00,0.60852,0.60852,0.60072,0.60852,4800,0.0,0.0
1990-05-25 00:00:00-04:00,0.6054,0.6054,0.6054,0.6054,3200,0.00944,0.0
1990-05-29 00:00:00-04:00,0.6054,0.6054,0.6054,0.6054,0,0.0,0.0
1990-05-30 00:00:00-04:00,0.59754,0.59754,0.59754,0.59754,3200,0.0,0.0
1990-05-31 00:00:00-04:00,0.58968,0.58968,0.58968,0.58968,4800,0.0,0.0
1990-06-01 00:00:00-04:00,0.58968,0.58968,0.58575,0.58968,43200,0.0,0.0
1990-06-04 00:00:00-04:00,0.58575,0.58575,0.58182,0.58575,6400,0.0,0.0
1990-06-05 00:00:00-04:00,0.58575,0.58575,0.58575,0.58575,0,0.0,0.0
1990-06-06 00:00:00-04:00,0.58182,0.58182,0.57002,0.57789,28800,0.0,0.0
1990-06-07 00:00:00-04:00,0.57395,0.57395,0.57395,0.57395,9600,0.0,0.0
1990-06-08 00:00:00-04:00,0.57395,0.57395,0.57002,0.57395,3200,0.0,0.0
1990-06-11 00:00:00-04:00,0.57395,0.57395,0.57395,0.57395,0,0.0,0.0
1990-06-12 00:00:00-04:00,0.57002,0.57002,0.56609,0.57002,14400,0.0,0.0
1990-06-13 00:00:00-04:00,0.57002,0.57002,0.57002,0.57002,0,0.0,0.0
1990-06-14 00:00:00-04:00,0.57002,0.57002,0.57002,0.57002,4800,0.0,0.0
1990-06-15 00:00:00-04:00,0.57002,0.57002,0.56609,0.56609,35200,0.0,0.0
1990-06-18 00:00:00-04:00,0.56609,0.56609,0.56609,0.56609,0,0.0,0.0
1990-06-19 00:00:00-04:00,0.56609,0.56609,0.56609,0.56609,8000,0.0,0.0
1990-06-20 00:00:00-04:00,0.56609,0.56609,0.56609,0.56609,8000,0.0,0.0
1990-06-21 00:00:00-04:00,0.56216,0.56216,0.56216,0.56216,1600,0.0,0.0
1990-06-22 00:00:00-04:00,0.57002,0.57002,0.57002,0.57002,22400,0.0,0.0
1990-06-25 00:00:00-04:00,0.57789,0.57789,0.57789,0.57789,3200,0.0,0.0
1990-06-26 00:00:00-04:00,0.58182,0.58575,0.58182,0.58575,8000,0.0,0.0
1990-06-27 00:00:00-04:00,0.58575,0.58575,0.58575,0.58575,0,0.0,0.0
1990-06-28 00:00:00-04:00,0.58575,0.58575,0.58575,0.58575,0,0.0,0.0
1990-06-29 00:00:00-04:00,0.58575,0.58575,0.58575,0.58575,0,0.0,0.0
1990-07-02 00:00:00-04:00,0.57789,0.57789,0.57395,0.57395,11200,0.0,0.0
1990-07-03 00:00:00-04:00,0.57002,0.57002,0.56609,0.57002,52800,0.0,0.0
1990-07-05 00:00:00-04:00,0.57002,0.57002,0.57002,0.57002,0,0.0,0.0
1990-07-06 00:00:00-04:00,0.56609,0.56609,0.56609,0.56609,8000,0.0,0.0
1990-07-09 00:00:00-04:00,0.56609,0.56609,0.56609,0.56609,8000,0.0,0.0
1990-07-10 00:00:00-04:00,0.55823,0.55823,0.55823,0.55823,11200,0.0,0.0
1990-07-11 00:00:00-04:00,0.55823,0.56609,0.55037,0.56609,270400,0.0,0.0
1990-07-12 00:00:00-04:00,0.56609,0.56609,0.56609,0.56609,19200,0.0,0.0
1990-07-13 00:00:00-04:00,0.56609,0.56609,0.56609,0.56609,0,0.0,0.0
1990-07-16 00:00:00-04:00,0.56609,0.56609,0.56609,0.56609,0,0.0,0.0
1990-07-17 00:00:00-04:00,0.56609,0.56609,0.56609,0.56609,0,0.0,0.0
1990-07-18 00:00:00-04:00,0.56609,0.56609,0.56609,0.56609,8000,0.0,0.0
1990-07-19 00:00:00-04:00,0.55823,0.55823,0.55823,0.55823,1600,0.0,0.0
1990-07-20 00:00:00-04:00,0.5543,0.5543,0.5543,0.5543,3200,0.0,0.0
1990-07-23 00:00:00-04:00,0.5543,0.5543,0.5543,0.5543,27200,0.0,0.0
1990-07-24 00:00:00-04:00,0.55823,0.55823,0.55823,0.55823,1600,0.0,0.0
1990-07-25 00:00:00-04:00,0.55823,0.55823,0.55823,0.55823,16000,0.0,0.0
1990-07-26 00:00:00-04:00,0.55823,0.55823,0.55823,0.55823,36800,0.0,0.0
1990-07-27 00:00:00-04:00,0.55823,0.55823,0.55037,0.55037,17600,0.0,0.0
1990-07-30 00:00:00-04:00,0.55037,0.55037,0.55037,0.55037,0,0.0,0.0
1990-07-31 00:00:00-04:00,0.5543,0.5543,0.5543,0.5543,19200,0.0,0.0
1990-08-01 00:00:00-04:00,0.55037,0.55037,0.55037,0.55037,3200,0.0,0.0
1990-08-02 00:00:00-04:00,0.55037,0.55037,0.55037,0.55037,3200,0.0,0.0
1990-08-03 00:00:00-04:00,0.55037,0.55037,0.55037,0.55037,1600,0.0,0.0
1990-08-06 00:00:00-04:00,0.54644,0.54644,0.54644,0.54644,1600,0.0,0.0
1990-08-07 00:00:00-04:00,0.54644,0.55037,0.53071,0.53071,40000,0.0,0.0
1990-08-08 00:00:00-04:00,0.53071,0.53464,0.52678,0.53464,17600,0.0,0.0
1990-08-09 00:00:00-04:00,0.53464,0.53464,0.53464,0.53464,0,0.0,0.0
1990-08-10 00:00:00-04:00,0.53464,0.53464,0.53464,0.53464,0,0.0,0.0
1990-08-13 00:00:00-04:00,0.53464,0.53464,0.53464,0.53464,0,0.0,0.0
1990-08-14 00:00:00-04:00,0.53464,0.53464,0.52678,0.53071,254400,0.0,0.0
1990-08-15 00:00:00-04:00,0.53071,0.53071,0.53071,0.53071,1600,0.0,0.0
1990-08-16 00:00:00-04:00,0.52285,0.52285,0.51499,0.51499,27200,0.0,0.0
1990-08-17 00:00:00-04:00,0.50712,0.50712,0.49533,0.49533,19200,0.0,0.0
1990-08-20 00:00:00-04:00,0.48747,0.48747,0.48747,0.48747,1600,0.0,0.0
1990-08-21 00:00:00-04:00,0.48354,0.48354,0.47961,0.48354,9600,0.0,0.0
1990-08-22 00:00:00-04:00,0.47567,0.47567,0.46781,0.46781,44800,0.0,0.0
1990-08-23 00:00:00-04:00,0.46388,0.46388,0.46388,0.46388,3200,0.0,0.0
1990-08-24 00:00:00-04:00,0.45602,0.45602,0.44029,0.44816,43200,0.0,0.0
1990-08-27 00:00:00-04:00,0.44501,0.44501,0.44104,0.44501,32000,0.00944,0.0
1990-08-28 00:00:00-04:00,0.44501,0.44501,0.43309,0.44104,35200,0.0,0.0
1990-08-29 00:00:00-04:00,0.43309,0.43309,0.41322,0.42514,142400,0.0,0.0
1990-08-30 00:00:00-04:00,0.42514,0.43706,0.42117,0.43706,35200,0.0,0.0
1990-08-31 00:00:00-04:00,0.44501,0.4609,0.44501,0.4609,230400,0.0,0.0
1990-09-04 00:00:00-04:00,0.4609,0.4609,0.45296,0.4609,16000,0.0,0.0
1990-09-05 00:00:00-04:00,0.4609,0.47282,0.45296,0.47282,16000,0.0,0.0
1990-09-06 00:00:00-04:00,0.46885,0.46885,0.4609,0.4609,94400,0.0,0.0
1990-09-07 00:00:00-04:00,0.48474,0.48474,0.48474,0.48474,56000,0.0,0.0
1990-09-10 00:00:00-04:00,0.48872,0.49269,0.48872,0.48872,16000,0.0,0.0
1990-09-11 00:00:00-04:00,0.48872,0.48872,0.48872,0.48872,3200,0.0,0.0
1990-09-12 00:00:00-04:00,0.49666,0.49666,0.49666,0.49666,8000,0.0,0.0
1990-09-13 00:00:00-04:00,0.50461,0.51256,0.50461,0.51256,16000,0.0,0.0
1990-09-14 00:00:00-04:00,0.51256,0.52448,0.50858,0.50858,14400,0.0,0.0
1990-09-17 00:00:00-04:00,0.50064,0.50064,0.50064,0.50064,1600,0.0,0.0
1990-09-18 00:00:00-04:00,0.49269,0.49269,0.48872,0.49269,28800,0.0,0.0
1990-09-19 00:00:00-04:00,0.49269,0.49269,0.49269,0.49269,0,0.0,0.0
1990-09-20 00:00:00-04:00,0.49269,0.49269,0.49269,0.49269,0,0.0,0.0
1990-09-21 00:00:00-04:00,0.48474,0.48474,0.48077,0.48077,6400,0.0,0.0
1990-09-24 00:00:00-04:00,0.48077,0.48077,0.48077,0.48077,0,0.0,0.0
1990-09-25 00:00:00-04:00,0.4768,0.4768,0.4768,0.4768,3200,0.0,0.0
1990-09-26 00:00:00-04:00,0.47282,0.47282,0.47282,0.47282,4800,0.0,0.0
1990-09-27 00:00:00-04:00,0.46488,0.46488,0.46488,0.46488,1600,0.0,0.0
1990-09-28 00:00:00-04:00,0.46488,0.47282,0.46488,0.47282,17600,0.0,0.0
1990-10-01 00:00:00-04:00,0.47282,0.47282,0.47282,0.47282,0,0.0,0.0
1990-10-02 00:00:00-04:00,0.47282,0.47282,0.47282,0.47282,0,0.0,0.0
1990-10-03 00:00:00-04:00,0.47282,0.47282,0.47282,0.47282,0,0.0,0.0
1990-10-04 00:00:00-04:00,0.4768,0.4768,0.4768,0.4768,4800,0.0,0.0
1990-10-05 00:00:00-04:00,0.4768,0.4768,0.4768,0.4768,0,0.0,0.0
1990-10-08 00:00:00-04:00,0.4768,0.4768,0.4768,0.4768,0,0.0,0.0
1990-10-09 00:00:00-04:00,0.4768,0.4768,0.4768,0.4768,0,0.0,0.0
1990-10-10 00:00:00-04:00,0.46885,0.46885,0.46488,0.46488,4800,0.0,0.0
1990-10-11 00:00:00-04:00,0.46885,0.46885,0.46885,0.46885,1600,0.0,0.0
1990-10-12 00:00:00-04:00,0.4609,0.4609,0.45693,0.4609,19200,0.0,0.0
1990-10-15 00:00:00-04:00,0.46488,0.46885,0.46488,0.46885,6400,0.0,0.0
1990-10-16 00:00:00-04:00,0.4609,0.4609,0.4609,0.4609,3200,0.0,0.0
1990-10-17 00:00:00-04:00,0.46488,0.46488,0.46488,0.46488,1600,0.0,0.0
1990-10-18 00:00:00-04:00,0.46488,0.46488,0.46488,0.46488,0,0.0,0.0
1990-10-19 00:00:00-04:00,0.46488,0.46488,0.45693,0.45693,6400,0.0,0.0
1990-10-22 00:00:00-04:00,0.45693,0.4609,0.45296,0.45296,8000,0.0,0.0
1990-10-23 00:00:00-04:00,0.45296,0.45296,0.45296,0.45296,0,0.0,0.0
1990-10-24 00:00:00-04:00,0.44501,0.44501,0.43309,0.43309,32000,0.0,0.0
1990-10-25 00:00:00-04:00,0.43706,0.43706,0.43706,0.43706,4800,0.0,0.0
1990-10-26 00:00:00-04:00,0.43706,0.43706,0.43706,0.43706,0,0.0,0.0
1990-10-29 00:00:00-05:00,0.43706,0.43706,0.43706,0.43706,0,0.0,0.0
1990-10-30 00:00:00-05:00,0.43706,0.43706,0.43706,0.43706,0,0.0,0.0
1990-10-31 00:00:00-05:00,0.42912,0.42912,0.42912,0.42912,4800,0.0,0.0
1990-11-01 00:00:00-05:00,0.42117,0.42117,0.41322,0.41322,16000,0.0,0.0
1990-11-02 00:00:00-05:00,0.42117,0.42514,0.42117,0.42514,4800,0.0,0.0
1990-11-05 00:00:00-05:00,0.42514,0.43309,0.42514,0.43309,11200,0.0,0.0
1990-11-06 00:00:00-05:00,0.43309,0.44104,0.43309,0.44104,14400,0.0,0.0
1990-11-07 00:00:00-05:00,0.44104,0.44104,0.44104,0.44104,0,0.0,0.0
1990-11-08 00:00:00-05:00,0.44104,0.44104,0.44104,0.44104,0,0.0,0.0
1990-11-09 00:00:00-05:00,0.43309,0.43309,0.43309,0.43309,1600,0.0,0.0
1990-11-12 00:00:00-05:00,0.43309,0.43309,0.43309,0.43309,0,0.0,0.0
1990-11-13 00:00:00-05:00,0.43309,0.43309,0.43309,0.43309,0,0.0,0.0
1990-11-14 00:00:00-05:00,0.43309,0.43309,0.43309,0.43309,19200,0.0,0.0
1990-11-15 00:00:00-05:00,0.43309,0.43706,0.42912,0.42912,11200,0.0,0.0
1990-11-16 00:00:00-05:00,0.42912,0.42912,0.42117,0.42912,9600,0.0,0.0
1990-11-19 00:00:00-05:00,0.42117,0.42117,0.42117,0.42117,3200,0.0,0.0
1990-11-20 00:00:00-05:00,0.42117,0.42117,0.42117,0.42117,0,0.0,0.0
1990-11-21 00:00:00-05:00,0.42514,0.42514,0.42514,0.42514,1600,0.0,0.0
1990-11-23 00:00:00-05:00,0.42912,0.42912,0.42912,0.42912,1600,0.0,0.0
1990-11-26 00:00:00-05:00,0.42995,0.42995,0.42995,0.42995,1600,0.00944,0.0
1990-11-27 00:00:00-05:00,0.42995,0.42995,0.42995,0.42995,0,0.0,0.0
1990-11-28 00:00:00-05:00,0.42593,0.42593,0.42593,0.42593,1600,0.0,0.0
1990-11-29 00:00:00-05:00,0.42995,0.42995,0.42995,0.42995,1600,0.0,0.0
1990-11-30 00:00:00-05:00,0.42995,0.43397,0.42192,0.43397,65600,0.0,0.0
1990-12-03 00:00:00-05:00,0.43397,0.43397,0.43397,0.43397,3200,0.0,0.0
1990-12-04 00:00:00-05:00,0.43799,0.43799,0.43799,0.43799,3200,0.0,0.0
1990-12-05 00:00:00-05:00,0.43799,0.44603,0.42995,0.44603,14400,0.0,0.0
1990-12-06 00:00:00-05:00,0.44201,0.44201,0.44201,0.44201,1600,0.0,0.0
1990-12-07 00:00:00-05:00,0.44201,0.44201,0.44201,0.44201,0,0.0,0.0
1990-12-10 00:00:00-05:00,0.43799,0.43799,0.43397,0.43397,16000,0.0,0.0
1990-12-11 00:00:00-05:00,0.43397,0.43397,0.43397,0.43397,3200,0.0,0.0
1990-12-12 00:00:00-05:00,0.44201,0.44201,0.44201,0.44201,11200,0.0,0.0
1990-12-13 00:00:00-05:00,0.44201,0.45004,0.44201,0.44603,6400,0.0,0.0
1990-12-14 00:00:00-05:00,0.44603,0.44603,0.44603,0.44603,0,0.0,0.0
1990-12-17 00:00:00-05:00,0.44201,0.44201,0.44201,0.44201,14400,0.0,0.0
1990-12-18 00:00:00-05:00,0.44201,0.45808,0.43799,0.45808,44800,0.0,0.0
1990-12-19 00:00:00-05:00,0.45406,0.45406,0.45406,0.45406,4800,0.0,0.0
1990-12-20 00:00:00-05:00,0.45406,0.45808,0.44603,0.45406,57600,0.0,0.0
1990-12-21 00:00:00-05:00,0.45808,0.45808,0.45808,0.45808,6400,0.0,0.0
1990-12-24 00:00:00-05:00,0.4621,0.4621,0.4621,0.4621,4800,0.0,0.0
1990-12-26 00:00:00-05:00,0.45808,0.45808,0.45004,0.45004,8000,0.0,0.0
1990-12-27 00:00:00-05:00,0.45004,0.45004,0.45004,0.45004,0,0.0,0.0
1990-12-28 00:00:00-05:00,0.45004,0.45808,0.44603,0.44603,35200,0.0,0.0
1990-12-31 00:00:00-05:00,0.44603,0.44603,0.44603,0.44603,1600,0.0,0.0
1991-01-02 00:00:00-05:00,0.45004,0.45004,0.45004,0.45004,1600,0.0,0.0
1991-01-03 00:00:00-05:00,0.45004,0.45004,0.45004,0.45004,0,0.0,0.0
1991-01-04 00:00:00-05:00,0.45004,0.45004,0.45004,0.45004,0,0.0,0.0
1991-01-07 00:00:00-05:00,0.45004,0.45004,0.45004,0.45004,3200,0.0,0.0
1991-01-08 00:00:00-05:00,0.45004,0.45004,0.44201,0.44201,19200,0.0,0.0
1991-01-09 00:00:00-05:00,0.44201,0.45004,0.44201,0.44201,11200,0.0,0.0
1991-01-10 00:00:00-05:00,0.44201,0.44201,0.44201,0.44201,1600,0.0,0.0
1991-01-11 00:00:00-05:00,0.44603,0.45004,0.44603,0.44603,4800,0.0,0.0
1991-01-14 00:00:00-05:00,0.43799,0.43799,0.43799,0.43799,3200,0.0,0.0
1991-01-15 00:00:00-05:00,0.43799,0.43799,0.43799,0.43799,0,0.0,0.0
1991-01-16 00:00:00-05:00,0.44603,0.44603,0.44603,0.44603,1600,0.0,0.0
1991-01-17 00:00:00-05:00,0.44603,0.44603,0.44603,0.44603,0,0.0,0.0
1991-01-18 00:00:00-05:00,0.44201,0.44201,0.43799,0.43799,8000,0.0,0.0
1991-01-21 00:00:00-05:00,0.43799,0.43799,0.43799,0.43799,0,0.0,0.0
1991-01-22 00:00:00-05:00,0.43799,0.43799,0.43799,0.43799,0,0.0,0.0
1991-01-23 00:00:00-05:00,0.44603,0.44603,0.44603,0.44603,1600,0.0,0.0
1991-01-24 00:00:00-05:00,0.44603,0.44603,0.44603,0.44603,0,0.0,0.0
1991-01-25 00:00:00-05:00,0.45004,0.45004,0.45004,0.45004,1600,0.0,0.0
1991-01-28 00:00:00-05:00,0.45004,0.45004,0.45004,0.45004,0,0.0,0.0
1991-01-29 00:00:00-05:00,0.45004,0.45004,0.45004,0.45004,0,0.0,0.0
1991-01-30 00:00:00-05:00,0.45808,0.45808,0.45808,0.45808,3200,0.0,0.0
1991-01-31 00:00:00-05:00,0.46612,0.49424,0.46612,0.49424,25600,0.0,0.0
1991-02-01 00:00:00-05:00,0.50228,0.51835,0.50228,0.51835,19200,0.0,0.0
1991-02-04 00:00:00-05:00,0.51835,0.52639,0.51434,0.52639,8000,0.0,0.0
1991-02-05 00:00:00-05:00,0.52639,0.52639,0.51434,0.52639,64000,0.0,0.0
1991-02-06 00:00:00-05:00,0.52639,0.52639,0.52639,0.52639,3200,0.0,0.0
1991-02-07 00:00:00-05:00,0.52639,0.52639,0.52639,0.52639,1600,0.0,0.0
1991-02-08 00:00:00-05:00,0.52237,0.52237,0.51434,0.52237,60800,0.0,0.0
1991-02-11 00:00:00-05:00,0.52237,0.52237,0.52237,0.52237,0,0.0,0.0
1991-02-12 00:00:00-05:00,0.52639,0.53041,0.52639,0.52639,4800,0.0,0.0
1991-02-13 00:00:00-05:00,0.53041,0.55452,0.53041,0.55452,19200,0.0,0.0
1991-02-14 00:00:00-05:00,0.55452,0.55452,0.53844,0.53844,46400,0.0,0.0
1991-02-15 00:00:00-05:00,0.53844,0.54648,0.53844,0.54648,52800,0.0,0.0
1991-02-19 00:00:00-05:00,0.5505,0.5505,0.5505,0.5505,1600,0.0,0.0
1991-02-20 00:00:00-05:00,0.5505,0.56255,0.5505,0.55854,25600,0.0,0.0
1991-02-21 00:00:00-05:00,0.56255,0.57059,0.56255,0.57059,22400,0.0,0.0
1991-02-22 00:00:00-05:00,0.56657,0.56657,0.56657,0.56657,11200,0.0,0.0
1991-02-25 00:00:00-05:00,0.56336,0.56336,0.54715,0.5512,43200,0.00944,0.0
1991-02-26 00:00:00-05:00,0.5512,0.5512,0.5431,0.5512,134400,0.0,0.0
1991-02-27 00:00:00-05:00,0.55931,0.58363,0.55931,0.57552,25600,0.0,0.0
1991-02-28 00:00:00-05:00,0.57147,0.57147,0.55931,0.57147,56000,0.0,0.0
1991-03-01 00:00:00-05:00,0.57552,0.58363,0.57552,0.58363,11200,0.0,0.0
1991-03-04 00:00:00-05:00,0.58363,0.58363,0.58363,0.58363,0,0.0,0.0
1991-03-05 00:00:00-05:00,0.57552,0.57552,0.57552,0.57552,22400,0.0,0.0
1991-03-06 00:00:00-05:00,0.57552,0.57957,0.57147,0.57552,6400,0.0,0.0
1991-03-07 00:00:00-05:00,0.57552,0.57552,0.57552,0.57552,0,0.0,0.0
1991-03-08 00:00:00-05:00,0.57552,0.57957,0.57552,0.57957,41600,0.0,0.0
1991-03-11 00:00:00-05:00,0.57147,0.57147,0.57147,0.57147,3200,0.0,0.0
1991-03-12 00:00:00-05:00,0.57147,0.57552,0.56742,0.56742,30400,0.0,0.0
1991-03-13 00:00:00-05:00,0.56742,0.56742,0.56742,0.56742,0,0.0,0.0
1991-03-14 00:00:00-05:00,0.56742,0.56742,0.56742,0.56742,0,0.0,0.0
1991-03-15 00:00:00-05:00,0.57147,0.57552,0.57147,0.57552,12800,0.0,0.0
1991-03-18 00:00:00-05:00,0.56742,0.56742,0.56742,0.56742,1600,0.0,0.0
1991-03-19 00:00:00-05:00,0.56742,0.56742,0.55931,0.55931,12800,0.0,0.0
1991-03-20 00:00:00-05:00,0.55931,0.55931,0.55931,0.55931,0,0.0,0.0
1991-03-21 00:00:00-05:00,0.55931,0.55931,0.55931,0.55931,28800,0.0,0.0
1991-03-22 00:00:00-05:00,0.57552,0.57552,0.57552,0.57552,43200,0.0,0.0
1991-03-25 00:00:00-05:00,0.56742,0.56742,0.56742,0.56742,1600,0.0,0.0
1991-03-26 00:00:00-05:00,0.56742,0.56742,0.56742,0.56742,0,0.0,0.0
1991-03-27 00:00:00-05:00,0.56742,0.57147,0.56742,0.57147,70400,0.0,0.0
1991-03-28 00:00:00-05:00,0.57552,0.57957,0.57552,0.57957,25600,0.0,0.0
1991-04-01 00:00:00-05:00,0.57957,0.58363,0.57957,0.58363,44800,0.0,0.0
1991-04-02 00:00:00-05:00,0.58363,0.58363,0.58363,0.58363,1600,0.0,0.0
1991-04-03 00:00:00-05:00,0.57552,0.57552,0.57552,0.57552,3200,0.0,0.0
1991-04-04 00:00:00-05:00,0.57552,0.57552,0.56742,0.57552,4800,0.0,0.0
1991-04-05 00:00:00-05:00,0.57552,0.57552,0.56742,0.56742,6400,0.0,0.0
1991-04-08 00:00:00-04:00,0.56742,0.57147,0.56336,0.57147,4800,0.0,0.0
1991-04-09 00:00:00-04:00,0.56336,0.56336,0.56336,0.56336,3200,0.0,0.0
1991-04-10 00:00:00-04:00,0.56742,0.56742,0.56742,0.56742,11200,0.0,0.0
1991-04-11 00:00:00-04:00,0.55931,0.55931,0.55931,0.55931,6400,0.0,0.0
1991-04-12 00:00:00-04:00,0.55931,0.55931,0.55931,0.55931,0,0.0,0.0
1991-04-15 00:00:00-04:00,0.55931,0.56742,0.55931,0.55931,9600,0.0,0.0
1991-04-16 00:00:00-04:00,0.56336,0.56742,0.56336,0.56742,6400,0.0,0.0
1991-04-17 00:00:00-04:00,0.57147,0.57957,0.57147,0.57957,19200,0.0,0.0
1991-04-18 00:00:00-04:00,0.57957,0.57957,0.57957,0.57957,40000,0.0,0.0
1991-04-19 00:00:00-04:00,0.57552,0.57552,0.56742,0.56742,14400,0.0,0.0
1991-04-22 00:00:00-04:00,0.56742,0.56742,0.56336,0.56336,16000,0.0,0.0
1991-04-23 00:00:00-04:00,0.55526,0.55526,0.54715,0.54715,11200,0.0,0.0
1991-04-24 00:00:00-04:00,0.5512,0.55526,0.5512,0.5512,4800,0.0,0.0
1991-04-25 00:00:00-04:00,0.55526,0.55931,0.55526,0.55526,43200,0.0,0.0
1991-04-26 00:00:00-04:00,0.5512,0.5512,0.5431,0.5431,22400,0.0,0.0
1991-04-29 00:00:00-04:00,0.53905,0.53905,0.51473,0.51473,59200,0.0,0.0
1991-04-30 00:00:00-04:00,0.50662,0.50662,0.49852,0.49852,17600,0.0,0.0
1991-05-01 00:00:00-04:00,0.49852,0.51067,0.49446,0.51067,33600,0.0,0.0
1991-05-02 00:00:00-04:00,0.51473,0.51878,0.51473,0.51473,9600,0.0,0.0
1991-05-03 00:00:00-04:00,0.51473,0.51878,0.51473,0.51878,3200,0.0,0.0
1991-05-06 00:00:00-04:00,0.51878,0.51878,0.51473,0.51473,12800,0.0,0.0
1991-05-07 00:00:00-04:00,0.51473,0.51878,0.51473,0.51878,14400,0.0,0.0
1991-05-08 00:00:00-04:00,0.51473,0.51473,0.51067,0.51473,16000,0.0,0.0
1991-05-09 00:00:00-04:00,0.51067,0.51067,0.51067,0.51067,1600,0.0,0.0
1991-05-10 00:00:00-04:00,0.51473,0.51473,0.51473,0.51473,9600,0.0,0.0
1991-05-13 00:00:00-04:00,0.51067,0.51067,0.51067,0.51067,19200,0.0,0.0
1991-05-14 00:00:00-04:00,0.51067,0.51473,0.50662,0.51473,49600,0.0,0.0
1991-05-15 00:00:00-04:00,0.50662,0.50662,0.50662,0.50662,16000,0.0,0.0
1991-05-16 00:00:00-04:00,0.50662,0.50662,0.50662,0.50662,0,0.0,0.0
1991-05-17 00:00:00-04:00,0.50662,0.50662,0.50662,0.50662,1600,0.0,0.0
1991-05-20 00:00:00-04:00,0.51067,0.51067,0.51067,0.51067,4800,0.0,0.0
1991-05-21 00:00:00-04:00,0.50257,0.50257,0.50257,0.50257,30400,0.0,0.0
1991-05-22 00:00:00-04:00,0.51067,0.51067,0.51067,0.51067,22400,0.0,0.0
1991-05-23 00:00:00-04:00,0.51067,0.51067,0.51067,0.51067,0,0.0,0.0
1991-05-24 00:00:00-04:00,0.51153,0.51153,0.50334,0.50334,35200,0.00944,0.0
1991-05-28 00:00:00-04:00,0.50743,0.51153,0.50743,0.51153,14400,0.0,0.0
1991-05-29 00:00:00-04:00,0.51153,0.51153,0.51153,0.51153,0,0.0,0.0
1991-05-30 00:00:00-04:00,0.51153,0.51562,0.51153,0.51562,166400,0.0,0.0
1991-05-31 00:00:00-04:00,0.51153,0.51153,0.51153,0.51153,100800,0.0,0.0
1991-06-03 00:00:00-04:00,0.51971,0.53199,0.51971,0.53199,14400,0.0,0.0
1991-06-04 00:00:00-04:00,0.54017,0.56472,0.54017,0.56472,28800,0.0,0.0
1991-06-05 00:00:00-04:00,0.56472,0.57291,0.56063,0.57291,19200,0.0,0.0
1991-06-06 00:00:00-04:00,0.57291,0.57291,0.57291,0.57291,0,0.0,0.0
1991-06-07 00:00:00-04:00,0.56472,0.56472,0.56063,0.56063,9600,0.0,0.0
1991-06-10 00:00:00-04:00,0.55654,0.55654,0.55654,0.55654,3200,0.0,0.0
1991-06-11 00:00:00-04:00,0.55654,0.55654,0.55654,0.55654,0,0.0,0.0
1991-06-12 00:00:00-04:00,0.55245,0.55245,0.54836,0.54836,6400,0.0,0.0
1991-06-13 00:00:00-04:00,0.55654,0.55654,0.55654,0.55654,8000,0.0,0.0
1991-06-14 00:00:00-04:00,0.55245,0.55245,0.55245,0.55245,8000,0.0,0.0
1991-06-17 00:00:00-04:00,0.55245,0.55245,0.55245,0.55245,0,0.0,0.0
1991-06-18 00:00:00-04:00,0.55245,0.55245,0.55245,0.55245,0,0.0,0.0
1991-06-19 00:00:00-04:00,0.55245,0.56063,0.55245,0.56063,9600,0.0,0.0
1991-06-20 00:00:00-04:00,0.56063,0.56063,0.55245,0.56063,6400,0.0,0.0
1991-06-21 00:00:00-04:00,0.55654,0.55654,0.55654,0.55654,8000,0.0,0.0
1991-06-24 00:00:00-04:00,0.55654,0.55654,0.55654,0.55654,0,0.0,0.0
1991-06-25 00:00:00-04:00,0.55654,0.56472,0.55654,0.56472,11200,0.0,0.0
1991-06-26 00:00:00-04:00,0.56472,0.56472,0.56472,0.56472,0,0.0,0.0
1991-06-27 00:00:00-04:00,0.56063,0.56063,0.56063,0.56063,6400,0.0,0.0
1991-06-28 00:00:00-04:00,0.55654,0.55654,0.55654,0.55654,4800,0.0,0.0
1991-07-01 00:00:00-04:00,0.55654,0.55654,0.55654,0.55654,0,0.0,0.0
1991-07-02 00:00:00-04:00,0.55654,0.55654,0.55654,0.55654,1600,0.0,0.0
1991-07-03 00:00:00-04:00,0.55654,0.55654,0.55654,0.55654,1600,0.0,0.0
1991-07-05 00:00:00-04:00,0.55654,0.55654,0.55654,0.55654,0,0.0,0.0
1991-07-08 00:00:00-04:00,0.55654,0.55654,0.55654,0.55654,0,0.0,0.0
1991-07-09 00:00:00-04:00,0.55654,0.55654,0.54836,0.54836,17600,0.0,0.0
1991-07-10 00:00:00-04:00,0.54836,0.54836,0.54836,0.54836,0,0.0,0.0
1991-07-11 00:00:00-04:00,0.54426,0.54426,0.53199,0.53199,38400,0.0,0.0
1991-07-12 00:00:00-04:00,0.5238,0.5238,0.5238,0.5238,1600,0.0,0.0
1991-07-15 00:00:00-04:00,0.5238,0.5238,0.51971,0.51971,25600,0.0,0.0
1991-07-16 00:00:00-04:00,0.51562,0.51562,0.50743,0.50743,17600,0.0,0.0
1991-07-17 00:00:00-04:00,0.51153,0.51562,0.51153,0.51562,56000,0.0,0.0
1991-07-18 00:00:00-04:00,0.51562,0.51562,0.51562,0.51562,11200,0.0,0.0
1991-07-19 00:00:00-04:00,0.5238,0.5238,0.5238,0.5238,3200,0.0,0.0
1991-07-22 00:00:00-04:00,0.52789,0.54017,0.52789,0.54017,16000,0.0,0.0
1991-07-23 00:00:00-04:00,0.54017,0.54017,0.54017,0.54017,0,0.0,0.0
1991-07-24 00:00:00-04:00,0.53199,0.53199,0.53199,0.53199,6400,0.0,0.0
1991-07-25 00:00:00-04:00,0.53199,0.53199,0.53199,0.53199,4800,0.0,0.0
1991-07-26 00:00:00-04:00,0.5238,0.5238,0.5238,0.5238,9600,0.0,0.0
1991-07-29 00:00:00-04:00,0.5238,0.5238,0.5238,0.5238,0,0.0,0.0
1991-07-30 00:00:00-04:00,0.5238,0.5238,0.5238,0.5238,3200,0.0,0.0
1991-07-31 00:00:00-04:00,0.5238,0.5238,0.5238,0.5238,8000,0.0,0.0
1991-08-01 00:00:00-04:00,0.53199,0.53608,0.53199,0.53608,16000,0.0,0.0
1991-08-02 00:00:00-04:00,0.53608,0.53608,0.53608,0.53608,48000,0.0,0.0
1991-08-05 00:00:00-04:00,0.53608,0.54017,0.52789,0.54017,11200,0.0,0.0
1991-08-06 00:00:00-04:00,0.54426,0.54426,0.54017,0.54017,36800,0.0,0.0
1991-08-07 00:00:00-04:00,0.54017,0.54017,0.54017,0.54017,0,0.0,0.0
1991-08-08 00:00:00-04:00,0.54426,0.54426,0.54426,0.54426,1600,0.0,0.0
1991-08-09 00:00:00-04:00,0.54426,0.54426,0.54426,0.54426,0,0.0,0.0
1991-08-12 00:00:00-04:00,0.54426,0.54426,0.54426,0.54426,0,0.0,0.0
1991-08-13 00:00:00-04:00,0.54426,0.54426,0.54426,0.54426,0,0.0,0.0
1991-08-14 00:00:00-04:00,0.54426,0.54426,0.54426,0.54426,0,0.0,0.0
1991-08-15 00:00:00-04:00,0.55245,0.55245,0.55245,0.55245,16000,0.0,0.0
1991-08-16 00:00:00-04:00,0.55245,0.55245,0.55245,0.55245,0,0.0,0.0
1991-08-19 00:00:00-04:00,0.55245,0.55245,0.54426,0.55245,9600,0.0,0.0
1991-08-20 00:00:00-04:00,0.55245,0.55245,0.55245,0.55245,3200,0.0,0.0
1991-08-21 00:00:00-04:00,0.54426,0.54426,0.54017,0.54017,72000,0.0,0.0
1991-08-22 00:00:00-04:00,0.53608,0.53608,0.53608,0.53608,1600,0.0,0.0
1991-08-23 00:00:00-04:00,0.53608,0.53608,0.53608,0.53608,0,0.0,0.0
1991-08-26 00:00:00-04:00,0.54017,0.54017,0.54017,0.54017,3200,0.0,0.0
1991-08-27 00:00:00-04:00,0.54516,0.54516,0.54516,0.54516,0,0.00944,0.0
1991-08-28 00:00:00-04:00,0.52864,0.52864,0.52864,0.52864,6400,0.0,0.0
1991-08-29 00:00:00-04:00,0.52864,0.52864,0.52864,0.52864,0,0.0,0.0
1991-08-30 00:00:00-04:00,0.52864,0.52864,0.52864,0.52864,0,0.0,0.0
1991-09-03 00:00:00-04:00,0.52038,0.52038,0.51625,0.51625,40000,0.0,0.0
1991-09-04 00:00:00-04:00,0.51212,0.51212,0.50386,0.50386,200000,0.0,0.0
1991-09-05 00:00:00-04:00,0.50799,0.51212,0.50799,0.50799,9600,0.0,0.0
1991-09-06 00:00:00-04:00,0.50799,0.50799,0.50799,0.50799,0,0.0,0.0
1991-09-09 00:00:00-04:00,0.51212,0.51212,0.51212,0.51212,8000,0.0,0.0
1991-09-10 00:00:00-04:00,0.50799,0.50799,0.50799,0.50799,3200,0.0,0.0
1991-09-11 00:00:00-04:00,0.50799,0.51212,0.50799,0.51212,120000,0.0,0.0
1991-09-12 00:00:00-04:00,0.50386,0.50386,0.49973,0.49973,4800,0.0,0.0
1991-09-13 00:00:00-04:00,0.49973,0.49973,0.49973,0.49973,20800,0.0,0.0
1991-09-16 00:00:00-04:00,0.49973,0.49973,0.49973,0.49973,3200,0.0,0.0
1991-09-17 00:00:00-04:00,0.4956,0.50386,0.4956,0.50386,16000,0.0,0.0
1991-09-18 00:00:00-04:00,0.4956,0.4956,0.4956,0.4956,3200,0.0,0.0
1991-09-19 00:00:00-04:00,0.4956,0.50386,0.4956,0.50386,3200,0.0,0.0
1991-09-20 00:00:00-04:00,0.4956,0.4956,0.4956,0.4956,6400,0.0,0.0
1991-09-23 00:00:00-04:00,0.4956,0.4956,0.48734,0.48734,11200,0.0,0.0
1991-09-24 00:00:00-04:00,0.49147,0.49147,0.49147,0.49147,6400,0.0,0.0
1991-09-25 00:00:00-04:00,0.48734,0.48734,0.48734,0.48734,3200,0.0,0.0
1991-09-26 00:00:00-04:00,0.48734,0.48734,0.48734,0.48734,0,0.0,0.0
1991-09-27 00:00:00-04:00,0.47908,0.48734,0.47495,0.48734,81600,0.0,0.0
1991-09-30 00:00:00-04:00,0.4956,0.49973,0.49147,0.49973,8000,0.0,0.0
1991-10-01 00:00:00-04:00,0.49973,0.49973,0.49973,0.49973,4800,0.0,0.0
1991-10-02 00:00:00-04:00,0.50799,0.51212,0.50799,0.51212,17600,0.0,0.0
1991-10-03 00:00:00-04:00,0.51212,0.51212,0.51212,0.51212,1600,0.0,0.0
1991-10-04 00:00:00-04:00,0.50386,0.50799,0.49973,0.50799,16000,0.0,0.0
1991-10-07 00:00:00-04:00,0.50799,0.50799,0.50799,0.50799,0,0.0,0.0
1991-10-08 00:00:00-04:00,0.49973,0.49973,0.49973,0.49973,8000,0.0,0.0
1991-10-09 00:00:00-04:00,0.49973,0.49973,0.49973,0.49973,12800,0.0,0.0
1991-10-10 00:00:00-04:00,0.49973,0.49973,0.49973,0.49973,0,0.0,0.0
1991-10-11 00:00:00-04:00,0.49973,0.49973,0.49973,0.49973,0,0.0,0.0
1991-10-14 00:00:00-04:00,0.49973,0.49973,0.49973,0.49973,1600,0.0,0.0
1991-10-15 00:00:00-04:00,0.49973,0.49973,0.49973,0.49973,0,0.0,0.0
1991-10-16 00:00:00-04:00,0.50799,0.50799,0.50799,0.50799,3200,0.0,0.0
1991-10-17 00:00:00-04:00,0.50386,0.50799,0.50386,0.50799,3200,0.0,0.0
1991-10-18 00:00:00-04:00,0.50799,0.50799,0.49973,0.50799,11200,0.0,0.0
1991-10-21 00:00:00-04:00,0.50386,0.50386,0.4956,0.4956,17600,0.0,0.0
1991-10-22 00:00:00-04:00,0.48734,0.48734,0.48734,0.48734,4800,0.0,0.0
1991-10-23 00:00:00-04:00,0.48734,0.48734,0.47082,0.47082,19200,0.0,0.0
1991-10-24 00:00:00-04:00,0.47082,0.47495,0.46669,0.47495,35200,0.0,0.0
1991-10-25 00:00:00-04:00,0.48321,0.48321,0.48321,0.48321,1600,0.0,0.0
1991-10-28 00:00:00-05:00,0.48321,0.48321,0.48321,0.48321,0,0.0,0.0
1991-10-29 00:00:00-05:00,0.48321,0.48321,0.48321,0.48321,3200,0.0,0.0
1991-10-30 00:00:00-05:00,0.48321,0.48321,0.48321,0.48321,0,0.0,0.0
1991-10-31 00:00:00-05:00,0.48321,0.48734,0.48321,0.48734,17600,0.0,0.0
1991-11-01 00:00:00-05:00,0.48734,0.48734,0.48734,0.48734,14400,0.0,0.0
1991-11-04 00:00:00-05:00,0.48734,0.48734,0.48734,0.48734,0,0.0,0.0
1991-11-05 00:00:00-05:00,0.48321,0.48321,0.48321,0.48321,3200,0.0,0.0
1991-11-06 00:00:00-05:00,0.48321,0.48321,0.48321,0.48321,0,0.0,0.0
1991-11-07 00:00:00-05:00,0.4956,0.4956,0.4956,0.4956,8000,0.0,0.0
1991-11-08 00:00:00-05:00,0.49973,0.49973,0.49973,0.49973,17600,0.0,0.0
1991-11-11 00:00:00-05:00,0.4956,0.49973,0.4956,0.4956,16000,0.0,0.0
1991-11-12 00:00:00-05:00,0.4956,0.49973,0.49147,0.49147,41600,0.0,0.0
1991-11-13 00:00:00-05:00,0.49147,0.4956,0.49147,0.4956,3200,0.0,0.0
1991-11-14 00:00:00-05:00,0.4956,0.4956,0.48734,0.48734,12800,0.0,0.0
1991-11-15 00:00:00-05:00,0.48321,0.48321,0.48321,0.48321,3200,0.0,0.0
1991-11-18 00:00:00-05:00,0.47908,0.47908,0.47908,0.47908,11200,0.0,0.0
1991-11-19 00:00:00-05:00,0.48734,0.48734,0.47495,0.47495,12800,0.0,0.0
1991-11-20 00:00:00-05:00,0.47495,0.47495,0.47495,0.47495,0,0.0,0.0
1991-11-21 00:00:00-05:00,0.47908,0.47908,0.47908,0.47908,1600,0.0,0.0
1991-11-22 00:00:00-05:00,0.48412,0.48412,0.48412,0.48412,0,0.00944,0.0
1991-11-25 00:00:00-05:00,0.4716,0.4716,0.4716,0.4716,4800,0.0,0.0
1991-11-26 00:00:00-05:00,0.4716,0.47995,0.4716,0.47995,4800,0.0,0.0
1991-11-27 00:00:00-05:00,0.47995,0.47995,0.47995,0.47995,6400,0.0,0.0
1991-11-29 00:00:00-05:00,0.47995,0.47995,0.47995,0.47995,0,0.0,0.0
1991-12-02 00:00:00-05:00,0.47995,0.47995,0.4716,0.4716,36800,0.0,0.0
1991-12-03 00:00:00-05:00,0.47995,0.47995,0.4716,0.4716,12800,0.0,0.0
1991-12-04 00:00:00-05:00,0.4716,0.47995,0.4716,0.4716,16000,0.0,0.0
1991-12-05 00:00:00-05:00,0.4716,0.4716,0.4716,0.4716,1600,0.0,0.0
1991-12-06 00:00:00-05:00,0.47995,0.47995,0.47995,0.47995,8000,0.0,0.0
1991-12-09 00:00:00-05:00,0.4716,0.4716,0.46743,0.46743,8000,0.0,0.0
1991-12-10 00:00:00-05:00,0.46743,0.46743,0.46743,0.46743,0,0.0,0.0
1991-12-11 00:00:00-05:00,0.47578,0.47578,0.4716,0.4716,3200,0.0,0.0
1991-12-12 00:00:00-05:00,0.47578,0.47578,0.47578,0.47578,12800,0.0,0.0
1991-12-13 00:00:00-05:00,0.47578,0.47578,0.47578,0.47578,0,0.0,0.0
1991-12-16 00:00:00-05:00,0.4716,0.4716,0.46743,0.46743,33600,0.0,0.0
1991-12-17 00:00:00-05:00,0.46743,0.46743,0.46743,0.46743,0,0.0,0.0
1991-12-18 00:00:00-05:00,0.46743,0.46743,0.46743,0.46743,9600,0.0,0.0
1991-12-19 00:00:00-05:00,0.46743,0.46743,0.46326,0.46326,12800,0.0,0.0
1991-12-20 00:00:00-05:00,0.45908,0.46743,0.45908,0.45908,17600,0.0,0.0
1991-12-23 00:00:00-05:00,0.46743,0.47578,0.46743,0.47578,24000,0.0,0.0
1991-12-24 00:00:00-05:00,0.47578,0.47578,0.47578,0.47578,0,0.0,0.0
1991-12-26 00:00:00-05:00,0.47995,0.48412,0.47995,0.48412,20800,0.0,0.0
1991-12-27 00:00:00-05:00,0.48412,0.48412,0.48412,0.48412,16000,0.0,0.0
1991-12-30 00:00:00-05:00,0.49247,0.50082,0.49247,0.50082,32000,0.0,0.0
1991-12-31 00:00:00-05:00,0.50916,0.51334,0.50916,0.51334,11200,0.0,0.0
1992-01-02 00:00:00-05:00,0.50916,0.51334,0.50499,0.51334,384000,0.0,0.0
1992-01-03 00:00:00-05:00,0.51751,0.52168,0.51751,0.51751,9600,0.0,0.0
1992-01-06 00:00:00-05:00,0.51751,0.51751,0.51751,0.51751,0,0.0,0.0
1992-01-07 00:00:00-05:00,0.52586,0.53003,0.52586,0.53003,11200,0.0,0.0
1992-01-08 00:00:00-05:00,0.53003,0.53003,0.53003,0.53003,0,0.0,0.0
1992-01-09 00:00:00-05:00,0.53003,0.53003,0.53003,0.53003,0,0.0,0.0
1992-01-10 00:00:00-05:00,0.53838,0.53838,0.5342,0.5342,8000,0.0,0.0
1992-01-13 00:00:00-05:00,0.5342,0.5342,0.5342,0.5342,24000,0.0,0.0
1992-01-14 00:00:00-05:00,0.5342,0.53838,0.53003,0.53838,20800,0.0,0.0
1992-01-15 00:00:00-05:00,0.53838,0.53838,0.53838,0.53838,0,0.0,0.0
1992-01-16 00:00:00-05:00,0.54672,0.55507,0.54672,0.55507,20800,0.0,0.0
1992-01-17 00:00:00-05:00,0.54255,0.54255,0.54255,0.54255,16000,0.0,0.0
1992-01-20 00:00:00-05:00,0.54255,0.54255,0.53003,0.53003,112000,0.0,0.0
1992-01-21 00:00:00-05:00,0.53003,0.53003,0.53003,0.53003,0,0.0,0.0
1992-01-22 00:00:00-05:00,0.5342,0.5342,0.52168,0.52168,43200,0.0,0.0
1992-01-23 00:00:00-05:00,0.52168,0.52168,0.52168,0.52168,0,0.0,0.0
1992-01-24 00:00:00-05:00,0.52168,0.52168,0.52168,0.52168,0,0.0,0.0
1992-01-27 00:00:00-05:00,0.52586,0.52586,0.52586,0.52586,9600,0.0,0.0
1992-01-28 00:00:00-05:00,0.52586,0.5342,0.52168,0.53003,174400,0.0,0.0
1992-01-29 00:00:00-05:00,0.53838,0.53838,0.53838,0.53838,16000,0.0,0.0
1992-01-30 00:00:00-05:00,0.54255,0.54672,0.54255,0.54672,22400,0.0,0.0
1992-01-31 00:00:00-05:00,0.54255,0.54255,0.5342,0.5342,32000,0.0,0.0
1992-02-03 00:00:00-05:00,0.54255,0.54672,0.54255,0.54672,51200,0.0,0.0
1992-02-04 00:00:00-05:00,0.5509,0.55924,0.5509,0.55924,32000,0.0,0.0
1992-02-05 00:00:00-05:00,0.55507,0.55507,0.55507,0.55507,1600,0.0,0.0
1992-02-06 00:00:00-05:00,0.55507,0.55507,0.55507,0.55507,0,0.0,0.0
1992-02-07 00:00:00-05:00,0.55507,0.55507,0.55507,0.55507,0,0.0,0.0
1992-02-10 00:00:00-05:00,0.55507,0.55507,0.55507,0.55507,28800,0.0,0.0
1992-02-11 00:00:00-05:00,0.55507,0.55507,0.5509,0.5509,17600,0.0,0.0
1992-02-12 00:00:00-05:00,0.55507,0.56342,0.5509,0.56342,33600,0.0,0.0
1992-02-13 00:00:00-05:00,0.56342,0.56342,0.56342,0.56342,0,0.0,0.0
1992-02-14 00:00:00-05:00,0.55924,0.56342,0.55924,0.56342,9600,0.0,0.0
1992-02-18 00:00:00-05:00,0.55924,0.55924,0.55924,0.55924,68800,0.0,0.0
1992-02-19 00:00:00-05:00,0.55924,0.56342,0.55924,0.56342,6400,0.0,0.0
1992-02-20 00:00:00-05:00,0.56759,0.56759,0.55507,0.56759,51200,0.0,0.0
1992-02-21 00:00:00-05:00,0.57177,0.57177,0.55507,0.56342,62400,0.0,0.0
1992-02-24 00:00:00-05:00,0.56429,0.56429,0.56429,0.56429,6400,0.00944,0.0
1992-02-25 00:00:00-05:00,0.56429,0.56429,0.56429,0.56429,0,0.0,0.0
1992-02-26 00:00:00-05:00,0.56429,0.56429,0.56429,0.56429,1600,0.0,0.0
1992-02-27 00:00:00-05:00,0.55587,0.55587,0.55587,0.55587,11200,0.0,0.0
1992-02-28 00:00:00-05:00,0.56008,0.56008,0.55587,0.55587,20800,0.0,0.0
1992-03-02 00:00:00-05:00,0.56429,0.56429,0.55587,0.55587,25600,0.0,0.0
1992-03-03 00:00:00-05:00,0.55587,0.56429,0.55587,0.56429,24000,0.0,0.0
1992-03-04 00:00:00-05:00,0.56008,0.56008,0.55587,0.55587,6400,0.0,0.0
1992-03-05 00:00:00-05:00,0.55587,0.56008,0.55587,0.55587,33600,0.0,0.0
1992-03-06 00:00:00-05:00,0.55587,0.55587,0.55166,0.55587,3200,0.0,0.0
1992-03-09 00:00:00-05:00,0.56429,0.56429,0.56429,0.56429,8000,0.0,0.0
1992-03-10 00:00:00-05:00,0.55587,0.55587,0.55587,0.55587,17600,0.0,0.0
1992-03-11 00:00:00-05:00,0.55587,0.55587,0.55587,0.55587,11200,0.0,0.0
1992-03-12 00:00:00-05:00,0.55587,0.55587,0.55587,0.55587,0,0.0,0.0
1992-03-13 00:00:00-05:00,0.55166,0.55166,0.55166,0.55166,32000,0.0,0.0
1992-03-16 00:00:00-05:00,0.55587,0.55587,0.55587,0.55587,1600,0.0,0.0
1992-03-17 00:00:00-05:00,0.55587,0.55587,0.55587,0.55587,1600,0.0,0.0
1992-03-18 00:00:00-05:00,0.55587,0.55587,0.55166,0.55166,24000,0.0,0.0
1992-03-19 00:00:00-05:00,0.55587,0.57272,0.55587,0.57272,76800,0.0,0.0
1992-03-20 00:00:00-05:00,0.57272,0.57272,0.56851,0.56851,24000,0.0,0.0
1992-03-23 00:00:00-05:00,0.57272,0.58956,0.57272,0.58956,38400,0.0,0.0
1992-03-24 00:00:00-05:00,0.59798,0.59798,0.59377,0.59798,11200,0.0,0.0
1992-03-25 00:00:00-05:00,0.58956,0.58956,0.57272,0.58535,113600,0.0,0.0
1992-03-26 00:00:00-05:00,0.58535,0.58535,0.58535,0.58535,0,0.0,0.0
1992-03-27 00:00:00-05:00,0.58535,0.58535,0.58535,0.58535,0,0.0,0.0
1992-03-30 00:00:00-05:00,0.58114,0.58535,0.58114,0.58535,11200,0.0,0.0
1992-03-31 00:00:00-05:00,0.58114,0.58114,0.57272,0.57272,30400,0.0,0.0
1992-04-01 00:00:00-05:00,0.57272,0.57272,0.56851,0.56851,30400,0.0,0.0
1992-04-02 00:00:00-05:00,0.56851,0.56851,0.56851,0.56851,0,0.0,0.0
1992-04-03 00:00:00-05:00,0.57272,0.57272,0.57272,0.57272,3200,0.0,0.0
1992-04-06 00:00:00-04:00,0.57272,0.57272,0.57272,0.57272,0,0.0,0.0
1992-04-07 00:00:00-04:00,0.56429,0.56429,0.54324,0.54324,73600,0.0,0.0
1992-04-08 00:00:00-04:00,0.54745,0.55166,0.53903,0.53903,116800,0.0,0.0
1992-04-09 00:00:00-04:00,0.54324,0.54324,0.53903,0.53903,20800,0.0,0.0
1992-04-10 00:00:00-04:00,0.53482,0.53482,0.53482,0.53482,8000,0.0,0.0
1992-04-13 00:00:00-04:00,0.53482,0.53482,0.53482,0.53482,8000,0.0,0.0
1992-04-14 00:00:00-04:00,0.53482,0.53482,0.53482,0.53482,3200,0.0,0.0
1992-04-15 00:00:00-04:00,0.53482,0.54324,0.53482,0.54324,24000,0.0,0.0
1992-04-16 00:00:00-04:00,0.53482,0.54324,0.53482,0.53482,123200,0.0,0.0
1992-04-20 00:00:00-04:00,0.53061,0.53061,0.53061,0.53061,3200,0.0,0.0
1992-04-21 00:00:00-04:00,0.53482,0.53903,0.53482,0.53482,75200,0.0,0.0
1992-04-22 00:00:00-04:00,0.53903,0.53903,0.53903,0.53903,1600,0.0,0.0
1992-04-23 00:00:00-04:00,0.53061,0.53903,0.53061,0.53903,62400,0.0,0.0
1992-04-24 00:00:00-04:00,0.53903,0.54324,0.53903,0.54324,22400,0.0,0.0
1992-04-27 00:00:00-04:00,0.53482,0.53903,0.53482,0.53903,16000,0.0,0.0
1992-04-28 00:00:00-04:00,0.53903,0.53903,0.53903,0.53903,8000,0.0,0.0
1992-04-29 00:00:00-04:00,0.53903,0.53903,0.53903,0.53903,0,0.0,0.0
1992-04-30 00:00:00-04:00,0.53482,0.53482,0.53482,0.53482,1600,0.0,0.0
1992-05-01 00:00:00-04:00,0.53482,0.53482,0.53482,0.53482,0,0.0,0.0
1992-05-04 00:00:00-04:00,0.54324,0.54324,0.54324,0.54324,6400,0.0,0.0
1992-05-05 00:00:00-04:00,0.54324,0.54324,0.54324,0.54324,14400,0.0,0.0
1992-05-06 00:00:00-04:00,0.54324,0.55166,0.54324,0.55166,89600,0.0,0.0
1992-05-07 00:00:00-04:00,0.55587,0.56429,0.55587,0.55587,33600,0.0,0.0
1992-05-08 00:00:00-04:00,0.55587,0.56429,0.55587,0.56429,24000,0.0,0.0
1992-05-11 00:00:00-04:00,0.56429,0.56429,0.56429,0.56429,0,0.0,0.0
1992-05-12 00:00:00-04:00,0.55587,0.55587,0.55587,0.55587,4800,0.0,0.0
1992-05-13 00:00:00-04:00,0.55587,0.55587,0.55587,0.55587,12800,0.0,0.0
1992-05-14 00:00:00-04:00,0.56429,0.56429,0.56429,0.56429,3200,0.0,0.0
1992-05-15 00:00:00-04:00,0.56851,0.56851,0.56851,0.56851,8000,0.0,0.0
1992-05-18 00:00:00-04:00,0.56851,0.56851,0.56851,0.56851,0,0.0,0.0
1992-05-19 00:00:00-04:00,0.57693,0.58956,0.57693,0.58535,27200,0.0,0.0
1992-05-20 00:00:00-04:00,0.57693,0.57693,0.57693,0.57693,3200,0.0,0.0
1992-05-21 00:00:00-04:00,0.57272,0.57693,0.57272,0.57693,3200,0.0,0.0
1992-05-22 00:00:00-04:00,0.57272,0.58114,0.57272,0.58114,8000,0.0,0.0
1992-05-26 00:00:00-04:00,0.57781,0.57781,0.57356,0.57356,107200,0.0095,0.0
1992-05-27 00:00:00-04:00,0.57356,0.57356,0.56931,0.57356,36800,0.0,0.0
1992-05-28 00:00:00-04:00,0.56931,0.58206,0.56931,0.58206,41600,0.0,0.0
1992-05-29 00:00:00-04:00,0.57781,0.57781,0.57781,0.57781,1600,0.0,0.0
1992-06-01 00:00:00-04:00,0.58206,0.58206,0.58206,0.58206,9600,0.0,0.0
1992-06-02 00:00:00-04:00,0.57781,0.58631,0.57781,0.58631,14400,0.0,0.0
1992-06-03 00:00:00-04:00,0.58631,0.58631,0.58631,0.58631,4800,0.0,0.0
1992-06-04 00:00:00-04:00,0.57781,0.57781,0.57781,0.57781,3200,0.0,0.0
1992-06-05 00:00:00-04:00,0.57781,0.57781,0.57781,0.57781,1600,0.0,0.0
1992-06-08 00:00:00-04:00,0.57781,0.58206,0.57781,0.58206,8000,0.0,0.0
1992-06-09 00:00:00-04:00,0.5863,0.5863,0.58206,0.58206,6400,0.0,0.0
1992-06-10 00:00:00-04:00,0.58206,0.58206,0.58206,0.58206,0,0.0,0.0
1992-06-11 00:00:00-04:00,0.57781,0.58206,0.57781,0.58206,12800,0.0,0.0
1992-06-12 00:00:00-04:00,0.5863,0.5948,0.5863,0.5948,33600,0.0,0.0
1992-06-15 00:00:00-04:00,0.6033,0.6033,0.5948,0.5948,24000,0.0,0.0
1992-06-16 00:00:00-04:00,0.5948,0.5948,0.5948,0.5948,16000,0.0,0.0
1992-06-17 00:00:00-04:00,0.5863,0.5863,0.58206,0.58206,32000,0.0,0.0
1992-06-18 00:00:00-04:00,0.58206,0.58206,0.58206,0.58206,0,0.0,0.0
1992-06-19 00:00:00-04:00,0.58206,0.58206,0.58206,0.58206,0,0.0,0.0
1992-06-22 00:00:00-04:00,0.58631,0.58631,0.58631,0.58631,1600,0.0,0.0
1992-06-23 00:00:00-04:00,0.58631,0.58631,0.57781,0.57781,3200,0.0,0.0
1992-06-24 00:00:00-04:00,0.57781,0.57781,0.57781,0.57781,0,0.0,0.0
1992-06-25 00:00:00-04:00,0.56931,0.57781,0.56931,0.57781,8000,0.0,0.0
1992-06-26 00:00:00-04:00,0.58206,0.58206,0.58206,0.58206,1600,0.0,0.0
1992-06-29 00:00:00-04:00,0.57356,0.57356,0.52682,0.53107,129600,0.0,0.0
1992-06-30 00:00:00-04:00,0.52258,0.52682,0.50133,0.50133,100800,0.0,0.0
1992-07-01 00:00:00-04:00,0.50558,0.52258,0.50558,0.52258,56000,0.0,0.0
1992-07-02 00:00:00-04:00,0.52258,0.52258,0.52258,0.52258,0,0.0,0.0
1992-07-06 00:00:00-04:00,0.52682,0.53107,0.52258,0.53107,11200,0.0,0.0
1992-07-07 00:00:00-04:00,0.53957,0.53957,0.52258,0.52258,32000,0.0,0.0
1992-07-08 00:00:00-04:00,0.52258,0.52258,0.51833,0.52258,16000,0.0,0.0
1992-07-09 00:00:00-04:00,0.52682,0.52682,0.52682,0.52682,4800,0.0,0.0
1992-07-10 00:00:00-04:00,0.52682,0.52682,0.52682,0.52682,1600,0.0,0.0
1992-07-13 00:00:00-04:00,0.53107,0.53107,0.53107,0.53107,1600,0.0,0.0
1992-07-14 00:00:00-04:00,0.53957,0.54382,0.53532,0.53532,22400,0.0,0.0
1992-07-15 00:00:00-04:00,0.53107,0.53957,0.52682,0.53957,12800,0.0,0.0
1992-07-16 00:00:00-04:00,0.53957,0.53957,0.53957,0.53957,1600,0.0,0.0
1992-07-17 00:00:00-04:00,0.53107,0.53107,0.53107,0.53107,1600,0.0,0.0
1992-07-20 00:00:00-04:00,0.53107,0.53107,0.53107,0.53107,3200,0.0,0.0
1992-07-21 00:00:00-04:00,0.53107,0.53107,0.53107,0.53107,0,0.0,0.0
1992-07-22 00:00:00-04:00,0.52682,0.52682,0.52682,0.52682,3200,0.0,0.0
1992-07-23 00:00:00-04:00,0.53532,0.53532,0.53532,0.53532,32000,0.0,0.0
1992-07-24 00:00:00-04:00,0.53107,0.53107,0.53107,0.53107,8000,0.0,0.0
1992-07-27 00:00:00-04:00,0.52682,0.52682,0.52258,0.52682,59200,0.0,0.0
1992-07-28 00:00:00-04:00,0.52258,0.52258,0.51833,0.51833,20800,0.0,0.0
1992-07-29 00:00:00-04:00,0.52682,0.52682,0.52682,0.52682,16000,0.0,0.0
1992-07-30 00:00:00-04:00,0.51833,0.51833,0.51833,0.51833,16000,0.0,0.0
1992-07-31 00:00:00-04:00,0.52258,0.52258,0.52258,0.52258,80000,0.0,0.0
1992-08-03 00:00:00-04:00,0.52258,0.52258,0.52258,0.52258,1600,0.0,0.0
1992-08-04 00:00:00-04:00,0.51408,0.51408,0.51408,0.51408,8000,0.0,0.0
1992-08-05 00:00:00-04:00,0.51408,0.51408,0.51408,0.51408,0,0.0,0.0
1992-08-06 00:00:00-04:00,0.51408,0.51408,0.51408,0.51408,0,0.0,0.0
1992-08-07 00:00:00-04:00,0.51408,0.51408,0.51408,0.51408,0,0.0,0.0
1992-08-10 00:00:00-04:00,0.52258,0.52258,0.52258,0.52258,3200,0.0,0.0
1992-08-11 00:00:00-04:00,0.52258,0.52258,0.52258,0.52258,1600,0.0,0.0
1992-08-12 00:00:00-04:00,0.52682,0.52682,0.52682,0.52682,1600,0.0,0.0
1992-08-13 00:00:00-04:00,0.52258,0.52258,0.52258,0.52258,4800,0.0,0.0
1992-08-14 00:00:00-04:00,0.52258,0.52258,0.52258,0.52258,4800,0.0,0.0
1992-08-17 00:00:00-04:00,0.52258,0.52258,0.52258,0.52258,1600,0.0,0.0
1992-08-18 00:00:00-04:00,0.52258,0.52258,0.52258,0.52258,16000,0.0,0.0
1992-08-19 00:00:00-04:00,0.52258,0.52258,0.52258,0.52258,1600,0.0,0.0
1992-08-20 00:00:00-04:00,0.52258,0.52258,0.52258,0.52258,0,0.0,0.0
1992-08-21 00:00:00-04:00,0.53107,0.53532,0.53107,0.53532,24000,0.0,0.0
1992-08-24 00:00:00-04:00,0.53532,0.53532,0.53532,0.53532,0,0.0,0.0
1992-08-25 00:00:00-04:00,0.52682,0.52682,0.52682,0.52682,19200,0.0,0.0
1992-08-26 00:00:00-04:00,0.53204,0.53204,0.52775,0.52775,9600,0.0095,0.0
1992-08-27 00:00:00-04:00,0.52775,0.52775,0.52775,0.52775,1600,0.0,0.0
1992-08-28 00:00:00-04:00,0.52775,0.52775,0.52775,0.52775,0,0.0,0.0
1992-08-31 00:00:00-04:00,0.53633,0.53633,0.53633,0.53633,24000,0.0,0.0
1992-09-01 00:00:00-04:00,0.53633,0.53633,0.53633,0.53633,0,0.0,0.0
1992-09-02 00:00:00-04:00,0.53204,0.54062,0.53204,0.54062,11200,0.0,0.0
1992-09-03 00:00:00-04:00,0.54062,0.54491,0.54062,0.54491,16000,0.0,0.0
1992-09-04 00:00:00-04:00,0.53204,0.53204,0.53204,0.53204,1600,0.0,0.0
1992-09-08 00:00:00-04:00,0.54062,0.54491,0.54062,0.54062,33600,0.0,0.0
1992-09-09 00:00:00-04:00,0.54491,0.5535,0.54491,0.5535,16000,0.0,0.0
1992-09-10 00:00:00-04:00,0.5535,0.5535,0.5535,0.5535,0,0.0,0.0
1992-09-11 00:00:00-04:00,0.54491,0.54491,0.54491,0.54491,1600,0.0,0.0
1992-09-14 00:00:00-04:00,0.5492,0.5492,0.5492,0.5492,3200,0.0,0.0
1992-09-15 00:00:00-04:00,0.5492,0.5492,0.5492,0.5492,0,0.0,0.0
1992-09-16 00:00:00-04:00,0.54491,0.5535,0.54491,0.5535,8000,0.0,0.0
1992-09-17 00:00:00-04:00,0.5535,0.5535,0.5535,0.5535,0,0.0,0.0
1992-09-18 00:00:00-04:00,0.5492,0.5492,0.5492,0.5492,9600,0.0,0.0
1992-09-21 00:00:00-04:00,0.55779,0.55779,0.55779,0.55779,16000,0.0,0.0
1992-09-22 00:00:00-04:00,0.55779,0.55779,0.55779,0.55779,0,0.0,0.0
1992-09-23 00:00:00-04:00,0.5492,0.5492,0.5492,0.5492,40000,0.0,0.0
1992-09-24 00:00:00-04:00,0.5492,0.5492,0.5492,0.5492,3200,0.0,0.0
1992-09-25 00:00:00-04:00,0.55779,0.55779,0.55779,0.55779,1600,0.0,0.0
1992-09-28 00:00:00-04:00,0.5535,0.5535,0.5535,0.5535,1600,0.0,0.0
1992-09-29 00:00:00-04:00,0.56208,0.56208,0.56208,0.56208,8000,0.0,0.0
1992-09-30 00:00:00-04:00,0.56208,0.56208,0.56208,0.56208,0,0.0,0.0
1992-10-01 00:00:00-04:00,0.56208,0.56208,0.5535,0.5535,6400,0.0,0.0
1992-10-02 00:00:00-04:00,0.5492,0.5492,0.5492,0.5492,1600,0.0,0.0
1992-10-05 00:00:00-04:00,0.5492,0.5492,0.5492,0.5492,40000,0.0,0.0
1992-10-06 00:00:00-04:00,0.54491,0.54491,0.54491,0.54491,1600,0.0,0.0
1992-10-07 00:00:00-04:00,0.54491,0.54491,0.54491,0.54491,0,0.0,0.0
1992-10-08 00:00:00-04:00,0.54491,0.54491,0.54491,0.54491,3200,0.0,0.0
1992-10-09 00:00:00-04:00,0.54062,0.54062,0.54062,0.54062,35200,0.0,0.0
1992-10-12 00:00:00-04:00,0.54062,0.54062,0.54062,0.54062,9600,0.0,0.0
1992-10-13 00:00:00-04:00,0.53633,0.53633,0.53633,0.53633,8000,0.0,0.0
1992-10-14 00:00:00-04:00,0.54062,0.54062,0.53633,0.53633,4800,0.0,0.0
1992-10-15 00:00:00-04:00,0.53633,0.53633,0.53633,0.53633,1600,0.0,0.0
1992-10-16 00:00:00-04:00,0.53633,0.53633,0.53633,0.53633,0,0.0,0.0
1992-10-19 00:00:00-04:00,0.53633,0.53633,0.53633,0.53633,3200,0.0,0.0
1992-10-20 00:00:00-04:00,0.53633,0.53633,0.53633,0.53633,0,0.0,0.0
1992-10-21 00:00:00-04:00,0.53633,0.53633,0.53633,0.53633,0,0.0,0.0
1992-10-22 00:00:00-04:00,0.53633,0.53633,0.53633,0.53633,0,0.0,0.0
1992-10-23 00:00:00-04:00,0.53633,0.53633,0.53633,0.53633,1600,0.0,0.0
1992-10-26 00:00:00-05:00,0.53633,0.53633,0.53633,0.53633,0,0.0,0.0
1992-10-27 00:00:00-05:00,0.53633,0.53633,0.53633,0.53633,6400,0.0,0.0
1992-10-28 00:00:00-05:00,0.53633,0.53633,0.53633,0.53633,0,0.0,0.0
1992-10-29 00:00:00-05:00,0.53633,0.53633,0.53633,0.53633,0,0.0,0.0
1992-10-30 00:00:00-05:00,0.53204,0.53204,0.53204,0.53204,409600,0.0,0.0
1992-11-02 00:00:00-05:00,0.53204,0.53204,0.53204,0.53204,0,0.0,0.0
1992-11-03 00:00:00-05:00,0.53204,0.53204,0.53204,0.53204,8000,0.0,0.0
1992-11-04 00:00:00-05:00,0.53633,0.53633,0.53633,0.53633,12800,0.0,0.0
1992-11-05 00:00:00-05:00,0.53633,0.54062,0.53633,0.54062,11200,0.0,0.0
1992-11-06 00:00:00-05:00,0.53633,0.54062,0.53633,0.54062,12800,0.0,0.0
1992-11-09 00:00:00-05:00,0.54062,0.54062,0.54062,0.54062,32000,0.0,0.0
1992-11-10 00:00:00-05:00,0.5492,0.5492,0.54491,0.54491,16000,0.0,0.0
1992-11-11 00:00:00-05:00,0.5535,0.5535,0.5535,0.5535,4800,0.0,0.0
1992-11-12 00:00:00-05:00,0.56208,0.56208,0.55779,0.55779,19200,0.0,0.0
1992-11-13 00:00:00-05:00,0.5535,0.55779,0.5535,0.55779,8000,0.0,0.0
1992-11-16 00:00:00-05:00,0.55779,0.55779,0.55779,0.55779,0,0.0,0.0
1992-11-17 00:00:00-05:00,0.55779,0.56637,0.55779,0.56637,14400,0.0,0.0
1992-11-18 00:00:00-05:00,0.55779,0.55779,0.55779,0.55779,4800,0.0,0.0
1992-11-19 00:00:00-05:00,0.55779,0.55779,0.55779,0.55779,0,0.0,0.0
1992-11-20 00:00:00-05:00,0.55779,0.57495,0.55779,0.57495,35200,0.0,0.0
1992-11-23 00:00:00-05:00,0.57924,0.57924,0.57924,0.57924,4800,0.0,0.0
1992-11-24 00:00:00-05:00,0.5845,0.5845,0.57152,0.57585,8000,0.0095,0.0
1992-11-25 00:00:00-05:00,0.57585,0.57585,0.57585,0.57585,1600,0.0,0.0
1992-11-27 00:00:00-05:00,0.5845,0.5845,0.5845,0.5845,6400,0.0,0.0
1992-11-30 00:00:00-05:00,0.59316,0.59316,0.5845,0.5845,12800,0.0,0.0
1992-12-01 00:00:00-05:00,0.59316,0.59316,0.58883,0.58883,6400,0.0,0.0
1992-12-02 00:00:00-05:00,0.58883,0.59749,0.58883,0.59749,28800,0.0,0.0
1992-12-03 00:00:00-05:00,0.59749,0.59749,0.59749,0.59749,1600,0.0,0.0
1992-12-04 00:00:00-05:00,0.58883,0.58883,0.58883,0.58883,3200,0.0,0.0
1992-12-07 00:00:00-05:00,0.59749,0.59749,0.59749,0.59749,16000,0.0,0.0
1992-12-08 00:00:00-05:00,0.59316,0.59316,0.59316,0.59316,1600,0.0,0.0
1992-12-09 00:00:00-05:00,0.59749,0.60182,0.59749,0.60182,19200,0.0,0.0
1992-12-10 00:00:00-05:00,0.59316,0.59316,0.58883,0.58883,32000,0.0,0.0
1992-12-11 00:00:00-05:00,0.58883,0.58883,0.58883,0.58883,3200,0.0,0.0
1992-12-14 00:00:00-05:00,0.58883,0.58883,0.58883,0.58883,22400,0.0,0.0
1992-12-15 00:00:00-05:00,0.58883,0.58883,0.58883,0.58883,0,0.0,0.0
1992-12-16 00:00:00-05:00,0.58883,0.58883,0.58883,0.58883,0,0.0,0.0
1992-12-17 00:00:00-05:00,0.58883,0.60615,0.58883,0.60615,33600,0.0,0.0
1992-12-18 00:00:00-05:00,0.60182,0.60615,0.60182,0.60615,3200,0.0,0.0
1992-12-21 00:00:00-05:00,0.60182,0.60182,0.60182,0.60182,9600,0.0,0.0
1992-12-22 00:00:00-05:00,0.60182,0.60182,0.60182,0.60182,1600,0.0,0.0
1992-12-23 00:00:00-05:00,0.60182,0.60182,0.60182,0.60182,0,0.0,0.0
1992-12-24 00:00:00-05:00,0.60182,0.60182,0.60182,0.60182,0,0.0,0.0
1992-12-28 00:00:00-05:00,0.60615,0.61481,0.60615,0.61481,16000,0.0,0.0
1992-12-29 00:00:00-05:00,0.61048,0.61048,0.61048,0.61048,9600,0.0,0.0
1992-12-30 00:00:00-05:00,0.61048,0.61048,0.61048,0.61048,0,0.0,0.0
1992-12-31 00:00:00-05:00,0.60615,0.60615,0.60615,0.60615,35200,0.0,0.0
1993-01-04 00:00:00-05:00,0.61481,0.62347,0.61481,0.62347,57600,0.0,0.0
1993-01-05 00:00:00-05:00,0.6278,0.64512,0.6278,0.64512,22400,0.0,0.0
1993-01-06 00:00:00-05:00,0.63646,0.67976,0.63646,0.67976,163200,0.0,0.0
1993-01-07 00:00:00-05:00,0.6711,0.68409,0.6711,0.67543,32000,0.0,0.0
1993-01-08 00:00:00-05:00,0.67543,0.67543,0.67543,0.67543,54400,0.0,0.0
1993-01-11 00:00:00-05:00,0.67543,0.67543,0.67543,0.67543,0,0.0,0.0
1993-01-12 00:00:00-05:00,0.6711,0.67976,0.6711,0.67543,36800,0.0,0.0
1993-01-13 00:00:00-05:00,0.67543,0.67543,0.67543,0.67543,4800,0.0,0.0
1993-01-14 00:00:00-05:00,0.67976,0.68409,0.67543,0.67543,25600,0.0,0.0
1993-01-15 00:00:00-05:00,0.67543,0.68842,0.67543,0.68842,25600,0.0,0.0
1993-01-18 00:00:00-05:00,0.69275,0.70574,0.69275,0.70141,40000,0.0,0.0
1993-01-19 00:00:00-05:00,0.69708,0.69708,0.68842,0.69275,67200,0.0,0.0
1993-01-20 00:00:00-05:00,0.69275,0.69708,0.68842,0.69708,97600,0.0,0.0
1993-01-21 00:00:00-05:00,0.70574,0.71006,0.70574,0.70574,24000,0.0,0.0
1993-01-22 00:00:00-05:00,0.71439,0.71439,0.70574,0.71006,35200,0.0,0.0
1993-01-25 00:00:00-05:00,0.71439,0.71439,0.71006,0.71439,28800,0.0,0.0
1993-01-26 00:00:00-05:00,0.70574,0.70574,0.70574,0.70574,8000,0.0,0.0
1993-01-27 00:00:00-05:00,0.71006,0.71006,0.70141,0.71006,80000,0.0,0.0
1993-01-28 00:00:00-05:00,0.70574,0.70574,0.70574,0.70574,16000,0.0,0.0
1993-01-29 00:00:00-05:00,0.70574,0.70574,0.70574,0.70574,0,0.0,0.0
1993-02-01 00:00:00-05:00,0.71006,0.71006,0.71006,0.71006,8000,0.0,0.0
1993-02-02 00:00:00-05:00,0.71439,0.71439,0.70574,0.70574,27200,0.0,0.0
1993-02-03 00:00:00-05:00,0.70574,0.70574,0.70141,0.70141,19200,0.0,0.0
1993-02-04 00:00:00-05:00,0.70574,0.71006,0.70574,0.71006,19200,0.0,0.0
1993-02-05 00:00:00-05:00,0.70574,0.71439,0.70574,0.71439,22400,0.0,0.0
1993-02-08 00:00:00-05:00,0.71006,0.71006,0.71006,0.71006,1600,0.0,0.0
1993-02-09 00:00:00-05:00,0.71872,0.72305,0.71006,0.71439,62400,0.0,0.0
1993-02-10 00:00:00-05:00,0.71439,0.71439,0.71006,0.71006,12800,0.0,0.0
1993-02-11 00:00:00-05:00,0.70141,0.70141,0.70141,0.70141,3200,0.0,0.0
1993-02-12 00:00:00-05:00,0.69275,0.69275,0.64945,0.64945,144000,0.0,0.0
1993-02-16 00:00:00-05:00,0.63213,0.63213,0.62347,0.62347,104000,0.0,0.0
1993-02-17 00:00:00-05:00,0.62347,0.62347,0.62347,0.62347,32000,0.0,0.0
1993-02-18 00:00:00-05:00,0.61914,0.62347,0.61914,0.62347,17600,0.0,0.0
1993-02-19 00:00:00-05:00,0.62347,0.62347,0.62347,0.62347,0,0.0,0.0
1993-02-22 00:00:00-05:00,0.61914,0.62347,0.61914,0.62347,4800,0.0,0.0
1993-02-23 00:00:00-05:00,0.62878,0.64625,0.62878,0.64625,59200,0.0095,0.0
1993-02-24 00:00:00-05:00,0.64625,0.64625,0.64625,0.64625,0,0.0,0.0
1993-02-25 00:00:00-05:00,0.65061,0.65061,0.64188,0.64625,19200,0.0,0.0
1993-02-26 00:00:00-05:00,0.64188,0.64188,0.64188,0.64188,1600,0.0,0.0
1993-03-01 00:00:00-05:00,0.64625,0.64625,0.64625,0.64625,3200,0.0,0.0
1993-03-02 00:00:00-05:00,0.64625,0.64625,0.64625,0.64625,12800,0.0,0.0
1993-03-03 00:00:00-05:00,0.64625,0.64625,0.64625,0.64625,4800,0.0,0.0
1993-03-04 00:00:00-05:00,0.65498,0.66371,0.65498,0.66371,52800,0.0,0.0
1993-03-05 00:00:00-05:00,0.67245,0.67681,0.66808,0.66808,49600,0.0,0.0
1993-03-08 00:00:00-05:00,0.66808,0.66808,0.66808,0.66808,9600,0.0,0.0
1993-03-09 00:00:00-05:00,0.66371,0.66371,0.66371,0.66371,22400,0.0,0.0
1993-03-10 00:00:00-05:00,0.66371,0.66371,0.66371,0.66371,16000,0.0,0.0
1993-03-11 00:00:00-05:00,0.66371,0.67245,0.66371,0.67245,4800,0.0,0.0
1993-03-12 00:00:00-05:00,0.67245,0.67245,0.67245,0.67245,0,0.0,0.0
1993-03-15 00:00:00-05:00,0.67245,0.67245,0.65498,0.66371,60800,0.0,0.0
1993-03-16 00:00:00-05:00,0.66371,0.66371,0.66371,0.66371,0,0.0,0.0
1993-03-17 00:00:00-05:00,0.66808,0.67245,0.66371,0.66371,25600,0.0,0.0
1993-03-18 00:00:00-05:00,0.67245,0.68991,0.67245,0.68555,70400,0.0,0.0
1993-03-19 00:00:00-05:00,0.68991,0.71175,0.68991,0.71175,59200,0.0,0.0
1993-03-22 00:00:00-05:00,0.70301,0.70738,0.70301,0.70738,17600,0.0,0.0
1993-03-23 00:00:00-05:00,0.69865,0.69865,0.69865,0.69865,24000,0.0,0.0
1993-03-24 00:00:00-05:00,0.69865,0.69865,0.69865,0.69865,0,0.0,0.0
1993-03-25 00:00:00-05:00,0.69865,0.69865,0.69865,0.69865,0,0.0,0.0
1993-03-26 00:00:00-05:00,0.69865,0.70301,0.69865,0.69865,43200,0.0,0.0
1993-03-29 00:00:00-05:00,0.69865,0.69865,0.69865,0.69865,0,0.0,0.0
1993-03-30 00:00:00-05:00,0.69865,0.69865,0.69865,0.69865,0,0.0,0.0
1993-03-31 00:00:00-05:00,0.69865,0.69865,0.69865,0.69865,1600,0.0,0.0
1993-04-01 00:00:00-05:00,0.70301,0.70301,0.69865,0.69865,8000,0.0,0.0
1993-04-02 00:00:00-05:00,0.69428,0.69865,0.69428,0.69428,9600,0.0,0.0
1993-04-05 00:00:00-04:00,0.69428,0.69428,0.68991,0.68991,73600,0.0,0.0
1993-04-06 00:00:00-04:00,0.68991,0.68991,0.68991,0.68991,20800,0.0,0.0
1993-04-07 00:00:00-04:00,0.68991,0.68991,0.68991,0.68991,1600,0.0,0.0
1993-04-08 00:00:00-04:00,0.68991,0.68991,0.68991,0.68991,0,0.0,0.0
1993-04-12 00:00:00-04:00,0.69428,0.69428,0.68991,0.68991,16000,0.0,0.0
1993-04-13 00:00:00-04:00,0.68991,0.68991,0.68991,0.68991,14400,0.0,0.0
1993-04-14 00:00:00-04:00,0.69865,0.70738,0.69428,0.70738,57600,0.0,0.0
1993-04-15 00:00:00-04:00,0.71175,0.71175,0.69865,0.69865,25600,0.0,0.0
1993-04-16 00:00:00-04:00,0.70301,0.70301,0.70301,0.70301,8000,0.0,0.0
1993-04-19 00:00:00-04:00,0.70738,0.72921,0.70738,0.72921,65600,0.0,0.0
1993-04-20 00:00:00-04:00,0.72921,0.73358,0.72484,0.72484,48000,0.0,0.0
1993-04-21 00:00:00-04:00,0.72921,0.72921,0.72921,0.72921,16000,0.0,0.0
1993-04-22 00:00:00-04:00,0.72921,0.72921,0.72921,0.72921,0,0.0,0.0
1993-04-23 00:00:00-04:00,0.72048,0.72484,0.72048,0.72484,11200,0.0,0.0
1993-04-26 00:00:00-04:00,0.72921,0.72921,0.71175,0.71175,25600,0.0,0.0
1993-04-27 00:00:00-04:00,0.70738,0.70738,0.70301,0.70301,9600,0.0,0.0
1993-04-28 00:00:00-04:00,0.71175,0.71175,0.69865,0.69865,52800,0.0,0.0
1993-04-29 00:00:00-04:00,0.70738,0.70738,0.70301,0.70301,11200,0.0,0.0
1993-04-30 00:00:00-04:00,0.69865,0.69865,0.69865,0.69865,6400,0.0,0.0
1993-05-03 00:00:00-04:00,0.69865,0.69865,0.69865,0.69865,0,0.0,0.0
1993-05-04 00:00:00-04:00,0.68991,0.68991,0.68118,0.68118,27200,0.0,0.0
1993-05-05 00:00:00-04:00,0.67681,0.69428,0.67681,0.69428,17600,0.0,0.0
1993-05-06 00:00:00-04:00,0.68991,0.68991,0.68991,0.68991,1600,0.0,0.0
1993-05-07 00:00:00-04:00,0.68555,0.68991,0.68118,0.68991,36800,0.0,0.0
1993-05-10 00:00:00-04:00,0.69428,0.69865,0.69428,0.69865,24000,0.0,0.0
1993-05-11 00:00:00-04:00,0.70301,0.70301,0.70301,0.70301,1600,0.0,0.0
1993-05-12 00:00:00-04:00,0.70738,0.70738,0.70301,0.70301,9600,0.0,0.0
1993-05-13 00:00:00-04:00,0.69865,0.70738,0.69865,0.70738,25600,0.0,0.0
1993-05-14 00:00:00-04:00,0.70738,0.70738,0.70738,0.70738,0,0.0,0.0
1993-05-17 00:00:00-04:00,0.70301,0.70301,0.70301,0.70301,3200,0.0,0.0
1993-05-18 00:00:00-04:00,0.70738,0.70738,0.70738,0.70738,1600,0.0,0.0
1993-05-19 00:00:00-04:00,0.70301,0.70301,0.70301,0.70301,6400,0.0,0.0
1993-05-20 00:00:00-04:00,0.70301,0.70301,0.70301,0.70301,0,0.0,0.0
1993-05-21 00:00:00-04:00,0.69865,0.69865,0.69428,0.69428,17600,0.0,0.0
1993-05-24 00:00:00-04:00,0.69428,0.69865,0.69428,0.69428,9600,0.0,0.0
1993-05-25 00:00:00-04:00,0.69129,0.69129,0.69129,0.69129,0,0.01031,0.0
1993-05-26 00:00:00-04:00,0.68688,0.68688,0.68688,0.68688,6400,0.0,0.0
1993-05-27 00:00:00-04:00,0.68688,0.68688,0.68688,0.68688,1600,0.0,0.0
1993-05-28 00:00:00-04:00,0.69569,0.69569,0.69569,0.69569,1600,0.0,0.0
1993-06-01 00:00:00-04:00,0.70449,0.70449,0.69569,0.69569,14400,0.0,0.0
1993-06-02 00:00:00-04:00,0.69569,0.69569,0.69569,0.69569,0,0.0,0.0
1993-06-03 00:00:00-04:00,0.70009,0.70009,0.70009,0.70009,8000,0.0,0.0
1993-06-04 00:00:00-04:00,0.70009,0.70009,0.70009,0.70009,0,0.0,0.0
1993-06-07 00:00:00-04:00,0.70009,0.70009,0.70009,0.70009,0,0.0,0.0
1993-06-08 00:00:00-04:00,0.70009,0.70449,0.70009,0.70449,19200,0.0,0.0
1993-06-09 00:00:00-04:00,0.70449,0.70449,0.70449,0.70449,6400,0.0,0.0
1993-06-10 00:00:00-04:00,0.70449,0.70449,0.70449,0.70449,20800,0.0,0.0
1993-06-11 00:00:00-04:00,0.7089,0.7133,0.7089,0.7133,20800,0.0,0.0
1993-06-14 00:00:00-04:00,0.7089,0.7133,0.7089,0.7133,8000,0.0,0.0
1993-06-15 00:00:00-04:00,0.7089,0.7133,0.70449,0.70449,27200,0.0,0.0
1993-06-16 00:00:00-04:00,0.70449,0.70449,0.70449,0.70449,0,0.0,0.0
1993-06-17 00:00:00-04:00,0.7133,0.77494,0.7133,0.73972,132800,0.0,0.0
1993-06-18 00:00:00-04:00,0.74412,0.74412,0.73091,0.73091,12800,0.0,0.0
1993-06-21 00:00:00-04:00,0.73091,0.73091,0.72211,0.72211,17600,0.0,0.0
1993-06-22 00:00:00-04:00,0.72211,0.72211,0.72211,0.72211,0,0.0,0.0
1993-06-23 00:00:00-04:00,0.72211,0.72211,0.7133,0.7133,20800,0.0,0.0
1993-06-24 00:00:00-04:00,0.7133,0.7133,0.7133,0.7133,0,0.0,0.0
1993-06-25 00:00:00-04:00,0.7177,0.72651,0.7177,0.72651,24000,0.0,0.0
1993-06-28 00:00:00-04:00,0.7177,0.7177,0.7133,0.7133,16000,0.0,0.0
1993-06-29 00:00:00-04:00,0.7133,0.7133,0.7133,0.7133,0,0.0,0.0
1993-06-30 00:00:00-04:00,0.72211,0.72651,0.72211,0.72651,20800,0.0,0.0
1993-07-01 00:00:00-04:00,0.72211,0.72211,0.72211,0.72211,8000,0.0,0.0
1993-07-02 00:00:00-04:00,0.72211,0.72211,0.72211,0.72211,0,0.0,0.0
1993-07-06 00:00:00-04:00,0.73091,0.73091,0.72651,0.73091,24000,0.0,0.0
1993-07-07 00:00:00-04:00,0.72211,0.72211,0.7177,0.7177,6400,0.0,0.0
1993-07-08 00:00:00-04:00,0.7133,0.7133,0.7133,0.7133,4800,0.0,0.0
1993-07-09 00:00:00-04:00,0.7089,0.72211,0.7089,0.72211,28800,0.0,0.0
1993-07-12 00:00:00-04:00,0.72651,0.73532,0.72651,0.72651,32000,0.0,0.0
1993-07-13 00:00:00-04:00,0.72651,0.72651,0.72651,0.72651,0,0.0,0.0
1993-07-14 00:00:00-04:00,0.72651,0.72651,0.72651,0.72651,0,0.0,0.0
1993-07-15 00:00:00-04:00,0.73091,0.73091,0.72651,0.72651,9600,0.0,0.0
1993-07-16 00:00:00-04:00,0.73532,0.73532,0.73532,0.73532,11200,0.0,0.0
1993-07-19 00:00:00-04:00,0.74412,0.75293,0.74412,0.74412,32000,0.0,0.0
1993-07-20 00:00:00-04:00,0.73532,0.73532,0.72211,0.72211,25600,0.0,0.0
1993-07-21 00:00:00-04:00,0.73091,0.73091,0.72651,0.72651,4800,0.0,0.0
1993-07-22 00:00:00-04:00,0.73532,0.73532,0.72211,0.72211,35200,0.0,0.0
1993-07-23 00:00:00-04:00,0.72651,0.72651,0.72651,0.72651,1600,0.0,0.0
1993-07-26 00:00:00-04:00,0.72211,0.72211,0.72211,0.72211,1600,0.0,0.0
1993-07-27 00:00:00-04:00,0.7177,0.7177,0.7133,0.7133,12800,0.0,0.0
1993-07-28 00:00:00-04:00,0.7133,0.7133,0.7133,0.7133,0,0.0,0.0
1993-07-29 00:00:00-04:00,0.7133,0.7133,0.7133,0.7133,0,0.0,0.0
1993-07-30 00:00:00-04:00,0.7133,0.7133,0.7133,0.7133,3200,0.0,0.0
1993-08-02 00:00:00-04:00,0.7133,0.7133,0.7133,0.7133,1600,0.0,0.0
1993-08-03 00:00:00-04:00,0.7133,0.7133,0.7133,0.7133,0,0.0,0.0
1993-08-04 00:00:00-04:00,0.7133,0.7133,0.7133,0.7133,0,0.0,0.0
1993-08-05 00:00:00-04:00,0.7089,0.7089,0.7089,0.7089,1600,0.0,0.0
1993-08-06 00:00:00-04:00,0.7089,0.7089,0.7089,0.7089,0,0.0,0.0
1993-08-09 00:00:00-04:00,0.7089,0.7089,0.70449,0.70449,137600,0.0,0.0
1993-08-10 00:00:00-04:00,0.70449,0.7089,0.70449,0.7089,132800,0.0,0.0
1993-08-11 00:00:00-04:00,0.70449,0.70449,0.70449,0.70449,72000,0.0,0.0
1993-08-12 00:00:00-04:00,0.70449,0.70449,0.70449,0.70449,1600,0.0,0.0
1993-08-13 00:00:00-04:00,0.7133,0.7133,0.7089,0.7089,9600,0.0,0.0
1993-08-16 00:00:00-04:00,0.7177,0.7177,0.7177,0.7177,3200,0.0,0.0
1993-08-17 00:00:00-04:00,0.7133,0.7133,0.7133,0.7133,4800,0.0,0.0
1993-08-18 00:00:00-04:00,0.7133,0.7133,0.70449,0.70449,20800,0.0,0.0
1993-08-19 00:00:00-04:00,0.70449,0.70449,0.70449,0.70449,4800,0.0,0.0
1993-08-20 00:00:00-04:00,0.70449,0.70449,0.70449,0.70449,80000,0.0,0.0
1993-08-23 00:00:00-04:00,0.70449,0.70449,0.70449,0.70449,3200,0.0,0.0
1993-08-24 00:00:00-04:00,0.7133,0.7133,0.7089,0.7089,4800,0.0,0.0
1993-08-25 00:00:00-04:00,0.7089,0.7089,0.7089,0.7089,4800,0.0,0.0
1993-08-26 00:00:00-04:00,0.7192,0.7192,0.70588,0.70588,62400,0.01031,0.0
1993-08-27 00:00:00-04:00,0.70588,0.70588,0.70588,0.70588,25600,0.0,0.0
1993-08-30 00:00:00-04:00,0.70588,0.70588,0.70588,0.70588,0,0.0,0.0
1993-08-31 00:00:00-04:00,0.70588,0.70588,0.70588,0.70588,0,0.0,0.0
1993-09-01 00:00:00-04:00,0.70588,0.70588,0.70588,0.70588,0,0.0,0.0
1993-09-02 00:00:00-04:00,0.70144,0.70144,0.70144,0.70144,1600,0.0,0.0
1993-09-03 00:00:00-04:00,0.70144,0.70588,0.70144,0.70144,4800,0.0,0.0
1993-09-07 00:00:00-04:00,0.70144,0.70588,0.70144,0.70144,4800,0.0,0.0
1993-09-08 00:00:00-04:00,0.70144,0.70144,0.70144,0.70144,0,0.0,0.0
1993-09-09 00:00:00-04:00,0.70144,0.70144,0.70144,0.70144,0,0.0,0.0
1993-09-10 00:00:00-04:00,0.70144,0.70144,0.70144,0.70144,3200,0.0,0.0
1993-09-13 00:00:00-04:00,0.70144,0.70144,0.70144,0.70144,1600,0.0,0.0
1993-09-14 00:00:00-04:00,0.697,0.697,0.69256,0.69256,57600,0.0,0.0
1993-09-15 00:00:00-04:00,0.68812,0.68812,0.68812,0.68812,14400,0.0,0.0
1993-09-16 00:00:00-04:00,0.68812,0.68812,0.68812,0.68812,1600,0.0,0.0
1993-09-17 00:00:00-04:00,0.68812,0.68812,0.68812,0.68812,0,0.0,0.0
1993-09-20 00:00:00-04:00,0.68368,0.68812,0.68368,0.68368,44800,0.0,0.0
1993-09-21 00:00:00-04:00,0.68368,0.68368,0.67924,0.67924,19200,0.0,0.0
1993-09-22 00:00:00-04:00,0.68812,0.68812,0.68812,0.68812,3200,0.0,0.0
1993-09-23 00:00:00-04:00,0.68368,0.68812,0.68368,0.68812,12800,0.0,0.0
1993-09-24 00:00:00-04:00,0.68368,0.68368,0.68368,0.68368,3200,0.0,0.0
1993-09-27 00:00:00-04:00,0.6748,0.6748,0.6748,0.6748,4800,0.0,0.0
1993-09-28 00:00:00-04:00,0.68368,0.70144,0.68368,0.70144,78400,0.0,0.0
1993-09-29 00:00:00-04:00,0.697,0.697,0.69256,0.69256,16000,0.0,0.0
1993-09-30 00:00:00-04:00,0.68812,0.69256,0.68812,0.69256,9600,0.0,0.0
1993-10-01 00:00:00-04:00,0.69256,0.69256,0.69256,0.69256,0,0.0,0.0
1993-10-04 00:00:00-04:00,0.69256,0.69256,0.69256,0.69256,0,0.0,0.0
1993-10-05 00:00:00-04:00,0.68812,0.697,0.68812,0.697,33600,0.0,0.0
1993-10-06 00:00:00-04:00,0.69256,0.69256,0.69256,0.69256,1600,0.0,0.0
1993-10-07 00:00:00-04:00,0.69256,0.69256,0.68812,0.68812,11200,0.0,0.0
1993-10-08 00:00:00-04:00,0.68812,0.68812,0.68812,0.68812,0,0.0,0.0
1993-10-11 00:00:00-04:00,0.68812,0.68812,0.68812,0.68812,0,0.0,0.0
1993-10-12 00:00:00-04:00,0.697,0.70144,0.697,0.70144,32000,0.0,0.0
1993-10-13 00:00:00-04:00,0.70144,0.70588,0.70144,0.70588,24000,0.0,0.0
1993-10-14 00:00:00-04:00,0.70144,0.70144,0.70144,0.70144,16000,0.0,0.0
1993-10-15 00:00:00-04:00,0.697,0.697,0.68812,0.68812,72000,0.0,0.0
1993-10-18 00:00:00-04:00,0.68812,0.68812,0.68812,0.68812,0,0.0,0.0
1993-10-19 00:00:00-04:00,0.69256,0.71032,0.69256,0.71032,86400,0.0,0.0
1993-10-20 00:00:00-04:00,0.71032,0.71476,0.71032,0.71476,14400,0.0,0.0
1993-10-21 00:00:00-04:00,0.71476,0.7192,0.71476,0.7192,9600,0.0,0.0
1993-10-22 00:00:00-04:00,0.7192,0.7192,0.71032,0.71032,11200,0.0,0.0
1993-10-25 00:00:00-04:00,0.71032,0.7192,0.71032,0.7192,38400,0.0,0.0
1993-10-26 00:00:00-04:00,0.71032,0.71032,0.71032,0.71032,64000,0.0,0.0
1993-10-27 00:00:00-04:00,0.71032,0.71032,0.71032,0.71032,1600,0.0,0.0
1993-10-28 00:00:00-04:00,0.71032,0.71032,0.71032,0.71032,0,0.0,0.0
1993-10-29 00:00:00-04:00,0.71476,0.71476,0.71476,0.71476,3200,0.0,0.0
1993-11-01 00:00:00-05:00,0.71476,0.71476,0.71476,0.71476,0,0.0,0.0
1993-11-02 00:00:00-05:00,0.71032,0.71032,0.70588,0.70588,17600,0.0,0.0
1993-11-03 00:00:00-05:00,0.697,0.697,0.69256,0.69256,19200,0.0,0.0
1993-11-04 00:00:00-05:00,0.68368,0.68368,0.68368,0.68368,4800,0.0,0.0
1993-11-05 00:00:00-05:00,0.68368,0.68368,0.68368,0.68368,0,0.0,0.0
1993-11-08 00:00:00-05:00,0.68368,0.68368,0.68368,0.68368,0,0.0,0.0
1993-11-09 00:00:00-05:00,0.68368,0.68368,0.68368,0.68368,6400,0.0,0.0
1993-11-10 00:00:00-05:00,0.68368,0.68812,0.68368,0.68812,17600,0.0,0.0
1993-11-11 00:00:00-05:00,0.69256,0.69256,0.69256,0.69256,8000,0.0,0.0
1993-11-12 00:00:00-05:00,0.69256,0.69256,0.69256,0.69256,0,0.0,0.0
1993-11-15 00:00:00-05:00,0.69256,0.69256,0.69256,0.69256,0,0.0,0.0
1993-11-16 00:00:00-05:00,0.69256,0.69256,0.69256,0.69256,1600,0.0,0.0
1993-11-17 00:00:00-05:00,0.68812,0.69256,0.68812,0.69256,9600,0.0,0.0
1993-11-18 00:00:00-05:00,0.697,0.697,0.697,0.697,1600,0.0,0.0
1993-11-19 00:00:00-05:00,0.697,0.697,0.697,0.697,0,0.0,0.0
1993-11-22 00:00:00-05:00,0.69256,0.69256,0.69256,0.69256,8000,0.0,0.0
1993-11-23 00:00:00-05:00,0.69256,0.69256,0.69256,0.69256,8000,0.0,0.0
1993-11-24 00:00:00-05:00,0.68952,0.68952,0.68952,0.68952,0,0.01031,0.0
1993-11-26 00:00:00-05:00,0.68952,0.68952,0.68952,0.68952,6400,0.0,0.0
1993-11-29 00:00:00-05:00,0.68952,0.68952,0.68952,0.68952,0,0.0,0.0
1993-11-30 00:00:00-05:00,0.68504,0.68504,0.68504,0.68504,3200,0.0,0.0
1993-12-01 00:00:00-05:00,0.68056,0.68056,0.68056,0.68056,78400,0.0,0.0
1993-12-02 00:00:00-05:00,0.68056,0.68056,0.68056,0.68056,11200,0.0,0.0
1993-12-03 00:00:00-05:00,0.68952,0.68952,0.68056,0.68056,17600,0.0,0.0
1993-12-06 00:00:00-05:00,0.68056,0.68056,0.68056,0.68056,0,0.0,0.0
1993-12-07 00:00:00-05:00,0.68056,0.68056,0.68056,0.68056,0,0.0,0.0
1993-12-08 00:00:00-05:00,0.68952,0.69399,0.68952,0.68952,20800,0.0,0.0
1993-12-09 00:00:00-05:00,0.69399,0.69399,0.68952,0.69399,20800,0.0,0.0
1993-12-10 00:00:00-05:00,0.69399,0.69399,0.69399,0.69399,32000,0.0,0.0
1993-12-13 00:00:00-05:00,0.69399,0.69399,0.68504,0.68504,20800,0.0,0.0
1993-12-14 00:00:00-05:00,0.68504,0.68504,0.68504,0.68504,0,0.0,0.0
1993-12-15 00:00:00-05:00,0.68504,0.68504,0.68504,0.68504,9600,0.0,0.0
1993-12-16 00:00:00-05:00,0.68056,0.68056,0.68056,0.68056,8000,0.0,0.0
1993-12-17 00:00:00-05:00,0.68952,0.68952,0.68952,0.68952,20800,0.0,0.0
1993-12-20 00:00:00-05:00,0.68952,0.69399,0.68952,0.68952,20800,0.0,0.0
1993-12-21 00:00:00-05:00,0.69399,0.69847,0.68504,0.68504,33600,0.0,0.0
1993-12-22 00:00:00-05:00,0.68504,0.68504,0.68504,0.68504,0,0.0,0.0
1993-12-23 00:00:00-05:00,0.69399,0.69399,0.69399,0.69399,16000,0.0,0.0
1993-12-27 00:00:00-05:00,0.69399,0.69399,0.69399,0.69399,0,0.0,0.0
1993-12-28 00:00:00-05:00,0.69399,0.69399,0.69399,0.69399,0,0.0,0.0
1993-12-29 00:00:00-05:00,0.69399,0.69399,0.69399,0.69399,1600,0.0,0.0
1993-12-30 00:00:00-05:00,0.68952,0.68952,0.68504,0.68504,9600,0.0,0.0
1993-12-31 00:00:00-05:00,0.68504,0.68504,0.68504,0.68504,0,0.0,0.0
1994-01-03 00:00:00-05:00,0.68504,0.68504,0.68504,0.68504,0,0.0,0.0
1994-01-04 00:00:00-05:00,0.68504,0.68504,0.68504,0.68504,1600,0.0,0.0
1994-01-05 00:00:00-05:00,0.68952,0.69399,0.68952,0.69399,44800,0.0,0.0
1994-01-06 00:00:00-05:00,0.69399,0.69399,0.69399,0.69399,3200,0.0,0.0
1994-01-07 00:00:00-05:00,0.69399,0.69399,0.69399,0.69399,0,0.0,0.0
1994-01-10 00:00:00-05:00,0.69399,0.69399,0.69399,0.69399,0,0.0,0.0
1994-01-11 00:00:00-05:00,0.69399,0.69399,0.69399,0.69399,9600,0.0,0.0
1994-01-12 00:00:00-05:00,0.68952,0.68952,0.68952,0.68952,8000,0.0,0.0
1994-01-13 00:00:00-05:00,0.68504,0.68504,0.68504,0.68504,11200,0.0,0.0
1994-01-14 00:00:00-05:00,0.68504,0.68504,0.68504,0.68504,1600,0.0,0.0
1994-01-17 00:00:00-05:00,0.68952,0.68952,0.68952,0.68952,4800,0.0,0.0
1994-01-18 00:00:00-05:00,0.68504,0.68504,0.68056,0.68056,9600,0.0,0.0
1994-01-19 00:00:00-05:00,0.68056,0.68056,0.68056,0.68056,0,0.0,0.0
1994-01-20 00:00:00-05:00,0.68056,0.68056,0.68056,0.68056,16000,0.0,0.0
1994-01-21 00:00:00-05:00,0.68952,0.69847,0.68952,0.69847,17600,0.0,0.0
1994-01-24 00:00:00-05:00,0.69847,0.70295,0.69847,0.70295,48000,0.0,0.0
1994-01-25 00:00:00-05:00,0.70295,0.70295,0.70295,0.70295,33600,0.0,0.0
1994-01-26 00:00:00-05:00,0.70743,0.71638,0.70743,0.7119,41600,0.0,0.0
1994-01-27 00:00:00-05:00,0.71638,0.74325,0.71638,0.73429,123200,0.0,0.0
1994-01-28 00:00:00-05:00,0.74324,0.74772,0.74324,0.74772,24000,0.0,0.0
1994-01-31 00:00:00-05:00,0.74772,0.74772,0.74772,0.74772,0,0.0,0.0
1994-02-01 00:00:00-05:00,0.73877,0.73877,0.73877,0.73877,20800,0.0,0.0
1994-02-02 00:00:00-05:00,0.74772,0.74772,0.74772,0.74772,33600,0.0,0.0
1994-02-03 00:00:00-05:00,0.74772,0.74772,0.74772,0.74772,0,0.0,0.0
1994-02-04 00:00:00-05:00,0.74772,0.74772,0.73877,0.73877,28800,0.0,0.0
1994-02-07 00:00:00-05:00,0.72981,0.72981,0.72981,0.72981,16000,0.0,0.0
1994-02-08 00:00:00-05:00,0.72534,0.74772,0.72534,0.73429,49600,0.0,0.0
1994-02-09 00:00:00-05:00,0.73877,0.76115,0.73877,0.75668,105600,0.0,0.0
1994-02-10 00:00:00-05:00,0.76115,0.76115,0.7522,0.7522,76800,0.0,0.0
1994-02-11 00:00:00-05:00,0.74772,0.74772,0.74772,0.74772,14400,0.0,0.0
1994-02-14 00:00:00-05:00,0.7522,0.7522,0.73877,0.7522,67200,0.0,0.0
1994-02-15 00:00:00-05:00,0.75668,0.75668,0.7522,0.7522,6400,0.0,0.0
1994-02-16 00:00:00-05:00,0.7522,0.76115,0.7522,0.76115,16000,0.0,0.0
1994-02-17 00:00:00-05:00,0.76115,0.80145,0.76115,0.80145,152000,0.0,0.0
1994-02-18 00:00:00-05:00,0.81041,0.81041,0.80593,0.80593,9600,0.0,0.0
1994-02-22 00:00:00-05:00,0.80593,0.80593,0.79697,0.79697,17600,0.0,0.0
1994-02-23 00:00:00-05:00,0.79391,0.80293,0.79391,0.80293,44800,0.01031,0.0
1994-02-24 00:00:00-05:00,0.80293,0.80293,0.78488,0.79391,38400,0.0,0.0
1994-02-25 00:00:00-05:00,0.79842,0.80744,0.79842,0.80744,12800,0.0,0.0
1994-02-28 00:00:00-05:00,0.80744,0.80744,0.80744,0.80744,0,0.0,0.0
1994-03-01 00:00:00-05:00,0.79842,0.79842,0.78037,0.78037,19200,0.0,0.0
1994-03-02 00:00:00-05:00,0.78037,0.78037,0.78037,0.78037,0,0.0,0.0
1994-03-03 00:00:00-05:00,0.77586,0.77586,0.77586,0.77586,6400,0.0,0.0
1994-03-04 00:00:00-05:00,0.76684,0.78489,0.76684,0.78489,49600,0.0,0.0
1994-03-07 00:00:00-05:00,0.77586,0.7894,0.77586,0.7894,38400,0.0,0.0
1994-03-08 00:00:00-05:00,0.7894,0.7894,0.7894,0.7894,0,0.0,0.0
1994-03-09 00:00:00-05:00,0.78037,0.79842,0.78037,0.79842,57600,0.0,0.0
1994-03-10 00:00:00-05:00,0.79842,0.79842,0.79842,0.79842,0,0.0,0.0
1994-03-11 00:00:00-05:00,0.80293,0.81646,0.80293,0.81646,41600,0.0,0.0
1994-03-14 00:00:00-05:00,0.81195,0.81195,0.80293,0.80293,43200,0.0,0.0
1994-03-15 00:00:00-05:00,0.79391,0.79391,0.78037,0.78037,16000,0.0,0.0
1994-03-16 00:00:00-05:00,0.7894,0.79842,0.7894,0.79842,8000,0.0,0.0
1994-03-17 00:00:00-05:00,0.80293,0.82097,0.80293,0.82097,54400,0.0,0.0
1994-03-18 00:00:00-05:00,0.82548,0.8345,0.81646,0.82097,75200,0.0,0.0
1994-03-21 00:00:00-05:00,0.82999,0.88412,0.82999,0.88412,67200,0.0,0.0
1994-03-22 00:00:00-05:00,0.84804,0.85706,0.84353,0.85706,60800,0.0,0.0
1994-03-23 00:00:00-05:00,0.87059,0.87059,0.85706,0.85706,59200,0.0,0.0
1994-03-24 00:00:00-05:00,0.85255,0.85255,0.79391,0.79391,44800,0.0,0.0
1994-03-25 00:00:00-05:00,0.79842,0.81646,0.79842,0.81646,11200,0.0,0.0
1994-03-28 00:00:00-05:00,0.80744,0.80744,0.79842,0.79842,14400,0.0,0.0
1994-03-29 00:00:00-05:00,0.79391,0.79391,0.7894,0.7894,6400,0.0,0.0
1994-03-30 00:00:00-05:00,0.77586,0.77586,0.77586,0.77586,6400,0.0,0.0
1994-03-31 00:00:00-05:00,0.78037,0.78037,0.78037,0.78037,3200,0.0,0.0
1994-04-04 00:00:00-04:00,0.77135,0.77135,0.76233,0.76233,3200,0.0,0.0
1994-04-05 00:00:00-04:00,0.76684,0.77586,0.76233,0.77586,12800,0.0,0.0
1994-04-06 00:00:00-04:00,0.77586,0.77586,0.77586,0.77586,0,0.0,0.0
1994-04-07 00:00:00-04:00,0.77586,0.77586,0.77586,0.77586,0,0.0,0.0
1994-04-08 00:00:00-04:00,0.77586,0.77586,0.77586,0.77586,0,0.0,0.0
1994-04-11 00:00:00-04:00,0.76684,0.76684,0.76684,0.76684,3200,0.0,0.0
1994-04-12 00:00:00-04:00,0.76684,0.76684,0.76684,0.76684,0,0.0,0.0
1994-04-13 00:00:00-04:00,0.76684,0.76684,0.76684,0.76684,0,0.0,0.0
1994-04-14 00:00:00-04:00,0.76684,0.76684,0.76684,0.76684,0,0.0,0.0
1994-04-15 00:00:00-04:00,0.76684,0.76684,0.76684,0.76684,0,0.0,0.0
1994-04-18 00:00:00-04:00,0.75782,0.75782,0.75331,0.75331,9600,0.0,0.0
1994-04-19 00:00:00-04:00,0.75782,0.75782,0.75782,0.75782,1600,0.0,0.0
1994-04-20 00:00:00-04:00,0.7488,0.7488,0.7488,0.7488,1600,0.0,0.0
1994-04-21 00:00:00-04:00,0.73978,0.73978,0.72624,0.72624,11200,0.0,0.0
1994-04-22 00:00:00-04:00,0.71722,0.71722,0.71271,0.71271,17600,0.0,0.0
1994-04-25 00:00:00-04:00,0.71271,0.71271,0.71271,0.71271,8000,0.0,0.0
1994-04-26 00:00:00-04:00,0.71271,0.72173,0.71271,0.72173,11200,0.0,0.0
1994-04-28 00:00:00-04:00,0.7082,0.73075,0.7082,0.73075,20800,0.0,0.0
1994-04-29 00:00:00-04:00,0.73075,0.73075,0.73075,0.73075,0,0.0,0.0
1994-05-02 00:00:00-04:00,0.72624,0.72624,0.72624,0.72624,1600,0.0,0.0
1994-05-03 00:00:00-04:00,0.73527,0.74429,0.73527,0.74429,12800,0.0,0.0
1994-05-04 00:00:00-04:00,0.75331,0.75782,0.7488,0.7488,11200,0.0,0.0
1994-05-05 00:00:00-04:00,0.75782,0.76233,0.75782,0.76233,4800,0.0,0.0
1994-05-06 00:00:00-04:00,0.77135,0.77586,0.76684,0.76684,6400,0.0,0.0
1994-05-09 00:00:00-04:00,0.77586,0.77586,0.77586,0.77586,1600,0.0,0.0
1994-05-10 00:00:00-04:00,0.77586,0.77586,0.75782,0.75782,16000,0.0,0.0
1994-05-11 00:00:00-04:00,0.7488,0.7488,0.73075,0.73075,24000,0.0,0.0
1994-05-12 00:00:00-04:00,0.73075,0.73075,0.72173,0.72173,6400,0.0,0.0
1994-05-13 00:00:00-04:00,0.72173,0.72173,0.71722,0.71722,139200,0.0,0.0
1994-05-16 00:00:00-04:00,0.73075,0.73075,0.73075,0.73075,6400,0.0,0.0
1994-05-17 00:00:00-04:00,0.73978,0.73978,0.73075,0.73075,22400,0.0,0.0
1994-05-18 00:00:00-04:00,0.72173,0.73075,0.72173,0.73075,8000,0.0,0.0
1994-05-19 00:00:00-04:00,0.73075,0.73075,0.73075,0.73075,0,0.0,0.0
1994-05-20 00:00:00-04:00,0.73075,0.74429,0.73075,0.74429,52800,0.0,0.0
1994-05-23 00:00:00-04:00,0.74429,0.74429,0.74429,0.74429,0,0.0,0.0
1994-05-24 00:00:00-04:00,0.75331,0.75331,0.75331,0.75331,3200,0.0,0.0
1994-05-25 00:00:00-04:00,0.75083,0.75083,0.75083,0.75083,0,0.01138,0.0
1994-05-26 00:00:00-04:00,0.76448,0.76448,0.76448,0.76448,3200,0.0,0.0
1994-05-27 00:00:00-04:00,0.78269,0.78269,0.76448,0.76904,70400,0.0,0.0
1994-05-31 00:00:00-04:00,0.77359,0.78724,0.76904,0.76904,28800,0.0,0.0
1994-06-01 00:00:00-04:00,0.76904,0.76904,0.76904,0.76904,0,0.0,0.0
1994-06-02 00:00:00-04:00,0.76904,0.76904,0.76904,0.76904,0,0.0,0.0
1994-06-03 00:00:00-04:00,0.76904,0.78269,0.76904,0.78269,19200,0.0,0.0
1994-06-06 00:00:00-04:00,0.79179,0.80999,0.78269,0.80999,57600,0.0,0.0
1994-06-07 00:00:00-04:00,0.83729,0.84184,0.83729,0.84184,24000,0.0,0.0
1994-06-08 00:00:00-04:00,0.84184,0.84184,0.82364,0.82364,16000,0.0,0.0
1994-06-09 00:00:00-04:00,0.83274,0.85094,0.83274,0.84639,16000,0.0,0.0
1994-06-10 00:00:00-04:00,0.84184,0.84184,0.83729,0.83729,40000,0.0,0.0
1994-06-13 00:00:00-04:00,0.83729,0.83729,0.83729,0.83729,0,0.0,0.0
1994-06-14 00:00:00-04:00,0.83729,0.83729,0.83729,0.83729,0,0.0,0.0
1994-06-15 00:00:00-04:00,0.83729,0.83729,0.83729,0.83729,0,0.0,0.0
1994-06-16 00:00:00-04:00,0.83729,0.83729,0.83729,0.83729,3200,0.0,0.0
1994-06-17 00:00:00-04:00,0.83729,0.83729,0.83729,0.83729,0,0.0,0.0
1994-06-20 00:00:00-04:00,0.84639,0.84639,0.84639,0.84639,14400,0.0,0.0
1994-06-21 00:00:00-04:00,0.83274,0.83729,0.83274,0.83274,28800,0.0,0.0
1994-06-22 00:00:00-04:00,0.82819,0.82819,0.82819,0.82819,1600,0.0,0.0
1994-06-23 00:00:00-04:00,0.83729,0.83729,0.83729,0.83729,3200,0.0,0.0
1994-06-24 00:00:00-04:00,0.82819,0.83274,0.82364,0.82364,8000,0.0,0.0
1994-06-27 00:00:00-04:00,0.81454,0.81909,0.81454,0.81909,8000,0.0,0.0
1994-06-28 00:00:00-04:00,0.80999,0.80999,0.80999,0.80999,3200,0.0,0.0
1994-06-29 00:00:00-04:00,0.80999,0.80999,0.80999,0.80999,0,0.0,0.0
1994-06-30 00:00:00-04:00,0.81909,0.81909,0.81454,0.81454,20800,0.0,0.0
1994-07-01 00:00:00-04:00,0.81454,0.81454,0.81454,0.81454,0,0.0,0.0
1994-07-05 00:00:00-04:00,0.81454,0.81454,0.81454,0.81454,0,0.0,0.0
1994-07-06 00:00:00-04:00,0.80544,0.80544,0.80544,0.80544,4800,0.0,0.0
1994-07-07 00:00:00-04:00,0.81454,0.81454,0.81454,0.81454,4800,0.0,0.0
1994-07-08 00:00:00-04:00,0.80544,0.80544,0.80089,0.80089,16000,0.0,0.0
1994-07-11 00:00:00-04:00,0.80089,0.80089,0.80089,0.80089,0,0.0,0.0
1994-07-12 00:00:00-04:00,0.80089,0.80089,0.80089,0.80089,0,0.0,0.0
1994-07-13 00:00:00-04:00,0.80089,0.80999,0.80089,0.80999,16000,0.0,0.0
1994-07-14 00:00:00-04:00,0.81909,0.81909,0.80544,0.80544,8000,0.0,0.0
1994-07-15 00:00:00-04:00,0.81454,0.81454,0.81454,0.81454,8000,0.0,0.0
1994-07-18 00:00:00-04:00,0.82819,0.9101,0.82819,0.90555,100800,0.0,0.0
1994-07-19 00:00:00-04:00,0.901,0.901,0.901,0.901,1600,0.0,0.0
1994-07-20 00:00:00-04:00,0.8919,0.8919,0.8828,0.8828,12800,0.0,0.0
1994-07-21 00:00:00-04:00,0.8737,0.87825,0.86915,0.87825,14400,0.0,0.0
1994-07-22 00:00:00-04:00,0.86915,0.86915,0.86915,0.86915,9600,0.0,0.0
1994-07-25 00:00:00-04:00,0.8646,0.8646,0.86005,0.86005,14400,0.0,0.0
1994-07-26 00:00:00-04:00,0.86915,0.86915,0.86005,0.86005,11200,0.0,0.0
1994-07-27 00:00:00-04:00,0.86915,0.86915,0.86915,0.86915,3200,0.0,0.0
1994-07-28 00:00:00-04:00,0.86915,0.8737,0.86915,0.8737,11200,0.0,0.0
1994-07-29 00:00:00-04:00,0.8828,0.89645,0.8828,0.89645,16000,0.0,0.0
1994-08-01 00:00:00-04:00,0.90555,0.9101,0.90555,0.90555,16000,0.0,0.0
1994-08-02 00:00:00-04:00,0.87825,0.88735,0.87825,0.88735,51200,0.0,0.0
1994-08-03 00:00:00-04:00,0.8828,0.8828,0.8737,0.8737,16000,0.0,0.0
1994-08-04 00:00:00-04:00,0.8646,0.8646,0.86005,0.86005,9600,0.0,0.0
1994-08-05 00:00:00-04:00,0.86005,0.86005,0.86005,0.86005,0,0.0,0.0
1994-08-08 00:00:00-04:00,0.85094,0.85094,0.84639,0.84639,14400,0.0,0.0
1994-08-09 00:00:00-04:00,0.83729,0.83729,0.83729,0.83729,4800,0.0,0.0
1994-08-10 00:00:00-04:00,0.84639,0.84639,0.84639,0.84639,8000,0.0,0.0
1994-08-11 00:00:00-04:00,0.83729,0.84639,0.82364,0.82364,19200,0.0,0.0
1994-08-12 00:00:00-04:00,0.83274,0.84639,0.82819,0.82819,32000,0.0,0.0
1994-08-15 00:00:00-04:00,0.83274,0.83274,0.83274,0.83274,3200,0.0,0.0
1994-08-16 00:00:00-04:00,0.81454,0.82819,0.81454,0.82819,27200,0.0,0.0
1994-08-17 00:00:00-04:00,0.82819,0.82819,0.82819,0.82819,1600,0.0,0.0
1994-08-18 00:00:00-04:00,0.82819,0.82819,0.82819,0.82819,0,0.0,0.0
1994-08-19 00:00:00-04:00,0.83729,0.83729,0.83729,0.83729,4800,0.0,0.0
1994-08-22 00:00:00-04:00,0.84639,0.8646,0.84639,0.8646,33600,0.0,0.0
1994-08-23 00:00:00-04:00,0.86915,0.8919,0.86915,0.8919,14400,0.0,0.0
1994-08-24 00:00:00-04:00,0.9192,0.9192,0.9192,0.9192,16000,0.0,0.0
1994-08-25 00:00:00-04:00,0.9101,0.93285,0.9101,0.92375,20800,0.0,0.0
1994-08-26 00:00:00-04:00,0.92126,0.92126,0.92126,0.92126,0,0.01138,0.0
1994-08-29 00:00:00-04:00,0.94418,0.95793,0.94418,0.95334,35200,0.0,0.0
1994-08-30 00:00:00-04:00,0.95334,0.97168,0.95334,0.96251,40000,0.0,0.0
1994-08-31 00:00:00-04:00,0.96251,0.96251,0.93959,0.93959,28800,0.0,0.0
1994-09-01 00:00:00-04:00,0.94876,0.94876,0.94876,0.94876,6400,0.0,0.0
1994-09-02 00:00:00-04:00,0.95793,0.95793,0.94876,0.94876,19200,0.0,0.0
1994-09-06 00:00:00-04:00,0.93959,0.95793,0.93501,0.95793,35200,0.0,0.0
1994-09-07 00:00:00-04:00,0.96251,0.96709,0.96251,0.96709,16000,0.0,0.0
1994-09-08 00:00:00-04:00,0.95793,0.95793,0.91668,0.91668,28800,0.0,0.0
1994-09-09 00:00:00-04:00,0.92126,0.92584,0.92126,0.92584,8000,0.0,0.0
1994-09-12 00:00:00-04:00,0.91668,0.91668,0.90751,0.91668,19200,0.0,0.0
1994-09-13 00:00:00-04:00,0.92584,0.93959,0.92584,0.93959,11200,0.0,0.0
1994-09-14 00:00:00-04:00,0.93043,0.93043,0.93043,0.93043,3200,0.0,0.0
1994-09-15 00:00:00-04:00,0.93043,0.93959,0.93043,0.93959,136000,0.0,0.0
1994-09-16 00:00:00-04:00,0.94418,0.95793,0.94418,0.95334,19200,0.0,0.0
1994-09-19 00:00:00-04:00,0.94418,0.94876,0.93959,0.94876,9600,0.0,0.0
1994-09-20 00:00:00-04:00,0.95793,0.95793,0.94418,0.94418,35200,0.0,0.0
1994-09-21 00:00:00-04:00,0.94876,0.95334,0.94418,0.94418,4800,0.0,0.0
1994-09-22 00:00:00-04:00,0.97626,0.98084,0.96709,0.98084,30400,0.0,0.0
1994-09-23 00:00:00-04:00,0.98543,0.99001,0.98543,0.99001,11200,0.0,0.0
1994-09-26 00:00:00-04:00,0.99918,0.99918,0.99001,0.99001,19200,0.0,0.0
1994-09-27 00:00:00-04:00,0.99459,0.99459,0.99001,0.99001,9600,0.0,0.0
1994-09-28 00:00:00-04:00,0.98084,0.98543,0.96709,0.96709,32000,0.0,0.0
1994-09-29 00:00:00-04:00,0.96709,0.96709,0.96709,0.96709,0,0.0,0.0
1994-09-30 00:00:00-04:00,0.95793,0.95793,0.95334,0.95334,3200,0.0,0.0
1994-10-03 00:00:00-04:00,0.96251,0.96251,0.93959,0.94418,30400,0.0,0.0
1994-10-04 00:00:00-04:00,0.94418,0.94418,0.94418,0.94418,0,0.0,0.0
1994-10-05 00:00:00-04:00,0.94418,0.94418,0.93043,0.93501,22400,0.0,0.0
1994-10-06 00:00:00-04:00,0.93501,0.93501,0.93501,0.93501,0,0.0,0.0
1994-10-07 00:00:00-04:00,0.93501,0.93501,0.93501,0.93501,0,0.0,0.0
1994-10-10 00:00:00-04:00,0.94418,0.95334,0.94418,0.95334,19200,0.0,0.0
1994-10-11 00:00:00-04:00,0.94418,0.94418,0.94418,0.94418,3200,0.0,0.0
1994-10-12 00:00:00-04:00,0.94418,0.94418,0.94418,0.94418,4800,0.0,0.0
1994-10-13 00:00:00-04:00,0.95334,0.95334,0.95334,0.95334,1600,0.0,0.0
1994-10-14 00:00:00-04:00,0.95334,0.96251,0.95334,0.95334,11200,0.0,0.0
1994-10-17 00:00:00-04:00,0.97168,1.02668,0.97168,1.00834,75200,0.0,0.0
1994-10-18 00:00:00-04:00,1.01751,1.01751,0.99918,0.99918,17600,0.0,0.0
1994-10-19 00:00:00-04:00,0.99001,0.99001,0.99001,0.99001,3200,0.0,0.0
1994-10-20 00:00:00-04:00,0.98084,0.98084,0.93501,0.93501,28800,0.0,0.0
1994-10-21 00:00:00-04:00,0.93959,0.94876,0.93959,0.94418,17600,0.0,0.0
1994-10-24 00:00:00-04:00,0.95334,0.95334,0.93959,0.93959,8000,0.0,0.0
1994-10-25 00:00:00-04:00,0.93959,0.93959,0.93959,0.93959,0,0.0,0.0
1994-10-26 00:00:00-04:00,0.93959,0.93959,0.93959,0.93959,0,0.0,0.0
1994-10-27 00:00:00-04:00,0.93501,0.93501,0.90751,0.90751,12800,0.0,0.0
1994-10-28 00:00:00-04:00,0.91209,0.91209,0.91209,0.91209,4800,0.0,0.0
1994-10-31 00:00:00-05:00,0.91668,0.92126,0.91668,0.92126,6400,0.0,0.0
1994-11-01 00:00:00-05:00,0.92126,0.92126,0.89834,0.90293,22400,0.0,0.0
1994-11-02 00:00:00-05:00,0.91209,0.94876,0.91209,0.93043,28800,0.0,0.0
1994-11-03 00:00:00-05:00,0.93959,0.93959,0.93959,0.93959,3200,0.0,0.0
1994-11-04 00:00:00-05:00,0.93043,0.93043,0.91209,0.91209,14400,0.0,0.0
1994-11-07 00:00:00-05:00,0.91209,0.91209,0.91209,0.91209,0,0.0,0.0
1994-11-08 00:00:00-05:00,0.91668,0.91668,0.90751,0.90751,9600,0.0,0.0
1994-11-09 00:00:00-05:00,0.91209,0.91209,0.91209,0.91209,1600,0.0,0.0
1994-11-10 00:00:00-05:00,0.91209,0.91209,0.91209,0.91209,0,0.0,0.0
1994-11-11 00:00:00-05:00,0.94876,0.95334,0.94418,0.95334,54400,0.0,0.0
1994-11-14 00:00:00-05:00,0.89834,0.92126,0.89834,0.90293,64000,0.0,0.0
1994-11-15 00:00:00-05:00,0.90293,0.90293,0.90293,0.90293,0,0.0,0.0
1994-11-16 00:00:00-05:00,0.90293,0.90293,0.90293,0.90293,0,0.0,0.0
1994-11-17 00:00:00-05:00,0.90293,0.90293,0.90293,0.90293,0,0.0,0.0
1994-11-18 00:00:00-05:00,0.89376,0.89376,0.89376,0.89376,4800,0.0,0.0
1994-11-21 00:00:00-05:00,0.89376,0.89376,0.89376,0.89376,0,0.0,0.0
1994-11-22 00:00:00-05:00,0.88918,0.89834,0.88918,0.89834,4800,0.0,0.0
1994-11-23 00:00:00-05:00,0.89376,0.89376,0.89376,0.89376,4800,0.0,0.0
1994-11-25 00:00:00-05:00,0.89125,0.89125,0.89125,0.89125,0,0.01138,0.0
1994-11-28 00:00:00-05:00,0.89586,0.89586,0.89586,0.89586,4800,0.0,0.0
1994-11-29 00:00:00-05:00,0.90048,0.90048,0.89586,0.90048,16000,0.0,0.0
1994-11-30 00:00:00-05:00,0.89125,0.89125,0.89125,0.89125,1600,0.0,0.0
1994-12-01 00:00:00-05:00,0.89125,0.89125,0.86354,0.86354,27200,0.0,0.0
1994-12-02 00:00:00-05:00,0.86816,0.87739,0.86816,0.87739,4800,0.0,0.0
1994-12-05 00:00:00-05:00,0.87739,0.87739,0.87739,0.87739,6400,0.0,0.0
1994-12-06 00:00:00-05:00,0.86816,0.86816,0.84969,0.84969,25600,0.0,0.0
1994-12-07 00:00:00-05:00,0.84045,0.84507,0.83583,0.83583,9600,0.0,0.0
1994-12-08 00:00:00-05:00,0.84045,0.84045,0.84045,0.84045,4800,0.0,0.0
1994-12-09 00:00:00-05:00,0.84045,0.84045,0.84045,0.84045,0,0.0,0.0
1994-12-12 00:00:00-05:00,0.83121,0.83583,0.83121,0.83583,12800,0.0,0.0
1994-12-13 00:00:00-05:00,0.84507,0.84507,0.83583,0.83583,6400,0.0,0.0
1994-12-14 00:00:00-05:00,0.8266,0.8266,0.81274,0.81274,9600,0.0,0.0
1994-12-15 00:00:00-05:00,0.81736,0.81736,0.80351,0.80351,20800,0.0,0.0
1994-12-16 00:00:00-05:00,0.80813,0.80813,0.80351,0.80351,12800,0.0,0.0
1994-12-19 00:00:00-05:00,0.83121,0.84045,0.83121,0.83121,35200,0.0,0.0
1994-12-20 00:00:00-05:00,0.84045,0.84045,0.84045,0.84045,1600,0.0,0.0
1994-12-21 00:00:00-05:00,0.84969,0.84969,0.84969,0.84969,3200,0.0,0.0
1994-12-22 00:00:00-05:00,0.84969,0.84969,0.84969,0.84969,1600,0.0,0.0
1994-12-23 00:00:00-05:00,0.85892,0.86816,0.85892,0.85892,11200,0.0,0.0
1994-12-27 00:00:00-05:00,0.86816,0.87278,0.86816,0.87278,8000,0.0,0.0
1994-12-28 00:00:00-05:00,0.87278,0.87278,0.87278,0.87278,0,0.0,0.0
1994-12-29 00:00:00-05:00,0.88201,0.88201,0.88201,0.88201,1600,0.0,0.0
1994-12-30 00:00:00-05:00,0.88201,0.88201,0.88201,0.88201,0,0.0,0.0
1995-01-03 00:00:00-05:00,0.87739,0.87739,0.87739,0.87739,4800,0.0,0.0
1995-01-04 00:00:00-05:00,0.88201,0.88201,0.88201,0.88201,3200,0.0,0.0
1995-01-05 00:00:00-05:00,0.89125,0.89125,0.89125,0.89125,3200,0.0,0.0
1995-01-06 00:00:00-05:00,0.88201,0.88201,0.88201,0.88201,1600,0.0,0.0
1995-01-09 00:00:00-05:00,0.86816,0.86816,0.8543,0.8543,22400,0.0,0.0
1995-01-10 00:00:00-05:00,0.8543,0.8543,0.8543,0.8543,0,0.0,0.0
1995-01-11 00:00:00-05:00,0.8543,0.8543,0.8543,0.8543,0,0.0,0.0
1995-01-12 00:00:00-05:00,0.85892,0.85892,0.84507,0.84507,11200,0.0,0.0
1995-01-13 00:00:00-05:00,0.84507,0.84507,0.84507,0.84507,0,0.0,0.0
1995-01-16 00:00:00-05:00,0.83583,0.83583,0.83583,0.83583,1600,0.0,0.0
1995-01-17 00:00:00-05:00,0.84507,0.84969,0.84045,0.84045,27200,0.0,0.0
1995-01-18 00:00:00-05:00,0.84045,0.84045,0.84045,0.84045,0,0.0,0.0
1995-01-19 00:00:00-05:00,0.84969,0.84969,0.84045,0.84045,6400,0.0,0.0
1995-01-20 00:00:00-05:00,0.84045,0.84045,0.84045,0.84045,0,0.0,0.0
1995-01-23 00:00:00-05:00,0.84969,0.84969,0.84045,0.84045,6400,0.0,0.0
1995-01-24 00:00:00-05:00,0.84045,0.84045,0.84045,0.84045,0,0.0,0.0
1995-01-25 00:00:00-05:00,0.83121,0.83121,0.8266,0.8266,49600,0.0,0.0
1995-01-26 00:00:00-05:00,0.82198,0.82198,0.82198,0.82198,27200,0.0,0.0
1995-01-27 00:00:00-05:00,0.83121,0.83121,0.81736,0.81736,14400,0.0,0.0
1995-01-30 00:00:00-05:00,0.8266,0.83583,0.8266,0.83583,16000,0.0,0.0
1995-01-31 00:00:00-05:00,0.84045,0.84507,0.83121,0.83121,11200,0.0,0.0
1995-02-01 00:00:00-05:00,0.83583,0.84969,0.83583,0.84969,11200,0.0,0.0
1995-02-02 00:00:00-05:00,0.84045,0.84045,0.84045,0.84045,1600,0.0,0.0
1995-02-03 00:00:00-05:00,0.84507,0.84507,0.84507,0.84507,3200,0.0,0.0
1995-02-06 00:00:00-05:00,0.84507,0.84507,0.84507,0.84507,0,0.0,0.0
1995-02-07 00:00:00-05:00,0.85892,0.85892,0.84969,0.84969,38400,0.0,0.0
1995-02-08 00:00:00-05:00,0.84969,0.84969,0.84969,0.84969,0,0.0,0.0
1995-02-09 00:00:00-05:00,0.84969,0.84969,0.84969,0.84969,25600,0.0,0.0
1995-02-10 00:00:00-05:00,0.84045,0.84969,0.84045,0.84969,8000,0.0,0.0
1995-02-13 00:00:00-05:00,0.84045,0.84045,0.83121,0.83583,14400,0.0,0.0
1995-02-14 00:00:00-05:00,0.83583,0.83583,0.83583,0.83583,0,0.0,0.0
1995-02-15 00:00:00-05:00,0.8266,0.8266,0.8266,0.8266,3200,0.0,0.0
1995-02-16 00:00:00-05:00,0.82198,0.82198,0.82198,0.82198,8000,0.0,0.0
1995-02-17 00:00:00-05:00,0.81736,0.84045,0.81736,0.84045,33600,0.0,0.0
1995-02-21 00:00:00-05:00,0.84507,0.84969,0.84507,0.84507,12800,0.0,0.0
1995-02-22 00:00:00-05:00,0.84045,0.84045,0.83121,0.83121,6400,0.0,0.0
1995-02-23 00:00:00-05:00,0.82868,0.83799,0.82868,0.83799,9600,0.01138,0.0
1995-02-24 00:00:00-05:00,0.83799,0.83799,0.83799,0.83799,0,0.0,0.0
1995-02-27 00:00:00-05:00,0.83799,0.83799,0.83799,0.83799,0,0.0,0.0
1995-02-28 00:00:00-05:00,0.83799,0.83799,0.83799,0.83799,3200,0.0,0.0
1995-03-01 00:00:00-05:00,0.83799,0.8473,0.83799,0.8473,22400,0.0,0.0
1995-03-02 00:00:00-05:00,0.83799,0.83799,0.83799,0.83799,6400,0.0,0.0
1995-03-03 00:00:00-05:00,0.83799,0.83799,0.83799,0.83799,0,0.0,0.0
1995-03-06 00:00:00-05:00,0.82868,0.83799,0.82403,0.83799,35200,0.0,0.0
1995-03-07 00:00:00-05:00,0.83334,0.83799,0.83334,0.83799,4800,0.0,0.0
1995-03-08 00:00:00-05:00,0.8473,0.8473,0.8473,0.8473,3200,0.0,0.0
1995-03-09 00:00:00-05:00,0.85662,0.85662,0.8473,0.85662,27200,0.0,0.0
1995-03-10 00:00:00-05:00,0.85196,0.85196,0.85196,0.85196,4800,0.0,0.0
1995-03-13 00:00:00-05:00,0.84265,0.86593,0.84265,0.85662,438400,0.0,0.0
1995-03-14 00:00:00-05:00,0.86593,0.86593,0.85662,0.85662,14400,0.0,0.0
1995-03-15 00:00:00-05:00,0.85662,0.85662,0.85662,0.85662,0,0.0,0.0
1995-03-16 00:00:00-05:00,0.85662,0.85662,0.85662,0.85662,0,0.0,0.0
1995-03-17 00:00:00-05:00,0.85662,0.85662,0.85662,0.85662,0,0.0,0.0
1995-03-20 00:00:00-05:00,0.8473,0.8473,0.8473,0.8473,4800,0.0,0.0
1995-03-21 00:00:00-05:00,0.83799,0.83799,0.83799,0.83799,1600,0.0,0.0
1995-03-22 00:00:00-05:00,0.82868,0.82868,0.82403,0.82403,8000,0.0,0.0
1995-03-23 00:00:00-05:00,0.83334,0.83334,0.82868,0.82868,4800,0.0,0.0
1995-03-24 00:00:00-05:00,0.83799,0.83799,0.82868,0.83799,64000,0.0,0.0
1995-03-27 00:00:00-05:00,0.8473,0.86127,0.8473,0.86127,110400,0.0,0.0
1995-03-28 00:00:00-05:00,0.85662,0.85662,0.85662,0.85662,1600,0.0,0.0
1995-03-29 00:00:00-05:00,0.86593,0.87989,0.86593,0.87989,9600,0.0,0.0
1995-03-30 00:00:00-05:00,0.87058,0.8892,0.87058,0.87989,20800,0.0,0.0
1995-03-31 00:00:00-05:00,0.87058,0.87058,0.87058,0.87058,6400,0.0,0.0
1995-04-03 00:00:00-04:00,0.87989,0.87989,0.87989,0.87989,3200,0.0,0.0
1995-04-04 00:00:00-04:00,0.87058,0.87058,0.86593,0.86593,9600,0.0,0.0
1995-04-05 00:00:00-04:00,0.87524,0.88455,0.85661,0.87989,73600,0.0,0.0
1995-04-06 00:00:00-04:00,0.88455,0.88455,0.88455,0.88455,3200,0.0,0.0
1995-04-07 00:00:00-04:00,0.89386,0.90317,0.89386,0.90317,6400,0.0,0.0
1995-04-10 00:00:00-04:00,0.91248,0.91714,0.91248,0.91714,11200,0.0,0.0
1995-04-11 00:00:00-04:00,0.91714,0.91714,0.91714,0.91714,0,0.0,0.0
1995-04-12 00:00:00-04:00,0.90783,0.91248,0.90317,0.91248,17600,0.0,0.0
1995-04-13 00:00:00-04:00,0.90783,0.91714,0.90783,0.90783,12800,0.0,0.0
1995-04-17 00:00:00-04:00,0.91248,0.91248,0.91248,0.91248,3200,0.0,0.0
1995-04-18 00:00:00-04:00,0.91714,0.92645,0.91714,0.91714,20800,0.0,0.0
1995-04-19 00:00:00-04:00,0.92645,0.94041,0.92645,0.93576,16000,0.0,0.0
1995-04-20 00:00:00-04:00,0.94507,0.95438,0.94507,0.94507,8000,0.0,0.0
1995-04-21 00:00:00-04:00,0.95438,0.95438,0.93576,0.94507,24000,0.0,0.0
1995-04-24 00:00:00-04:00,0.94507,0.94507,0.94507,0.94507,11200,0.0,0.0
1995-04-25 00:00:00-04:00,0.94041,0.94041,0.91248,0.91248,28800,0.0,0.0
1995-04-26 00:00:00-04:00,0.91248,0.91248,0.91248,0.91248,0,0.0,0.0
1995-04-27 00:00:00-04:00,0.90783,0.90783,0.89386,0.89386,19200,0.0,0.0
1995-04-28 00:00:00-04:00,0.90317,0.90317,0.90317,0.90317,1600,0.0,0.0
1995-05-01 00:00:00-04:00,0.90783,0.90783,0.90783,0.90783,1600,0.0,0.0
1995-05-02 00:00:00-04:00,0.89851,0.89851,0.89851,0.89851,3200,0.0,0.0
1995-05-03 00:00:00-04:00,0.89851,0.89851,0.89851,0.89851,0,0.0,0.0
1995-05-04 00:00:00-04:00,0.90317,0.90317,0.90317,0.90317,1600,0.0,0.0
1995-05-05 00:00:00-04:00,0.90317,0.90317,0.90317,0.90317,0,0.0,0.0
1995-05-08 00:00:00-04:00,0.89386,0.90317,0.89386,0.90317,3200,0.0,0.0
1995-05-09 00:00:00-04:00,0.90317,0.91248,0.90317,0.91248,6400,0.0,0.0
1995-05-10 00:00:00-04:00,0.91248,0.91248,0.91248,0.91248,4800,0.0,0.0
1995-05-11 00:00:00-04:00,0.91248,0.91248,0.91248,0.91248,0,0.0,0.0
1995-05-12 00:00:00-04:00,0.90783,0.90783,0.90783,0.90783,4800,0.0,0.0
1995-05-15 00:00:00-04:00,0.91248,0.91248,0.91248,0.91248,1600,0.0,0.0
1995-05-16 00:00:00-04:00,0.92179,0.92179,0.92179,0.92179,1600,0.0,0.0
1995-05-17 00:00:00-04:00,0.91248,0.91248,0.91248,0.91248,4800,0.0,0.0
1995-05-18 00:00:00-04:00,0.92179,0.92645,0.92179,0.92645,6400,0.0,0.0
1995-05-19 00:00:00-04:00,0.91714,0.94507,0.91248,0.94507,80000,0.0,0.0
1995-05-22 00:00:00-04:00,0.96835,0.98231,0.96835,0.97766,28800,0.0,0.0
1995-05-23 00:00:00-04:00,0.97766,0.97766,0.96835,0.96835,20800,0.0,0.0
1995-05-24 00:00:00-04:00,0.95904,0.95904,0.95904,0.95904,3200,0.0,0.0
1995-05-25 00:00:00-04:00,0.95716,0.95716,0.95716,0.95716,0,0.0125,0.0
1995-05-26 00:00:00-04:00,0.95247,0.95247,0.95247,0.95247,1600,0.0,0.0
1995-05-30 00:00:00-04:00,0.95247,0.95247,0.94778,0.94778,3200,0.0,0.0
1995-05-31 00:00:00-04:00,0.94778,0.94778,0.94778,0.94778,0,0.0,0.0
1995-06-01 00:00:00-04:00,0.94778,0.94778,0.94778,0.94778,0,0.0,0.0
1995-06-02 00:00:00-04:00,0.94778,0.94778,0.94778,0.94778,8000,0.0,0.0
1995-06-05 00:00:00-04:00,0.94778,0.94778,0.94778,0.94778,0,0.0,0.0
1995-06-06 00:00:00-04:00,0.95716,0.95716,0.95716,0.95716,1600,0.0,0.0
1995-06-07 00:00:00-04:00,0.96654,0.97124,0.96185,0.96185,12800,0.0,0.0
1995-06-08 00:00:00-04:00,0.96654,0.96654,0.96654,0.96654,1600,0.0,0.0
1995-06-09 00:00:00-04:00,0.97593,0.97593,0.97124,0.97124,8000,0.0,0.0
1995-06-12 00:00:00-04:00,0.98062,0.99,0.98062,0.99,9600,0.0,0.0
1995-06-13 00:00:00-04:00,0.99,0.99,0.99,0.99,0,0.0,0.0
1995-06-14 00:00:00-04:00,0.99,0.99,0.99,0.99,0,0.0,0.0
1995-06-15 00:00:00-04:00,0.99,0.99,0.99,0.99,0,0.0,0.0
1995-06-16 00:00:00-04:00,0.99,0.99,0.99,0.99,0,0.0,0.0
1995-06-19 00:00:00-04:00,0.98062,0.98062,0.98062,0.98062,4800,0.0,0.0
1995-06-20 00:00:00-04:00,0.97593,0.97593,0.97593,0.97593,4800,0.0,0.0
1995-06-21 00:00:00-04:00,0.96654,0.96654,0.96185,0.96185,6400,0.0,0.0
1995-06-22 00:00:00-04:00,0.95247,0.95247,0.95247,0.95247,3200,0.0,0.0
1995-06-23 00:00:00-04:00,0.94308,0.94308,0.94308,0.94308,1600,0.0,0.0
1995-06-26 00:00:00-04:00,0.95716,0.97124,0.95716,0.97124,17600,0.0,0.0
1995-06-27 00:00:00-04:00,0.91962,0.92432,0.91493,0.92432,137600,0.0,0.0
1995-06-28 00:00:00-04:00,0.91962,0.91962,0.91493,0.91493,9600,0.0,0.0
1995-06-29 00:00:00-04:00,0.91024,0.91024,0.90086,0.90086,6400,0.0,0.0
1995-06-30 00:00:00-04:00,0.89147,0.89147,0.88209,0.88678,12800,0.0,0.0
1995-07-03 00:00:00-04:00,0.88678,0.88678,0.88678,0.88678,0,0.0,0.0
1995-07-05 00:00:00-04:00,0.89147,0.89616,0.89147,0.89616,6400,0.0,0.0
1995-07-06 00:00:00-04:00,0.89147,0.89147,0.88209,0.88678,222400,0.0,0.0
1995-07-07 00:00:00-04:00,0.8774,0.8774,0.8774,0.8774,4800,0.0,0.0
1995-07-10 00:00:00-04:00,0.88678,0.88678,0.8774,0.8774,3200,0.0,0.0
1995-07-11 00:00:00-04:00,0.8727,0.8774,0.86801,0.8774,14400,0.0,0.0
1995-07-12 00:00:00-04:00,0.88678,0.91493,0.88209,0.91493,33600,0.0,0.0
1995-07-13 00:00:00-04:00,0.92901,0.95716,0.92901,0.94778,232000,0.0,0.0
1995-07-14 00:00:00-04:00,0.95716,0.98531,0.95716,0.95716,43200,0.0,0.0
1995-07-17 00:00:00-04:00,0.96185,0.96654,0.95247,0.96654,12800,0.0,0.0
1995-07-18 00:00:00-04:00,0.96654,0.96654,0.96654,0.96654,6400,0.0,0.0
1995-07-19 00:00:00-04:00,0.97124,0.97124,0.95716,0.95716,20800,0.0,0.0
1995-07-20 00:00:00-04:00,0.95716,0.95716,0.95716,0.95716,1600,0.0,0.0
1995-07-21 00:00:00-04:00,0.96654,0.99939,0.96185,0.99939,28800,0.0,0.0
1995-07-24 00:00:00-04:00,1.00408,1.00408,0.9947,0.9947,6400,0.0,0.0
1995-07-25 00:00:00-04:00,0.98531,0.98531,0.97124,0.97124,24000,0.0,0.0
1995-07-26 00:00:00-04:00,0.96185,0.96185,0.96185,0.96185,6400,0.0,0.0
1995-07-27 00:00:00-04:00,0.95247,0.95247,0.95247,0.95247,1600,0.0,0.0
1995-07-28 00:00:00-04:00,0.95247,0.95247,0.95247,0.95247,0,0.0,0.0
1995-07-31 00:00:00-04:00,0.94308,0.94308,0.94308,0.94308,1600,0.0,0.0
1995-08-01 00:00:00-04:00,0.93839,0.93839,0.93839,0.93839,3200,0.0,0.0
1995-08-02 00:00:00-04:00,0.93839,0.93839,0.93839,0.93839,0,0.0,0.0
1995-08-03 00:00:00-04:00,0.93839,0.93839,0.93839,0.93839,0,0.0,0.0
1995-08-04 00:00:00-04:00,0.93839,0.93839,0.93839,0.93839,0,0.0,0.0
1995-08-07 00:00:00-04:00,0.93839,0.93839,0.9337,0.9337,9600,0.0,0.0
1995-08-08 00:00:00-04:00,0.9337,0.9337,0.9337,0.9337,0,0.0,0.0
1995-08-09 00:00:00-04:00,0.94308,0.94308,0.94308,0.94308,3200,0.0,0.0
1995-08-10 00:00:00-04:00,0.94778,0.95716,0.94778,0.95716,9600,0.0,0.0
1995-08-11 00:00:00-04:00,0.96185,0.97124,0.96185,0.97124,16000,0.0,0.0
1995-08-14 00:00:00-04:00,0.97124,0.97124,0.97124,0.97124,0,0.0,0.0
1995-08-15 00:00:00-04:00,0.97593,0.97593,0.97593,0.97593,1600,0.0,0.0
1995-08-16 00:00:00-04:00,0.97593,0.97593,0.97593,0.97593,0,0.0,0.0
1995-08-17 00:00:00-04:00,0.97593,0.97593,0.97593,0.97593,0,0.0,0.0
1995-08-18 00:00:00-04:00,0.97593,0.97593,0.97593,0.97593,0,0.0,0.0
1995-08-21 00:00:00-04:00,0.97593,0.97593,0.97593,0.97593,0,0.0,0.0
1995-08-22 00:00:00-04:00,0.97124,0.97124,0.97124,0.97124,1600,0.0,0.0
1995-08-23 00:00:00-04:00,0.96654,0.96654,0.96654,0.96654,3200,0.0,0.0
1995-08-24 00:00:00-04:00,0.96654,0.96654,0.96654,0.96654,0,0.0,0.0
1995-08-25 00:00:00-04:00,0.95716,0.95716,0.95716,0.95716,1600,0.0,0.0
1995-08-28 00:00:00-04:00,0.95716,0.95716,0.95716,0.95716,0,0.0,0.0
1995-08-29 00:00:00-04:00,0.95716,0.95716,0.95716,0.95716,0,0.0,0.0
1995-08-30 00:00:00-04:00,0.95527,0.95527,0.95527,0.95527,0,0.0125,0.0
1995-08-31 00:00:00-04:00,0.95527,0.95527,0.95527,0.95527,0,0.0,0.0
1995-09-01 00:00:00-04:00,0.95054,0.95054,0.95054,0.95054,36800,0.0,0.0
1995-09-05 00:00:00-04:00,0.94581,0.94581,0.94108,0.94108,20800,0.0,0.0
1995-09-06 00:00:00-04:00,0.95054,0.95054,0.94108,0.94108,17600,0.0,0.0
1995-09-07 00:00:00-04:00,0.95054,0.96473,0.95054,0.96473,8000,0.0,0.0
1995-09-08 00:00:00-04:00,0.96473,0.97418,0.96473,0.97418,8000,0.0,0.0
1995-09-11 00:00:00-04:00,0.98837,0.98837,0.97891,0.97891,9600,0.0,0.0
1995-09-12 00:00:00-04:00,0.97891,0.98837,0.97891,0.98837,4800,0.0,0.0
1995-09-13 00:00:00-04:00,1.00256,1.00729,1.00256,1.00729,8000,0.0,0.0
1995-09-14 00:00:00-04:00,1.01202,1.01202,1.00256,1.00256,3200,0.0,0.0
1995-09-15 00:00:00-04:00,1.00256,1.00256,1.00256,1.00256,0,0.0,0.0
1995-09-18 00:00:00-04:00,0.9931,0.9931,0.98837,0.98837,3200,0.0,0.0
1995-09-19 00:00:00-04:00,0.98364,0.98364,0.97418,0.97418,16000,0.0,0.0
1995-09-20 00:00:00-04:00,0.96473,0.96473,0.96,0.96,6400,0.0,0.0
1995-09-21 00:00:00-04:00,0.96,0.97891,0.96,0.97891,11200,0.0,0.0
1995-09-22 00:00:00-04:00,0.97891,0.97891,0.97891,0.97891,0,0.0,0.0
1995-09-25 00:00:00-04:00,0.98364,1.00256,0.98364,0.99783,75200,0.0,0.0
1995-09-26 00:00:00-04:00,1.01202,1.01202,0.99783,0.99783,17600,0.0,0.0
1995-09-27 00:00:00-04:00,0.9931,0.9931,0.9931,0.9931,14400,0.0,0.0
1995-09-28 00:00:00-04:00,0.9931,0.9931,0.9931,0.9931,3200,0.0,0.0
1995-09-29 00:00:00-04:00,1.00256,1.00256,0.9931,0.9931,8000,0.0,0.0
1995-10-02 00:00:00-04:00,0.99783,0.99783,0.9931,0.9931,30400,0.0,0.0
1995-10-03 00:00:00-04:00,0.9931,0.9931,0.9931,0.9931,32000,0.0,0.0
1995-10-04 00:00:00-04:00,0.9931,0.9931,0.9931,0.9931,0,0.0,0.0
1995-10-05 00:00:00-04:00,0.98364,0.98364,0.98364,0.98364,12800,0.0,0.0
1995-10-06 00:00:00-04:00,0.98364,0.98364,0.98364,0.98364,0,0.0,0.0
1995-10-09 00:00:00-04:00,0.97418,0.97418,0.96946,0.96946,16000,0.0,0.0
1995-10-10 00:00:00-04:00,0.93635,0.94108,0.93635,0.94108,20800,0.0,0.0
1995-10-11 00:00:00-04:00,0.94108,0.94108,0.94108,0.94108,0,0.0,0.0
1995-10-12 00:00:00-04:00,0.94108,0.94108,0.94108,0.94108,0,0.0,0.0
1995-10-13 00:00:00-04:00,0.94581,0.94581,0.94581,0.94581,4800,0.0,0.0
1995-10-16 00:00:00-04:00,0.94108,0.94108,0.94108,0.94108,9600,0.0,0.0
1995-10-17 00:00:00-04:00,0.94108,0.94108,0.94108,0.94108,3200,0.0,0.0
1995-10-18 00:00:00-04:00,0.94108,0.94108,0.94108,0.94108,16000,0.0,0.0
1995-10-19 00:00:00-04:00,0.94108,0.94108,0.94108,0.94108,24000,0.0,0.0
1995-10-20 00:00:00-04:00,0.94108,0.94108,0.94108,0.94108,0,0.0,0.0
1995-10-23 00:00:00-04:00,0.94108,0.94108,0.94108,0.94108,6400,0.0,0.0
1995-10-24 00:00:00-04:00,0.94108,0.94108,0.94108,0.94108,16000,0.0,0.0
1995-10-25 00:00:00-04:00,0.94108,0.94108,0.94108,0.94108,8000,0.0,0.0
1995-10-26 00:00:00-04:00,0.95527,0.95527,0.94581,0.94581,43200,0.0,0.0
1995-10-27 00:00:00-04:00,0.94581,0.94581,0.94581,0.94581,20800,0.0,0.0
1995-10-30 00:00:00-05:00,0.94581,0.94581,0.94581,0.94581,46400,0.0,0.0
1995-10-31 00:00:00-05:00,0.94581,0.94581,0.94581,0.94581,0,0.0,0.0
1995-11-01 00:00:00-05:00,0.94581,0.94581,0.94581,0.94581,0,0.0,0.0
1995-11-02 00:00:00-05:00,0.94581,0.94581,0.94581,0.94581,8000,0.0,0.0
1995-11-03 00:00:00-05:00,0.94581,0.94581,0.94581,0.94581,16000,0.0,0.0
1995-11-06 00:00:00-05:00,0.94581,0.96,0.94581,0.96,136000,0.0,0.0
1995-11-07 00:00:00-05:00,0.95054,0.95054,0.94581,0.94581,6400,0.0,0.0
1995-11-08 00:00:00-05:00,0.93635,0.94581,0.93635,0.94581,6400,0.0,0.0
1995-11-09 00:00:00-05:00,0.94581,0.94581,0.94581,0.94581,32000,0.0,0.0
1995-11-10 00:00:00-05:00,0.94581,0.94581,0.94581,0.94581,0,0.0,0.0
1995-11-13 00:00:00-05:00,0.94108,0.94581,0.94108,0.94581,6400,0.0,0.0
1995-11-14 00:00:00-05:00,0.93635,0.93635,0.91744,0.91744,24000,0.0,0.0
1995-11-15 00:00:00-05:00,0.92217,0.92217,0.91271,0.91271,155200,0.0,0.0
1995-11-16 00:00:00-05:00,0.90798,0.92689,0.90798,0.91271,227200,0.0,0.0
1995-11-17 00:00:00-05:00,0.91271,0.91271,0.90798,0.90798,12800,0.0,0.0
1995-11-20 00:00:00-05:00,0.90798,0.90798,0.90798,0.90798,16000,0.0,0.0
1995-11-21 00:00:00-05:00,0.91744,0.91744,0.91744,0.91744,1600,0.0,0.0
1995-11-22 00:00:00-05:00,0.91271,0.91271,0.91271,0.91271,4800,0.0,0.0
1995-11-24 00:00:00-05:00,0.90798,0.90798,0.90798,0.90798,40000,0.0,0.0
1995-11-27 00:00:00-05:00,0.90798,0.92216,0.90798,0.92216,41600,0.0,0.0
1995-11-28 00:00:00-05:00,0.92216,0.92216,0.92216,0.92216,0,0.0,0.0
1995-11-29 00:00:00-05:00,0.92026,0.92503,0.91549,0.91549,198400,0.0125,0.0
1995-11-30 00:00:00-05:00,0.90595,0.90595,0.90595,0.90595,3200,0.0,0.0
1995-12-01 00:00:00-05:00,0.87734,0.89642,0.87734,0.88688,32000,0.0,0.0
1995-12-04 00:00:00-05:00,0.88688,0.88688,0.88688,0.88688,0,0.0,0.0
1995-12-05 00:00:00-05:00,0.87258,0.87734,0.87258,0.87734,19200,0.0,0.0
1995-12-06 00:00:00-05:00,0.88688,0.88688,0.88688,0.88688,8000,0.0,0.0
1995-12-07 00:00:00-05:00,0.88688,0.88688,0.88688,0.88688,17600,0.0,0.0
1995-12-08 00:00:00-05:00,0.87734,0.88688,0.87734,0.88688,9600,0.0,0.0
1995-12-11 00:00:00-05:00,0.89642,0.95363,0.89642,0.95363,252800,0.0,0.0
1995-12-12 00:00:00-05:00,0.94887,0.9584,0.94887,0.9584,6400,0.0,0.0
1995-12-13 00:00:00-05:00,0.96794,0.98701,0.96794,0.98224,19200,0.0,0.0
1995-12-14 00:00:00-05:00,0.99178,0.99178,0.99178,0.99178,3200,0.0,0.0
1995-12-15 00:00:00-05:00,0.99178,0.99178,0.99178,0.99178,8000,0.0,0.0
1995-12-18 00:00:00-05:00,0.99178,0.99178,0.99178,0.99178,12800,0.0,0.0
1995-12-19 00:00:00-05:00,0.99178,0.99178,0.98224,0.99178,17600,0.0,0.0
1995-12-20 00:00:00-05:00,0.98224,1.01085,0.98224,0.99655,22400,0.0,0.0
1995-12-21 00:00:00-05:00,1.00609,1.02039,1.00609,1.02039,8000,0.0,0.0
1995-12-22 00:00:00-05:00,1.02993,1.02993,1.02039,1.02039,4800,0.0,0.0
1995-12-26 00:00:00-05:00,1.00132,1.02039,1.00132,1.01562,16000,0.0,0.0
1995-12-27 00:00:00-05:00,1.01562,1.01562,1.01562,1.01562,0,0.0,0.0
1995-12-28 00:00:00-05:00,1.01085,1.01085,1.01085,1.01085,14400,0.0,0.0
1995-12-29 00:00:00-05:00,1.01085,1.01085,1.01085,1.01085,1600,0.0,0.0
1996-01-02 00:00:00-05:00,1.00608,1.00608,0.98224,0.98224,30400,0.0,0.0
1996-01-03 00:00:00-05:00,0.98224,0.98224,0.98224,0.98224,8000,0.0,0.0
1996-01-04 00:00:00-05:00,0.98224,0.98224,0.96317,0.96317,67200,0.0,0.0
1996-01-05 00:00:00-05:00,0.95363,0.95363,0.95363,0.95363,240000,0.0,0.0
1996-01-08 00:00:00-05:00,0.96317,0.96794,0.96317,0.96794,3200,0.0,0.0
1996-01-09 00:00:00-05:00,0.96317,0.96794,0.96317,0.96794,8000,0.0,0.0
1996-01-10 00:00:00-05:00,0.9584,0.9584,0.95363,0.95363,12800,0.0,0.0
1996-01-11 00:00:00-05:00,0.95363,0.95363,0.95363,0.95363,0,0.0,0.0
1996-01-12 00:00:00-05:00,0.95363,0.95363,0.95363,0.95363,0,0.0,0.0
1996-01-15 00:00:00-05:00,0.95363,0.95363,0.95363,0.95363,3200,0.0,0.0
1996-01-16 00:00:00-05:00,0.94887,0.94887,0.9441,0.9441,41600,0.0,0.0
1996-01-17 00:00:00-05:00,0.95363,0.95363,0.95363,0.95363,3200,0.0,0.0
1996-01-18 00:00:00-05:00,0.95363,0.95363,0.95363,0.95363,9600,0.0,0.0
1996-01-19 00:00:00-05:00,0.95363,0.95363,0.95363,0.95363,0,0.0,0.0
1996-01-22 00:00:00-05:00,0.96794,0.99178,0.96794,0.99178,9600,0.0,0.0
1996-01-23 00:00:00-05:00,1.02039,1.05853,1.02039,1.05853,35200,0.0,0.0
1996-01-24 00:00:00-05:00,1.05853,1.0633,1.05377,1.0633,41600,0.0,0.0
1996-01-25 00:00:00-05:00,1.06807,1.06807,1.06807,1.06807,3200,0.0,0.0
1996-01-26 00:00:00-05:00,1.0633,1.0633,1.0633,1.0633,4800,0.0,0.0
1996-01-29 00:00:00-05:00,1.05853,1.05853,1.03469,1.03469,16000,0.0,0.0
1996-01-30 00:00:00-05:00,1.03946,1.049,1.03946,1.03946,14400,0.0,0.0
1996-01-31 00:00:00-05:00,1.02993,1.02993,1.02516,1.02516,4800,0.0,0.0
1996-02-01 00:00:00-05:00,1.03946,1.04423,1.02992,1.02992,22400,0.0,0.0
1996-02-02 00:00:00-05:00,1.02993,1.04423,1.02993,1.04423,48000,0.0,0.0
1996-02-05 00:00:00-05:00,1.03469,1.03469,1.03469,1.03469,20800,0.0,0.0
1996-02-06 00:00:00-05:00,1.03469,1.03469,1.03469,1.03469,0,0.0,0.0
1996-02-07 00:00:00-05:00,1.02992,1.02992,1.02992,1.02992,17600,0.0,0.0
1996-02-08 00:00:00-05:00,1.02516,1.02516,1.02516,1.02516,4800,0.0,0.0
1996-02-09 00:00:00-05:00,1.02516,1.02516,1.02516,1.02516,24000,0.0,0.0
1996-02-12 00:00:00-05:00,1.03469,1.04423,1.03469,1.04423,220800,0.0,0.0
1996-02-13 00:00:00-05:00,1.049,1.049,1.049,1.049,1600,0.0,0.0
1996-02-14 00:00:00-05:00,1.05853,1.05853,1.05377,1.05377,4800,0.0,0.0
1996-02-15 00:00:00-05:00,1.0633,1.09191,1.0633,1.09191,11200,0.0,0.0
1996-02-16 00:00:00-05:00,1.10145,1.10145,1.08238,1.08238,25600,0.0,0.0
1996-02-20 00:00:00-05:00,1.07761,1.07761,1.06807,1.06807,6400,0.0,0.0
1996-02-21 00:00:00-05:00,1.07761,1.07761,1.06807,1.07761,6400,0.0,0.0
1996-02-22 00:00:00-05:00,1.08238,1.08238,1.08238,1.08238,3200,0.0,0.0
1996-02-23 00:00:00-05:00,1.09191,1.09191,1.08714,1.08714,57600,0.0,0.0
1996-02-26 00:00:00-05:00,1.08238,1.08238,1.07761,1.07761,8000,0.0,0.0
1996-02-27 00:00:00-05:00,1.07088,1.08049,1.07088,1.07569,19200,0.0125,0.0
1996-02-28 00:00:00-05:00,1.07088,1.07088,1.07088,1.07088,1600,0.0,0.0
1996-02-29 00:00:00-05:00,1.05648,1.06608,1.05648,1.06608,25600,0.0,0.0
1996-03-01 00:00:00-05:00,1.06128,1.06128,1.06128,1.06128,1600,0.0,0.0
1996-03-04 00:00:00-05:00,1.04687,1.05648,1.04687,1.05648,22400,0.0,0.0
1996-03-05 00:00:00-05:00,1.05648,1.05648,1.05648,1.05648,0,0.0,0.0
1996-03-06 00:00:00-05:00,1.06608,1.07569,1.06608,1.07569,12800,0.0,0.0
1996-03-07 00:00:00-05:00,1.07569,1.07569,1.06608,1.06608,49600,0.0,0.0
1996-03-08 00:00:00-05:00,1.05648,1.05648,1.05648,1.05648,4800,0.0,0.0
1996-03-11 00:00:00-05:00,1.04687,1.04687,1.02766,1.02766,14400,0.0,0.0
1996-03-12 00:00:00-05:00,1.02766,1.02766,1.02766,1.02766,8000,0.0,0.0
1996-03-13 00:00:00-05:00,1.02766,1.02766,1.02766,1.02766,0,0.0,0.0
1996-03-14 00:00:00-05:00,1.03247,1.03247,1.03247,1.03247,11200,0.0,0.0
1996-03-15 00:00:00-05:00,1.03247,1.03247,1.03247,1.03247,0,0.0,0.0
1996-03-18 00:00:00-05:00,1.03247,1.03247,1.03247,1.03247,6400,0.0,0.0
1996-03-19 00:00:00-05:00,1.03247,1.03247,1.02766,1.02766,12800,0.0,0.0
1996-03-20 00:00:00-05:00,1.02766,1.02766,1.02766,1.02766,0,0.0,0.0
1996-03-21 00:00:00-05:00,1.02766,1.02766,1.02766,1.02766,0,0.0,0.0
1996-03-22 00:00:00-05:00,1.03727,1.03727,1.03727,1.03727,1600,0.0,0.0
1996-03-25 00:00:00-05:00,1.03247,1.03247,1.03247,1.03247,14400,0.0,0.0
1996-03-26 00:00:00-05:00,1.03247,1.03247,1.03247,1.03247,0,0.0,0.0
1996-03-27 00:00:00-05:00,1.03247,1.03247,1.03247,1.03247,0,0.0,0.0
1996-03-28 00:00:00-05:00,1.03247,1.03247,1.03247,1.03247,0,0.0,0.0
1996-03-29 00:00:00-05:00,1.03727,1.03727,1.03727,1.03727,22400,0.0,0.0
1996-04-01 00:00:00-05:00,1.03727,1.03727,1.03727,1.03727,1600,0.0,0.0
1996-04-02 00:00:00-05:00,1.04687,1.04687,1.04687,1.04687,1600,0.0,0.0
1996-04-03 00:00:00-05:00,1.04687,1.04687,1.04687,1.04687,0,0.0,0.0
1996-04-04 00:00:00-05:00,1.04687,1.04687,1.04687,1.04687,0,0.0,0.0
1996-04-08 00:00:00-04:00,1.03727,1.04207,1.03727,1.04207,6400,0.0,0.0
1996-04-09 00:00:00-04:00,1.03247,1.03727,1.03247,1.03727,4800,0.0,0.0
1996-04-10 00:00:00-04:00,1.03727,1.03727,1.03727,1.03727,0,0.0,0.0
1996-04-11 00:00:00-04:00,1.03727,1.03727,1.03727,1.03727,0,0.0,0.0
1996-04-12 00:00:00-04:00,1.03727,1.03727,1.03727,1.03727,0,0.0,0.0
1996-04-15 00:00:00-04:00,1.04687,1.04687,1.04687,1.04687,4800,0.0,0.0
1996-04-16 00:00:00-04:00,1.05648,1.05648,1.04687,1.04687,12800,0.0,0.0
1996-04-17 00:00:00-04:00,1.06608,1.14292,1.06608,1.11891,192000,0.0,0.0
1996-04-18 00:00:00-04:00,1.1093,1.11891,1.09009,1.1045,108800,0.0,0.0
1996-04-19 00:00:00-04:00,1.1093,1.13811,1.1093,1.13811,104000,0.0,0.0
1996-04-22 00:00:00-04:00,1.14772,1.15732,1.14772,1.15732,8000,0.0,0.0
1996-04-23 00:00:00-04:00,1.16693,1.17653,1.16693,1.17173,16000,0.0,0.0
1996-04-24 00:00:00-04:00,1.18133,1.21015,1.18133,1.20534,68800,0.0,0.0
1996-04-25 00:00:00-04:00,1.20535,1.20535,1.19574,1.20054,12800,0.0,0.0
1996-04-26 00:00:00-04:00,1.19574,1.20534,1.16213,1.16213,73600,0.0,0.0
1996-04-29 00:00:00-04:00,1.15252,1.15252,1.13331,1.13331,16000,0.0,0.0
1996-04-30 00:00:00-04:00,1.12851,1.12851,1.03727,1.04207,444800,0.0,0.0
1996-05-01 00:00:00-04:00,1.05168,1.07569,1.04207,1.07569,40000,0.0,0.0
1996-05-02 00:00:00-04:00,1.08529,1.09489,1.08529,1.09489,20800,0.0,0.0
1996-05-03 00:00:00-04:00,1.09009,1.09489,1.09009,1.09489,19200,0.0,0.0
1996-05-06 00:00:00-04:00,1.1045,1.1045,1.09009,1.09009,16000,0.0,0.0
1996-05-07 00:00:00-04:00,1.08049,1.09009,1.07569,1.09009,16000,0.0,0.0
1996-05-08 00:00:00-04:00,1.09489,1.09489,1.09489,1.09489,3200,0.0,0.0
1996-05-09 00:00:00-04:00,1.09009,1.09489,1.09009,1.09489,11200,0.0,0.0
1996-05-10 00:00:00-04:00,1.09489,1.09489,1.09489,1.09489,0,0.0,0.0
1996-05-13 00:00:00-04:00,1.09489,1.09489,1.08049,1.09009,12800,0.0,0.0
1996-05-14 00:00:00-04:00,1.09009,1.09009,1.09009,1.09009,6400,0.0,0.0
1996-05-15 00:00:00-04:00,1.08049,1.08049,1.08049,1.08049,4800,0.0,0.0
1996-05-16 00:00:00-04:00,1.07088,1.07569,1.06608,1.06608,8000,0.0,0.0
1996-05-17 00:00:00-04:00,1.07569,1.08529,1.07569,1.08049,8000,0.0,0.0
1996-05-20 00:00:00-04:00,1.07088,1.07088,1.07088,1.07088,1600,0.0,0.0
1996-05-21 00:00:00-04:00,1.08049,1.08049,1.08049,1.08049,6400,0.0,0.0
1996-05-22 00:00:00-04:00,1.08529,1.08529,1.08529,1.08529,1600,0.0,0.0
1996-05-23 00:00:00-04:00,1.07569,1.07569,1.07569,1.07569,20800,0.0,0.0
1996-05-24 00:00:00-04:00,1.07088,1.08529,1.07088,1.07088,30400,0.0,0.0
1996-05-28 00:00:00-04:00,1.06128,1.06128,1.01806,1.02766,68800,0.0,0.0
1996-05-29 00:00:00-04:00,1.04103,1.05071,1.04103,1.04103,228800,0.01375,0.0
1996-05-30 00:00:00-04:00,1.05071,1.0604,1.05071,1.0604,19200,0.0,0.0
1996-05-31 00:00:00-04:00,1.05071,1.05071,1.05071,1.05071,3200,0.0,0.0
1996-06-03 00:00:00-04:00,1.04103,1.06524,1.04103,1.04587,30400,0.0,0.0
1996-06-04 00:00:00-04:00,1.04587,1.04587,1.04587,1.04587,0,0.0,0.0
1996-06-05 00:00:00-04:00,1.04587,1.04587,1.04587,1.04587,0,0.0,0.0
1996-06-06 00:00:00-04:00,1.05555,1.05555,1.04587,1.04587,6400,0.0,0.0
1996-06-07 00:00:00-04:00,1.04587,1.04587,1.04587,1.04587,0,0.0,0.0
1996-06-10 00:00:00-04:00,1.04587,1.0604,1.04587,1.0604,24000,0.0,0.0
1996-06-11 00:00:00-04:00,1.05555,1.06524,1.05555,1.05555,4800,0.0,0.0
1996-06-12 00:00:00-04:00,1.07976,1.07976,1.07492,1.07492,11200,0.0,0.0
1996-06-13 00:00:00-04:00,1.08461,1.10397,1.08461,1.09429,14400,0.0,0.0
1996-06-14 00:00:00-04:00,1.09429,1.09429,1.09429,1.09429,0,0.0,0.0
1996-06-17 00:00:00-04:00,1.08945,1.08945,1.07492,1.07492,27200,0.0,0.0
1996-06-18 00:00:00-04:00,1.07976,1.08461,1.07976,1.08461,6400,0.0,0.0
1996-06-19 00:00:00-04:00,1.07976,1.07976,1.07976,1.07976,4800,0.0,0.0
1996-06-20 00:00:00-04:00,1.07492,1.07492,1.07492,1.07492,4800,0.0,0.0
1996-06-21 00:00:00-04:00,1.07976,1.07976,1.07976,1.07976,3200,0.0,0.0
1996-06-24 00:00:00-04:00,1.07008,1.07008,1.05555,1.05555,16000,0.0,0.0
1996-06-25 00:00:00-04:00,1.05555,1.05555,1.05555,1.05555,0,0.0,0.0
1996-06-26 00:00:00-04:00,1.05555,1.05555,1.05555,1.05555,0,0.0,0.0
1996-06-27 00:00:00-04:00,1.07976,1.07976,1.06524,1.06524,64000,0.0,0.0
1996-06-28 00:00:00-04:00,1.07492,1.09429,1.07492,1.08461,43200,0.0,0.0
1996-07-01 00:00:00-04:00,1.07008,1.07008,1.07008,1.07008,3200,0.0,0.0
1996-07-02 00:00:00-04:00,1.07008,1.07008,1.07008,1.07008,0,0.0,0.0
1996-07-03 00:00:00-04:00,1.07008,1.07008,1.07008,1.07008,0,0.0,0.0
1996-07-05 00:00:00-04:00,1.07008,1.07008,1.07008,1.07008,0,0.0,0.0
1996-07-08 00:00:00-04:00,1.0604,1.0604,1.0604,1.0604,4800,0.0,0.0
1996-07-09 00:00:00-04:00,1.07008,1.07008,1.05071,1.05071,24000,0.0,0.0
1996-07-10 00:00:00-04:00,1.05555,1.05555,1.05555,1.05555,4800,0.0,0.0
1996-07-11 00:00:00-04:00,1.04587,1.04587,1.04587,1.04587,1600,0.0,0.0
1996-07-12 00:00:00-04:00,1.04587,1.04587,1.04587,1.04587,6400,0.0,0.0
1996-07-15 00:00:00-04:00,1.04587,1.04587,1.04587,1.04587,0,0.0,0.0
1996-07-16 00:00:00-04:00,1.05071,1.07492,1.05071,1.07492,64000,0.0,0.0
1996-07-17 00:00:00-04:00,1.07492,1.08461,1.07492,1.08461,11200,0.0,0.0
1996-07-18 00:00:00-04:00,1.08461,1.08461,1.08461,1.08461,0,0.0,0.0
1996-07-19 00:00:00-04:00,1.08461,1.08461,1.08461,1.08461,0,0.0,0.0
1996-07-22 00:00:00-04:00,1.08945,1.08945,1.08945,1.08945,4800,0.0,0.0
1996-07-23 00:00:00-04:00,1.09913,1.11366,1.09913,1.11366,9600,0.0,0.0
1996-07-24 00:00:00-04:00,1.12334,1.12334,1.10397,1.10397,11200,0.0,0.0
1996-07-25 00:00:00-04:00,1.11366,1.11366,1.11366,1.11366,1600,0.0,0.0
1996-07-26 00:00:00-04:00,1.10882,1.11366,1.10882,1.11366,11200,0.0,0.0
1996-07-29 00:00:00-04:00,1.11366,1.11366,1.11366,1.11366,0,0.0,0.0
1996-07-30 00:00:00-04:00,1.11366,1.11366,1.11366,1.11366,0,0.0,0.0
1996-07-31 00:00:00-04:00,1.11366,1.11366,1.11366,1.11366,9600,0.0,0.0
1996-08-01 00:00:00-04:00,1.11366,1.11366,1.11366,1.11366,11200,0.0,0.0
1996-08-02 00:00:00-04:00,1.10882,1.12334,1.10882,1.12334,11200,0.0,0.0
1996-08-05 00:00:00-04:00,1.12334,1.12334,1.12334,1.12334,1600,0.0,0.0
1996-08-06 00:00:00-04:00,1.12818,1.13303,1.12334,1.13303,19200,0.0,0.0
1996-08-07 00:00:00-04:00,1.12818,1.13787,1.12818,1.12818,145600,0.0,0.0
1996-08-08 00:00:00-04:00,1.12818,1.12818,1.12818,1.12818,11200,0.0,0.0
1996-08-09 00:00:00-04:00,1.12818,1.16692,1.12818,1.16208,124800,0.0,0.0
1996-08-12 00:00:00-04:00,1.18145,1.19113,1.1766,1.1766,24000,0.0,0.0
1996-08-13 00:00:00-04:00,1.17176,1.17176,1.17176,1.17176,4800,0.0,0.0
1996-08-14 00:00:00-04:00,1.16692,1.1766,1.16692,1.16692,11200,0.0,0.0
1996-08-15 00:00:00-04:00,1.1766,1.18629,1.1766,1.18629,4800,0.0,0.0
1996-08-16 00:00:00-04:00,1.18145,1.22987,1.18145,1.22502,46400,0.0,0.0
1996-08-19 00:00:00-04:00,1.25408,1.2686,1.24923,1.2686,30400,0.0,0.0
1996-08-20 00:00:00-04:00,1.28313,1.3025,1.28313,1.29765,12800,0.0,0.0
1996-08-21 00:00:00-04:00,1.29765,1.29765,1.27829,1.28313,27200,0.0,0.0
1996-08-22 00:00:00-04:00,1.2686,1.2686,1.25892,1.25892,9600,0.0,0.0
1996-08-23 00:00:00-04:00,1.25892,1.25892,1.25892,1.25892,1600,0.0,0.0
1996-08-26 00:00:00-04:00,1.25408,1.25408,1.24439,1.24439,11200,0.0,0.0
1996-08-27 00:00:00-04:00,1.24439,1.24439,1.23955,1.23955,6400,0.0,0.0
1996-08-28 00:00:00-04:00,1.21888,1.22375,1.21888,1.22375,19200,0.01375,0.0
1996-08-29 00:00:00-04:00,1.22375,1.22375,1.22375,1.22375,0,0.0,0.0
1996-08-30 00:00:00-04:00,1.22375,1.22375,1.22375,1.22375,0,0.0,0.0
1996-09-03 00:00:00-04:00,1.22375,1.22375,1.22375,1.22375,0,0.0,0.0
1996-09-04 00:00:00-04:00,1.21888,1.21888,1.20913,1.21888,14400,0.0,0.0
1996-09-05 00:00:00-04:00,1.21888,1.22375,1.21888,1.22375,8000,0.0,0.0
1996-09-06 00:00:00-04:00,1.2335,1.2335,1.2335,1.2335,4800,0.0,0.0
1996-09-09 00:00:00-04:00,1.22863,1.22863,1.22863,1.22863,3200,0.0,0.0
1996-09-10 00:00:00-04:00,1.2335,1.2335,1.2335,1.2335,3200,0.0,0.0
1996-09-11 00:00:00-04:00,1.22863,1.22863,1.21888,1.22375,11200,0.0,0.0
1996-09-12 00:00:00-04:00,1.22863,1.22863,1.22863,1.22863,6400,0.0,0.0
1996-09-13 00:00:00-04:00,1.23838,1.24813,1.23838,1.24813,8000,0.0,0.0
1996-09-16 00:00:00-04:00,1.24326,1.24326,1.24326,1.24326,1600,0.0,0.0
1996-09-17 00:00:00-04:00,1.2335,1.2335,1.2335,1.2335,3200,0.0,0.0
1996-09-18 00:00:00-04:00,1.2335,1.2335,1.22375,1.22863,19200,0.0,0.0
1996-09-19 00:00:00-04:00,1.23838,1.23838,1.23838,1.23838,3200,0.0,0.0
1996-09-20 00:00:00-04:00,1.2335,1.2335,1.2335,1.2335,1600,0.0,0.0
1996-09-23 00:00:00-04:00,1.22375,1.22375,1.22375,1.22375,3200,0.0,0.0
1996-09-24 00:00:00-04:00,1.22863,1.22863,1.22863,1.22863,14400,0.0,0.0
1996-09-25 00:00:00-04:00,1.22863,1.2335,1.22863,1.2335,4800,0.0,0.0
1996-09-26 00:00:00-04:00,1.2335,1.2335,1.2335,1.2335,0,0.0,0.0
1996-09-27 00:00:00-04:00,1.24326,1.24326,1.23838,1.23838,9600,0.0,0.0
1996-09-30 00:00:00-04:00,1.24326,1.24326,1.24326,1.24326,3200,0.0,0.0
1996-10-01 00:00:00-04:00,1.24813,1.24813,1.24813,1.24813,3200,0.0,0.0
1996-10-02 00:00:00-04:00,1.25788,1.26763,1.25788,1.26763,4800,0.0,0.0
1996-10-03 00:00:00-04:00,1.26763,1.26763,1.26763,1.26763,0,0.0,0.0
1996-10-04 00:00:00-04:00,1.27738,1.27738,1.27738,1.27738,1600,0.0,0.0
1996-10-07 00:00:00-04:00,1.28713,1.28713,1.28713,1.28713,1600,0.0,0.0
1996-10-08 00:00:00-04:00,1.27738,1.27738,1.27738,1.27738,3200,0.0,0.0
1996-10-09 00:00:00-04:00,1.27738,1.27738,1.27738,1.27738,14400,0.0,0.0
1996-10-10 00:00:00-04:00,1.27251,1.27251,1.26763,1.27251,20800,0.0,0.0
1996-10-11 00:00:00-04:00,1.28226,1.33101,1.28226,1.33101,33600,0.0,0.0
1996-10-14 00:00:00-04:00,1.34077,1.36514,1.34077,1.36514,32000,0.0,0.0
1996-10-15 00:00:00-04:00,1.36027,1.43828,1.35539,1.42852,83200,0.0,0.0
1996-10-16 00:00:00-04:00,1.41877,1.45778,1.41877,1.45778,32000,0.0,0.0
1996-10-17 00:00:00-04:00,1.49191,1.50166,1.49191,1.49678,52800,0.0,0.0
1996-10-18 00:00:00-04:00,1.49191,1.50653,1.49191,1.49191,11200,0.0,0.0
1996-10-21 00:00:00-04:00,1.48216,1.48216,1.46753,1.46753,12800,0.0,0.0
1996-10-22 00:00:00-04:00,1.46265,1.46265,1.4529,1.4529,9600,0.0,0.0
1996-10-23 00:00:00-04:00,1.44315,1.44315,1.43828,1.43828,9600,0.0,0.0
1996-10-24 00:00:00-04:00,1.42853,1.42853,1.3944,1.3944,32000,0.0,0.0
1996-10-25 00:00:00-04:00,1.3944,1.3944,1.3944,1.3944,0,0.0,0.0
1996-10-28 00:00:00-05:00,1.3944,1.3944,1.3944,1.3944,0,0.0,0.0
1996-10-29 00:00:00-05:00,1.38464,1.38464,1.38464,1.38464,3200,0.0,0.0
1996-10-30 00:00:00-05:00,1.37489,1.37489,1.37489,1.37489,1600,0.0,0.0
1996-10-31 00:00:00-05:00,1.37977,1.37977,1.37977,1.37977,1600,0.0,0.0
1996-11-01 00:00:00-05:00,1.38465,1.38952,1.38465,1.38952,6400,0.0,0.0
1996-11-04 00:00:00-05:00,1.37977,1.3944,1.37977,1.3944,8000,0.0,0.0
1996-11-05 00:00:00-05:00,1.40415,1.40415,1.40415,1.40415,3200,0.0,0.0
1996-11-06 00:00:00-05:00,1.4139,1.4724,1.4139,1.46753,60800,0.0,0.0
1996-11-07 00:00:00-05:00,1.47728,1.48215,1.46753,1.4724,24000,0.0,0.0
1996-11-08 00:00:00-05:00,1.47728,1.47728,1.47728,1.47728,3200,0.0,0.0
1996-11-11 00:00:00-05:00,1.47728,1.47728,1.45778,1.45778,8000,0.0,0.0
1996-11-12 00:00:00-05:00,1.44803,1.44803,1.44803,1.44803,1600,0.0,0.0
1996-11-13 00:00:00-05:00,1.45778,1.45778,1.44315,1.45778,17600,0.0,0.0
1996-11-14 00:00:00-05:00,1.4724,1.4724,1.4724,1.4724,9600,0.0,0.0
1996-11-15 00:00:00-05:00,1.4724,1.4724,1.4724,1.4724,0,0.0,0.0
1996-11-18 00:00:00-05:00,1.48216,1.48216,1.48216,1.48216,1600,0.0,0.0
1996-11-19 00:00:00-05:00,1.48216,1.48216,1.48216,1.48216,0,0.0,0.0
1996-11-20 00:00:00-05:00,1.4724,1.4724,1.46753,1.46753,6400,0.0,0.0
1996-11-21 00:00:00-05:00,1.45778,1.45778,1.45778,1.45778,4800,0.0,0.0
1996-11-22 00:00:00-05:00,1.45778,1.45778,1.45778,1.45778,0,0.0,0.0
1996-11-25 00:00:00-05:00,1.44803,1.46265,1.43828,1.46265,16000,0.0,0.0
1996-11-26 00:00:00-05:00,1.44676,1.45657,1.44676,1.45657,14400,0.01375,0.0
1996-11-27 00:00:00-05:00,1.46148,1.55956,1.46148,1.55466,89600,0.0,0.0
1996-11-29 00:00:00-05:00,1.55466,1.55956,1.53014,1.53504,27200,0.0,0.0
1996-12-02 00:00:00-05:00,1.54485,1.55466,1.54485,1.54975,20800,0.0,0.0
1996-12-03 00:00:00-05:00,1.55956,1.55956,1.55956,1.55956,1600,0.0,0.0
1996-12-04 00:00:00-05:00,1.54975,1.6086,1.53994,1.6086,43200,0.0,0.0
1996-12-05 00:00:00-05:00,1.63313,1.63313,1.61841,1.61841,33600,0.0,0.0
1996-12-06 00:00:00-05:00,1.6086,1.6086,1.57918,1.57918,32000,0.0,0.0
1996-12-09 00:00:00-05:00,1.57918,1.57918,1.57918,1.57918,0,0.0,0.0
1996-12-10 00:00:00-05:00,1.56937,1.56937,1.53994,1.53994,12800,0.0,0.0
1996-12-11 00:00:00-05:00,1.53014,1.53014,1.53014,1.53014,3200,0.0,0.0
1996-12-12 00:00:00-05:00,1.53014,1.53014,1.53014,1.53014,3200,0.0,0.0
1996-12-13 00:00:00-05:00,1.53504,1.53504,1.53504,1.53504,9600,0.0,0.0
1996-12-16 00:00:00-05:00,1.53014,1.53014,1.53014,1.53014,43200,0.0,0.0
1996-12-17 00:00:00-05:00,1.52033,1.52033,1.52033,1.52033,1600,0.0,0.0
1996-12-18 00:00:00-05:00,1.52523,1.53504,1.51542,1.51542,16000,0.0,0.0
1996-12-19 00:00:00-05:00,1.52033,1.52033,1.50071,1.50562,24000,0.0,0.0
1996-12-20 00:00:00-05:00,1.51542,1.52523,1.51542,1.52523,4800,0.0,0.0
1996-12-23 00:00:00-05:00,1.52033,1.52033,1.52033,1.52033,8000,0.0,0.0
1996-12-24 00:00:00-05:00,1.53014,1.53014,1.51052,1.51052,81600,0.0,0.0
1996-12-26 00:00:00-05:00,1.52033,1.52033,1.52033,1.52033,3200,0.0,0.0
1996-12-27 00:00:00-05:00,1.51052,1.52033,1.51052,1.52033,19200,0.0,0.0
1996-12-30 00:00:00-05:00,1.52033,1.52033,1.52033,1.52033,4800,0.0,0.0
1996-12-31 00:00:00-05:00,1.51052,1.51052,1.50562,1.50562,4800,0.0,0.0
1997-01-02 00:00:00-05:00,1.51052,1.51542,1.51052,1.51542,4800,0.0,0.0
1997-01-03 00:00:00-05:00,1.50562,1.50562,1.50562,1.50562,3200,0.0,0.0
1997-01-06 00:00:00-05:00,1.51052,1.52033,1.50562,1.52033,27200,0.0,0.0
1997-01-07 00:00:00-05:00,1.51052,1.51052,1.51052,1.51052,16000,0.0,0.0
1997-01-08 00:00:00-05:00,1.4909,1.4909,1.4909,1.4909,12800,0.0,0.0
1997-01-09 00:00:00-05:00,1.486,1.486,1.47128,1.47128,17600,0.0,0.0
1997-01-10 00:00:00-05:00,1.46638,1.46638,1.46638,1.46638,1600,0.0,0.0
1997-01-13 00:00:00-05:00,1.45657,1.47128,1.45657,1.46638,27200,0.0,0.0
1997-01-14 00:00:00-05:00,1.47128,1.47128,1.44676,1.44676,11200,0.0,0.0
1997-01-15 00:00:00-05:00,1.43696,1.43696,1.43205,1.43205,6400,0.0,0.0
1997-01-16 00:00:00-05:00,1.42224,1.49581,1.42224,1.4909,83200,0.0,0.0
1997-01-17 00:00:00-05:00,1.4909,1.4909,1.4909,1.4909,6400,0.0,0.0
1997-01-20 00:00:00-05:00,1.4909,1.50071,1.46638,1.46638,28800,0.0,0.0
1997-01-21 00:00:00-05:00,1.45657,1.45657,1.45167,1.45167,4800,0.0,0.0
1997-01-22 00:00:00-05:00,1.45167,1.45167,1.45167,1.45167,16000,0.0,0.0
1997-01-23 00:00:00-05:00,1.44186,1.44186,1.44186,1.44186,1600,0.0,0.0
1997-01-24 00:00:00-05:00,1.43205,1.43696,1.43205,1.43696,8000,0.0,0.0
1997-01-27 00:00:00-05:00,1.43695,1.47619,1.43695,1.47619,30400,0.0,0.0
1997-01-28 00:00:00-05:00,1.486,1.51052,1.486,1.51052,24000,0.0,0.0
1997-01-29 00:00:00-05:00,1.50071,1.52523,1.4909,1.52033,49600,0.0,0.0
1997-01-30 00:00:00-05:00,1.50561,1.59389,1.50561,1.56447,105600,0.0,0.0
1997-01-31 00:00:00-05:00,1.56937,1.56937,1.54975,1.55466,54400,0.0,0.0
1997-02-03 00:00:00-05:00,1.54975,1.54975,1.54975,1.54975,3200,0.0,0.0
1997-02-04 00:00:00-05:00,1.55466,1.55466,1.55466,1.55466,4800,0.0,0.0
1997-02-05 00:00:00-05:00,1.55956,1.55956,1.54975,1.54975,12800,0.0,0.0
1997-02-06 00:00:00-05:00,1.53995,1.53995,1.53014,1.53014,17600,0.0,0.0
1997-02-07 00:00:00-05:00,1.52033,1.52523,1.51052,1.51052,14400,0.0,0.0
1997-02-10 00:00:00-05:00,1.53014,1.54975,1.53014,1.54975,14400,0.0,0.0
1997-02-11 00:00:00-05:00,1.54975,1.54975,1.54975,1.54975,19200,0.0,0.0
1997-02-12 00:00:00-05:00,1.55956,1.55956,1.55956,1.55956,1600,0.0,0.0
1997-02-13 00:00:00-05:00,1.56937,1.57918,1.56937,1.56937,6400,0.0,0.0
1997-02-14 00:00:00-05:00,1.56447,1.57427,1.55956,1.55956,27200,0.0,0.0
1997-02-18 00:00:00-05:00,1.57428,1.61841,1.57428,1.58899,100800,0.0,0.0
1997-02-19 00:00:00-05:00,1.5988,1.64784,1.5988,1.64784,27200,0.0,0.0
1997-02-20 00:00:00-05:00,1.64784,1.7214,1.64784,1.69688,54400,0.0,0.0
1997-02-21 00:00:00-05:00,1.68707,1.72631,1.68217,1.7214,224000,0.0,0.0
1997-02-24 00:00:00-05:00,1.73612,1.77535,1.73121,1.73121,54400,0.0,0.0
1997-02-25 00:00:00-05:00,1.74102,1.76554,1.74102,1.76554,36800,0.0,0.0
1997-02-26 00:00:00-05:00,1.77422,1.79393,1.7545,1.7545,64000,0.01375,0.0
1997-02-27 00:00:00-05:00,1.77422,1.77422,1.76436,1.76436,14400,0.0,0.0
1997-02-28 00:00:00-05:00,1.75943,1.76929,1.74957,1.74957,33600,0.0,0.0
1997-03-03 00:00:00-05:00,1.75943,1.80379,1.75943,1.79886,22400,0.0,0.0
1997-03-04 00:00:00-05:00,1.81364,1.87771,1.81364,1.84321,126400,0.0,0.0
1997-03-05 00:00:00-05:00,1.85307,1.88264,1.85307,1.86293,43200,0.0,0.0
1997-03-06 00:00:00-05:00,1.88264,1.88757,1.87278,1.87771,25600,0.0,0.0
1997-03-07 00:00:00-05:00,1.8925,1.8925,1.83336,1.83336,54400,0.0,0.0
1997-03-10 00:00:00-05:00,1.84814,1.87278,1.84814,1.87278,25600,0.0,0.0
1997-03-11 00:00:00-05:00,1.87278,1.87278,1.87278,1.87278,8000,0.0,0.0
1997-03-12 00:00:00-05:00,1.86293,1.86293,1.85307,1.86293,19200,0.0,0.0
1997-03-13 00:00:00-05:00,1.86293,1.86293,1.86293,1.86293,3200,0.0,0.0
1997-03-14 00:00:00-05:00,1.86293,1.86293,1.84814,1.84814,19200,0.0,0.0
1997-03-17 00:00:00-05:00,1.83336,1.83336,1.80379,1.80871,36800,0.0,0.0
1997-03-18 00:00:00-05:00,1.80379,1.8235,1.80379,1.81364,24000,0.0,0.0
1997-03-19 00:00:00-05:00,1.8235,1.83336,1.80379,1.80379,27200,0.0,0.0
1997-03-20 00:00:00-05:00,1.81364,1.81857,1.81364,1.81857,8000,0.0,0.0
1997-03-21 00:00:00-05:00,1.81364,1.81857,1.80379,1.81857,19200,0.0,0.0
1997-03-24 00:00:00-05:00,1.79886,1.81857,1.79886,1.81857,36800,0.0,0.0
1997-03-25 00:00:00-05:00,1.8235,1.82843,1.8235,1.82843,3200,0.0,0.0
1997-03-26 00:00:00-05:00,1.82843,1.82843,1.81857,1.81857,12800,0.0,0.0
1997-03-27 00:00:00-05:00,1.82843,1.83336,1.82843,1.83336,9600,0.0,0.0
1997-03-31 00:00:00-05:00,1.8235,1.84321,1.8235,1.83336,22400,0.0,0.0
1997-04-01 00:00:00-05:00,1.83336,1.83336,1.83336,1.83336,0,0.0,0.0
1997-04-02 00:00:00-05:00,1.83336,1.84814,1.83336,1.84814,43200,0.0,0.0
1997-04-03 00:00:00-05:00,1.84814,1.84814,1.84814,1.84814,1600,0.0,0.0
1997-04-04 00:00:00-05:00,1.84814,1.84814,1.84814,1.84814,1600,0.0,0.0
1997-04-07 00:00:00-04:00,1.83336,1.83336,1.83336,1.83336,3200,0.0,0.0
1997-04-08 00:00:00-04:00,1.83336,1.83829,1.81364,1.83829,60800,0.0,0.0
1997-04-09 00:00:00-04:00,1.84321,1.86293,1.84321,1.86293,14400,0.0,0.0
1997-04-10 00:00:00-04:00,1.858,1.86293,1.858,1.86293,22400,0.0,0.0
1997-04-11 00:00:00-04:00,1.85307,1.86293,1.84321,1.84321,11200,0.0,0.0
1997-04-14 00:00:00-04:00,1.86293,1.86293,1.86293,1.86293,1600,0.0,0.0
1997-04-15 00:00:00-04:00,1.85307,1.87278,1.83336,1.83336,32000,0.0,0.0
1997-04-16 00:00:00-04:00,1.85307,1.86293,1.85307,1.86293,17600,0.0,0.0
1997-04-17 00:00:00-04:00,1.86786,1.86786,1.86786,1.86786,1600,0.0,0.0
1997-04-18 00:00:00-04:00,1.86293,1.8925,1.86293,1.8925,22400,0.0,0.0
1997-04-21 00:00:00-04:00,1.91221,1.97135,1.85307,1.85307,136000,0.0,2.0
1997-04-22 00:00:00-04:00,1.87278,1.8925,1.87278,1.8925,9600,0.0,0.0
1997-04-23 00:00:00-04:00,1.91221,1.99106,1.90235,1.92207,40800,0.0,0.0
1997-04-24 00:00:00-04:00,1.94178,1.95164,1.93192,1.93192,8800,0.0,0.0
1997-04-25 00:00:00-04:00,1.8925,1.91221,1.88264,1.90235,20000,0.0,0.0
1997-04-28 00:00:00-04:00,1.88264,1.90235,1.8235,1.8235,18400,0.0,0.0
1997-04-29 00:00:00-04:00,1.80379,1.80379,1.74465,1.7545,16000,0.0,0.0
1997-04-30 00:00:00-04:00,1.72493,1.72493,1.65594,1.68551,120800,0.0,0.0
1997-05-01 00:00:00-04:00,1.70522,1.73479,1.70522,1.72493,28000,0.0,0.0
1997-05-02 00:00:00-04:00,1.74465,1.77422,1.74465,1.7545,14400,0.0,0.0
1997-05-05 00:00:00-04:00,1.77422,1.79393,1.77422,1.77422,18400,0.0,0.0
1997-05-06 00:00:00-04:00,1.7545,1.7545,1.71507,1.71507,16800,0.0,0.0
1997-05-07 00:00:00-04:00,1.73479,1.7545,1.73479,1.7545,8000,0.0,0.0
1997-05-08 00:00:00-04:00,1.7545,1.76436,1.71507,1.71507,28000,0.0,0.0
1997-05-09 00:00:00-04:00,1.69536,1.69536,1.67565,1.67565,12800,0.0,0.0
1997-05-12 00:00:00-04:00,1.77422,1.77422,1.73479,1.7545,82400,0.0,0.0
1997-05-13 00:00:00-04:00,1.77422,1.78407,1.73479,1.7545,48800,0.0,0.0
1997-05-14 00:00:00-04:00,1.76436,1.76436,1.7545,1.7545,20000,0.0,0.0
1997-05-15 00:00:00-04:00,1.76436,1.76436,1.70029,1.70029,24800,0.0,0.0
1997-05-16 00:00:00-04:00,1.70029,1.77422,1.70029,1.77422,151200,0.0,0.0
1997-05-19 00:00:00-04:00,1.79393,1.93192,1.79393,1.91221,78400,0.0,0.0
1997-05-20 00:00:00-04:00,1.93192,2.03049,1.93192,2.03049,40800,0.0,0.0
1997-05-21 00:00:00-04:00,2.01078,2.03049,2.01078,2.03049,26400,0.0,0.0
1997-05-22 00:00:00-04:00,2.03049,2.08963,2.03049,2.0502,35200,0.0,0.0
1997-05-23 00:00:00-04:00,2.0502,2.0502,2.02063,2.02063,37600,0.0,0.0
1997-05-27 00:00:00-04:00,2.01078,2.01078,1.94178,1.99106,65600,0.0,0.0
1997-05-28 00:00:00-04:00,2.01088,2.01088,2.01088,2.01088,800,0.01562,0.0
1997-05-29 00:00:00-04:00,1.99106,2.00097,1.95144,1.99106,20000,0.0,0.0
1997-05-30 00:00:00-04:00,2.01088,2.01583,1.97125,1.98116,18400,0.0,0.0
1997-06-02 00:00:00-04:00,1.96135,1.98116,1.96135,1.98116,17600,0.0,0.0
1997-06-03 00:00:00-04:00,1.97125,2.02078,1.96135,2.00097,40000,0.0,0.0
1997-06-04 00:00:00-04:00,2.02078,2.02078,2.00097,2.00097,13600,0.0,0.0
1997-06-05 00:00:00-04:00,1.98116,2.00097,1.98116,2.00097,5600,0.0,0.0
1997-06-06 00:00:00-04:00,2.02078,2.02078,2.00097,2.00097,4800,0.0,0.0
1997-06-09 00:00:00-04:00,2.00097,2.02078,2.00097,2.01088,10400,0.0,0.0
1997-06-10 00:00:00-04:00,2.02078,2.02078,1.87219,1.8821,52800,0.0,0.0
1997-06-11 00:00:00-04:00,1.82267,1.8821,1.82267,1.8821,34400,0.0,0.0
1997-06-12 00:00:00-04:00,1.90191,1.94154,1.90191,1.94154,8800,0.0,0.0
1997-06-13 00:00:00-04:00,1.96135,1.96135,1.91182,1.95144,13600,0.0,0.0
1997-06-16 00:00:00-04:00,1.97125,1.98116,1.97125,1.97621,12000,0.0,0.0
1997-06-17 00:00:00-04:00,1.98116,1.98116,1.98116,1.98116,800,0.0,0.0
1997-06-18 00:00:00-04:00,2.00097,2.02078,2.00097,2.02078,10400,0.0,0.0
1997-06-19 00:00:00-04:00,2.02078,2.03069,2.00592,2.03069,9600,0.0,0.0
1997-06-20 00:00:00-04:00,2.10993,2.32786,2.10993,2.29814,65600,0.0,0.0
1997-06-23 00:00:00-04:00,2.31796,2.46654,2.29814,2.33777,103200,0.0,0.0
1997-06-24 00:00:00-04:00,2.41701,2.49626,2.41701,2.49626,64800,0.0,0.0
1997-06-25 00:00:00-04:00,2.49626,2.49626,2.47645,2.4814,14400,0.0,0.0
1997-06-26 00:00:00-04:00,2.46159,2.46159,2.41701,2.41701,14400,0.0,0.0
1997-06-27 00:00:00-04:00,2.41701,2.41701,2.34767,2.35758,27200,0.0,0.0
1997-06-30 00:00:00-04:00,2.32786,2.36748,2.32786,2.34767,48800,0.0,0.0
1997-07-01 00:00:00-04:00,2.32786,2.59532,2.31795,2.59532,68000,0.0,0.0
1997-07-02 00:00:00-04:00,2.61513,2.81325,2.61513,2.81325,103200,0.0,0.0
1997-07-03 00:00:00-04:00,2.79343,3.05098,2.77362,3.03117,72000,0.0,0.0
1997-07-07 00:00:00-04:00,3.10051,3.48684,3.10051,3.20948,239200,0.0,0.0
1997-07-08 00:00:00-04:00,3.35806,3.40264,3.16985,3.28872,196000,0.0,0.0
1997-07-09 00:00:00-04:00,3.2491,3.26891,3.05098,3.05594,112000,0.0,0.0
1997-07-10 00:00:00-04:00,3.05098,3.06089,3.05098,3.05594,94400,0.0,0.0
1997-07-11 00:00:00-04:00,3.05594,3.26891,3.02127,3.02127,199200,0.0,0.0
1997-07-14 00:00:00-04:00,3.02127,3.0708,3.02127,3.02622,40800,0.0,0.0
1997-07-15 00:00:00-04:00,3.05098,3.11042,3.01136,3.03117,26400,0.0,0.0
1997-07-16 00:00:00-04:00,3.01631,3.03117,3.01631,3.03117,71200,0.0,0.0
1997-07-17 00:00:00-04:00,3.01631,3.16985,3.01631,3.15004,38400,0.0,0.0
1997-07-18 00:00:00-04:00,3.1649,3.18967,3.15004,3.15004,49600,0.0,0.0
1997-07-21 00:00:00-04:00,3.11042,3.13023,3.0708,3.0807,28800,0.0,0.0
1997-07-22 00:00:00-04:00,3.1649,3.28872,3.1649,3.2491,58400,0.0,0.0
1997-07-23 00:00:00-04:00,3.2491,3.2491,3.20948,3.22929,69600,0.0,0.0
1997-07-24 00:00:00-04:00,3.22929,3.2491,3.15004,3.16985,81600,0.0,0.0
1997-07-25 00:00:00-04:00,3.09061,3.09061,3.00146,3.00641,68800,0.0,0.0
1997-07-28 00:00:00-04:00,2.9024,2.9024,2.79343,2.82315,113600,0.0,0.0
1997-07-29 00:00:00-04:00,2.83306,3.11042,2.81325,3.09061,52000,0.0,0.0
1997-07-30 00:00:00-04:00,3.11042,3.28872,3.10051,3.16985,56000,0.0,0.0
1997-07-31 00:00:00-04:00,3.19957,3.30853,3.19957,3.28872,83200,0.0,0.0
1997-08-01 00:00:00-04:00,3.26891,3.26891,3.26891,3.26891,2400,0.0,0.0
1997-08-04 00:00:00-04:00,3.28872,3.32835,3.26891,3.28872,32800,0.0,0.0
1997-08-05 00:00:00-04:00,3.32835,3.34816,3.15004,3.15499,54400,0.0,0.0
1997-08-06 00:00:00-04:00,3.13023,3.15004,3.0708,3.15004,31200,0.0,0.0
1997-08-07 00:00:00-04:00,3.11042,3.11042,3.03613,3.03613,24000,0.0,0.0
1997-08-08 00:00:00-04:00,3.02127,3.03117,2.93211,3.01631,50400,0.0,0.0
1997-08-11 00:00:00-04:00,3.00146,3.18967,3.00146,3.18967,36000,0.0,0.0
1997-08-12 00:00:00-04:00,3.22929,3.40759,3.155,3.38778,72000,0.0,0.0
1997-08-13 00:00:00-04:00,3.4274,3.46703,3.17976,3.26891,83200,0.0,0.0
1997-08-14 00:00:00-04:00,3.2491,3.28872,3.23919,3.28872,37600,0.0,0.0
1997-08-15 00:00:00-04:00,3.30854,3.30854,3.30854,3.30854,8000,0.0,0.0
1997-08-18 00:00:00-04:00,3.32835,3.44722,3.32835,3.44722,33600,0.0,0.0
1997-08-19 00:00:00-04:00,3.44722,3.60571,3.4274,3.5859,61600,0.0,0.0
1997-08-20 00:00:00-04:00,3.62552,3.62552,3.50665,3.50665,30400,0.0,0.0
1997-08-21 00:00:00-04:00,3.44722,3.50665,3.44722,3.44722,14400,0.0,0.0
1997-08-22 00:00:00-04:00,3.40759,3.40759,3.40759,3.40759,17600,0.0,0.0
1997-08-25 00:00:00-04:00,3.43731,3.60571,3.40759,3.5859,34400,0.0,0.0
1997-08-26 00:00:00-04:00,3.54627,3.66514,3.49675,3.64533,44800,0.0,0.0
1997-08-27 00:00:00-04:00,3.7248,3.95325,3.7248,3.82412,71200,0.01562,0.0
1997-08-28 00:00:00-04:00,3.89862,3.93338,3.85392,3.85392,29600,0.0,0.0
1997-08-29 00:00:00-04:00,3.93338,3.95325,3.85392,3.89365,35200,0.0,0.0
1997-09-02 00:00:00-04:00,3.89365,3.97311,3.87378,3.97311,15200,0.0,0.0
1997-09-03 00:00:00-04:00,3.89365,4.25123,3.85392,4.25123,56800,0.0,0.0
1997-09-04 00:00:00-04:00,4.25123,4.56908,4.17177,4.17177,141600,0.0,0.0
1997-09-05 00:00:00-04:00,4.2115,4.52935,4.11217,4.41016,108800,0.0,0.0
1997-09-08 00:00:00-04:00,4.33069,4.37043,4.21647,4.25123,42400,0.0,0.0
1997-09-09 00:00:00-04:00,4.2115,4.2711,4.09231,4.26117,64000,0.0,0.0
1997-09-10 00:00:00-04:00,4.22143,4.31083,4.22143,4.25123,19200,0.0,0.0
1997-09-11 00:00:00-04:00,4.25123,4.25123,4.13204,4.13204,24000,0.0,0.0
1997-09-12 00:00:00-04:00,4.23137,4.23137,3.95325,4.05258,52800,0.0,0.0
1997-09-15 00:00:00-04:00,4.05257,4.05257,3.77446,3.79432,65600,0.0,0.0
1997-09-16 00:00:00-04:00,3.85392,4.05258,3.85392,4.03271,38400,0.0,0.0
1997-09-17 00:00:00-04:00,3.99298,4.2115,3.99298,4.13204,52000,0.0,0.0
1997-09-18 00:00:00-04:00,4.13204,4.17177,4.08734,4.13204,25600,0.0,0.0
1997-09-19 00:00:00-04:00,4.17177,4.17177,4.09231,4.13204,10400,0.0,0.0
1997-09-22 00:00:00-04:00,4.13204,4.37043,4.13204,4.29096,33600,0.0,0.0
1997-09-23 00:00:00-04:00,4.31083,4.35056,4.13204,4.23137,48800,0.0,0.0
1997-09-24 00:00:00-04:00,4.23137,4.2711,4.2115,4.2115,25600,0.0,0.0
1997-09-25 00:00:00-04:00,4.25123,4.33069,4.25123,4.29096,20000,0.0,0.0
1997-09-26 00:00:00-04:00,4.29097,4.29097,4.13204,4.13204,12000,0.0,0.0
1997-09-29 00:00:00-04:00,4.0923,4.0923,3.97311,3.97311,28000,0.0,0.0
1997-09-30 00:00:00-04:00,3.97311,3.99298,3.79432,3.89862,24800,0.0,0.0
1997-10-01 00:00:00-04:00,3.85392,3.89365,3.77446,3.85392,24000,0.0,0.0
1997-10-02 00:00:00-04:00,3.81419,3.85392,3.77446,3.85392,7200,0.0,0.0
1997-10-03 00:00:00-04:00,3.71486,3.87379,3.65526,3.87379,34400,0.0,0.0
1997-10-06 00:00:00-04:00,3.96318,3.97311,3.85392,3.89365,31200,0.0,0.0
1997-10-07 00:00:00-04:00,3.93338,3.93338,3.82412,3.85392,12000,0.0,0.0
1997-10-08 00:00:00-04:00,3.77446,3.80426,3.695,3.71486,16800,0.0,0.0
1997-10-09 00:00:00-04:00,3.6801,3.71486,3.6801,3.695,7200,0.0,0.0
1997-10-10 00:00:00-04:00,3.69499,3.89365,3.53607,3.89365,53600,0.0,0.0
1997-10-13 00:00:00-04:00,3.93338,3.97311,3.90358,3.91352,24800,0.0,0.0
1997-10-14 00:00:00-04:00,3.87379,3.87379,3.5758,3.65527,42400,0.0,0.0
1997-10-15 00:00:00-04:00,3.65527,3.695,3.6205,3.66023,12800,0.0,0.0
1997-10-16 00:00:00-04:00,3.77446,3.77446,3.67513,3.76453,31200,0.0,0.0
1997-10-17 00:00:00-04:00,3.7248,3.73473,3.695,3.73473,7200,0.0,0.0
1997-10-20 00:00:00-04:00,3.79433,3.89365,3.75459,3.81419,15200,0.0,0.0
1997-10-21 00:00:00-04:00,3.77942,3.77942,3.77942,3.77942,2400,0.0,0.0
1997-10-22 00:00:00-04:00,3.81419,3.89365,3.81419,3.81419,8800,0.0,0.0
1997-10-23 00:00:00-04:00,3.77446,3.81419,3.73473,3.73473,15200,0.0,0.0
1997-10-24 00:00:00-04:00,3.69499,3.69499,3.67513,3.67513,3200,0.0,0.0
1997-10-27 00:00:00-05:00,3.61553,3.61553,3.19836,3.19836,24800,0.0,0.0
1997-10-28 00:00:00-05:00,2.95997,3.49634,2.92024,3.49634,68800,0.0,0.0
1997-10-29 00:00:00-05:00,3.49634,3.53607,3.41688,3.49137,30400,0.0,0.0
1997-10-30 00:00:00-05:00,3.45661,3.45661,3.33742,3.33742,8000,0.0,0.0
1997-10-31 00:00:00-05:00,3.21822,3.25795,3.21822,3.25795,15200,0.0,0.0
1997-11-03 00:00:00-05:00,3.25796,3.29769,3.25796,3.29769,22400,0.0,0.0
1997-11-04 00:00:00-05:00,3.25796,3.29769,3.23809,3.29769,8000,0.0,0.0
1997-11-05 00:00:00-05:00,3.29768,3.41688,3.29768,3.41688,7200,0.0,0.0
1997-11-06 00:00:00-05:00,3.45661,3.49634,3.44668,3.45661,14400,0.0,0.0
1997-11-07 00:00:00-05:00,3.41688,3.41688,3.21822,3.33742,40800,0.0,0.0
1997-11-10 00:00:00-05:00,3.37715,3.45661,3.37715,3.45164,8800,0.0,0.0
1997-11-11 00:00:00-05:00,3.43674,3.43674,3.33742,3.43674,15200,0.0,0.0
1997-11-12 00:00:00-05:00,3.43674,3.43674,3.43674,3.43674,0,0.0,0.0
1997-11-13 00:00:00-05:00,3.39701,3.41688,3.31755,3.41688,11200,0.0,0.0
1997-11-14 00:00:00-05:00,3.45661,3.49634,3.41688,3.49634,16000,0.0,0.0
1997-11-17 00:00:00-05:00,3.45661,3.53607,3.45661,3.53607,3200,0.0,0.0
1997-11-18 00:00:00-05:00,3.53607,3.53607,3.53607,3.53607,0,0.0,0.0
1997-11-19 00:00:00-05:00,3.5758,3.59567,3.53607,3.59567,19200,0.0,0.0
1997-11-20 00:00:00-05:00,3.6354,3.65527,3.61553,3.61553,7200,0.0,0.0
1997-11-21 00:00:00-05:00,3.55594,3.5758,3.49634,3.53607,14400,0.0,0.0
1997-11-24 00:00:00-05:00,3.57083,3.5758,3.53607,3.53607,6400,0.0,0.0
1997-11-25 00:00:00-05:00,3.53607,3.53607,3.33742,3.33742,16000,0.0,0.0
1997-11-26 00:00:00-05:00,3.34738,3.34738,3.34738,3.34738,11200,0.01562,0.0
1997-11-28 00:00:00-05:00,3.38723,3.38723,3.30753,3.30753,8000,0.0,0.0
1997-12-01 00:00:00-05:00,3.2876,3.34738,3.26768,3.2876,16000,0.0,0.0
1997-12-02 00:00:00-05:00,3.32745,3.32745,3.30753,3.32745,9600,0.0,0.0
1997-12-03 00:00:00-05:00,3.30753,3.30753,3.26768,3.30255,5600,0.0,0.0
1997-12-04 00:00:00-05:00,3.26768,3.26768,3.18798,3.18798,8000,0.0,0.0
1997-12-05 00:00:00-05:00,3.22783,3.22783,2.97877,3.02858,43200,0.0,0.0
1997-12-08 00:00:00-05:00,3.05847,3.05847,3.00866,3.02858,13600,0.0,0.0
1997-12-09 00:00:00-05:00,3.04851,3.04851,3.00866,3.02858,16000,0.0,0.0
1997-12-10 00:00:00-05:00,3.05847,3.15809,3.05847,3.11824,15200,0.0,0.0
1997-12-11 00:00:00-05:00,3.11326,3.11326,3.06843,3.07341,4800,0.0,0.0
1997-12-12 00:00:00-05:00,3.02858,3.02858,2.93892,2.93892,26400,0.0,0.0
1997-12-15 00:00:00-05:00,2.96881,3.1282,2.96881,3.08835,19200,0.0,0.0
1997-12-16 00:00:00-05:00,3.06843,3.06843,3.04851,3.04851,6400,0.0,0.0
1997-12-17 00:00:00-05:00,3.00866,3.04851,3.00866,3.04851,1600,0.0,0.0
1997-12-18 00:00:00-05:00,3.00865,3.00865,2.9688,2.98873,17600,0.0,0.0
1997-12-19 00:00:00-05:00,2.94888,3.08835,2.94888,2.97877,20800,0.0,0.0
1997-12-22 00:00:00-05:00,2.97877,2.97877,2.94888,2.94888,12000,0.0,0.0
1997-12-23 00:00:00-05:00,2.94888,3.10828,2.94888,3.02858,15200,0.0,0.0
1997-12-24 00:00:00-05:00,3.2079,3.34738,3.18798,3.34738,11200,0.0,0.0
1997-12-26 00:00:00-05:00,3.30753,3.34738,3.30753,3.34738,7200,0.0,0.0
1997-12-29 00:00:00-05:00,3.24775,3.24775,3.17801,3.17801,22400,0.0,0.0
1997-12-30 00:00:00-05:00,3.21787,3.2627,3.19794,3.19794,7200,0.0,0.0
1997-12-31 00:00:00-05:00,3.22783,3.24775,3.18798,3.24775,24800,0.0,0.0
1998-01-02 00:00:00-05:00,3.2079,3.22783,3.18798,3.18798,15200,0.0,0.0
1998-01-05 00:00:00-05:00,3.18798,3.18798,3.14813,3.14813,14400,0.0,0.0
1998-01-06 00:00:00-05:00,3.1282,3.1282,3.1282,3.1282,800,0.0,0.0
1998-01-07 00:00:00-05:00,3.08836,3.1033,3.08836,3.1033,1600,0.0,0.0
1998-01-08 00:00:00-05:00,2.98873,2.98873,2.86918,2.90903,38400,0.0,0.0
1998-01-09 00:00:00-05:00,2.92895,2.94888,2.88911,2.88911,4800,0.0,0.0
1998-01-12 00:00:00-05:00,2.88911,2.91401,2.84926,2.86918,8000,0.0,0.0
1998-01-13 00:00:00-05:00,2.88911,2.88911,2.82933,2.82933,11200,0.0,0.0
1998-01-14 00:00:00-05:00,2.78948,2.82933,2.76956,2.80941,87200,0.0,0.0
1998-01-15 00:00:00-05:00,2.78948,2.86918,2.78948,2.86918,51200,0.0,0.0
1998-01-16 00:00:00-05:00,2.92896,2.94888,2.92896,2.93892,146400,0.0,0.0
1998-01-20 00:00:00-05:00,2.94888,2.94888,2.94888,2.94888,7200,0.0,0.0
1998-01-21 00:00:00-05:00,2.92896,2.96881,2.91401,2.93892,13600,0.0,0.0
1998-01-22 00:00:00-05:00,2.94888,2.94888,2.91401,2.92398,16000,0.0,0.0
1998-01-23 00:00:00-05:00,2.94888,2.94888,2.94888,2.94888,2400,0.0,0.0
1998-01-26 00:00:00-05:00,2.91401,2.91401,2.90903,2.90903,12800,0.0,0.0
1998-01-27 00:00:00-05:00,2.90903,2.90903,2.90903,2.90903,0,0.0,0.0
1998-01-28 00:00:00-05:00,2.92896,2.92896,2.78948,2.78948,12800,0.0,0.0
1998-01-29 00:00:00-05:00,2.74963,2.74963,2.39098,2.72971,86400,0.0,0.0
1998-01-30 00:00:00-05:00,2.70978,2.76956,2.70978,2.76956,10400,0.0,0.0
1998-02-02 00:00:00-05:00,2.84926,2.84926,2.73967,2.73967,19200,0.0,0.0
1998-02-03 00:00:00-05:00,2.73967,2.73967,2.70978,2.71974,5600,0.0,0.0
1998-02-04 00:00:00-05:00,2.70978,2.70978,2.63008,2.63008,11200,0.0,0.0
1998-02-05 00:00:00-05:00,2.63008,2.70978,2.63008,2.63008,32000,0.0,0.0
1998-02-06 00:00:00-05:00,2.65001,2.66495,2.64005,2.65001,7200,0.0,0.0
1998-02-09 00:00:00-05:00,2.66993,2.70978,2.62012,2.65997,28800,0.0,0.0
1998-02-10 00:00:00-05:00,2.67989,2.71974,2.67491,2.71974,14400,0.0,0.0
1998-02-11 00:00:00-05:00,2.71476,2.71476,2.68986,2.70978,21600,0.0,0.0
1998-02-12 00:00:00-05:00,2.70978,2.70978,2.68986,2.69982,16800,0.0,0.0
1998-02-13 00:00:00-05:00,2.71974,2.76956,2.71974,2.76956,29600,0.0,0.0
1998-02-17 00:00:00-05:00,2.82933,2.88911,2.82933,2.87416,60000,0.0,0.0
1998-02-18 00:00:00-05:00,2.88911,2.88911,2.88911,2.88911,3200,0.0,0.0
1998-02-19 00:00:00-05:00,2.89907,2.97877,2.89907,2.97877,17600,0.0,0.0
1998-02-20 00:00:00-05:00,2.97877,3.04851,2.97877,3.04851,9600,0.0,0.0
1998-02-23 00:00:00-05:00,3.07839,3.1282,3.07839,3.10828,15200,0.0,0.0
1998-02-24 00:00:00-05:00,3.08835,3.10828,3.08835,3.08835,33600,0.0,0.0
1998-02-25 00:00:00-05:00,3.12036,3.12536,3.11036,3.12536,15200,0.01875,0.0
1998-02-26 00:00:00-05:00,3.09535,3.14036,3.08035,3.14036,47200,0.0,0.0
1998-02-27 00:00:00-05:00,3.14036,3.14036,3.14036,3.14036,0,0.0,0.0
1998-03-02 00:00:00-05:00,3.12036,3.12036,3.10036,3.10536,32000,0.0,0.0
1998-03-03 00:00:00-05:00,3.09035,3.09035,3.08035,3.08035,4000,0.0,0.0
1998-03-04 00:00:00-05:00,3.06535,3.06535,3.03035,3.03035,20000,0.0,0.0
1998-03-05 00:00:00-05:00,3.04035,3.04035,3.04035,3.04035,1600,0.0,0.0
1998-03-06 00:00:00-05:00,3.05535,3.07035,3.05535,3.07035,6400,0.0,0.0
1998-03-09 00:00:00-05:00,3.07535,3.08035,3.06035,3.08035,5600,0.0,0.0
1998-03-10 00:00:00-05:00,3.06535,3.09035,3.06535,3.08535,8800,0.0,0.0
1998-03-11 00:00:00-05:00,3.10536,3.11536,3.10536,3.11536,2400,0.0,0.0
1998-03-12 00:00:00-05:00,3.13036,3.13036,3.13036,3.13036,1600,0.0,0.0
1998-03-13 00:00:00-05:00,3.13036,3.13036,3.13036,3.13036,1600,0.0,0.0
1998-03-16 00:00:00-05:00,3.13536,3.15036,3.12036,3.12536,32000,0.0,0.0
1998-03-17 00:00:00-05:00,3.15036,3.15036,3.10536,3.10536,7200,0.0,0.0
1998-03-18 00:00:00-05:00,3.09035,3.09035,3.05035,3.05035,12800,0.0,0.0
1998-03-19 00:00:00-05:00,3.03535,3.03535,2.99534,2.99534,36000,0.0,0.0
1998-03-20 00:00:00-05:00,2.97534,2.97534,2.94034,2.94034,15200,0.0,0.0
1998-03-23 00:00:00-05:00,2.93034,2.93034,2.91534,2.92534,5600,0.0,0.0
1998-03-24 00:00:00-05:00,2.94034,2.96034,2.94034,2.96034,17600,0.0,0.0
1998-03-25 00:00:00-05:00,2.97034,2.97034,2.95534,2.97034,4000,0.0,0.0
1998-03-26 00:00:00-05:00,2.96034,2.96034,2.95034,2.95034,3200,0.0,0.0
1998-03-27 00:00:00-05:00,2.96534,2.96534,2.96534,2.96534,2400,0.0,0.0
1998-03-30 00:00:00-05:00,2.95534,2.96034,2.95534,2.96034,3200,0.0,0.0
1998-03-31 00:00:00-05:00,2.95034,2.95034,2.87033,2.87033,36800,0.0,0.0
1998-04-01 00:00:00-05:00,2.88533,2.89533,2.88533,2.88533,4000,0.0,0.0
1998-04-02 00:00:00-05:00,2.87033,2.87033,2.85033,2.86533,9600,0.0,0.0
1998-04-03 00:00:00-05:00,2.87533,2.87533,2.87533,2.87533,800,0.0,0.0
1998-04-06 00:00:00-04:00,2.89033,2.91534,2.89033,2.91534,4800,0.0,0.0
1998-04-07 00:00:00-04:00,2.89033,2.91034,2.89033,2.89533,4000,0.0,0.0
1998-04-08 00:00:00-04:00,2.90533,2.91534,2.90533,2.91534,8000,0.0,0.0
1998-04-09 00:00:00-04:00,2.90533,2.90533,2.89533,2.89533,7200,0.0,0.0
1998-04-13 00:00:00-04:00,2.88033,2.89533,2.87533,2.87533,9600,0.0,0.0
1998-04-14 00:00:00-04:00,2.87033,2.88033,2.84033,2.87033,39200,0.0,0.0
1998-04-15 00:00:00-04:00,2.88033,2.92534,2.88033,2.92534,17600,0.0,0.0
1998-04-16 00:00:00-04:00,2.94034,2.94034,2.93034,2.93034,8800,0.0,0.0
1998-04-17 00:00:00-04:00,2.95034,3.03035,2.95034,3.03035,22400,0.0,0.0
1998-04-20 00:00:00-04:00,3.03535,3.05035,3.03535,3.05035,12000,0.0,0.0
1998-04-21 00:00:00-04:00,3.05035,3.05035,3.05035,3.05035,2400,0.0,0.0
1998-04-22 00:00:00-04:00,3.04035,3.04035,2.94034,2.94034,65600,0.0,0.0
1998-04-23 00:00:00-04:00,2.95034,2.96034,2.93034,2.96034,28800,0.0,0.0
1998-04-24 00:00:00-04:00,2.96034,2.96034,2.93034,2.94034,12800,0.0,0.0
1998-04-27 00:00:00-04:00,2.92034,2.93534,2.91033,2.92034,17600,0.0,0.0
1998-04-28 00:00:00-04:00,2.93534,2.94034,2.90033,2.90033,17600,0.0,0.0
1998-04-29 00:00:00-04:00,2.90033,2.93034,2.90033,2.93034,32800,0.0,0.0
1998-04-30 00:00:00-04:00,2.93034,2.93034,2.93034,2.93034,8000,0.0,0.0
1998-05-01 00:00:00-04:00,2.91033,2.91033,2.90033,2.90033,86400,0.0,0.0
1998-05-04 00:00:00-04:00,2.90033,2.91033,2.87033,2.87033,36000,0.0,0.0
1998-05-05 00:00:00-04:00,2.87033,2.88033,2.86033,2.88033,32800,0.0,0.0
1998-05-06 00:00:00-04:00,2.90033,2.90033,2.89033,2.89033,4000,0.0,0.0
1998-05-07 00:00:00-04:00,2.88033,2.88033,2.87033,2.87033,26400,0.0,0.0
1998-05-08 00:00:00-04:00,2.89033,2.89033,2.87033,2.88033,6400,0.0,0.0
1998-05-11 00:00:00-04:00,2.89033,2.89033,2.87033,2.87533,13600,0.0,0.0
1998-05-12 00:00:00-04:00,2.87033,2.87033,2.87033,2.87033,800,0.0,0.0
1998-05-13 00:00:00-04:00,2.86033,2.87533,2.86033,2.87533,13600,0.0,0.0
1998-05-14 00:00:00-04:00,2.86033,2.86033,2.86033,2.86033,16800,0.0,0.0
1998-05-15 00:00:00-04:00,2.86033,2.86033,2.84033,2.84533,24000,0.0,0.0
1998-05-18 00:00:00-04:00,2.86033,2.86033,2.85033,2.85033,14400,0.0,0.0
1998-05-19 00:00:00-04:00,2.86033,2.86033,2.86033,2.86033,2400,0.0,0.0
1998-05-20 00:00:00-04:00,2.86033,2.89033,2.86033,2.89033,14400,0.0,0.0
1998-05-21 00:00:00-04:00,2.90533,2.91534,2.90533,2.91534,5600,0.0,0.0
1998-05-22 00:00:00-04:00,2.93034,2.94034,2.93034,2.93034,4800,0.0,0.0
1998-05-26 00:00:00-04:00,2.91533,2.91533,2.90533,2.90533,22400,0.0,0.0
1998-05-27 00:00:00-04:00,2.88533,2.88533,2.88033,2.88033,16800,0.0,0.0
1998-05-28 00:00:00-04:00,2.88736,2.89238,2.88234,2.88234,4800,0.01875,0.0
1998-05-29 00:00:00-04:00,2.88234,2.90242,2.88234,2.90242,10400,0.0,0.0
1998-06-01 00:00:00-04:00,2.91749,2.92753,2.91749,2.91749,4800,0.0,0.0
1998-06-02 00:00:00-04:00,2.92753,2.92753,2.92753,2.92753,800,0.0,0.0
1998-06-03 00:00:00-04:00,2.93255,2.93255,2.93255,2.93255,60800,0.0,0.0
1998-06-04 00:00:00-04:00,2.91749,2.91749,2.90745,2.90745,2400,0.0,0.0
1998-06-05 00:00:00-04:00,2.89238,2.91247,2.89238,2.91247,9600,0.0,0.0
1998-06-08 00:00:00-04:00,2.8974,2.8974,2.88736,2.88736,8000,0.0,0.0
1998-06-09 00:00:00-04:00,2.90242,2.93255,2.89238,2.93255,22400,0.0,0.0
1998-06-10 00:00:00-04:00,2.9426,2.9426,2.92251,2.92251,10400,0.0,0.0
1998-06-11 00:00:00-04:00,2.92251,2.92251,2.92251,2.92251,0,0.0,0.0
1998-06-12 00:00:00-04:00,2.91247,2.91247,2.91247,2.91247,800,0.0,0.0
1998-06-15 00:00:00-04:00,2.89238,2.89238,2.8723,2.88234,34400,0.0,0.0
1998-06-16 00:00:00-04:00,2.86225,2.86225,2.84719,2.85723,13600,0.0,0.0
1998-06-17 00:00:00-04:00,2.84217,2.84217,2.82208,2.82208,19200,0.0,0.0
1998-06-18 00:00:00-04:00,2.83213,2.83213,2.83213,2.83213,4800,0.0,0.0
1998-06-19 00:00:00-04:00,2.84217,2.84719,2.84217,2.84719,11200,0.0,0.0
1998-06-22 00:00:00-04:00,2.84719,2.84719,2.84719,2.84719,0,0.0,0.0
1998-06-23 00:00:00-04:00,2.83212,2.85723,2.83212,2.85723,16000,0.0,0.0
1998-06-24 00:00:00-04:00,2.86728,2.89238,2.86728,2.87732,12800,0.0,0.0
1998-06-25 00:00:00-04:00,2.88736,2.88736,2.8723,2.8723,4800,0.0,0.0
1998-06-26 00:00:00-04:00,2.86225,2.8723,2.85723,2.86225,4000,0.0,0.0
1998-06-29 00:00:00-04:00,2.85221,2.86225,2.83715,2.83715,9600,0.0,0.0
1998-06-30 00:00:00-04:00,2.84719,2.84719,2.84719,2.84719,2400,0.0,0.0
1998-07-01 00:00:00-04:00,2.83714,2.84217,2.81204,2.82208,27200,0.0,0.0
1998-07-02 00:00:00-04:00,2.85221,2.86225,2.81204,2.81204,40800,0.0,0.0
1998-07-06 00:00:00-04:00,2.8271,2.83715,2.8271,2.83715,4000,0.0,0.0
1998-07-07 00:00:00-04:00,2.8271,2.84217,2.8271,2.84217,12800,0.0,0.0
1998-07-08 00:00:00-04:00,2.84217,2.84217,2.84217,2.84217,16800,0.0,0.0
1998-07-09 00:00:00-04:00,2.8271,2.84217,2.8271,2.8271,30400,0.0,0.0
1998-07-10 00:00:00-04:00,2.8271,2.8271,2.8271,2.8271,0,0.0,0.0
1998-07-13 00:00:00-04:00,2.84217,2.8723,2.83212,2.8723,24800,0.0,0.0
1998-07-14 00:00:00-04:00,2.90243,3.14346,2.90243,3.13341,92800,0.0,0.0
1998-07-15 00:00:00-04:00,3.1535,3.26397,3.1535,3.25393,90400,0.0,0.0
1998-07-16 00:00:00-04:00,3.23384,3.24389,3.20371,3.20371,12800,0.0,0.0
1998-07-17 00:00:00-04:00,3.20874,3.20874,3.16354,3.18363,20000,0.0,0.0
1998-07-20 00:00:00-04:00,3.16354,3.16354,3.10328,3.10328,44000,0.0,0.0
1998-07-21 00:00:00-04:00,3.0832,3.0832,3.04303,3.05307,14400,0.0,0.0
1998-07-22 00:00:00-04:00,3.04303,3.04303,3.04303,3.04303,1600,0.0,0.0
1998-07-23 00:00:00-04:00,3.05307,3.05307,2.99281,2.99281,24000,0.0,0.0
1998-07-24 00:00:00-04:00,2.97273,2.98277,2.92251,2.92251,20000,0.0,0.0
1998-07-27 00:00:00-04:00,2.90243,2.90243,2.79195,2.80702,56800,0.0,0.0
1998-07-28 00:00:00-04:00,2.77689,2.77689,2.66642,2.67144,60000,0.0,0.0
1998-07-29 00:00:00-04:00,2.65637,2.69152,2.65135,2.65135,28000,0.0,0.0
1998-07-30 00:00:00-04:00,2.66139,2.67144,2.66139,2.67144,3200,0.0,0.0
1998-07-31 00:00:00-04:00,2.68148,2.69152,2.68148,2.6865,10400,0.0,0.0
1998-08-03 00:00:00-04:00,2.6865,2.6865,2.6865,2.6865,0,0.0,0.0
1998-08-04 00:00:00-04:00,2.66642,2.66642,2.66642,2.66642,16000,0.0,0.0
1998-08-05 00:00:00-04:00,2.68148,2.68148,2.68148,2.68148,1600,0.0,0.0
1998-08-06 00:00:00-04:00,2.66641,2.66641,2.64131,2.64131,9600,0.0,0.0
1998-08-07 00:00:00-04:00,2.62122,2.62122,2.54088,2.54088,63200,0.0,0.0
1998-08-10 00:00:00-04:00,2.55092,2.56598,2.53586,2.53586,5600,0.0,0.0
1998-08-11 00:00:00-04:00,2.52079,2.52079,2.2898,2.31491,78400,0.0,0.0
1998-08-12 00:00:00-04:00,2.30487,2.41032,2.30487,2.41032,53600,0.0,0.0
1998-08-13 00:00:00-04:00,2.42036,2.42538,2.42036,2.42538,25600,0.0,0.0
1998-08-14 00:00:00-04:00,2.42538,2.43041,2.38019,2.38521,23200,0.0,0.0
1998-08-17 00:00:00-04:00,2.37517,2.39023,2.37015,2.39023,22400,0.0,0.0
1998-08-18 00:00:00-04:00,2.39023,2.39023,2.39023,2.39023,0,0.0,0.0
1998-08-19 00:00:00-04:00,2.4053,2.41032,2.38019,2.39023,32800,0.0,0.0
1998-08-20 00:00:00-04:00,2.40028,2.4304,2.40028,2.4304,16000,0.0,0.0
1998-08-21 00:00:00-04:00,2.4304,2.4304,2.4304,2.4304,0,0.0,0.0
1998-08-24 00:00:00-04:00,2.42036,2.42036,2.41032,2.41032,2400,0.0,0.0
1998-08-25 00:00:00-04:00,2.4304,2.4304,2.4304,2.4304,800,0.0,0.0
1998-08-26 00:00:00-04:00,2.44045,2.45049,2.4304,2.4304,7200,0.0,0.0
1998-08-27 00:00:00-04:00,2.41032,2.41032,2.32495,2.32997,16800,0.0,0.0
1998-08-28 00:00:00-04:00,2.34209,2.39761,2.34209,2.39761,18400,0.01875,0.0
1998-08-31 00:00:00-04:00,2.41275,2.41275,2.32695,2.32695,16000,0.0,0.0
1998-09-01 00:00:00-04:00,2.33199,2.33704,2.27142,2.30171,36800,0.0,0.0
1998-09-02 00:00:00-04:00,2.29161,2.29161,2.29161,2.29161,800,0.0,0.0
1998-09-03 00:00:00-04:00,2.27142,2.27142,2.24114,2.25123,24000,0.0,0.0
1998-09-04 00:00:00-04:00,2.23104,2.23104,2.20076,2.20076,10400,0.0,0.0
1998-09-08 00:00:00-04:00,2.2159,2.2159,2.20076,2.20076,4000,0.0,0.0
1998-09-09 00:00:00-04:00,2.17047,2.18057,2.16038,2.16038,12800,0.0,0.0
1998-09-10 00:00:00-04:00,2.17047,2.19571,2.17047,2.18057,17600,0.0,0.0
1998-09-11 00:00:00-04:00,2.16542,2.16542,2.14523,2.14523,4800,0.0,0.0
1998-09-14 00:00:00-04:00,2.13009,2.13514,2.08971,2.08971,27200,0.0,0.0
1998-09-15 00:00:00-04:00,2.06952,2.06952,2.04933,2.04933,8000,0.0,0.0
1998-09-16 00:00:00-04:00,2.06447,2.07961,2.05942,2.05942,23200,0.0,0.0
1998-09-17 00:00:00-04:00,2.03923,2.03923,2.01904,2.01904,4800,0.0,0.0
1998-09-18 00:00:00-04:00,2.01904,2.06952,2.01904,2.06952,12800,0.0,0.0
1998-09-21 00:00:00-04:00,2.06952,2.07961,2.06952,2.07961,3200,0.0,0.0
1998-09-22 00:00:00-04:00,2.08971,2.08971,2.05942,2.05942,8000,0.0,0.0
1998-09-23 00:00:00-04:00,2.05942,2.20076,2.05942,2.20076,136800,0.0,0.0
1998-09-24 00:00:00-04:00,2.22095,2.24114,2.22095,2.24114,6400,0.0,0.0
1998-09-25 00:00:00-04:00,2.25123,2.27647,2.25123,2.27647,12800,0.0,0.0
1998-09-28 00:00:00-04:00,2.29161,2.29161,2.25123,2.27647,10400,0.0,0.0
1998-09-29 00:00:00-04:00,2.27647,2.27647,2.27647,2.27647,0,0.0,0.0
1998-09-30 00:00:00-04:00,2.29161,2.36228,2.29161,2.36228,68800,0.0,0.0
1998-10-01 00:00:00-04:00,2.33199,2.34209,2.20076,2.20076,26400,0.0,0.0
1998-10-02 00:00:00-04:00,2.2159,2.30675,2.2058,2.26133,25600,0.0,0.0
1998-10-05 00:00:00-04:00,2.24114,2.24114,2.19066,2.19066,10400,0.0,0.0
1998-10-06 00:00:00-04:00,2.17047,2.17047,2.15028,2.15028,6400,0.0,0.0
1998-10-07 00:00:00-04:00,2.14019,2.16038,2.13009,2.16038,10400,0.0,0.0
1998-10-08 00:00:00-04:00,2.14019,2.14019,2.0998,2.0998,51200,0.0,0.0
1998-10-09 00:00:00-04:00,2.11999,2.13009,2.1099,2.11999,4800,0.0,0.0
1998-10-12 00:00:00-04:00,2.13009,2.13009,2.13009,2.13009,1600,0.0,0.0
1998-10-13 00:00:00-04:00,2.1099,2.27142,2.1099,2.23104,92800,0.0,0.0
1998-10-14 00:00:00-04:00,2.25123,2.4178,2.25123,2.41276,66400,0.0,0.0
1998-10-15 00:00:00-04:00,2.41275,2.41275,2.34714,2.40266,36000,0.0,0.0
1998-10-16 00:00:00-04:00,2.42285,2.48342,2.42285,2.48342,21600,0.0,0.0
1998-10-19 00:00:00-04:00,2.44304,2.50361,2.44304,2.47333,26400,0.0,0.0
1998-10-20 00:00:00-04:00,2.48847,2.59447,2.48847,2.59447,38400,0.0,0.0
1998-10-21 00:00:00-04:00,2.58942,2.66009,2.58942,2.66009,23200,0.0,0.0
1998-10-22 00:00:00-04:00,2.67523,2.76104,2.66513,2.76104,28800,0.0,0.0
1998-10-23 00:00:00-04:00,2.77618,2.84685,2.77618,2.82666,16800,0.0,0.0
1998-10-26 00:00:00-05:00,2.84685,2.88723,2.8418,2.8418,17600,0.0,0.0
1998-10-27 00:00:00-05:00,2.83171,2.84685,2.82666,2.82666,19200,0.0,0.0
1998-10-28 00:00:00-05:00,2.71561,2.71561,2.66514,2.66514,72800,0.0,0.0
1998-10-29 00:00:00-05:00,2.64999,2.69542,2.64999,2.69542,7200,0.0,0.0
1998-10-30 00:00:00-05:00,2.70047,2.84685,2.70047,2.84685,46400,0.0,0.0
1998-11-02 00:00:00-05:00,2.86704,2.92761,2.84685,2.84685,31200,0.0,0.0
1998-11-03 00:00:00-05:00,2.84685,2.85694,2.82666,2.83675,30400,0.0,0.0
1998-11-04 00:00:00-05:00,2.82666,2.82666,2.80647,2.80647,233600,0.0,0.0
1998-11-05 00:00:00-05:00,2.79637,2.82666,2.79637,2.82666,41600,0.0,0.0
1998-11-06 00:00:00-05:00,2.8418,2.86704,2.8418,2.86704,12000,0.0,0.0
1998-11-09 00:00:00-05:00,2.88723,2.91247,2.88723,2.90742,5600,0.0,0.0
1998-11-10 00:00:00-05:00,2.89228,2.89228,2.84685,2.85695,15200,0.0,0.0
1998-11-11 00:00:00-05:00,2.8418,2.84685,2.83171,2.84685,8000,0.0,0.0
1998-11-12 00:00:00-05:00,2.85695,2.87209,2.84685,2.87209,16800,0.0,0.0
1998-11-13 00:00:00-05:00,2.8519,2.86199,2.8519,2.8519,4800,0.0,0.0
1998-11-16 00:00:00-05:00,2.84685,2.87713,2.80647,2.82161,30400,0.0,0.0
1998-11-17 00:00:00-05:00,2.79133,2.79133,2.79133,2.79133,40000,0.0,0.0
1998-11-18 00:00:00-05:00,2.80647,2.82666,2.80647,2.82666,14400,0.0,0.0
1998-11-19 00:00:00-05:00,2.82666,2.82666,2.82666,2.82666,0,0.0,0.0
1998-11-20 00:00:00-05:00,2.8418,2.88723,2.8418,2.86704,40800,0.0,0.0
1998-11-23 00:00:00-05:00,2.88218,2.88218,2.82666,2.84685,25600,0.0,0.0
1998-11-24 00:00:00-05:00,2.86199,2.86199,2.82666,2.82666,6400,0.0,0.0
1998-11-25 00:00:00-05:00,2.82666,2.8418,2.82666,2.82666,5600,0.0,0.0
1998-11-27 00:00:00-05:00,2.82362,2.82362,2.82362,2.82362,0,0.01875,0.0
1998-11-30 00:00:00-05:00,2.83882,2.96049,2.83882,2.94021,48800,0.0,0.0
1998-12-01 00:00:00-05:00,2.95542,3.00104,2.94021,3.00104,23200,0.0,0.0
1998-12-02 00:00:00-05:00,3.03146,3.04667,3.03146,3.0416,10400,0.0,0.0
1998-12-03 00:00:00-05:00,3.05681,3.05681,3.03653,3.03653,5600,0.0,0.0
1998-12-04 00:00:00-05:00,3.05174,3.09229,3.05174,3.09229,16000,0.0,0.0
1998-12-07 00:00:00-05:00,3.10243,3.10243,3.07201,3.08215,11200,0.0,0.0
1998-12-08 00:00:00-05:00,3.10243,3.14805,3.10243,3.14805,7200,0.0,0.0
1998-12-09 00:00:00-05:00,3.13285,3.16326,3.13285,3.16326,16000,0.0,0.0
1998-12-10 00:00:00-05:00,3.14805,3.19368,3.14805,3.19368,8800,0.0,0.0
1998-12-11 00:00:00-05:00,3.17847,3.20382,3.16326,3.18861,14400,0.0,0.0
1998-12-14 00:00:00-05:00,3.1734,3.1734,3.16326,3.16326,12000,0.0,0.0
1998-12-15 00:00:00-05:00,3.14806,3.14806,3.09229,3.09229,24800,0.0,0.0
1998-12-16 00:00:00-05:00,3.07201,3.07201,3.0416,3.0416,13600,0.0,0.0
1998-12-17 00:00:00-05:00,3.00104,3.00104,3.00104,3.00104,16000,0.0,0.0
1998-12-18 00:00:00-05:00,2.98077,2.98077,2.9757,2.9757,10400,0.0,0.0
1998-12-21 00:00:00-05:00,2.95542,2.99091,2.95542,2.96049,22400,0.0,0.0
1998-12-22 00:00:00-05:00,2.95035,2.95035,2.91993,2.91993,8000,0.0,0.0
1998-12-23 00:00:00-05:00,2.9098,2.91487,2.84896,2.84896,20800,0.0,0.0
1998-12-24 00:00:00-05:00,2.86924,2.86924,2.84896,2.84896,9600,0.0,0.0
1998-12-28 00:00:00-05:00,2.86924,2.86924,2.86924,2.86924,10400,0.0,0.0
1998-12-29 00:00:00-05:00,2.8591,2.8591,2.84896,2.84896,3200,0.0,0.0
1998-12-30 00:00:00-05:00,2.84896,2.91994,2.84896,2.89966,24000,0.0,0.0
1998-12-31 00:00:00-05:00,2.89966,2.89966,2.88952,2.88952,4800,0.0,0.0
1999-01-04 00:00:00-05:00,2.91994,2.97063,2.91994,2.97063,24000,0.0,0.0
1999-01-05 00:00:00-05:00,2.95035,2.95035,2.83883,2.83883,32800,0.0,0.0
1999-01-06 00:00:00-05:00,2.8591,2.87938,2.8591,2.87938,27200,0.0,0.0
1999-01-07 00:00:00-05:00,2.83883,2.83883,2.83883,2.83883,15200,0.0,0.0
1999-01-08 00:00:00-05:00,2.83882,2.84896,2.81855,2.84896,14400,0.0,0.0
1999-01-11 00:00:00-05:00,2.83883,2.8591,2.83883,2.83883,6400,0.0,0.0
1999-01-12 00:00:00-05:00,2.82869,2.8591,2.82869,2.83883,8000,0.0,0.0
1999-01-13 00:00:00-05:00,2.83882,2.8591,2.82869,2.82869,13600,0.0,0.0
1999-01-14 00:00:00-05:00,2.81855,2.81855,2.79827,2.80334,12000,0.0,0.0
1999-01-15 00:00:00-05:00,2.80334,2.80334,2.78813,2.78813,8800,0.0,0.0
1999-01-19 00:00:00-05:00,2.78306,2.78306,2.76279,2.78306,14400,0.0,0.0
1999-01-20 00:00:00-05:00,2.80334,2.82362,2.80334,2.80334,13600,0.0,0.0
1999-01-21 00:00:00-05:00,2.81348,2.81348,2.74758,2.74758,12800,0.0,0.0
1999-01-22 00:00:00-05:00,2.76786,2.76786,2.69688,2.69688,19200,0.0,0.0
1999-01-25 00:00:00-05:00,2.68168,2.7273,2.67154,2.69688,32800,0.0,0.0
1999-01-26 00:00:00-05:00,2.71716,2.73237,2.71716,2.72223,11200,0.0,0.0
1999-01-27 00:00:00-05:00,2.74251,2.74758,2.7273,2.74758,8800,0.0,0.0
1999-01-28 00:00:00-05:00,2.76279,3.05174,2.76279,2.97063,81600,0.0,0.0
1999-01-29 00:00:00-05:00,2.98584,3.03146,2.95035,2.97063,44800,0.0,0.0
1999-02-01 00:00:00-05:00,2.95542,2.97063,2.93007,2.95035,23200,0.0,0.0
1999-02-02 00:00:00-05:00,2.91994,2.91994,2.8591,2.8591,16000,0.0,0.0
1999-02-03 00:00:00-05:00,2.84897,2.8591,2.84897,2.8591,4800,0.0,0.0
1999-02-04 00:00:00-05:00,2.83883,2.83883,2.83376,2.83883,9600,0.0,0.0
1999-02-05 00:00:00-05:00,2.83376,2.83376,2.80841,2.80841,12800,0.0,0.0
1999-02-08 00:00:00-05:00,2.7932,2.80841,2.7932,2.80841,4000,0.0,0.0
1999-02-09 00:00:00-05:00,2.7932,2.7932,2.7932,2.7932,1600,0.0,0.0
1999-02-10 00:00:00-05:00,2.77292,2.78306,2.75772,2.75772,26400,0.0,0.0
1999-02-11 00:00:00-05:00,2.7273,2.7273,2.6614,2.69182,35200,0.0,0.0
1999-02-12 00:00:00-05:00,2.70195,2.70195,2.65126,2.67154,18400,0.0,0.0
1999-02-16 00:00:00-05:00,2.68674,2.71716,2.68674,2.71716,8800,0.0,0.0
1999-02-17 00:00:00-05:00,2.70702,2.70702,2.68675,2.68675,6400,0.0,0.0
1999-02-18 00:00:00-05:00,2.67154,2.67154,2.65126,2.65126,14400,0.0,0.0
1999-02-19 00:00:00-05:00,2.66647,2.66647,2.53973,2.53973,23200,0.0,0.0
1999-02-22 00:00:00-05:00,2.5296,2.60564,2.5296,2.60564,28000,0.0,0.0
1999-02-23 00:00:00-05:00,2.62084,2.64619,2.5955,2.5955,33600,0.0,0.0
1999-02-24 00:00:00-05:00,2.60508,2.62037,2.60508,2.62037,4000,0.0225,0.0
1999-02-25 00:00:00-05:00,2.62037,2.62037,2.62037,2.62037,0,0.0,0.0
1999-02-26 00:00:00-05:00,2.59998,2.61018,2.5694,2.61018,19200,0.0,0.0
1999-03-01 00:00:00-05:00,2.61018,2.61018,2.61018,2.61018,7200,0.0,0.0
1999-03-02 00:00:00-05:00,2.58979,2.58979,2.51842,2.52351,23200,0.0,0.0
1999-03-03 00:00:00-05:00,2.51332,2.51332,2.50822,2.50822,5600,0.0,0.0
1999-03-04 00:00:00-05:00,2.51842,2.51842,2.49802,2.49802,8800,0.0,0.0
1999-03-05 00:00:00-05:00,2.51842,2.52861,2.50822,2.51332,8000,0.0,0.0
1999-03-08 00:00:00-05:00,2.53371,2.549,2.53371,2.549,6400,0.0,0.0
1999-03-09 00:00:00-05:00,2.549,2.549,2.549,2.549,11200,0.0,0.0
1999-03-10 00:00:00-05:00,2.549,2.62037,2.53881,2.62037,48800,0.0,0.0
1999-03-11 00:00:00-05:00,2.61018,2.61018,2.61018,2.61018,4000,0.0,0.0
1999-03-12 00:00:00-05:00,2.61018,2.61018,2.61018,2.61018,7200,0.0,0.0
1999-03-15 00:00:00-05:00,2.63057,2.63057,2.63057,2.63057,2400,0.0,0.0
1999-03-16 00:00:00-05:00,2.64587,2.64587,2.61528,2.61528,20000,0.0,0.0
1999-03-17 00:00:00-05:00,2.61528,2.61528,2.61528,2.61528,0,0.0,0.0
1999-03-18 00:00:00-05:00,2.63057,2.63057,2.63057,2.63057,3200,0.0,0.0
1999-03-19 00:00:00-05:00,2.62038,2.63057,2.61018,2.61018,19200,0.0,0.0
1999-03-22 00:00:00-05:00,2.63057,2.63057,2.62038,2.63057,10400,0.0,0.0
1999-03-23 00:00:00-05:00,2.61018,2.61018,2.59998,2.60508,136800,0.0,0.0
1999-03-24 00:00:00-05:00,2.61018,2.61018,2.58979,2.58979,8800,0.0,0.0
1999-03-25 00:00:00-05:00,2.58979,2.59998,2.58979,2.59998,4000,0.0,0.0
1999-03-26 00:00:00-05:00,2.59998,2.62038,2.59998,2.59998,24000,0.0,0.0
1999-03-29 00:00:00-05:00,2.61528,2.63057,2.61528,2.63057,20800,0.0,0.0
1999-03-30 00:00:00-05:00,2.63057,2.63057,2.61528,2.61528,6400,0.0,0.0
1999-03-31 00:00:00-05:00,2.59998,2.62037,2.50312,2.50312,56000,0.0,0.0
1999-04-01 00:00:00-05:00,2.53881,2.53881,2.51842,2.51842,25600,0.0,0.0
1999-04-05 00:00:00-04:00,2.53881,2.53881,2.51332,2.52861,11200,0.0,0.0
1999-04-06 00:00:00-04:00,2.50822,2.50822,2.49802,2.49802,1600,0.0,0.0
1999-04-07 00:00:00-04:00,2.45724,2.48273,2.45724,2.48273,11200,0.0,0.0
1999-04-08 00:00:00-04:00,2.46744,2.48783,2.44704,2.48783,24000,0.0,0.0
1999-04-09 00:00:00-04:00,2.46743,2.46743,2.44704,2.44704,8000,0.0,0.0
1999-04-12 00:00:00-04:00,2.42665,2.49802,2.42665,2.42665,40000,0.0,0.0
1999-04-13 00:00:00-04:00,2.40626,2.44704,2.40626,2.40626,29600,0.0,0.0
1999-04-14 00:00:00-04:00,2.42665,2.42665,2.40626,2.42665,22400,0.0,0.0
1999-04-15 00:00:00-04:00,2.41646,2.5694,2.41646,2.5694,56000,0.0,0.0
1999-04-16 00:00:00-04:00,2.549,2.65096,2.549,2.65096,24000,0.0,0.0
1999-04-19 00:00:00-04:00,2.65096,2.71214,2.65096,2.70704,35200,0.0,0.0
1999-04-20 00:00:00-04:00,2.72743,2.78351,2.72234,2.76822,26400,0.0,0.0
1999-04-21 00:00:00-04:00,2.78861,2.8243,2.76312,2.809,24000,0.0,0.0
1999-04-22 00:00:00-04:00,2.8192,2.8192,2.73763,2.73763,19200,0.0,0.0
1999-04-23 00:00:00-04:00,2.71724,2.76312,2.65096,2.76312,27200,0.0,0.0
1999-04-26 00:00:00-04:00,2.74273,2.84469,2.74273,2.77332,42400,0.0,0.0
1999-04-27 00:00:00-04:00,2.83449,2.83449,2.83449,2.83449,10400,0.0,0.0
1999-04-28 00:00:00-04:00,2.8141,2.8141,2.77331,2.79371,14400,0.0,0.0
1999-04-29 00:00:00-04:00,2.74273,2.78351,2.69175,2.69175,114400,0.0,0.0
1999-04-30 00:00:00-04:00,2.69175,2.69175,2.69175,2.69175,3200,0.0,0.0
1999-05-03 00:00:00-04:00,2.69175,2.69175,2.67136,2.69175,47200,0.0,0.0
1999-05-04 00:00:00-04:00,2.69175,2.69175,2.69175,2.69175,6400,0.0,0.0
1999-05-05 00:00:00-04:00,2.69685,2.71214,2.69175,2.69175,11200,0.0,0.0
1999-05-06 00:00:00-04:00,2.71214,2.77332,2.71214,2.77332,6400,0.0,0.0
1999-05-07 00:00:00-04:00,2.8141,3.03841,2.8141,3.03841,37600,0.0,0.0
1999-05-10 00:00:00-04:00,2.99763,2.99763,2.97724,2.97724,12800,0.0,0.0
1999-05-11 00:00:00-04:00,2.95684,2.95684,2.93645,2.93645,16000,0.0,0.0
1999-05-12 00:00:00-04:00,2.92626,2.93135,2.91606,2.93135,13600,0.0,0.0
1999-05-13 00:00:00-04:00,2.94665,2.95175,2.92626,2.92626,13600,0.0,0.0
1999-05-14 00:00:00-04:00,2.89567,2.90587,2.88547,2.88547,7200,0.0,0.0
1999-05-17 00:00:00-04:00,2.90586,2.90586,2.89567,2.90586,6400,0.0,0.0
1999-05-18 00:00:00-04:00,2.93645,2.97724,2.93645,2.97724,20800,0.0,0.0
1999-05-19 00:00:00-04:00,2.99763,2.99763,2.99763,2.99763,800,0.0,0.0
1999-05-20 00:00:00-04:00,2.99763,2.99763,2.91606,2.91606,15200,0.0,0.0
1999-05-21 00:00:00-04:00,2.91606,2.91606,2.91606,2.91606,0,0.0,0.0
1999-05-24 00:00:00-04:00,2.91606,2.91606,2.91606,2.91606,4000,0.0,0.0
1999-05-25 00:00:00-04:00,2.89567,2.89567,2.85488,2.87528,11200,0.0,0.0
1999-05-26 00:00:00-04:00,2.85488,2.85488,2.85488,2.85488,3200,0.0,0.0
1999-05-27 00:00:00-04:00,2.85939,2.86964,2.76715,2.7979,23200,0.0225,0.0
1999-05-28 00:00:00-04:00,2.7774,2.7774,2.74666,2.75691,55200,0.0,0.0
1999-06-01 00:00:00-04:00,2.86964,2.91064,2.84915,2.91064,60800,0.0,0.0
1999-06-02 00:00:00-04:00,2.92089,2.93114,2.86964,2.86964,48800,0.0,0.0
1999-06-03 00:00:00-04:00,2.89014,2.89014,2.78765,2.80815,19200,0.0,0.0
1999-06-04 00:00:00-04:00,2.80815,2.80815,2.74666,2.74666,7200,0.0,0.0
1999-06-07 00:00:00-04:00,2.72616,2.72616,2.70566,2.72616,10400,0.0,0.0
1999-06-08 00:00:00-04:00,2.74666,2.74666,2.74666,2.74666,1600,0.0,0.0
1999-06-09 00:00:00-04:00,2.76715,2.76715,2.76715,2.76715,10400,0.0,0.0
1999-06-10 00:00:00-04:00,2.76715,2.78765,2.76715,2.78765,5600,0.0,0.0
1999-06-11 00:00:00-04:00,2.78765,2.78765,2.78765,2.78765,0,0.0,0.0
1999-06-14 00:00:00-04:00,2.80815,2.80815,2.80815,2.80815,1600,0.0,0.0
1999-06-15 00:00:00-04:00,2.82865,2.82865,2.77228,2.77228,13600,0.0,0.0
1999-06-16 00:00:00-04:00,2.78765,2.78765,2.78765,2.78765,1600,0.0,0.0
1999-06-17 00:00:00-04:00,2.78765,2.78765,2.78765,2.78765,0,0.0,0.0
1999-06-18 00:00:00-04:00,2.80815,2.80815,2.78765,2.78765,2400,0.0,0.0
1999-06-21 00:00:00-04:00,2.76715,2.76715,2.76715,2.76715,800,0.0,0.0
1999-06-22 00:00:00-04:00,2.78253,2.78765,2.78253,2.78765,11200,0.0,0.0
1999-06-23 00:00:00-04:00,2.78765,2.78765,2.78765,2.78765,0,0.0,0.0
1999-06-24 00:00:00-04:00,2.76715,2.76715,2.76715,2.76715,2400,0.0,0.0
1999-06-25 00:00:00-04:00,2.78765,2.78765,2.78765,2.78765,2400,0.0,0.0
1999-06-28 00:00:00-04:00,2.7979,2.7979,2.7774,2.7774,5600,0.0,0.0
1999-06-29 00:00:00-04:00,2.7774,2.7774,2.75691,2.7774,18400,0.0,0.0
1999-06-30 00:00:00-04:00,2.74666,2.86964,2.74666,2.84914,24000,0.0,0.0
1999-07-01 00:00:00-04:00,2.82865,2.82865,2.80815,2.80815,8800,0.0,0.0
1999-07-02 00:00:00-04:00,2.82865,2.8389,2.82865,2.8389,9600,0.0,0.0
1999-07-06 00:00:00-04:00,2.86964,2.91064,2.84914,2.89014,56000,0.0,0.0
1999-07-07 00:00:00-04:00,2.93114,2.97213,2.91064,2.95163,27200,0.0,0.0
1999-07-08 00:00:00-04:00,2.95163,3.01312,2.95163,2.99263,18400,0.0,0.0
1999-07-09 00:00:00-04:00,3.04387,3.13611,3.03362,3.10536,33600,0.0,0.0
1999-07-12 00:00:00-04:00,3.15661,3.2386,3.15661,3.2386,7200,0.0,0.0
1999-07-13 00:00:00-04:00,3.25909,3.36158,3.25909,3.28984,56000,0.0,0.0
1999-07-14 00:00:00-04:00,3.27959,3.34108,3.27959,3.30009,14400,0.0,0.0
1999-07-15 00:00:00-04:00,3.30009,3.35133,3.30009,3.30009,22400,0.0,0.0
1999-07-16 00:00:00-04:00,3.26934,3.32059,3.2181,3.30009,68800,0.0,0.0
1999-07-19 00:00:00-04:00,3.32059,3.32059,3.27959,3.30009,22400,0.0,0.0
1999-07-20 00:00:00-04:00,3.30009,3.30009,3.1976,3.2181,21600,0.0,0.0
1999-07-21 00:00:00-04:00,3.1976,3.2386,3.13611,3.15661,22400,0.0,0.0
1999-07-22 00:00:00-04:00,3.1771,3.1976,3.1771,3.1976,22400,0.0,0.0
1999-07-23 00:00:00-04:00,3.1771,3.1771,3.1771,3.1771,1600,0.0,0.0
1999-07-26 00:00:00-04:00,3.1771,3.20785,3.14636,3.14636,28800,0.0,0.0
1999-07-27 00:00:00-04:00,3.16686,3.2181,3.13611,3.18735,25600,0.0,0.0
1999-07-28 00:00:00-04:00,3.16685,3.1771,3.15661,3.1771,9600,0.0,0.0
1999-07-29 00:00:00-04:00,3.15661,3.15661,3.12074,3.12074,8000,0.0,0.0
1999-07-30 00:00:00-04:00,3.12074,3.12074,3.11561,3.11561,13600,0.0,0.0
1999-08-02 00:00:00-04:00,3.08487,3.08487,3.04387,3.04387,8800,0.0,0.0
1999-08-03 00:00:00-04:00,3.04387,3.04387,2.98238,2.99263,18400,0.0,0.0
1999-08-04 00:00:00-04:00,3.01312,3.01312,3.01312,3.01312,4800,0.0,0.0
1999-08-05 00:00:00-04:00,3.03362,3.05412,3.03362,3.05412,6400,0.0,0.0
1999-08-06 00:00:00-04:00,3.07462,3.07462,3.05412,3.05412,2400,0.0,0.0
1999-08-09 00:00:00-04:00,3.07462,3.07462,3.02337,3.02337,9600,0.0,0.0
1999-08-10 00:00:00-04:00,3.00288,3.02337,2.99263,2.99263,8800,0.0,0.0
1999-08-11 00:00:00-04:00,3.01312,3.01312,3.01312,3.01312,1600,0.0,0.0
1999-08-12 00:00:00-04:00,3.01313,3.03362,3.00288,3.00288,11200,0.0,0.0
1999-08-13 00:00:00-04:00,3.02337,3.08487,3.02337,3.05412,10400,0.0,0.0
1999-08-16 00:00:00-04:00,3.07462,3.07462,3.05412,3.07462,3200,0.0,0.0
1999-08-17 00:00:00-04:00,3.09512,3.14636,3.09512,3.14636,8000,0.0,0.0
1999-08-18 00:00:00-04:00,3.15661,3.15661,3.15661,3.15661,3200,0.0,0.0
1999-08-19 00:00:00-04:00,3.15661,3.15661,3.15661,3.15661,0,0.0,0.0
1999-08-20 00:00:00-04:00,3.1771,3.1771,3.1771,3.1771,9600,0.0,0.0
1999-08-23 00:00:00-04:00,3.1976,3.2386,3.18735,3.18735,29600,0.0,0.0
1999-08-24 00:00:00-04:00,3.14636,3.16685,3.14636,3.16685,8800,0.0,0.0
1999-08-25 00:00:00-04:00,3.16685,3.16685,3.16685,3.16685,0,0.0,0.0
1999-08-26 00:00:00-04:00,3.1771,3.1771,3.13611,3.13611,14400,0.0,0.0
1999-08-27 00:00:00-04:00,3.12074,3.13611,3.12074,3.13611,11200,0.0,0.0
1999-08-30 00:00:00-04:00,3.14064,3.15094,3.14064,3.15094,4800,0.0225,0.0
1999-08-31 00:00:00-04:00,3.15094,3.15094,3.15094,3.15094,0,0.0,0.0
1999-09-01 00:00:00-04:00,3.17153,3.18183,3.17153,3.18183,1600,0.0,0.0
1999-09-02 00:00:00-04:00,3.16123,3.16123,3.12004,3.12004,8000,0.0,0.0
1999-09-03 00:00:00-04:00,3.12004,3.12004,3.12004,3.12004,0,0.0,0.0
1999-09-07 00:00:00-04:00,3.12004,3.12004,3.12004,3.12004,16000,0.0,0.0
1999-09-08 00:00:00-04:00,3.09945,3.09945,3.09945,3.09945,800,0.0,0.0
1999-09-09 00:00:00-04:00,3.09945,3.09945,3.09945,3.09945,0,0.0,0.0
1999-09-10 00:00:00-04:00,3.07886,3.13034,3.07886,3.10975,5600,0.0,0.0
1999-09-13 00:00:00-04:00,3.10975,3.10975,3.07886,3.07886,4800,0.0,0.0
1999-09-14 00:00:00-04:00,3.05826,3.05826,3.02737,3.02737,4800,0.0,0.0
1999-09-15 00:00:00-04:00,3.02737,3.04796,3.02737,3.04796,4000,0.0,0.0
1999-09-16 00:00:00-04:00,3.04796,3.04796,3.04796,3.04796,0,0.0,0.0
1999-09-17 00:00:00-04:00,3.04796,3.04796,3.04796,3.04796,0,0.0,0.0
1999-09-20 00:00:00-04:00,3.09945,3.09945,3.09945,3.09945,14400,0.0,0.0
1999-09-21 00:00:00-04:00,3.07886,3.07886,3.05826,3.05826,4000,0.0,0.0
1999-09-22 00:00:00-04:00,3.03767,3.03767,2.96559,2.96559,8800,0.0,0.0
1999-09-23 00:00:00-04:00,2.98618,2.98618,2.90381,2.90381,10400,0.0,0.0
1999-09-24 00:00:00-04:00,2.90381,2.90381,2.90381,2.90381,3200,0.0,0.0
1999-09-27 00:00:00-04:00,2.9141,2.9141,2.84202,2.84202,6400,0.0,0.0
1999-09-28 00:00:00-04:00,2.86261,2.86261,2.86261,2.86261,800,0.0,0.0
1999-09-29 00:00:00-04:00,2.84202,2.84202,2.84202,2.84202,3200,0.0,0.0
1999-09-30 00:00:00-04:00,2.82143,2.82143,2.82143,2.82143,1600,0.0,0.0
1999-10-01 00:00:00-04:00,2.84202,2.84202,2.80083,2.80083,3200,0.0,0.0
1999-10-04 00:00:00-04:00,2.81113,2.81113,2.81113,2.81113,10400,0.0,0.0
1999-10-05 00:00:00-04:00,2.79054,2.83173,2.78024,2.83173,19200,0.0,0.0
1999-10-06 00:00:00-04:00,2.83173,2.83173,2.83173,2.83173,0,0.0,0.0
1999-10-07 00:00:00-04:00,2.83687,2.83687,2.83687,2.83687,6400,0.0,0.0
1999-10-08 00:00:00-04:00,2.87806,3.25391,2.86262,3.25391,276000,0.0,0.0
1999-10-11 00:00:00-04:00,3.21272,3.21272,3.07886,3.07886,68000,0.0,0.0
1999-10-12 00:00:00-04:00,2.96559,2.96559,2.95529,2.95529,185600,0.0,0.0
1999-10-13 00:00:00-04:00,2.96559,2.96559,2.95014,2.95014,4800,0.0,0.0
1999-10-14 00:00:00-04:00,2.96559,2.97589,2.96559,2.97589,4000,0.0,0.0
1999-10-15 00:00:00-04:00,2.97589,2.97589,2.97589,2.97589,0,0.0,0.0
1999-10-18 00:00:00-04:00,2.95529,2.95529,2.63608,2.63608,47200,0.0,0.0
1999-10-19 00:00:00-04:00,2.5537,2.65667,2.47132,2.47132,88800,0.0,0.0
1999-10-20 00:00:00-04:00,2.50221,2.63608,2.50221,2.63608,64800,0.0,0.0
1999-10-21 00:00:00-04:00,2.61548,2.61548,2.5537,2.564,9600,0.0,0.0
1999-10-22 00:00:00-04:00,2.58459,2.59489,2.5743,2.5743,4800,0.0,0.0
1999-10-25 00:00:00-04:00,2.5537,2.59489,2.51251,2.53311,26400,0.0,0.0
1999-10-26 00:00:00-04:00,2.52281,2.5537,2.47132,2.50221,20000,0.0,0.0
1999-10-27 00:00:00-04:00,2.47132,2.52281,2.47132,2.52281,11200,0.0,0.0
1999-10-28 00:00:00-04:00,2.52281,2.60519,2.52281,2.60519,47200,0.0,0.0
1999-10-29 00:00:00-04:00,2.57429,2.66697,2.57429,2.66697,15200,0.0,0.0
1999-11-01 00:00:00-05:00,2.64638,2.64638,2.564,2.60519,23200,0.0,0.0
1999-11-02 00:00:00-05:00,2.63608,2.63608,2.63608,2.63608,800,0.0,0.0
1999-11-03 00:00:00-05:00,2.60519,2.60519,2.5743,2.5743,6400,0.0,0.0
1999-11-04 00:00:00-05:00,2.60519,2.60519,2.52281,2.564,26400,0.0,0.0
1999-11-05 00:00:00-05:00,2.58459,2.58459,2.5537,2.5537,4800,0.0,0.0
1999-11-08 00:00:00-05:00,2.5537,2.5537,2.5537,2.5537,0,0.0,0.0
1999-11-09 00:00:00-05:00,2.5537,2.58459,2.5537,2.58459,16000,0.0,0.0
1999-11-10 00:00:00-05:00,2.564,2.564,2.5537,2.5537,32000,0.0,0.0
1999-11-11 00:00:00-05:00,2.564,2.564,2.53311,2.53311,21600,0.0,0.0
1999-11-12 00:00:00-05:00,2.53311,2.53311,2.53311,2.53311,26400,0.0,0.0
1999-11-15 00:00:00-05:00,2.52281,2.5537,2.52281,2.52281,13600,0.0,0.0
1999-11-16 00:00:00-05:00,2.5537,2.59489,2.5537,2.5537,6400,0.0,0.0
1999-11-17 00:00:00-05:00,2.53311,2.53311,2.52281,2.52281,14400,0.0,0.0
1999-11-18 00:00:00-05:00,2.5434,2.5434,2.52281,2.5434,10400,0.0,0.0
1999-11-19 00:00:00-05:00,2.52281,2.57429,2.51251,2.5537,17600,0.0,0.0
1999-11-22 00:00:00-05:00,2.59489,2.59489,2.53311,2.5537,24800,0.0,0.0
1999-11-23 00:00:00-05:00,2.57429,2.57429,2.5434,2.564,12800,0.0,0.0
1999-11-24 00:00:00-05:00,2.5434,2.5434,2.53311,2.53311,6400,0.0,0.0
1999-11-26 00:00:00-05:00,2.53311,2.53311,2.53311,2.53311,0,0.0,0.0
1999-11-29 00:00:00-05:00,2.54802,2.54802,2.4807,2.50659,25600,0.0225,0.0
1999-11-30 00:00:00-05:00,2.52731,2.56874,2.52731,2.53766,23200,0.0,0.0
1999-12-01 00:00:00-05:00,2.51695,2.53249,2.49623,2.53249,16000,0.0,0.0
1999-12-02 00:00:00-05:00,2.53766,2.55838,2.51695,2.51695,30400,0.0,0.0
1999-12-03 00:00:00-05:00,2.51695,2.51695,2.51695,2.51695,800,0.0,0.0
1999-12-06 00:00:00-05:00,2.50659,2.53766,2.49623,2.53766,20800,0.0,0.0
1999-12-07 00:00:00-05:00,2.52731,2.53766,2.48587,2.48587,14400,0.0,0.0
1999-12-08 00:00:00-05:00,2.46516,2.49623,2.43409,2.49623,41600,0.0,0.0
1999-12-09 00:00:00-05:00,2.51695,2.52731,2.50659,2.52731,8000,0.0,0.0
1999-12-10 00:00:00-05:00,2.54802,2.5532,2.52213,2.52213,20000,0.0,0.0
1999-12-13 00:00:00-05:00,2.50141,2.50141,2.4807,2.4807,4800,0.0,0.0
1999-12-14 00:00:00-05:00,2.47034,2.52731,2.46516,2.48587,63200,0.0,0.0
1999-12-15 00:00:00-05:00,2.46516,2.46516,2.46516,2.46516,20800,0.0,0.0
1999-12-16 00:00:00-05:00,2.46516,2.48587,2.4548,2.48587,35200,0.0,0.0
1999-12-17 00:00:00-05:00,2.48587,2.51695,2.47552,2.51695,47200,0.0,0.0
1999-12-20 00:00:00-05:00,2.49623,2.50659,2.48587,2.49623,20000,0.0,0.0
1999-12-21 00:00:00-05:00,2.48587,2.51177,2.48587,2.51177,19200,0.0,0.0
1999-12-22 00:00:00-05:00,2.48587,2.49623,2.48587,2.48587,21600,0.0,0.0
1999-12-23 00:00:00-05:00,2.49623,2.49623,2.49623,2.49623,1600,0.0,0.0
1999-12-27 00:00:00-05:00,2.48587,2.52731,2.48587,2.52731,31200,0.0,0.0
1999-12-28 00:00:00-05:00,2.50659,2.52731,2.48587,2.48587,41600,0.0,0.0
1999-12-29 00:00:00-05:00,2.48587,2.48587,2.48587,2.48587,5600,0.0,0.0
1999-12-30 00:00:00-05:00,2.48587,2.48587,2.48587,2.48587,9600,0.0,0.0
1999-12-31 00:00:00-05:00,2.48587,2.50659,2.48587,2.49623,6400,0.0,0.0
2000-01-03 00:00:00-05:00,2.49623,2.49623,2.48587,2.48587,25600,0.0,0.0
2000-01-04 00:00:00-05:00,2.48587,2.63088,2.48587,2.52731,62400,0.0,0.0
2000-01-05 00:00:00-05:00,2.52213,2.55838,2.50141,2.55838,13600,0.0,0.0
2000-01-06 00:00:00-05:00,2.54802,2.58945,2.54802,2.58945,36000,0.0,0.0
2000-01-07 00:00:00-05:00,2.61017,2.61017,2.61017,2.61017,17600,0.0,0.0
2000-01-10 00:00:00-05:00,2.63088,2.63088,2.58945,2.61017,5600,0.0,0.0
2000-01-11 00:00:00-05:00,2.6257,2.6257,2.6257,2.6257,1600,0.0,0.0
2000-01-12 00:00:00-05:00,2.60499,2.60499,2.54802,2.56874,20000,0.0,0.0
2000-01-13 00:00:00-05:00,2.56874,2.59981,2.56874,2.57909,19200,0.0,0.0
2000-01-14 00:00:00-05:00,2.59981,2.61017,2.55838,2.55838,13600,0.0,0.0
2000-01-18 00:00:00-05:00,2.53766,2.57392,2.53249,2.5532,15200,0.0,0.0
2000-01-19 00:00:00-05:00,2.53248,2.53248,2.52731,2.52731,31200,0.0,0.0
2000-01-20 00:00:00-05:00,2.52731,2.52731,2.50659,2.52731,16000,0.0,0.0
2000-01-21 00:00:00-05:00,2.50659,2.57909,2.50659,2.57909,14400,0.0,0.0
2000-01-24 00:00:00-05:00,2.5791,2.61017,2.55838,2.55838,13600,0.0,0.0
2000-01-25 00:00:00-05:00,2.55838,2.55838,2.55838,2.55838,6400,0.0,0.0
2000-01-26 00:00:00-05:00,2.55838,2.55838,2.55838,2.55838,0,0.0,0.0
2000-01-27 00:00:00-05:00,2.53766,2.55838,2.52731,2.55838,4800,0.0,0.0
2000-01-28 00:00:00-05:00,2.55838,2.55838,2.55838,2.55838,4800,0.0,0.0
2000-01-31 00:00:00-05:00,2.54802,2.54802,2.53766,2.54802,20000,0.0,0.0
2000-02-01 00:00:00-05:00,2.56874,2.60499,2.56874,2.56874,23200,0.0,0.0
2000-02-02 00:00:00-05:00,2.58945,2.58945,2.56874,2.57392,16000,0.0,0.0
2000-02-03 00:00:00-05:00,2.61017,2.64124,2.60499,2.64124,25600,0.0,0.0
2000-02-04 00:00:00-05:00,2.6516,2.68267,2.63088,2.68267,36000,0.0,0.0
2000-02-07 00:00:00-05:00,2.68267,2.68267,2.6516,2.6516,11200,0.0,0.0
2000-02-08 00:00:00-05:00,2.6516,2.6516,2.61017,2.63088,20000,0.0,0.0
2000-02-09 00:00:00-05:00,2.63088,2.6516,2.63088,2.6516,6400,0.0,0.0
2000-02-10 00:00:00-05:00,2.6516,2.6516,2.6516,2.6516,0,0.0,0.0
2000-02-11 00:00:00-05:00,2.6516,2.7241,2.6516,2.70339,35200,0.0,0.0
2000-02-14 00:00:00-05:00,2.68267,2.70339,2.66196,2.70339,23200,0.0,0.0
2000-02-15 00:00:00-05:00,2.7241,2.73446,2.70339,2.73446,11200,0.0,0.0
2000-02-16 00:00:00-05:00,2.73446,2.73446,2.71375,2.73446,6400,0.0,0.0
2000-02-17 00:00:00-05:00,2.71375,2.73446,2.71375,2.73446,6400,0.0,0.0
2000-02-18 00:00:00-05:00,2.75518,2.78625,2.7241,2.73446,16800,0.0,0.0
2000-02-22 00:00:00-05:00,2.71375,2.71375,2.71375,2.71375,1600,0.0,0.0
2000-02-23 00:00:00-05:00,2.69303,2.69303,2.66196,2.66196,8000,0.0,0.0
2000-02-24 00:00:00-05:00,2.6516,2.6516,2.6516,2.6516,800,0.0,0.0
2000-02-25 00:00:00-05:00,2.66954,2.66954,2.62782,2.62782,5600,0.02688,0.0
2000-02-28 00:00:00-05:00,2.60697,2.60697,2.56526,2.56526,16800,0.0,0.0
2000-02-29 00:00:00-05:00,2.56004,2.5809,2.56004,2.56004,20000,0.0,0.0
2000-03-01 00:00:00-05:00,2.55483,2.55483,2.55483,2.55483,1600,0.0,0.0
2000-03-02 00:00:00-05:00,2.54962,2.58611,2.5444,2.58611,12800,0.0,0.0
2000-03-03 00:00:00-05:00,2.56526,2.58611,2.56526,2.56526,21600,0.0,0.0
2000-03-06 00:00:00-05:00,2.55483,2.55483,2.54961,2.54961,18400,0.0,0.0
2000-03-07 00:00:00-05:00,2.54961,2.56526,2.53397,2.53397,62400,0.0,0.0
2000-03-08 00:00:00-05:00,2.55483,2.55483,2.5444,2.55483,4800,0.0,0.0
2000-03-09 00:00:00-05:00,2.55483,2.55483,2.55483,2.55483,1600,0.0,0.0
2000-03-10 00:00:00-05:00,2.5444,2.56526,2.5444,2.56526,11200,0.0,0.0
2000-03-13 00:00:00-05:00,2.56526,2.56526,2.56526,2.56526,6400,0.0,0.0
2000-03-14 00:00:00-05:00,2.56526,2.56526,2.56526,2.56526,6400,0.0,0.0
2000-03-15 00:00:00-05:00,2.58611,2.58611,2.58611,2.58611,1600,0.0,0.0
2000-03-16 00:00:00-05:00,2.60697,2.67996,2.58611,2.67996,44000,0.0,0.0
2000-03-17 00:00:00-05:00,2.66954,2.66954,2.58611,2.62782,85600,0.0,0.0
2000-03-20 00:00:00-05:00,2.64868,2.69039,2.62782,2.69039,42400,0.0,0.0
2000-03-21 00:00:00-05:00,2.71125,2.72168,2.71125,2.71125,7200,0.0,0.0
2000-03-22 00:00:00-05:00,2.72689,2.74253,2.72689,2.74253,11200,0.0,0.0
2000-03-23 00:00:00-05:00,2.74253,2.74253,2.74253,2.74253,0,0.0,0.0
2000-03-24 00:00:00-05:00,2.76339,2.8051,2.76339,2.77903,8800,0.0,0.0
2000-03-27 00:00:00-05:00,2.77381,2.84681,2.77381,2.84681,17600,0.0,0.0
2000-03-28 00:00:00-05:00,2.86767,2.98237,2.86767,2.96152,12800,0.0,0.0
2000-03-29 00:00:00-05:00,2.97194,3.02408,2.97194,3.00323,79200,0.0,0.0
2000-03-30 00:00:00-05:00,3.02408,3.03451,3.00323,3.02408,24800,0.0,0.0
2000-03-31 00:00:00-05:00,3.00844,3.05537,3.00844,3.02408,36800,0.0,0.0
2000-04-03 00:00:00-04:00,3.07622,3.11793,3.06579,3.06579,42400,0.0,0.0
2000-04-04 00:00:00-04:00,3.08665,3.08665,3.04494,3.04494,7200,0.0,0.0
2000-04-05 00:00:00-04:00,3.04494,3.04494,2.98237,2.98237,20800,0.0,0.0
2000-04-06 00:00:00-04:00,2.96152,2.96152,2.96152,2.96152,2400,0.0,0.0
2000-04-07 00:00:00-04:00,2.94066,2.94066,2.85724,2.85724,25600,0.0,0.0
2000-04-10 00:00:00-04:00,2.87809,2.87809,2.87809,2.87809,2400,0.0,0.0
2000-04-11 00:00:00-04:00,2.85724,2.85724,2.84681,2.84681,21600,0.0,0.0
2000-04-12 00:00:00-04:00,2.84681,2.91981,2.84681,2.91981,15200,0.0,0.0
2000-04-13 00:00:00-04:00,2.94066,2.94066,2.94066,2.94066,800,0.0,0.0
2000-04-14 00:00:00-04:00,2.9198,2.9198,2.81553,2.81553,98400,0.0,0.0
2000-04-17 00:00:00-04:00,2.83638,2.83638,2.81552,2.83638,13600,0.0,0.0
2000-04-18 00:00:00-04:00,2.85724,2.85724,2.82595,2.82595,7200,0.0,0.0
2000-04-19 00:00:00-04:00,2.84681,2.84681,2.84681,2.84681,3200,0.0,0.0
2000-04-20 00:00:00-04:00,2.85724,2.85724,2.85724,2.85724,11200,0.0,0.0
2000-04-24 00:00:00-04:00,2.8416,2.8416,2.82595,2.82595,16800,0.0,0.0
2000-04-25 00:00:00-04:00,2.81553,2.81553,2.81553,2.81553,800,0.0,0.0
2000-04-26 00:00:00-04:00,2.79467,2.79467,2.79467,2.79467,800,0.0,0.0
2000-04-27 00:00:00-04:00,2.79467,2.79467,2.79467,2.79467,0,0.0,0.0
2000-04-28 00:00:00-04:00,2.79467,2.79467,2.70082,2.70082,25600,0.0,0.0
2000-05-01 00:00:00-04:00,2.67996,2.70082,2.60697,2.64868,43200,0.0,0.0
2000-05-02 00:00:00-04:00,2.62782,2.62782,2.60697,2.62782,8800,0.0,0.0
2000-05-03 00:00:00-04:00,2.62782,2.62782,2.62782,2.62782,0,0.0,0.0
2000-05-04 00:00:00-04:00,2.62782,2.62782,2.62782,2.62782,800,0.0,0.0
2000-05-05 00:00:00-04:00,2.62782,2.62782,2.62782,2.62782,0,0.0,0.0
2000-05-08 00:00:00-04:00,2.64868,2.64868,2.62782,2.62782,4000,0.0,0.0
2000-05-09 00:00:00-04:00,2.62782,2.66954,2.62782,2.66954,6400,0.0,0.0
2000-05-10 00:00:00-04:00,2.69039,2.69039,2.64868,2.64868,24000,0.0,0.0
2000-05-11 00:00:00-04:00,2.64868,2.64868,2.64347,2.64347,4000,0.0,0.0
2000-05-12 00:00:00-04:00,2.64868,2.65911,2.64868,2.64868,5600,0.0,0.0
2000-05-15 00:00:00-04:00,2.64868,2.64868,2.64868,2.64868,0,0.0,0.0
2000-05-16 00:00:00-04:00,2.63825,2.65911,2.63825,2.63825,24800,0.0,0.0
2000-05-17 00:00:00-04:00,2.63825,2.63825,2.63825,2.63825,24000,0.0,0.0
2000-05-18 00:00:00-04:00,2.65911,2.67996,2.65911,2.65911,8800,0.0,0.0
2000-05-19 00:00:00-04:00,2.66954,2.66954,2.66954,2.66954,1600,0.0,0.0
2000-05-22 00:00:00-04:00,2.66954,2.66954,2.64868,2.66954,5600,0.0,0.0
2000-05-23 00:00:00-04:00,2.64868,2.64868,2.63825,2.63825,9600,0.0,0.0
2000-05-24 00:00:00-04:00,2.65911,2.65911,2.63825,2.63825,19200,0.0,0.0
2000-05-25 00:00:00-04:00,2.63825,2.63825,2.63825,2.63825,16800,0.0,0.0
2000-05-26 00:00:00-04:00,2.63825,2.63825,2.63825,2.63825,16000,0.0,0.0
2000-05-30 00:00:00-04:00,2.65631,2.65631,2.65631,2.65631,67200,0.02688,0.0
2000-05-31 00:00:00-04:00,2.67731,2.67731,2.65631,2.66681,8800,0.0,0.0
2000-06-01 00:00:00-04:00,2.65631,2.65631,2.63531,2.63531,108800,0.0,0.0
2000-06-02 00:00:00-04:00,2.61431,2.61431,2.57232,2.57232,17600,0.0,0.0
2000-06-05 00:00:00-04:00,2.58282,2.60381,2.58282,2.60381,5600,0.0,0.0
2000-06-06 00:00:00-04:00,2.62481,2.66681,2.62481,2.65631,63200,0.0,0.0
2000-06-07 00:00:00-04:00,2.65631,2.65631,2.58282,2.59857,100800,0.0,0.0
2000-06-08 00:00:00-04:00,2.59857,2.59857,2.59857,2.59857,0,0.0,0.0
2000-06-09 00:00:00-04:00,2.57757,2.58282,2.55657,2.58282,20800,0.0,0.0
2000-06-12 00:00:00-04:00,2.55132,2.55132,2.54082,2.54082,9600,0.0,0.0
2000-06-13 00:00:00-04:00,2.49882,2.49882,2.47782,2.47782,20000,0.0,0.0
2000-06-14 00:00:00-04:00,2.43583,2.51982,2.43583,2.49882,89600,0.0,0.0
2000-06-15 00:00:00-04:00,2.44633,2.44633,2.41483,2.41483,10400,0.0,0.0
2000-06-16 00:00:00-04:00,2.41483,2.41483,2.41483,2.41483,0,0.0,0.0
2000-06-19 00:00:00-04:00,2.43583,2.43583,2.40433,2.40433,34400,0.0,0.0
2000-06-20 00:00:00-04:00,2.40433,2.42533,2.40433,2.42533,15200,0.0,0.0
2000-06-21 00:00:00-04:00,2.26784,2.34133,2.11035,2.17335,304000,0.0,0.0
2000-06-22 00:00:00-04:00,2.17334,2.22584,2.17334,2.22584,51200,0.0,0.0
2000-06-23 00:00:00-04:00,2.23634,2.27834,2.23634,2.25734,55200,0.0,0.0
2000-06-26 00:00:00-04:00,2.26784,2.29934,2.09985,2.15235,387200,0.0,0.0
2000-06-27 00:00:00-04:00,2.15235,2.16284,2.14185,2.14185,14400,0.0,0.0
2000-06-28 00:00:00-04:00,2.16285,2.16285,2.09985,2.09985,31200,0.0,0.0
2000-06-29 00:00:00-04:00,2.09985,2.23634,2.09985,2.20484,51200,0.0,0.0
2000-06-30 00:00:00-04:00,2.22584,2.22584,2.12085,2.12085,49600,0.0,0.0
2000-07-03 00:00:00-04:00,2.13135,2.1786,2.13135,2.1786,10400,0.0,0.0
2000-07-05 00:00:00-04:00,2.1786,2.18385,2.1786,2.18385,23200,0.0,0.0
2000-07-06 00:00:00-04:00,2.20484,2.22584,2.20484,2.22584,16800,0.0,0.0
2000-07-07 00:00:00-04:00,2.21534,2.24684,2.14185,2.18385,35200,0.0,0.0
2000-07-10 00:00:00-04:00,2.20484,2.22584,2.13135,2.16285,124000,0.0,0.0
2000-07-11 00:00:00-04:00,2.18384,2.23634,2.18384,2.23634,17600,0.0,0.0
2000-07-12 00:00:00-04:00,2.27834,2.47782,2.27834,2.42533,79200,0.0,0.0
2000-07-13 00:00:00-04:00,2.43583,2.45683,2.43583,2.43583,25600,0.0,0.0
2000-07-14 00:00:00-04:00,2.43583,2.43583,2.38333,2.38333,39200,0.0,0.0
2000-07-17 00:00:00-04:00,2.42533,2.43583,2.41483,2.41483,8000,0.0,0.0
2000-07-18 00:00:00-04:00,2.42533,2.43583,2.41483,2.43583,8000,0.0,0.0
2000-07-19 00:00:00-04:00,2.45682,2.45682,2.39383,2.39383,30400,0.0,0.0
2000-07-20 00:00:00-04:00,2.40433,2.42533,2.40433,2.40958,3200,0.0,0.0
2000-07-21 00:00:00-04:00,2.46732,2.47257,2.43583,2.44633,20000,0.0,0.0
2000-07-24 00:00:00-04:00,2.40433,2.40433,2.37283,2.38333,48000,0.0,0.0
2000-07-25 00:00:00-04:00,2.40433,2.40433,2.40433,2.40433,1600,0.0,0.0
2000-07-26 00:00:00-04:00,2.38333,2.38333,2.38333,2.38333,1600,0.0,0.0
2000-07-27 00:00:00-04:00,2.36233,2.36233,2.34133,2.34133,14400,0.0,0.0
2000-07-28 00:00:00-04:00,2.32558,2.33608,2.31509,2.33608,5600,0.0,0.0
2000-07-31 00:00:00-04:00,2.32033,2.32033,2.32033,2.32033,1600,0.0,0.0
2000-08-01 00:00:00-04:00,2.14185,2.29934,2.14185,2.26784,324800,0.0,0.0
2000-08-02 00:00:00-04:00,2.26784,2.32034,2.26784,2.30984,107200,0.0,0.0
2000-08-03 00:00:00-04:00,2.30984,2.30984,2.30984,2.30984,1600,0.0,0.0
2000-08-04 00:00:00-04:00,2.30983,2.35183,2.30983,2.35183,17600,0.0,0.0
2000-08-07 00:00:00-04:00,2.37283,2.41483,2.37283,2.38858,12800,0.0,0.0
2000-08-08 00:00:00-04:00,2.37808,2.46732,2.37808,2.46207,33600,0.0,0.0
2000-08-09 00:00:00-04:00,2.47782,2.47782,2.47782,2.47782,2400,0.0,0.0
2000-08-10 00:00:00-04:00,2.47782,2.47782,2.43583,2.43583,9600,0.0,0.0
2000-08-11 00:00:00-04:00,2.41483,2.41483,2.37808,2.37808,12000,0.0,0.0
2000-08-14 00:00:00-04:00,2.40433,2.42533,2.37283,2.37283,18400,0.0,0.0
2000-08-15 00:00:00-04:00,2.38333,2.38333,2.38333,2.38333,6400,0.0,0.0
2000-08-16 00:00:00-04:00,2.38333,2.38333,2.38333,2.38333,800,0.0,0.0
2000-08-17 00:00:00-04:00,2.38333,2.38333,2.37283,2.37283,13600,0.0,0.0
2000-08-18 00:00:00-04:00,2.37283,2.37283,2.37283,2.37283,1600,0.0,0.0
2000-08-21 00:00:00-04:00,2.38858,2.38858,2.35183,2.35183,12800,0.0,0.0
2000-08-22 00:00:00-04:00,2.34133,2.37808,2.34133,2.37283,136000,0.0,0.0
2000-08-23 00:00:00-04:00,2.35183,2.38333,2.32033,2.38333,27200,0.0,0.0
2000-08-24 00:00:00-04:00,2.36233,2.39383,2.35708,2.35708,15200,0.0,0.0
2000-08-25 00:00:00-04:00,2.35183,2.35183,2.33083,2.35183,10400,0.0,0.0
2000-08-28 00:00:00-04:00,2.34658,2.36233,2.30983,2.33083,29600,0.0,0.0
2000-08-29 00:00:00-04:00,2.30983,2.33083,2.30983,2.33083,12800,0.0,0.0
2000-08-30 00:00:00-04:00,2.31729,2.31729,2.31729,2.31729,800,0.02688,0.0
2000-08-31 00:00:00-04:00,2.31729,2.35962,2.31729,2.35962,25600,0.0,0.0
2000-09-01 00:00:00-04:00,2.33845,2.33845,2.33845,2.33845,800,0.0,0.0
2000-09-05 00:00:00-04:00,2.35962,2.35962,2.35962,2.35962,2400,0.0,0.0
2000-09-06 00:00:00-04:00,2.33845,2.33845,2.30671,2.30671,16800,0.0,0.0
2000-09-07 00:00:00-04:00,2.32787,2.3702,2.32787,2.3702,12000,0.0,0.0
2000-09-08 00:00:00-04:00,2.34903,2.3702,2.34903,2.3702,11200,0.0,0.0
2000-09-11 00:00:00-04:00,2.40194,2.40194,2.38078,2.38078,12000,0.0,0.0
2000-09-12 00:00:00-04:00,2.3702,2.3702,2.32787,2.34903,16800,0.0,0.0
2000-09-13 00:00:00-04:00,2.32787,2.34903,2.32787,2.34903,3200,0.0,0.0
2000-09-14 00:00:00-04:00,2.34903,2.34903,2.34903,2.34903,0,0.0,0.0
2000-09-15 00:00:00-04:00,2.35962,2.35962,2.31729,2.33845,13600,0.0,0.0
2000-09-18 00:00:00-04:00,2.35962,2.3702,2.32787,2.34903,34400,0.0,0.0
2000-09-19 00:00:00-04:00,2.32787,2.34903,2.31729,2.34903,14400,0.0,0.0
2000-09-20 00:00:00-04:00,2.32787,2.32787,2.29613,2.29613,13600,0.0,0.0
2000-09-21 00:00:00-04:00,2.29613,2.30671,2.28555,2.30671,12000,0.0,0.0
2000-09-22 00:00:00-04:00,2.30671,2.34903,2.30671,2.34903,20000,0.0,0.0
2000-09-25 00:00:00-04:00,2.3702,2.3702,2.33845,2.35433,8000,0.0,0.0
2000-09-26 00:00:00-04:00,2.32787,2.32787,2.29613,2.29613,12000,0.0,0.0
2000-09-27 00:00:00-04:00,2.31729,2.31729,2.30142,2.30142,3200,0.0,0.0
2000-09-28 00:00:00-04:00,2.32258,2.33845,2.31729,2.31729,12800,0.0,0.0
2000-09-29 00:00:00-04:00,2.33845,2.33845,2.33845,2.33845,3200,0.0,0.0
2000-10-02 00:00:00-04:00,2.32787,2.34903,2.32787,2.34903,5600,0.0,0.0
2000-10-03 00:00:00-04:00,2.34903,2.34903,2.32787,2.32787,4000,0.0,0.0
2000-10-04 00:00:00-04:00,2.31729,2.34903,2.31729,2.34903,4800,0.0,0.0
2000-10-05 00:00:00-04:00,2.35962,2.35962,2.35962,2.35962,800,0.0,0.0
2000-10-06 00:00:00-04:00,2.31729,2.33845,2.31729,2.33845,20000,0.0,0.0
2000-10-09 00:00:00-04:00,2.34903,2.3702,2.34903,2.3702,19200,0.0,0.0
2000-10-10 00:00:00-04:00,2.39136,2.39136,2.38607,2.38607,9600,0.0,0.0
2000-10-11 00:00:00-04:00,2.38607,2.38607,2.38607,2.38607,0,0.0,0.0
2000-10-12 00:00:00-04:00,2.3702,2.3702,2.34903,2.34903,9600,0.0,0.0
2000-10-13 00:00:00-04:00,2.29613,2.30671,2.22206,2.30671,113600,0.0,0.0
2000-10-16 00:00:00-04:00,2.32787,2.32787,2.28555,2.28555,39200,0.0,0.0
2000-10-17 00:00:00-04:00,2.27497,2.29613,2.27497,2.27497,4800,0.0,0.0
2000-10-18 00:00:00-04:00,2.27497,2.27497,2.26438,2.26438,9600,0.0,0.0
2000-10-19 00:00:00-04:00,2.24851,2.2538,2.23264,2.24851,28000,0.0,0.0
2000-10-20 00:00:00-04:00,2.24851,2.24851,2.22206,2.22206,20800,0.0,0.0
2000-10-23 00:00:00-04:00,2.22206,2.22206,2.15857,2.15857,291200,0.0,0.0
2000-10-24 00:00:00-04:00,2.14799,2.14799,2.14799,2.14799,4800,0.0,0.0
2000-10-25 00:00:00-04:00,2.15857,2.15857,2.15857,2.15857,3200,0.0,0.0
2000-10-26 00:00:00-04:00,2.17973,2.19032,2.16386,2.19032,8800,0.0,0.0
2000-10-27 00:00:00-04:00,2.16915,2.16915,2.15857,2.15857,23200,0.0,0.0
2000-10-30 00:00:00-05:00,2.15857,2.17973,2.15857,2.17973,5600,0.0,0.0
2000-10-31 00:00:00-05:00,2.2009,2.22206,2.2009,2.22206,12800,0.0,0.0
2000-11-01 00:00:00-05:00,2.2009,2.2009,2.2009,2.2009,19200,0.0,0.0
2000-11-02 00:00:00-05:00,2.2009,2.2009,2.2009,2.2009,6400,0.0,0.0
2000-11-03 00:00:00-05:00,2.2009,2.2009,2.2009,2.2009,0,0.0,0.0
2000-11-06 00:00:00-05:00,2.21148,2.21148,2.2009,2.2009,32800,0.0,0.0
2000-11-07 00:00:00-05:00,2.17973,2.21148,2.17973,2.2009,44800,0.0,0.0
2000-11-08 00:00:00-05:00,2.2009,2.22206,2.2009,2.22206,18400,0.0,0.0
2000-11-09 00:00:00-05:00,2.22206,2.22206,2.22206,2.22206,0,0.0,0.0
2000-11-10 00:00:00-05:00,2.21148,2.21148,2.21148,2.21148,800,0.0,0.0
2000-11-13 00:00:00-05:00,2.2009,2.2009,2.2009,2.2009,32000,0.0,0.0
2000-11-14 00:00:00-05:00,2.22206,2.22206,2.19032,2.2009,18400,0.0,0.0
2000-11-15 00:00:00-05:00,2.19032,2.19032,2.16915,2.16915,33600,0.0,0.0
2000-11-16 00:00:00-05:00,2.15857,2.17973,2.15857,2.17973,10400,0.0,0.0
2000-11-17 00:00:00-05:00,2.14799,2.2009,2.11625,2.2009,24800,0.0,0.0
2000-11-20 00:00:00-05:00,2.17974,2.19032,2.15857,2.16915,31200,0.0,0.0
2000-11-21 00:00:00-05:00,2.19032,2.19032,2.15857,2.15857,10400,0.0,0.0
2000-11-22 00:00:00-05:00,2.12154,2.14799,2.11625,2.11625,27200,0.0,0.0
2000-11-24 00:00:00-05:00,2.11625,2.11625,2.11625,2.11625,1600,0.0,0.0
2000-11-27 00:00:00-05:00,2.13741,2.13741,2.07392,2.07392,25600,0.0,0.0
2000-11-28 00:00:00-05:00,2.09508,2.10567,2.09508,2.10567,3200,0.0,0.0
2000-11-29 00:00:00-05:00,2.12402,2.12402,2.03864,2.05465,48800,0.02688,0.0
2000-11-30 00:00:00-05:00,2.04397,2.07066,2.01729,2.01729,24000,0.0,0.0
2000-12-01 00:00:00-05:00,2.01729,2.01729,2.01729,2.01729,4000,0.0,0.0
2000-12-04 00:00:00-05:00,2.00662,2.03864,1.99594,2.01729,57600,0.0,0.0
2000-12-05 00:00:00-05:00,2.01729,2.092,2.01729,2.07066,260000,0.0,0.0
2000-12-06 00:00:00-05:00,2.07066,2.092,2.06532,2.07066,827200,0.0,0.0
2000-12-07 00:00:00-05:00,2.08133,2.092,2.05998,2.07599,22400,0.0,0.0
2000-12-08 00:00:00-05:00,2.092,2.092,2.05465,2.05465,33600,0.0,0.0
2000-12-11 00:00:00-05:00,2.05465,2.05465,2.02796,2.04931,39200,0.0,0.0
2000-12-12 00:00:00-05:00,2.03864,2.07066,2.03864,2.05998,25600,0.0,0.0
2000-12-13 00:00:00-05:00,2.04931,2.05465,2.02796,2.02796,29600,0.0,0.0
2000-12-14 00:00:00-05:00,2.04931,2.05998,2.02263,2.02263,28800,0.0,0.0
2000-12-15 00:00:00-05:00,2.02263,2.04397,2.02263,2.03864,46400,0.0,0.0
2000-12-18 00:00:00-05:00,2.03864,2.03864,2.01729,2.01729,20000,0.0,0.0
2000-12-19 00:00:00-05:00,2.01729,2.01729,2.01729,2.01729,4800,0.0,0.0
2000-12-20 00:00:00-05:00,2.00662,2.00662,1.99594,2.00128,10400,0.0,0.0
2000-12-21 00:00:00-05:00,1.99061,2.01729,1.98527,1.98527,31200,0.0,0.0
2000-12-22 00:00:00-05:00,1.97459,1.99061,1.96392,1.96392,28000,0.0,0.0
2000-12-26 00:00:00-05:00,1.9746,1.98527,1.96392,1.98527,40000,0.0,0.0
2000-12-27 00:00:00-05:00,1.99594,2.00662,1.97459,2.00662,30400,0.0,0.0
2000-12-28 00:00:00-05:00,1.98527,1.98527,1.96926,1.97993,32800,0.0,0.0
2000-12-29 00:00:00-05:00,1.96926,1.96926,1.96392,1.96392,24000,0.0,0.0
2001-01-02 00:00:00-05:00,1.96392,1.96392,1.96392,1.96392,6400,0.0,0.0
2001-01-03 00:00:00-05:00,1.96392,1.98527,1.96392,1.98527,43200,0.0,0.0
2001-01-04 00:00:00-05:00,1.99594,2.00662,1.99594,2.00662,56800,0.0,0.0
2001-01-05 00:00:00-05:00,2.00662,2.00662,1.98527,1.98527,4800,0.0,0.0
2001-01-08 00:00:00-05:00,2.01729,2.01729,1.98527,1.98527,18400,0.0,0.0
2001-01-09 00:00:00-05:00,2.00128,2.00128,2.00128,2.00128,8000,0.0,0.0
2001-01-10 00:00:00-05:00,2.00662,2.01729,2.00662,2.01729,21600,0.0,0.0
2001-01-11 00:00:00-05:00,2.03864,2.03864,1.99594,2.01729,85600,0.0,0.0
2001-01-12 00:00:00-05:00,1.99594,2.00662,1.99594,2.00662,4000,0.0,0.0
2001-01-16 00:00:00-05:00,2.01729,2.04931,1.98527,2.02796,59200,0.0,0.0
2001-01-17 00:00:00-05:00,2.02796,2.04931,2.01729,2.03864,16000,0.0,0.0
2001-01-18 00:00:00-05:00,2.01729,2.01729,1.96392,1.96392,109600,0.0,0.0
2001-01-19 00:00:00-05:00,1.9746,2.00662,1.9746,1.98527,58400,0.0,0.0
2001-01-22 00:00:00-05:00,1.98527,2.00662,1.98527,1.99594,22400,0.0,0.0
2001-01-23 00:00:00-05:00,1.98527,1.98527,1.98527,1.98527,11200,0.0,0.0
2001-01-24 00:00:00-05:00,1.98527,1.98527,1.98527,1.98527,13600,0.0,0.0
2001-01-25 00:00:00-05:00,1.98527,2.00661,1.97459,1.9906,252000,0.0,0.0
2001-01-26 00:00:00-05:00,1.99061,2.00662,1.98527,1.98527,23200,0.0,0.0
2001-01-29 00:00:00-05:00,1.98527,2.00662,1.98527,2.00662,124800,0.0,0.0
2001-01-30 00:00:00-05:00,2.02711,2.30547,2.02711,2.24143,185600,0.0,0.0
2001-01-31 00:00:00-05:00,2.22009,2.28413,2.17739,2.28413,73600,0.0,0.0
2001-02-01 00:00:00-05:00,2.28413,2.34817,2.26278,2.32682,75200,0.0,0.0
2001-02-02 00:00:00-05:00,2.28413,2.32682,2.28413,2.32682,24800,0.0,0.0
2001-02-05 00:00:00-05:00,2.30547,2.32682,2.30547,2.32255,4800,0.0,0.0
2001-02-06 00:00:00-05:00,2.34817,2.34817,2.34817,2.34817,3200,0.0,0.0
2001-02-07 00:00:00-05:00,2.34304,2.34304,2.30547,2.30547,5600,0.0,0.0
2001-02-08 00:00:00-05:00,2.28413,2.28413,2.28413,2.28413,2400,0.0,0.0
2001-02-09 00:00:00-05:00,2.26278,2.26278,2.25424,2.25424,12800,0.0,0.0
2001-02-12 00:00:00-05:00,2.23289,2.27986,2.22862,2.27986,16800,0.0,0.0
2001-02-13 00:00:00-05:00,2.30547,2.32682,2.28413,2.28413,23200,0.0,0.0
2001-02-14 00:00:00-05:00,2.30547,2.36951,2.26278,2.36951,33600,0.0,0.0
2001-02-15 00:00:00-05:00,2.39086,2.47625,2.39086,2.47625,20000,0.0,0.0
2001-02-16 00:00:00-05:00,2.4549,2.51894,2.4549,2.51894,43200,0.0,0.0
2001-02-20 00:00:00-05:00,2.4976,2.4976,2.47625,2.47625,4000,0.0,0.0
2001-02-21 00:00:00-05:00,2.4549,2.47625,2.4549,2.47625,5600,0.0,0.0
2001-02-22 00:00:00-05:00,2.4549,2.46771,2.43355,2.43355,25600,0.0,0.0
2001-02-23 00:00:00-05:00,2.4549,2.4549,2.43355,2.45063,21600,0.0,0.0
2001-02-26 00:00:00-05:00,2.43341,2.43341,2.3688,2.37742,7200,0.03125,0.0
2001-02-27 00:00:00-05:00,2.40326,2.41187,2.3688,2.3688,21600,0.0,0.0
2001-02-28 00:00:00-05:00,2.41187,2.41187,2.40412,2.41187,32800,0.0,0.0
2001-03-01 00:00:00-05:00,2.43341,2.43341,2.41187,2.43341,40000,0.0,0.0
2001-03-02 00:00:00-05:00,2.43341,2.43341,2.41187,2.43341,28800,0.0,0.0
2001-03-05 00:00:00-05:00,2.45494,2.49801,2.32573,2.32573,112000,0.0,0.0
2001-03-06 00:00:00-05:00,2.34727,2.41187,2.32573,2.41187,135200,0.0,0.0
2001-03-07 00:00:00-05:00,2.41187,2.41187,2.3688,2.41187,16000,0.0,0.0
2001-03-08 00:00:00-05:00,2.41187,2.41187,2.39034,2.39034,2400,0.0,0.0
2001-03-09 00:00:00-05:00,2.39034,2.39034,2.39034,2.39034,0,0.0,0.0
2001-03-12 00:00:00-05:00,2.39034,2.39034,2.39034,2.39034,0,0.0,0.0
2001-03-13 00:00:00-05:00,2.34727,2.34727,2.32573,2.32573,8000,0.0,0.0
2001-03-14 00:00:00-05:00,2.32573,2.32573,2.3042,2.3042,11200,0.0,0.0
2001-03-15 00:00:00-05:00,2.28266,2.28266,2.28266,2.28266,4000,0.0,0.0
2001-03-16 00:00:00-05:00,2.3042,2.3042,2.28266,2.28266,36000,0.0,0.0
2001-03-19 00:00:00-05:00,2.26113,2.26113,2.26113,2.26113,1600,0.0,0.0
2001-03-20 00:00:00-05:00,2.26113,2.3042,2.26113,2.29128,258400,0.0,0.0
2001-03-21 00:00:00-05:00,2.32573,2.32573,2.3042,2.3042,25600,0.0,0.0
2001-03-22 00:00:00-05:00,2.29128,2.29128,2.28266,2.28266,15200,0.0,0.0
2001-03-23 00:00:00-05:00,2.26543,2.26543,2.26543,2.26543,4000,0.0,0.0
2001-03-26 00:00:00-05:00,2.25251,2.27405,2.25251,2.25251,16000,0.0,0.0
2001-03-27 00:00:00-05:00,2.23959,2.26113,2.23959,2.26113,5600,0.0,0.0
2001-03-28 00:00:00-05:00,2.26113,2.41187,2.26113,2.39034,62400,0.0,0.0
2001-03-29 00:00:00-05:00,2.41187,2.48939,2.41187,2.45494,52800,0.0,0.0
2001-03-30 00:00:00-05:00,2.47647,2.49801,2.45494,2.45494,25600,0.0,0.0
2001-04-02 00:00:00-04:00,2.47647,2.88563,2.47647,2.75642,69600,0.0,0.0
2001-04-03 00:00:00-04:00,2.69182,2.69182,2.58415,2.58415,37600,0.0,0.0
2001-04-04 00:00:00-04:00,2.58415,2.58415,2.49801,2.54108,36000,0.0,0.0
2001-04-05 00:00:00-04:00,2.50662,2.50662,2.50662,2.50662,8000,0.0,0.0
2001-04-06 00:00:00-04:00,2.49801,2.50662,2.49801,2.49801,52800,0.0,0.0
2001-04-09 00:00:00-04:00,2.47647,2.51954,2.47647,2.49801,8800,0.0,0.0
2001-04-10 00:00:00-04:00,2.51954,2.51954,2.49801,2.49801,4000,0.0,0.0
2001-04-11 00:00:00-04:00,2.51954,2.58415,2.51954,2.58415,11200,0.0,0.0
2001-04-12 00:00:00-04:00,2.58415,2.58415,2.58415,2.58415,20000,0.0,0.0
2001-04-16 00:00:00-04:00,2.60568,2.65737,2.59276,2.64444,71200,0.0,0.0
2001-04-17 00:00:00-04:00,2.64444,2.64444,2.56261,2.60568,26400,0.0,0.0
2001-04-18 00:00:00-04:00,2.58415,2.58415,2.58415,2.58415,6400,0.0,0.0
2001-04-19 00:00:00-04:00,2.56261,2.60568,2.56261,2.60137,9600,0.0,0.0
2001-04-20 00:00:00-04:00,2.60137,2.60137,2.58415,2.58415,2400,0.0,0.0
2001-04-23 00:00:00-04:00,2.56692,2.56692,2.47647,2.47647,16000,0.0,0.0
2001-04-24 00:00:00-04:00,2.46355,2.46355,2.4291,2.4291,24000,0.0,0.0
2001-04-25 00:00:00-04:00,2.42048,2.42048,2.42048,2.42048,1600,0.0,0.0
2001-04-26 00:00:00-04:00,2.41187,2.43341,2.41187,2.43341,4000,0.0,0.0
2001-04-27 00:00:00-04:00,2.42049,2.46355,2.42049,2.43771,21600,0.0,0.0
2001-04-30 00:00:00-04:00,2.45925,2.48509,2.45925,2.47217,29600,0.0,0.0
2001-05-01 00:00:00-04:00,2.4937,2.52385,2.4937,2.51954,7200,0.0,0.0
2001-05-02 00:00:00-04:00,2.54538,2.56261,2.51954,2.51954,13600,0.0,0.0
2001-05-03 00:00:00-04:00,2.49801,2.49801,2.47647,2.47647,3200,0.0,0.0
2001-05-04 00:00:00-04:00,2.47647,2.47647,2.47647,2.47647,4000,0.0,0.0
2001-05-07 00:00:00-04:00,2.47647,2.47647,2.47647,2.47647,0,0.0,0.0
2001-05-08 00:00:00-04:00,2.46355,2.49801,2.46355,2.49801,3200,0.0,0.0
2001-05-09 00:00:00-04:00,2.47647,2.51524,2.47647,2.51093,10400,0.0,0.0
2001-05-10 00:00:00-04:00,2.53246,2.55831,2.53246,2.54969,8800,0.0,0.0
2001-05-11 00:00:00-04:00,2.53246,2.53935,2.51954,2.51954,7200,0.0,0.0
2001-05-14 00:00:00-04:00,2.49801,2.49801,2.47647,2.47647,3200,0.0,0.0
2001-05-15 00:00:00-04:00,2.49801,2.49801,2.49801,2.49801,8000,0.0,0.0
2001-05-16 00:00:00-04:00,2.47647,2.47647,2.47647,2.47647,800,0.0,0.0
2001-05-17 00:00:00-04:00,2.45494,2.45494,2.45494,2.45494,1600,0.0,0.0
2001-05-18 00:00:00-04:00,2.4334,2.45494,2.41187,2.45494,11200,0.0,0.0
2001-05-21 00:00:00-04:00,2.48509,2.50662,2.48509,2.49801,13600,0.0,0.0
2001-05-22 00:00:00-04:00,2.47647,2.51954,2.47647,2.51954,20800,0.0,0.0
2001-05-23 00:00:00-04:00,2.53246,2.75642,2.53246,2.58415,74400,0.0,0.0
2001-05-24 00:00:00-04:00,2.58415,2.58415,2.56261,2.56261,6400,0.0,0.0
2001-05-25 00:00:00-04:00,2.57984,2.57984,2.57984,2.57984,3200,0.0,0.0
2001-05-29 00:00:00-04:00,2.57984,2.62722,2.57984,2.60568,20800,0.0,0.0
2001-05-30 00:00:00-04:00,2.58831,2.60134,2.56225,2.60134,16800,0.03125,0.0
2001-05-31 00:00:00-04:00,2.60134,2.60134,2.60134,2.60134,0,0.0,0.0
2001-06-01 00:00:00-04:00,2.60568,2.60568,2.60568,2.60568,10400,0.0,0.0
2001-06-04 00:00:00-04:00,2.60568,2.60568,2.60568,2.60568,12800,0.0,0.0
2001-06-05 00:00:00-04:00,2.58397,2.58397,2.54054,2.55791,7200,0.0,0.0
2001-06-06 00:00:00-04:00,2.55791,2.56225,2.54141,2.56225,4800,0.0,0.0
2001-06-07 00:00:00-04:00,2.58397,2.58397,2.56225,2.57962,12000,0.0,0.0
2001-06-08 00:00:00-04:00,2.59699,2.59699,2.57528,2.59699,6400,0.0,0.0
2001-06-11 00:00:00-04:00,2.59873,2.6274,2.57963,2.60568,91200,0.0,0.0
2001-06-12 00:00:00-04:00,2.6274,2.64911,2.60568,2.60568,99200,0.0,0.0
2001-06-13 00:00:00-04:00,2.58397,2.58397,2.56225,2.58397,37600,0.0,0.0
2001-06-14 00:00:00-04:00,2.56225,2.58397,2.56225,2.58397,25600,0.0,0.0
2001-06-15 00:00:00-04:00,2.56225,2.56225,2.54054,2.56225,30400,0.0,0.0
2001-06-18 00:00:00-04:00,2.58397,2.597,2.51883,2.54488,87200,0.0,0.0
2001-06-19 00:00:00-04:00,2.52751,2.57528,2.52751,2.52751,81600,0.0,0.0
2001-06-20 00:00:00-04:00,2.52751,2.52751,2.52751,2.52751,800,0.0,0.0
2001-06-21 00:00:00-04:00,2.52751,2.52751,2.52751,2.52751,800,0.0,0.0
2001-06-22 00:00:00-04:00,2.56225,2.58397,2.56225,2.58397,5600,0.0,0.0
2001-06-25 00:00:00-04:00,2.60568,2.60568,2.51883,2.58397,42400,0.0,0.0
2001-06-26 00:00:00-04:00,2.58397,2.60134,2.56225,2.60134,7200,0.0,0.0
2001-06-27 00:00:00-04:00,2.60568,2.60568,2.59265,2.59265,35200,0.0,0.0
2001-06-28 00:00:00-04:00,2.56225,2.56225,2.51882,2.53185,28800,0.0,0.0
2001-06-29 00:00:00-04:00,2.54922,2.56052,2.49711,2.49711,11200,0.0,0.0
2001-07-02 00:00:00-04:00,2.49711,2.49711,2.45368,2.45455,19200,0.0,0.0
2001-07-03 00:00:00-04:00,2.45455,2.45455,2.45455,2.45455,0,0.0,0.0
2001-07-05 00:00:00-04:00,2.45455,2.4754,2.45455,2.4754,5600,0.0,0.0
2001-07-06 00:00:00-04:00,2.45368,2.51448,2.45368,2.49711,9600,0.0,0.0
2001-07-09 00:00:00-04:00,2.49711,2.50145,2.49711,2.49711,7200,0.0,0.0
2001-07-10 00:00:00-04:00,2.4754,2.54054,2.45368,2.54054,18400,0.0,0.0
2001-07-11 00:00:00-04:00,2.54054,2.58397,2.51883,2.51883,35200,0.0,0.0
2001-07-12 00:00:00-04:00,2.5362,2.5362,2.51883,2.52751,2400,0.0,0.0
2001-07-13 00:00:00-04:00,2.52751,2.54054,2.51883,2.51883,16800,0.0,0.0
2001-07-16 00:00:00-04:00,2.49711,2.49711,2.4754,2.4754,21600,0.0,0.0
2001-07-17 00:00:00-04:00,2.4754,2.4754,2.42328,2.42763,28000,0.0,0.0
2001-07-18 00:00:00-04:00,2.41026,2.41026,2.38854,2.41026,24000,0.0,0.0
2001-07-19 00:00:00-04:00,2.38854,2.38854,2.37986,2.37986,8000,0.0,0.0
2001-07-20 00:00:00-04:00,2.36683,2.36683,2.36683,2.36683,1600,0.0,0.0
2001-07-23 00:00:00-04:00,2.36683,2.37291,2.34511,2.34511,100800,0.0,0.0
2001-07-24 00:00:00-04:00,2.32774,2.32774,2.32774,2.32774,21600,0.0,0.0
2001-07-25 00:00:00-04:00,2.31037,2.31906,2.30169,2.30169,19200,0.0,0.0
2001-07-26 00:00:00-04:00,2.28431,2.30169,2.28431,2.30169,5600,0.0,0.0
2001-07-27 00:00:00-04:00,2.28431,2.28431,2.28431,2.28431,4000,0.0,0.0
2001-07-30 00:00:00-04:00,2.27563,2.27563,2.25826,2.27563,44000,0.0,0.0
2001-07-31 00:00:00-04:00,2.25826,2.25826,2.25826,2.25826,12000,0.0,0.0
2001-08-01 00:00:00-04:00,2.25826,2.25826,2.25826,2.25826,0,0.0,0.0
2001-08-02 00:00:00-04:00,2.25826,2.27997,2.24957,2.27129,90400,0.0,0.0
2001-08-03 00:00:00-04:00,2.25826,2.25826,2.25826,2.25826,16000,0.0,0.0
2001-08-06 00:00:00-04:00,2.26694,2.27997,2.26694,2.27997,32000,0.0,0.0
2001-08-07 00:00:00-04:00,2.30168,2.31037,2.30168,2.31037,7200,0.0,0.0
2001-08-08 00:00:00-04:00,2.31037,2.36249,2.31037,2.36249,21600,0.0,0.0
2001-08-09 00:00:00-04:00,2.36248,2.36248,2.34511,2.34511,8000,0.0,0.0
2001-08-10 00:00:00-04:00,2.33208,2.33208,2.33208,2.33208,800,0.0,0.0
2001-08-13 00:00:00-04:00,2.31471,2.31471,2.293,2.293,3200,0.0,0.0
2001-08-14 00:00:00-04:00,2.27997,2.27997,2.26694,2.27997,4000,0.0,0.0
2001-08-15 00:00:00-04:00,2.25826,2.25826,2.25826,2.25826,4800,0.0,0.0
2001-08-16 00:00:00-04:00,2.25826,2.25826,2.25826,2.25826,37600,0.0,0.0
2001-08-17 00:00:00-04:00,2.24089,2.27997,2.24089,2.27997,8000,0.0,0.0
2001-08-20 00:00:00-04:00,2.28866,2.28866,2.25826,2.25826,7200,0.0,0.0
2001-08-21 00:00:00-04:00,2.25826,2.25826,2.25826,2.25826,0,0.0,0.0
2001-08-22 00:00:00-04:00,2.27997,2.293,2.25826,2.28866,15200,0.0,0.0
2001-08-23 00:00:00-04:00,2.30169,2.31037,2.28866,2.293,8000,0.0,0.0
2001-08-24 00:00:00-04:00,2.293,2.293,2.293,2.293,0,0.0,0.0
2001-08-27 00:00:00-04:00,2.27997,2.27997,2.27997,2.27997,800,0.0,0.0
2001-08-28 00:00:00-04:00,2.27129,2.27997,2.27129,2.27997,29600,0.0,0.0
2001-08-29 00:00:00-04:00,2.28436,2.28436,2.27997,2.27997,59200,0.03125,0.0
2001-08-30 00:00:00-04:00,2.26682,2.27909,2.25805,2.25805,56000,0.0,0.0
2001-08-31 00:00:00-04:00,2.24051,2.24051,2.22736,2.22736,22400,0.0,0.0
2001-09-04 00:00:00-04:00,2.21859,2.22736,2.21859,2.22736,8000,0.0,0.0
2001-09-05 00:00:00-04:00,2.2142,2.2142,2.2142,2.2142,4800,0.0,0.0
2001-09-06 00:00:00-04:00,2.23613,2.23613,2.23613,2.23613,24000,0.0,0.0
2001-09-07 00:00:00-04:00,2.2484,2.2484,2.21508,2.21508,13600,0.0,0.0
2001-09-10 00:00:00-04:00,2.21508,2.23613,2.21508,2.23613,25600,0.0,0.0
2001-09-17 00:00:00-04:00,2.21859,2.24139,2.21859,2.23174,5600,0.0,0.0
2001-09-18 00:00:00-04:00,2.23174,2.23174,2.12651,2.13528,53600,0.0,0.0
2001-09-19 00:00:00-04:00,2.11336,2.11774,2.08267,2.08267,40800,0.0,0.0
2001-09-20 00:00:00-04:00,2.06074,2.0625,2.03882,2.06074,32800,0.0,0.0
2001-09-21 00:00:00-04:00,2.03882,2.05197,2.03444,2.0432,47200,0.0,0.0
2001-09-24 00:00:00-04:00,2.03882,2.08267,2.03882,2.06074,17600,0.0,0.0
2001-09-25 00:00:00-04:00,2.06074,2.08267,2.06074,2.06951,3200,0.0,0.0
2001-09-26 00:00:00-04:00,2.08267,2.08267,2.08267,2.08267,2400,0.0,0.0
2001-09-27 00:00:00-04:00,2.10459,2.16597,2.10459,2.16597,14400,0.0,0.0
2001-09-28 00:00:00-04:00,2.18351,2.21859,2.18351,2.21859,20800,0.0,0.0
2001-10-01 00:00:00-04:00,2.22297,2.22297,2.22297,2.22297,8800,0.0,0.0
2001-10-02 00:00:00-04:00,2.21859,2.21859,2.19228,2.21859,44000,0.0,0.0
2001-10-03 00:00:00-04:00,2.19228,2.19228,2.13967,2.13967,59200,0.0,0.0
2001-10-04 00:00:00-04:00,2.13966,2.13966,2.08705,2.09143,105600,0.0,0.0
2001-10-05 00:00:00-04:00,2.0739,2.0739,2.0169,2.0169,28000,0.0,0.0
2001-10-08 00:00:00-04:00,2.03882,2.05197,2.01777,2.05197,5600,0.0,0.0
2001-10-09 00:00:00-04:00,2.03882,2.03882,2.02567,2.02567,4800,0.0,0.0
2001-10-10 00:00:00-04:00,2.07828,2.10459,2.02567,2.03882,68800,0.0,0.0
2001-10-11 00:00:00-04:00,2.03882,2.06951,2.02567,2.02567,92000,0.0,0.0
2001-10-12 00:00:00-04:00,2.02567,2.04759,2.02567,2.02567,72000,0.0,0.0
2001-10-15 00:00:00-04:00,2.02567,2.03882,2.00813,2.03882,24800,0.0,0.0
2001-10-16 00:00:00-04:00,2.02567,2.03444,2.0169,2.0169,35200,0.0,0.0
2001-10-17 00:00:00-04:00,2.03444,2.03882,1.99936,1.99936,7200,0.0,0.0
2001-10-18 00:00:00-04:00,2.01251,2.06074,2.01251,2.06074,36800,0.0,0.0
2001-10-19 00:00:00-04:00,2.14843,2.14843,2.09582,2.10459,49600,0.0,0.0
2001-10-22 00:00:00-04:00,2.08705,2.10459,2.08705,2.08705,4800,0.0,0.0
2001-10-23 00:00:00-04:00,2.08705,2.10459,2.0432,2.0432,37600,0.0,0.0
2001-10-24 00:00:00-04:00,2.03882,2.03882,2.03444,2.03444,13600,0.0,0.0
2001-10-25 00:00:00-04:00,2.03444,2.03444,2.0169,2.03444,19200,0.0,0.0
2001-10-26 00:00:00-04:00,1.99936,2.00813,1.99234,2.00813,5600,0.0,0.0
2001-10-29 00:00:00-05:00,1.99936,1.99936,1.99585,1.99936,20800,0.0,0.0
2001-10-30 00:00:00-05:00,1.99059,1.99059,1.86344,1.90728,59200,0.0,0.0
2001-10-31 00:00:00-05:00,1.92921,1.97305,1.92921,1.94674,40800,0.0,0.0
2001-11-01 00:00:00-05:00,1.94674,1.94674,1.91167,1.91167,12800,0.0,0.0
2001-11-02 00:00:00-05:00,1.91167,1.93798,1.91167,1.92921,31200,0.0,0.0
2001-11-05 00:00:00-05:00,1.94674,1.94674,1.77136,1.7889,102400,0.0,0.0
2001-11-06 00:00:00-05:00,1.77136,1.83275,1.76259,1.77136,64800,0.0,0.0
2001-11-07 00:00:00-05:00,1.76259,1.78013,1.75382,1.75821,33600,0.0,0.0
2001-11-08 00:00:00-05:00,1.75821,1.78013,1.75821,1.7775,51200,0.0,0.0
2001-11-09 00:00:00-05:00,1.79329,1.79329,1.78013,1.7889,7200,0.0,0.0
2001-11-12 00:00:00-05:00,1.79767,1.81082,1.79767,1.79767,10400,0.0,0.0
2001-11-13 00:00:00-05:00,1.81521,1.85905,1.7889,1.85467,44800,0.0,0.0
2001-11-14 00:00:00-05:00,1.85905,1.92833,1.85905,1.90816,60800,0.0,0.0
2001-11-15 00:00:00-05:00,1.91167,1.92044,1.9029,1.92044,9600,0.0,0.0
2001-11-16 00:00:00-05:00,1.92921,1.93798,1.92044,1.92921,8000,0.0,0.0
2001-11-19 00:00:00-05:00,1.91167,1.91167,1.88536,1.88536,41600,0.0,0.0
2001-11-20 00:00:00-05:00,1.90202,1.90728,1.88536,1.90202,96000,0.0,0.0
2001-11-21 00:00:00-05:00,1.88536,1.88536,1.80205,1.83713,36800,0.0,0.0
2001-11-23 00:00:00-05:00,1.83713,1.83713,1.83713,1.83713,4000,0.0,0.0
2001-11-26 00:00:00-05:00,1.84678,1.85905,1.7889,1.83275,20000,0.0,0.0
2001-11-27 00:00:00-05:00,1.83275,1.83275,1.78013,1.79153,139200,0.0,0.0
2001-11-28 00:00:00-05:00,1.80218,1.80218,1.77555,1.77555,40800,0.03125,0.0
2001-11-29 00:00:00-05:00,1.77555,1.81994,1.77555,1.81994,11200,0.0,0.0
2001-11-30 00:00:00-05:00,1.81994,1.90872,1.79775,1.90872,42400,0.0,0.0
2001-12-03 00:00:00-05:00,1.88652,1.88652,1.87321,1.87321,7200,0.0,0.0
2001-12-04 00:00:00-05:00,1.85101,1.87764,1.8377,1.87764,48000,0.0,0.0
2001-12-05 00:00:00-05:00,1.86433,1.91316,1.86433,1.91316,20000,0.0,0.0
2001-12-06 00:00:00-05:00,1.92204,1.92559,1.88652,1.8954,68800,0.0,0.0
2001-12-07 00:00:00-05:00,1.87321,1.88652,1.86522,1.86522,128800,0.0,0.0
2001-12-10 00:00:00-05:00,1.86522,1.87942,1.86522,1.87853,12800,0.0,0.0
2001-12-11 00:00:00-05:00,1.87853,1.87853,1.87853,1.87853,0,0.0,0.0
2001-12-12 00:00:00-05:00,1.88652,1.93091,1.88652,1.93091,16000,0.0,0.0
2001-12-13 00:00:00-05:00,1.89984,1.92204,1.88652,1.88652,91200,0.0,0.0
2001-12-14 00:00:00-05:00,1.90872,1.90872,1.90872,1.90872,10400,0.0,0.0
2001-12-17 00:00:00-05:00,1.90872,1.95311,1.90872,1.91404,19200,0.0,0.0
2001-12-18 00:00:00-05:00,1.93091,1.93535,1.90872,1.91049,17600,0.0,0.0
2001-12-19 00:00:00-05:00,1.93091,1.99483,1.93091,1.96642,81600,0.0,0.0
2001-12-20 00:00:00-05:00,1.98862,2.04188,1.95311,2.03301,52800,0.0,0.0
2001-12-21 00:00:00-05:00,2.01969,2.06408,1.99749,2.04188,35200,0.0,0.0
2001-12-24 00:00:00-05:00,2.05964,2.05964,2.05964,2.05964,4800,0.0,0.0
2001-12-26 00:00:00-05:00,2.04188,2.06319,2.00637,2.00637,25600,0.0,0.0
2001-12-27 00:00:00-05:00,1.98862,1.98862,1.97974,1.97974,40800,0.0,0.0
2001-12-28 00:00:00-05:00,1.97974,2.01081,1.97974,2.01081,56800,0.0,0.0
2001-12-31 00:00:00-05:00,1.98862,1.99128,1.97974,1.99128,12800,0.0,0.0
2002-01-02 00:00:00-05:00,1.97974,1.97974,1.97974,1.97974,3200,0.0,0.0
2002-01-03 00:00:00-05:00,1.98862,2.04188,1.98862,2.04188,71200,0.0,0.0
2002-01-04 00:00:00-05:00,2.04188,2.0774,2.04188,2.0774,35200,0.0,0.0
2002-01-07 00:00:00-05:00,2.0774,2.0774,2.0774,2.0774,28800,0.0,0.0
2002-01-08 00:00:00-05:00,2.08539,2.08627,2.0774,2.0774,17600,0.0,0.0
2002-01-09 00:00:00-05:00,2.0845,2.0845,2.04188,2.04188,55200,0.0,0.0
2002-01-10 00:00:00-05:00,2.06408,2.06408,2.06408,2.06408,5600,0.0,0.0
2002-01-11 00:00:00-05:00,2.08183,2.08183,2.0552,2.0552,17600,0.0,0.0
2002-01-14 00:00:00-05:00,2.05964,2.08627,2.05964,2.0845,43200,0.0,0.0
2002-01-15 00:00:00-05:00,2.08538,2.08538,2.07562,2.07562,8800,0.0,0.0
2002-01-16 00:00:00-05:00,2.06408,2.06408,2.04189,2.05964,28800,0.0,0.0
2002-01-17 00:00:00-05:00,2.05076,2.06852,2.04188,2.06408,20000,0.0,0.0
2002-01-18 00:00:00-05:00,2.06408,2.06408,2.06408,2.06408,0,0.0,0.0
2002-01-22 00:00:00-05:00,2.04188,2.04188,2.01969,2.04188,26400,0.0,0.0
2002-01-23 00:00:00-05:00,2.04188,2.0552,2.01969,2.0552,33600,0.0,0.0
2002-01-24 00:00:00-05:00,2.0552,2.0552,2.0552,2.0552,40000,0.0,0.0
2002-01-25 00:00:00-05:00,2.03301,2.04188,2.03301,2.04188,85600,0.0,0.0
2002-01-28 00:00:00-05:00,2.04188,2.04188,2.04188,2.04188,0,0.0,0.0
2002-01-29 00:00:00-05:00,2.04188,2.04188,1.9975,2.041,32000,0.0,0.0
2002-01-30 00:00:00-05:00,2.03744,2.04188,2.03744,2.04188,29600,0.0,0.0
2002-01-31 00:00:00-05:00,2.04188,2.04188,2.02058,2.02058,45600,0.0,0.0
2002-02-01 00:00:00-05:00,2.00637,2.01525,1.98862,2.00193,22400,0.0,0.0
2002-02-04 00:00:00-05:00,1.99749,1.99749,1.99749,1.99749,800,0.0,0.0
2002-02-05 00:00:00-05:00,1.9975,2.02413,1.9975,2.01969,41600,0.0,0.0
2002-02-06 00:00:00-05:00,2.01969,2.01969,2.01969,2.01969,1600,0.0,0.0
2002-02-07 00:00:00-05:00,2.01969,2.01969,1.97974,2.00193,30400,0.0,0.0
2002-02-08 00:00:00-05:00,1.98862,2.01969,1.98862,2.01969,12800,0.0,0.0
2002-02-11 00:00:00-05:00,2.01969,2.01969,2.01969,2.01969,31200,0.0,0.0
2002-02-12 00:00:00-05:00,2.01969,2.01969,2.01969,2.01969,28800,0.0,0.0
2002-02-13 00:00:00-05:00,2.01969,2.0552,2.01525,2.05076,6400,0.0,0.0
2002-02-14 00:00:00-05:00,2.05076,2.05076,2.04188,2.04188,6400,0.0,0.0
2002-02-15 00:00:00-05:00,2.04188,2.04188,2.04188,2.04188,4000,0.0,0.0
2002-02-19 00:00:00-05:00,2.04188,2.0552,2.03744,2.0552,57600,0.0,0.0
2002-02-20 00:00:00-05:00,2.05076,2.05076,2.0481,2.0481,14400,0.0,0.0
2002-02-21 00:00:00-05:00,2.05076,2.11735,2.05076,2.11735,55200,0.0,0.0
2002-02-22 00:00:00-05:00,2.09515,2.15286,2.09515,2.15286,30400,0.0,0.0
2002-02-25 00:00:00-05:00,2.17505,2.21944,2.17505,2.20168,43200,0.0,0.0
2002-02-26 00:00:00-05:00,2.20168,2.2241,2.20168,2.2241,18400,0.03125,0.0
2002-02-27 00:00:00-05:00,2.24204,2.26446,2.24204,2.26446,20000,0.0,0.0
2002-02-28 00:00:00-05:00,2.26446,2.2824,2.24204,2.26536,20000,0.0,0.0
2002-03-01 00:00:00-05:00,2.28688,2.28688,2.26446,2.26446,2400,0.0,0.0
2002-03-04 00:00:00-05:00,2.28688,2.3093,2.28688,2.3093,7200,0.0,0.0
2002-03-05 00:00:00-05:00,2.33172,2.37656,2.33172,2.33172,64800,0.0,0.0
2002-03-06 00:00:00-05:00,2.35414,2.38912,2.35414,2.35414,35200,0.0,0.0
2002-03-07 00:00:00-05:00,2.37656,2.40795,2.37656,2.39091,17600,0.0,0.0
2002-03-08 00:00:00-05:00,2.3945,2.4214,2.3945,2.40347,37600,0.0,0.0
2002-03-11 00:00:00-05:00,2.42589,2.47521,2.4214,2.4214,88800,0.0,0.0
2002-03-12 00:00:00-05:00,2.41244,2.41244,2.38553,2.40347,15200,0.0,0.0
2002-03-13 00:00:00-05:00,2.40347,2.40347,2.40347,2.40347,0,0.0,0.0
2002-03-14 00:00:00-05:00,2.41244,2.41244,2.40347,2.40347,3200,0.0,0.0
2002-03-15 00:00:00-05:00,2.41244,2.41244,2.39898,2.40795,12000,0.0,0.0
2002-03-18 00:00:00-05:00,2.4214,2.44382,2.4214,2.44382,26400,0.0,0.0
2002-03-19 00:00:00-05:00,2.45279,2.45728,2.45279,2.45728,7200,0.0,0.0
2002-03-20 00:00:00-05:00,2.46535,2.46535,2.44831,2.44831,12800,0.0,0.0
2002-03-21 00:00:00-05:00,2.43934,2.46624,2.43934,2.46624,12800,0.0,0.0
2002-03-22 00:00:00-05:00,2.46624,2.46624,2.46445,2.46624,21600,0.0,0.0
2002-03-25 00:00:00-05:00,2.46624,2.46624,2.43934,2.43934,16800,0.0,0.0
2002-03-26 00:00:00-05:00,2.44382,2.44382,2.44382,2.44382,800,0.0,0.0
2002-03-27 00:00:00-05:00,2.45279,2.46176,2.43934,2.44382,37600,0.0,0.0
2002-03-28 00:00:00-05:00,2.45728,2.46624,2.45728,2.46624,32000,0.0,0.0
2002-04-01 00:00:00-05:00,2.46624,2.49315,2.46624,2.48418,44800,0.0,0.0
2002-04-02 00:00:00-05:00,2.48867,2.49853,2.48418,2.49853,43200,0.0,0.0
2002-04-03 00:00:00-05:00,2.5066,2.52902,2.5066,2.52454,55200,0.0,0.0
2002-04-04 00:00:00-05:00,2.52902,2.58283,2.52005,2.57386,87200,0.0,0.0
2002-04-05 00:00:00-05:00,2.58283,2.68148,2.58283,2.68148,92800,0.0,0.0
2002-04-08 00:00:00-04:00,2.69045,2.74874,2.69045,2.71018,47200,0.0,0.0
2002-04-09 00:00:00-04:00,2.7308,2.74426,2.69045,2.69045,28800,0.0,0.0
2002-04-10 00:00:00-04:00,2.67251,2.69045,2.67251,2.69045,4000,0.0,0.0
2002-04-11 00:00:00-04:00,2.69045,2.69045,2.69045,2.69045,3200,0.0,0.0
2002-04-12 00:00:00-04:00,2.69045,2.71287,2.69045,2.71287,24800,0.0,0.0
2002-04-15 00:00:00-04:00,2.78013,2.84739,2.66803,2.68148,155200,0.0,0.0
2002-04-16 00:00:00-04:00,2.7039,2.7039,2.68596,2.68596,42400,0.0,0.0
2002-04-17 00:00:00-04:00,2.7039,2.87429,2.7039,2.86533,84000,0.0,0.0
2002-04-18 00:00:00-04:00,2.86084,2.91017,2.84739,2.89223,87200,0.0,0.0
2002-04-19 00:00:00-04:00,2.89223,2.90568,2.86981,2.89492,47200,0.0,0.0
2002-04-22 00:00:00-04:00,2.89672,2.95053,2.89672,2.91555,88000,0.0,0.0
2002-04-23 00:00:00-04:00,2.90568,2.91465,2.86981,2.86981,63200,0.0,0.0
2002-04-24 00:00:00-04:00,2.84739,2.84739,2.73529,2.73529,45600,0.0,0.0
2002-04-25 00:00:00-04:00,2.71287,2.71287,2.68596,2.69045,31200,0.0,0.0
2002-04-26 00:00:00-04:00,2.69045,2.70838,2.68596,2.70838,15200,0.0,0.0
2002-04-29 00:00:00-04:00,2.73081,2.84739,2.73081,2.76668,52800,0.0,0.0
2002-04-30 00:00:00-04:00,2.76668,2.89223,2.76668,2.89223,96000,0.0,0.0
2002-05-01 00:00:00-04:00,2.89223,2.93707,2.89223,2.91465,42400,0.0,0.0
2002-05-02 00:00:00-04:00,2.93707,2.95411,2.91465,2.95411,40800,0.0,0.0
2002-05-03 00:00:00-04:00,2.94963,2.98191,2.94604,2.98191,24000,0.0,0.0
2002-05-06 00:00:00-04:00,2.95949,2.98191,2.91465,2.91465,104000,0.0,0.0
2002-05-07 00:00:00-04:00,2.91465,2.92721,2.90568,2.91107,11200,0.0,0.0
2002-05-08 00:00:00-04:00,2.94156,2.95052,2.91555,2.95052,18400,0.0,0.0
2002-05-09 00:00:00-04:00,2.9281,2.98191,2.9281,2.95949,60800,0.0,0.0
2002-05-10 00:00:00-04:00,2.95949,2.98191,2.94604,2.97743,26400,0.0,0.0
2002-05-13 00:00:00-04:00,2.99985,3.02675,2.97743,2.97743,60000,0.0,0.0
2002-05-14 00:00:00-04:00,2.99985,2.99985,2.95949,2.95949,43200,0.0,0.0
2002-05-15 00:00:00-04:00,2.94156,2.96398,2.91914,2.94604,39200,0.0,0.0
2002-05-16 00:00:00-04:00,2.95949,2.95949,2.95949,2.95949,1600,0.0,0.0
2002-05-17 00:00:00-04:00,2.95949,2.98191,2.95949,2.98191,7200,0.0,0.0
2002-05-20 00:00:00-04:00,2.9864,3.04917,2.9864,3.02675,36800,0.0,0.0
2002-05-21 00:00:00-04:00,3.02227,3.04917,3.00433,3.04021,21600,0.0,0.0
2002-05-22 00:00:00-04:00,3.04021,3.04917,3.01779,3.01779,47200,0.0,0.0
2002-05-23 00:00:00-04:00,2.99537,2.99537,2.91465,2.91465,42400,0.0,0.0
2002-05-24 00:00:00-04:00,2.89223,2.89672,2.89223,2.89223,9600,0.0,0.0
2002-05-28 00:00:00-04:00,2.86981,2.86981,2.86981,2.86981,14400,0.0,0.0
2002-05-29 00:00:00-04:00,2.86981,2.89241,2.86981,2.89241,12000,0.03125,0.0
2002-05-30 00:00:00-04:00,2.86981,2.90145,2.82462,2.82462,22400,0.0,0.0
2002-05-31 00:00:00-04:00,2.84721,2.86981,2.82462,2.84269,24800,0.0,0.0
2002-06-03 00:00:00-04:00,2.84721,2.84721,2.62124,2.6574,132800,0.0,0.0
2002-06-04 00:00:00-04:00,2.61221,2.62124,2.53086,2.56701,69600,0.0,0.0
2002-06-05 00:00:00-04:00,2.58961,2.64384,2.55345,2.55345,45600,0.0,0.0
2002-06-06 00:00:00-04:00,2.57605,2.57605,2.55345,2.55345,51200,0.0,0.0
2002-06-07 00:00:00-04:00,2.53086,2.53086,2.48566,2.50826,62400,0.0,0.0
2002-06-10 00:00:00-04:00,2.50826,2.55345,2.50826,2.55345,8000,0.0,0.0
2002-06-11 00:00:00-04:00,2.55345,2.55797,2.53086,2.55345,18400,0.0,0.0
2002-06-12 00:00:00-04:00,2.55345,2.55345,2.55345,2.55345,800,0.0,0.0
2002-06-13 00:00:00-04:00,2.57605,2.59865,2.57605,2.59865,3200,0.0,0.0
2002-06-14 00:00:00-04:00,2.57605,2.59865,2.53176,2.59865,26400,0.0,0.0
2002-06-17 00:00:00-04:00,2.57605,2.63028,2.57605,2.63028,9600,0.0,0.0
2002-06-18 00:00:00-04:00,2.62125,2.66644,2.62125,2.62125,16000,0.0,0.0
2002-06-19 00:00:00-04:00,2.64384,2.68904,2.62125,2.62125,23200,0.0,0.0
2002-06-20 00:00:00-04:00,2.62124,2.66644,2.62124,2.66644,15200,0.0,0.0
2002-06-21 00:00:00-04:00,2.65107,2.65107,2.64384,2.64384,10400,0.0,0.0
2002-06-24 00:00:00-04:00,2.66644,2.66644,2.55345,2.55345,20000,0.0,0.0
2002-06-25 00:00:00-04:00,2.55345,2.55345,2.55345,2.55345,0,0.0,0.0
2002-06-26 00:00:00-04:00,2.53176,2.53176,2.53176,2.53176,7200,0.0,0.0
2002-06-27 00:00:00-04:00,2.53176,2.53176,2.53086,2.53086,1600,0.0,0.0
2002-06-28 00:00:00-04:00,2.55345,2.55345,2.48566,2.48566,12000,0.0,0.0
2002-07-01 00:00:00-04:00,2.48566,2.48566,2.48566,2.48566,40800,0.0,0.0
2002-07-02 00:00:00-04:00,2.48566,2.48566,2.48566,2.48566,0,0.0,0.0
2002-07-03 00:00:00-04:00,2.48566,2.48566,2.44047,2.44047,12000,0.0,0.0
2002-07-05 00:00:00-04:00,2.44047,2.48566,2.44047,2.48566,38400,0.0,0.0
2002-07-08 00:00:00-04:00,2.48566,2.48566,2.46307,2.46307,10400,0.0,0.0
2002-07-09 00:00:00-04:00,2.47662,2.53086,2.47662,2.53086,6400,0.0,0.0
2002-07-10 00:00:00-04:00,2.50826,2.54442,2.50826,2.5173,38400,0.0,0.0
2002-07-11 00:00:00-04:00,2.55345,2.55345,2.52995,2.52995,72000,0.0,0.0
2002-07-12 00:00:00-04:00,2.53086,2.53086,2.53086,2.53086,8000,0.0,0.0
2002-07-15 00:00:00-04:00,2.50826,2.51278,2.46307,2.46307,10400,0.0,0.0
2002-07-16 00:00:00-04:00,2.44047,2.46307,2.41787,2.41787,4800,0.0,0.0
2002-07-17 00:00:00-04:00,2.44047,2.46307,2.41787,2.44047,32800,0.0,0.0
2002-07-18 00:00:00-04:00,2.46307,2.46307,2.41787,2.41787,6400,0.0,0.0
2002-07-19 00:00:00-04:00,2.50826,2.59413,2.50826,2.55345,113600,0.0,0.0
2002-07-22 00:00:00-04:00,2.57605,2.62124,2.55345,2.59865,72800,0.0,0.0
2002-07-23 00:00:00-04:00,2.62124,2.62124,2.56249,2.5634,11200,0.0,0.0
2002-07-24 00:00:00-04:00,2.58509,2.69807,2.58509,2.63932,68800,0.0,0.0
2002-07-25 00:00:00-04:00,2.61673,2.66192,2.61673,2.66192,6400,0.0,0.0
2002-07-26 00:00:00-04:00,2.64384,2.64384,2.62125,2.62125,6400,0.0,0.0
2002-07-29 00:00:00-04:00,2.66644,2.71163,2.66644,2.71163,32000,0.0,0.0
2002-07-30 00:00:00-04:00,2.71163,2.71163,2.62124,2.67548,60800,0.0,0.0
2002-07-31 00:00:00-04:00,2.66644,2.66644,2.62215,2.62215,2400,0.0,0.0
2002-08-01 00:00:00-04:00,2.64384,2.64384,2.64384,2.64384,4000,0.0,0.0
2002-08-02 00:00:00-04:00,2.62305,2.62576,2.57605,2.57605,9600,0.0,0.0
2002-08-05 00:00:00-04:00,2.55797,2.57424,2.55797,2.57424,8800,0.0,0.0
2002-08-06 00:00:00-04:00,2.59865,2.73423,2.59774,2.71163,94400,0.0,0.0
2002-08-07 00:00:00-04:00,2.71163,2.71163,2.64384,2.66644,8000,0.0,0.0
2002-08-08 00:00:00-04:00,2.66644,2.68904,2.64384,2.66644,84800,0.0,0.0
2002-08-09 00:00:00-04:00,2.64384,2.64384,2.53086,2.62576,54400,0.0,0.0
2002-08-12 00:00:00-04:00,2.60317,2.62576,2.59865,2.59865,20800,0.0,0.0
2002-08-13 00:00:00-04:00,2.61221,2.61221,2.56249,2.59865,18400,0.0,0.0
2002-08-14 00:00:00-04:00,2.59865,2.63932,2.57605,2.59413,16000,0.0,0.0
2002-08-15 00:00:00-04:00,2.60497,2.60497,2.55345,2.55345,6400,0.0,0.0
2002-08-16 00:00:00-04:00,2.55345,2.77942,2.53086,2.75683,37600,0.0,0.0
2002-08-19 00:00:00-04:00,2.80202,2.91501,2.80202,2.88337,34400,0.0,0.0
2002-08-20 00:00:00-04:00,2.90597,2.92495,2.8906,2.92495,33600,0.0,0.0
2002-08-21 00:00:00-04:00,2.93579,2.97376,2.92856,2.97376,54400,0.0,0.0
2002-08-22 00:00:00-04:00,2.95116,2.95116,2.95116,2.95116,1600,0.0,0.0
2002-08-23 00:00:00-04:00,2.92856,2.92856,2.83908,2.89241,24000,0.0,0.0
2002-08-26 00:00:00-04:00,2.9376,2.9828,2.9376,2.9611,8000,0.0,0.0
2002-08-27 00:00:00-04:00,2.9828,3.00539,2.9828,2.9846,15200,0.0,0.0
2002-08-28 00:00:00-04:00,3.00647,3.00738,3.00647,3.00738,17600,0.0325,0.0
2002-08-29 00:00:00-04:00,2.98369,3.09758,2.98369,3.0748,22400,0.0,0.0
2002-08-30 00:00:00-04:00,3.05202,3.05202,3.00647,3.02924,24800,0.0,0.0
2002-09-03 00:00:00-04:00,3.00647,3.00647,2.86981,2.86981,33600,0.0,0.0
2002-09-04 00:00:00-04:00,2.91081,2.93358,2.88803,2.91081,15200,0.0,0.0
2002-09-05 00:00:00-04:00,2.89259,2.91536,2.88074,2.88074,29600,0.0,0.0
2002-09-06 00:00:00-04:00,2.85706,2.85706,2.83428,2.83793,9600,0.0,0.0
2002-09-09 00:00:00-04:00,2.8607,2.89714,2.84248,2.8525,40800,0.0,0.0
2002-09-10 00:00:00-04:00,2.87437,2.89714,2.8525,2.8525,6400,0.0,0.0
2002-09-11 00:00:00-04:00,2.82972,2.89714,2.82972,2.89714,17600,0.0,0.0
2002-09-12 00:00:00-04:00,2.96092,2.96092,2.91536,2.91536,18400,0.0,0.0
2002-09-13 00:00:00-04:00,2.93814,2.93814,2.82426,2.84704,104800,0.0,0.0
2002-09-16 00:00:00-04:00,2.83337,2.85615,2.83337,2.83337,5600,0.0,0.0
2002-09-17 00:00:00-04:00,2.86981,2.86981,2.86981,2.86981,4800,0.0,0.0
2002-09-18 00:00:00-04:00,2.86981,2.91536,2.82426,2.82426,25600,0.0,0.0
2002-09-19 00:00:00-04:00,2.84704,2.84704,2.80148,2.81424,32000,0.0,0.0
2002-09-20 00:00:00-04:00,2.79237,2.83792,2.77871,2.77962,56000,0.0,0.0
2002-09-23 00:00:00-04:00,2.75593,2.86981,2.6876,2.6876,36800,0.0,0.0
2002-09-24 00:00:00-04:00,2.70947,2.73315,2.66482,2.6876,25600,0.0,0.0
2002-09-25 00:00:00-04:00,2.71038,2.82426,2.71038,2.80148,17600,0.0,0.0
2002-09-26 00:00:00-04:00,2.82426,2.82426,2.82426,2.82426,8000,0.0,0.0
2002-09-27 00:00:00-04:00,2.82426,2.82426,2.80148,2.80148,42400,0.0,0.0
2002-09-30 00:00:00-04:00,2.80148,2.84704,2.77871,2.77871,59200,0.0,0.0
2002-10-01 00:00:00-04:00,2.75593,2.75593,2.6876,2.6876,43200,0.0,0.0
2002-10-02 00:00:00-04:00,2.6876,2.71038,2.64205,2.66391,15200,0.0,0.0
2002-10-03 00:00:00-04:00,2.6876,2.6876,2.66482,2.6876,8800,0.0,0.0
2002-10-04 00:00:00-04:00,2.71038,2.71038,2.71038,2.71038,2400,0.0,0.0
2002-10-07 00:00:00-04:00,2.73315,2.75593,2.66482,2.66482,27200,0.0,0.0
2002-10-08 00:00:00-04:00,2.64205,2.64205,2.48261,2.50539,36800,0.0,0.0
2002-10-09 00:00:00-04:00,2.52817,2.55094,2.49628,2.51906,44000,0.0,0.0
2002-10-10 00:00:00-04:00,2.54183,2.54183,2.51906,2.51906,2400,0.0,0.0
2002-10-11 00:00:00-04:00,2.54183,2.55094,2.54183,2.55094,24800,0.0,0.0
2002-10-14 00:00:00-04:00,2.55094,2.73315,2.55094,2.69216,137600,0.0,0.0
2002-10-15 00:00:00-04:00,2.73315,2.75593,2.70673,2.73315,110400,0.0,0.0
2002-10-16 00:00:00-04:00,2.7286,2.73224,2.6876,2.6876,50400,0.0,0.0
2002-10-17 00:00:00-04:00,2.71038,2.75593,2.71038,2.73315,39200,0.0,0.0
2002-10-18 00:00:00-04:00,2.73315,2.73315,2.67849,2.6876,21600,0.0,0.0
2002-10-21 00:00:00-04:00,2.6876,2.91536,2.6876,2.80604,147200,0.0,0.0
2002-10-22 00:00:00-04:00,2.81515,2.87437,2.73315,2.75137,49600,0.0,0.0
2002-10-23 00:00:00-04:00,2.75593,2.77415,2.75593,2.77324,8800,0.0,0.0
2002-10-24 00:00:00-04:00,2.77871,2.81515,2.77871,2.81515,8800,0.0,0.0
2002-10-25 00:00:00-04:00,2.82881,2.91536,2.82881,2.91536,20800,0.0,0.0
2002-10-28 00:00:00-05:00,2.91536,2.95636,2.91536,2.95636,23200,0.0,0.0
2002-10-29 00:00:00-05:00,2.96092,2.96092,2.89259,2.89259,42400,0.0,0.0
2002-10-30 00:00:00-05:00,2.86981,2.86981,2.86981,2.86981,800,0.0,0.0
2002-10-31 00:00:00-05:00,2.89259,3.00191,2.89259,3.00191,21600,0.0,0.0
2002-11-01 00:00:00-05:00,3.00191,3.0748,3.00191,3.0748,8000,0.0,0.0
2002-11-04 00:00:00-05:00,3.09757,3.09757,3.05658,3.05658,62400,0.0,0.0
2002-11-05 00:00:00-05:00,3.0748,3.0748,3.05202,3.07389,19200,0.0,0.0
2002-11-06 00:00:00-05:00,3.05202,3.0748,3.04382,3.05202,19200,0.0,0.0
2002-11-07 00:00:00-05:00,3.09757,3.09757,3.00647,3.00647,64800,0.0,0.0
2002-11-08 00:00:00-05:00,3.02925,3.02925,2.95181,2.95181,54400,0.0,0.0
2002-11-11 00:00:00-05:00,2.98369,3.01558,2.98369,3.01558,4000,0.0,0.0
2002-11-12 00:00:00-05:00,3.03836,3.042,3.03836,3.042,4000,0.0,0.0
2002-11-13 00:00:00-05:00,2.98369,3.00647,2.95181,2.95181,29600,0.0,0.0
2002-11-14 00:00:00-05:00,2.97914,3.09758,2.96547,3.0748,17600,0.0,0.0
2002-11-15 00:00:00-05:00,3.02925,3.05202,2.95181,2.98369,39200,0.0,0.0
2002-11-18 00:00:00-05:00,3.00647,3.00647,2.96183,2.99736,10400,0.0,0.0
2002-11-19 00:00:00-05:00,2.99827,2.99827,2.99827,2.99827,800,0.0,0.0
2002-11-20 00:00:00-05:00,2.98369,3.00647,2.98369,3.00647,13600,0.0,0.0
2002-11-21 00:00:00-05:00,2.98369,2.98369,2.96092,2.96092,12000,0.0,0.0
2002-11-22 00:00:00-05:00,2.93814,2.93814,2.93814,2.93814,29600,0.0,0.0
2002-11-25 00:00:00-05:00,2.95909,2.95909,2.94269,2.94269,26400,0.0,0.0
2002-11-26 00:00:00-05:00,2.96566,2.96566,2.89769,2.89769,4800,0.0325,0.0
2002-11-27 00:00:00-05:00,2.89218,2.8931,2.82513,2.84718,40000,0.0,0.0
2002-11-29 00:00:00-05:00,2.70941,2.82422,2.66349,2.82422,46400,0.0,0.0
2002-12-02 00:00:00-05:00,2.80125,2.80125,2.70941,2.70941,38400,0.0,0.0
2002-12-03 00:00:00-05:00,2.72778,2.80125,2.70941,2.80125,28800,0.0,0.0
2002-12-04 00:00:00-05:00,2.80125,2.80125,2.70482,2.80125,28800,0.0,0.0
2002-12-05 00:00:00-05:00,2.80125,2.80125,2.80125,2.80125,4000,0.0,0.0
2002-12-06 00:00:00-05:00,2.80126,2.93902,2.80126,2.91147,36000,0.0,0.0
2002-12-09 00:00:00-05:00,2.92524,2.99413,2.84718,2.8931,46400,0.0,0.0
2002-12-10 00:00:00-05:00,2.91606,2.92984,2.78748,2.84718,42400,0.0,0.0
2002-12-11 00:00:00-05:00,2.85636,2.85636,2.83799,2.83799,1600,0.0,0.0
2002-12-12 00:00:00-05:00,2.84718,2.84718,2.80125,2.80125,8800,0.0,0.0
2002-12-13 00:00:00-05:00,2.81962,2.81962,2.79666,2.79666,5600,0.0,0.0
2002-12-16 00:00:00-05:00,2.81962,2.81962,2.74156,2.74156,14400,0.0,0.0
2002-12-17 00:00:00-05:00,2.7186,2.7186,2.67267,2.69563,13600,0.0,0.0
2002-12-18 00:00:00-05:00,2.7186,2.83983,2.69564,2.81963,25600,0.0,0.0
2002-12-19 00:00:00-05:00,2.83707,2.84718,2.73696,2.75533,42400,0.0,0.0
2002-12-20 00:00:00-05:00,2.75533,2.75533,2.73237,2.73237,40000,0.0,0.0
2002-12-23 00:00:00-05:00,2.80125,2.83799,2.77829,2.80585,35200,0.0,0.0
2002-12-24 00:00:00-05:00,2.80125,2.96106,2.80125,2.93443,32800,0.0,0.0
2002-12-26 00:00:00-05:00,2.94821,3.03087,2.94821,3.03087,44800,0.0,0.0
2002-12-27 00:00:00-05:00,3.03086,3.07679,3.03086,3.05383,16800,0.0,0.0
2002-12-30 00:00:00-05:00,3.07679,3.07679,2.98494,2.98494,13600,0.0,0.0
2002-12-31 00:00:00-05:00,3.00791,3.00791,2.94821,2.94821,12000,0.0,0.0
2003-01-02 00:00:00-05:00,2.96198,2.96198,2.86095,2.86279,22400,0.0,0.0
2003-01-03 00:00:00-05:00,2.86095,2.86095,2.80585,2.84626,36800,0.0,0.0
2003-01-06 00:00:00-05:00,2.86463,2.883,2.75717,2.80125,34400,0.0,0.0
2003-01-07 00:00:00-05:00,2.82422,2.89769,2.82422,2.89769,23200,0.0,0.0
2003-01-08 00:00:00-05:00,2.87473,2.89769,2.87473,2.89769,4000,0.0,0.0
2003-01-09 00:00:00-05:00,2.92065,2.9528,2.91606,2.93902,16800,0.0,0.0
2003-01-10 00:00:00-05:00,2.91606,3.03087,2.91606,3.03087,18400,0.0,0.0
2003-01-13 00:00:00-05:00,3.0125,3.0125,2.90228,2.90228,20000,0.0,0.0
2003-01-14 00:00:00-05:00,2.92525,2.92525,2.89769,2.89769,8000,0.0,0.0
2003-01-15 00:00:00-05:00,2.8931,2.8931,2.8931,2.8931,4800,0.0,0.0
2003-01-16 00:00:00-05:00,2.91606,2.93627,2.84718,2.86555,18400,0.0,0.0
2003-01-17 00:00:00-05:00,2.85177,2.87473,2.8481,2.86555,7200,0.0,0.0
2003-01-21 00:00:00-05:00,2.88851,2.9528,2.88392,2.90688,48800,0.0,0.0
2003-01-22 00:00:00-05:00,2.90779,2.94361,2.90779,2.93902,5600,0.0,0.0
2003-01-23 00:00:00-05:00,2.93902,2.94361,2.92065,2.94361,16800,0.0,0.0
2003-01-24 00:00:00-05:00,2.92065,2.98402,2.91606,2.93902,24800,0.0,0.0
2003-01-27 00:00:00-05:00,2.91606,2.91606,2.8931,2.91606,30400,0.0,0.0
2003-01-28 00:00:00-05:00,2.92708,2.92708,2.86555,2.90137,17600,0.0,0.0
2003-01-29 00:00:00-05:00,2.91606,2.91606,2.89402,2.89769,6400,0.0,0.0
2003-01-30 00:00:00-05:00,2.91606,2.93902,2.89769,2.93902,8000,0.0,0.0
2003-01-31 00:00:00-05:00,2.95739,2.95739,2.93902,2.93902,11200,0.0,0.0
2003-02-03 00:00:00-05:00,2.89769,2.90596,2.8931,2.90504,22400,0.0,0.0
2003-02-04 00:00:00-05:00,2.8931,2.92524,2.8931,2.92524,13600,0.0,0.0
2003-02-05 00:00:00-05:00,2.90688,2.90688,2.8931,2.8931,14400,0.0,0.0
2003-02-06 00:00:00-05:00,2.87473,2.88391,2.87014,2.87473,22400,0.0,0.0
2003-02-07 00:00:00-05:00,2.89769,2.90045,2.89769,2.90045,5600,0.0,0.0
2003-02-10 00:00:00-05:00,2.89769,2.89769,2.85636,2.87473,31200,0.0,0.0
2003-02-11 00:00:00-05:00,2.93902,3.00331,2.93902,2.96657,29600,0.0,0.0
2003-02-12 00:00:00-05:00,2.92065,2.92065,2.86095,2.86095,20000,0.0,0.0
2003-02-13 00:00:00-05:00,2.85177,2.85177,2.8481,2.84901,82400,0.0,0.0
2003-02-14 00:00:00-05:00,2.84901,2.85085,2.84626,2.84718,51200,0.0,0.0
2003-02-18 00:00:00-05:00,2.87014,2.91606,2.87014,2.89769,13600,0.0,0.0
2003-02-19 00:00:00-05:00,3.04464,3.05383,3.0125,3.0125,39200,0.0,0.0
2003-02-20 00:00:00-05:00,3.02995,3.11812,3.0079,3.09883,32000,0.0,0.0
2003-02-21 00:00:00-05:00,3.11812,3.11812,3.03087,3.04005,35200,0.0,0.0
2003-02-24 00:00:00-05:00,3.06301,3.06301,2.87473,2.98494,74400,0.0,0.0
2003-02-25 00:00:00-05:00,2.96566,2.96566,2.91147,2.91147,8000,0.0,0.0
2003-02-26 00:00:00-05:00,2.89387,2.90776,2.87165,2.90313,17600,0.0325,0.0
2003-02-27 00:00:00-05:00,2.91702,2.91702,2.89387,2.90128,20800,0.0,0.0
2003-02-28 00:00:00-05:00,2.90128,2.90128,2.90128,2.90128,3200,0.0,0.0
2003-03-03 00:00:00-05:00,2.99389,2.99389,2.88924,2.88924,48800,0.0,0.0
2003-03-04 00:00:00-05:00,2.90591,2.90591,2.8985,2.8985,5600,0.0,0.0
2003-03-05 00:00:00-05:00,2.91239,2.91239,2.8985,2.8985,4000,0.0,0.0
2003-03-06 00:00:00-05:00,2.8911,2.90776,2.87072,2.87072,36800,0.0,0.0
2003-03-07 00:00:00-05:00,2.88461,2.88461,2.86609,2.87072,13600,0.0,0.0
2003-03-10 00:00:00-05:00,2.87998,2.88924,2.87998,2.88924,6400,0.0,0.0
2003-03-11 00:00:00-05:00,2.88924,2.88924,2.82442,2.82905,16000,0.0,0.0
2003-03-12 00:00:00-05:00,2.84757,2.86887,2.82998,2.82998,6400,0.0,0.0
2003-03-13 00:00:00-05:00,2.82349,2.82349,2.76886,2.80127,51200,0.0,0.0
2003-03-14 00:00:00-05:00,2.82349,2.82349,2.82349,2.82349,1600,0.0,0.0
2003-03-17 00:00:00-05:00,2.80127,2.84294,2.77812,2.80127,32800,0.0,0.0
2003-03-18 00:00:00-05:00,2.8022,2.87072,2.8022,2.82905,6400,0.0,0.0
2003-03-19 00:00:00-05:00,2.82442,2.83738,2.77812,2.83738,46400,0.0,0.0
2003-03-20 00:00:00-05:00,2.86054,2.86054,2.83924,2.83924,4800,0.0,0.0
2003-03-21 00:00:00-05:00,2.86146,2.8698,2.86146,2.86146,4800,0.0,0.0
2003-03-24 00:00:00-05:00,2.83924,2.83924,2.79201,2.81053,20000,0.0,0.0
2003-03-25 00:00:00-05:00,2.79201,2.79201,2.79201,2.79201,800,0.0,0.0
2003-03-26 00:00:00-05:00,2.81053,2.81053,2.78923,2.8059,8000,0.0,0.0
2003-03-27 00:00:00-05:00,2.79201,2.84665,2.79201,2.82627,8800,0.0,0.0
2003-03-28 00:00:00-05:00,2.84294,2.86609,2.82905,2.86609,17600,0.0,0.0
2003-03-31 00:00:00-05:00,2.84294,2.86146,2.77812,2.84665,26400,0.0,0.0
2003-04-01 00:00:00-05:00,2.81516,2.86794,2.81516,2.86794,78400,0.0,0.0
2003-04-02 00:00:00-05:00,2.86887,2.90684,2.84757,2.90591,73600,0.0,0.0
2003-04-03 00:00:00-05:00,2.91703,2.9624,2.91703,2.95129,52800,0.0,0.0
2003-04-04 00:00:00-05:00,2.93647,2.96333,2.93555,2.93555,115200,0.0,0.0
2003-04-07 00:00:00-04:00,2.93647,2.93647,2.90776,2.93555,39200,0.0,0.0
2003-04-08 00:00:00-04:00,2.93555,2.95407,2.93555,2.94018,14400,0.0,0.0
2003-04-09 00:00:00-04:00,2.92721,2.9587,2.92721,2.9587,68800,0.0,0.0
2003-04-10 00:00:00-04:00,2.96333,2.97629,2.95499,2.97629,10400,0.0,0.0
2003-04-11 00:00:00-04:00,2.97537,2.97537,2.97537,2.97537,8000,0.0,0.0
2003-04-14 00:00:00-04:00,2.87072,2.91702,2.69014,2.8059,239200,0.0,0.0
2003-04-15 00:00:00-04:00,2.75497,2.80127,2.692,2.74849,111200,0.0,0.0
2003-04-16 00:00:00-04:00,2.7596,2.77812,2.75682,2.77719,60800,0.0,0.0
2003-04-17 00:00:00-04:00,2.77812,2.77812,2.77719,2.77812,23200,0.0,0.0
2003-04-21 00:00:00-04:00,2.77812,2.77812,2.75682,2.77812,46400,0.0,0.0
2003-04-22 00:00:00-04:00,2.77812,2.77812,2.7596,2.7596,12000,0.0,0.0
2003-04-23 00:00:00-04:00,2.77812,2.77812,2.75034,2.75589,27200,0.0,0.0
2003-04-24 00:00:00-04:00,2.77719,2.77812,2.74108,2.74108,48000,0.0,0.0
2003-04-25 00:00:00-04:00,2.59291,2.63458,2.53735,2.62069,334400,0.0,0.0
2003-04-28 00:00:00-04:00,2.6068,2.63921,2.59291,2.61328,33600,0.0,0.0
2003-04-29 00:00:00-04:00,2.62069,2.68551,2.55217,2.55217,61600,0.0,0.0
2003-04-30 00:00:00-04:00,2.63921,2.65681,2.62532,2.62625,50400,0.0,0.0
2003-05-01 00:00:00-04:00,2.63643,2.63921,2.62995,2.63921,38400,0.0,0.0
2003-05-02 00:00:00-04:00,2.56976,2.61051,2.56976,2.59291,42400,0.0,0.0
2003-05-05 00:00:00-04:00,2.59291,2.59291,2.5605,2.59291,70400,0.0,0.0
2003-05-06 00:00:00-04:00,2.6068,2.63921,2.6068,2.63458,36000,0.0,0.0
2003-05-07 00:00:00-04:00,2.63921,2.65773,2.63551,2.63551,169600,0.0,0.0
2003-05-08 00:00:00-04:00,2.65773,2.77719,2.63643,2.74108,60800,0.0,0.0
2003-05-09 00:00:00-04:00,2.68552,2.77812,2.68552,2.76423,44000,0.0,0.0
2003-05-12 00:00:00-04:00,2.67625,2.84665,2.67625,2.8059,84800,0.0,0.0
2003-05-13 00:00:00-04:00,2.78738,2.84757,2.78738,2.82442,14400,0.0,0.0
2003-05-14 00:00:00-04:00,2.89387,2.96796,2.8485,2.9411,95200,0.0,0.0
2003-05-15 00:00:00-04:00,2.91702,2.96333,2.90591,2.94203,41600,0.0,0.0
2003-05-16 00:00:00-04:00,2.92258,2.9448,2.88554,2.91239,22400,0.0,0.0
2003-05-19 00:00:00-04:00,2.91239,2.91239,2.91239,2.91239,800,0.0,0.0
2003-05-20 00:00:00-04:00,2.93554,2.96333,2.91702,2.91702,12000,0.0,0.0
2003-05-21 00:00:00-04:00,2.94018,2.94018,2.92165,2.93925,19200,0.0,0.0
2003-05-22 00:00:00-04:00,2.93832,2.93832,2.81053,2.84294,88800,0.0,0.0
2003-05-23 00:00:00-04:00,2.86609,2.86609,2.77997,2.82349,20000,0.0,0.0
2003-05-27 00:00:00-04:00,2.77904,2.81979,2.73182,2.81979,31200,0.0,0.0
2003-05-28 00:00:00-04:00,2.80204,2.81886,2.77402,2.77402,28800,0.0325,0.0
2003-05-29 00:00:00-04:00,2.78803,2.80671,2.76935,2.76935,6400,0.0,0.0
2003-05-30 00:00:00-04:00,2.77402,2.77402,2.70864,2.70864,31200,0.0,0.0
2003-06-02 00:00:00-04:00,2.72732,2.72732,2.67128,2.67128,80000,0.0,0.0
2003-06-03 00:00:00-04:00,2.69463,2.69463,2.61524,2.64793,76000,0.0,0.0
2003-06-04 00:00:00-04:00,2.67128,2.76001,2.57788,2.62458,107200,0.0,0.0
2003-06-05 00:00:00-04:00,2.63859,2.63952,2.60123,2.61524,49600,0.0,0.0
2003-06-06 00:00:00-04:00,2.67595,2.71331,2.67128,2.69183,30400,0.0,0.0
2003-06-09 00:00:00-04:00,2.69183,2.73106,2.66288,2.68529,31200,0.0,0.0
2003-06-10 00:00:00-04:00,2.68623,2.70771,2.68623,2.68903,13600,0.0,0.0
2003-06-11 00:00:00-04:00,2.70864,2.73199,2.64793,2.70864,20000,0.0,0.0
2003-06-12 00:00:00-04:00,2.68623,2.72732,2.68623,2.70864,8800,0.0,0.0
2003-06-13 00:00:00-04:00,2.72265,2.72639,2.70864,2.71051,16800,0.0,0.0
2003-06-16 00:00:00-04:00,2.71051,2.72265,2.70958,2.72265,31200,0.0,0.0
2003-06-17 00:00:00-04:00,2.6993,2.80204,2.6993,2.76468,48000,0.0,0.0
2003-06-18 00:00:00-04:00,2.74133,2.76375,2.74133,2.74133,24800,0.0,0.0
2003-06-19 00:00:00-04:00,2.71798,2.74133,2.71798,2.74133,12000,0.0,0.0
2003-06-20 00:00:00-04:00,2.71798,2.7404,2.71798,2.7404,9600,0.0,0.0
2003-06-23 00:00:00-04:00,2.70864,2.70958,2.70864,2.70864,17600,0.0,0.0
2003-06-24 00:00:00-04:00,2.68996,2.73199,2.63859,2.66194,21600,0.0,0.0
2003-06-25 00:00:00-04:00,2.66194,2.68436,2.6498,2.6498,2400,0.0,0.0
2003-06-26 00:00:00-04:00,2.64326,2.65727,2.63392,2.63392,24000,0.0,0.0
2003-06-27 00:00:00-04:00,2.65634,2.70864,2.65634,2.69463,36800,0.0,0.0
2003-06-30 00:00:00-04:00,2.67128,2.67595,2.28833,2.40509,628800,0.0,0.0
2003-07-01 00:00:00-04:00,2.56854,2.61524,2.55453,2.56854,165600,0.0,0.0
2003-07-02 00:00:00-04:00,2.58255,2.61524,2.55079,2.58722,117600,0.0,0.0
2003-07-03 00:00:00-04:00,2.61057,2.61057,2.61057,2.61057,5600,0.0,0.0
2003-07-07 00:00:00-04:00,2.61524,2.61524,2.5648,2.60123,20800,0.0,0.0
2003-07-08 00:00:00-04:00,2.62458,2.63392,2.6059,2.63392,40800,0.0,0.0
2003-07-09 00:00:00-04:00,2.61618,2.66194,2.61524,2.66194,21600,0.0,0.0
2003-07-10 00:00:00-04:00,2.66007,2.70304,2.66007,2.68529,6400,0.0,0.0
2003-07-11 00:00:00-04:00,2.68062,2.70397,2.66194,2.66194,9600,0.0,0.0
2003-07-14 00:00:00-04:00,2.68062,2.70771,2.66194,2.66194,20800,0.0,0.0
2003-07-15 00:00:00-04:00,2.66194,2.6993,2.62458,2.68996,42400,0.0,0.0
2003-07-16 00:00:00-04:00,2.76935,2.94215,2.73666,2.92347,337600,0.0,0.0
2003-07-17 00:00:00-04:00,2.9244,2.94121,2.88144,2.89451,64800,0.0,0.0
2003-07-18 00:00:00-04:00,2.95149,2.95149,2.85809,2.85809,42400,0.0,0.0
2003-07-21 00:00:00-04:00,2.85809,2.86369,2.85528,2.85809,127200,0.0,0.0
2003-07-22 00:00:00-04:00,2.85902,2.85902,2.84874,2.84874,34400,0.0,0.0
2003-07-23 00:00:00-04:00,2.85622,2.85622,2.84501,2.84781,14400,0.0,0.0
2003-07-24 00:00:00-04:00,2.84781,2.84781,2.79738,2.81139,30400,0.0,0.0
2003-07-25 00:00:00-04:00,2.83473,2.84968,2.82539,2.84407,108800,0.0,0.0
2003-07-28 00:00:00-04:00,2.84407,2.88611,2.8394,2.86743,15200,0.0,0.0
2003-07-29 00:00:00-04:00,2.88424,2.88424,2.88424,2.88424,5600,0.0,0.0
2003-07-30 00:00:00-04:00,2.88144,2.90479,2.87677,2.88797,12000,0.0,0.0
2003-07-31 00:00:00-04:00,2.92814,2.92907,2.91599,2.91599,18400,0.0,0.0
2003-08-01 00:00:00-04:00,2.94869,2.98885,2.94869,2.95149,39200,0.0,0.0
2003-08-04 00:00:00-04:00,2.95242,3.03275,2.95242,3.01687,40800,0.0,0.0
2003-08-05 00:00:00-04:00,3.01687,3.01687,2.98885,2.99445,115200,0.0,0.0
2003-08-06 00:00:00-04:00,2.99445,2.99445,2.95149,2.97484,35200,0.0,0.0
2003-08-07 00:00:00-04:00,2.98418,2.98418,2.95149,2.95335,43200,0.0,0.0
2003-08-08 00:00:00-04:00,2.95335,2.95335,2.95335,2.95335,0,0.0,0.0
2003-08-11 00:00:00-04:00,2.9655,2.98885,2.94308,2.94308,52000,0.0,0.0
2003-08-12 00:00:00-04:00,2.95989,2.96083,2.94215,2.95709,28800,0.0,0.0
2003-08-13 00:00:00-04:00,2.96456,2.97951,2.96456,2.9655,7200,0.0,0.0
2003-08-14 00:00:00-04:00,2.98885,2.98885,2.98885,2.98885,37600,0.0,0.0
2003-08-15 00:00:00-04:00,2.98885,2.98885,2.98885,2.98885,10400,0.0,0.0
2003-08-18 00:00:00-04:00,2.98791,2.99725,2.98791,2.99725,29600,0.0,0.0
2003-08-19 00:00:00-04:00,2.98978,3.03088,2.98978,3.01687,50400,0.0,0.0
2003-08-20 00:00:00-04:00,2.99352,3.05796,2.99352,3.04022,50400,0.0,0.0
2003-08-21 00:00:00-04:00,2.98885,3.08225,2.98885,3.07291,69600,0.0,0.0
2003-08-22 00:00:00-04:00,3.08225,3.08225,3.07478,3.08225,8000,0.0,0.0
2003-08-25 00:00:00-04:00,3.08225,3.10093,3.07758,3.10093,36800,0.0,0.0
2003-08-26 00:00:00-04:00,3.10373,3.10373,3.03742,3.03742,91200,0.0,0.0
2003-08-27 00:00:00-04:00,3.1316,3.1542,3.09863,3.1542,72800,0.03375,0.0
2003-08-28 00:00:00-04:00,3.1316,3.14102,3.11747,3.14008,15200,0.0,0.0
2003-08-29 00:00:00-04:00,3.1316,3.1316,3.10711,3.1316,23200,0.0,0.0
2003-09-02 00:00:00-04:00,3.11276,3.1316,3.08922,3.10805,13600,0.0,0.0
2003-09-03 00:00:00-04:00,3.10805,3.10805,3.08545,3.10334,33600,0.0,0.0
2003-09-04 00:00:00-04:00,3.10334,3.1316,3.10334,3.12972,16000,0.0,0.0
2003-09-05 00:00:00-04:00,3.12689,3.12689,3.12689,3.12689,10400,0.0,0.0
2003-09-08 00:00:00-04:00,3.13066,3.1316,3.11747,3.12218,23200,0.0,0.0
2003-09-09 00:00:00-04:00,3.11841,3.12595,3.1137,3.1137,37600,0.0,0.0
2003-09-10 00:00:00-04:00,3.09393,3.10805,3.02329,3.05249,31200,0.0,0.0
2003-09-11 00:00:00-04:00,3.07415,3.0798,3.02329,3.06096,11200,0.0,0.0
2003-09-12 00:00:00-04:00,3.08451,3.10334,3.05154,3.06096,39200,0.0,0.0
2003-09-15 00:00:00-04:00,3.06096,3.06096,3.03742,3.06096,48800,0.0,0.0
2003-09-16 00:00:00-04:00,3.06096,3.06096,3.05625,3.06096,17600,0.0,0.0
2003-09-17 00:00:00-04:00,3.06096,3.06096,3.028,3.028,12800,0.0,0.0
2003-09-18 00:00:00-04:00,3.05154,3.05154,3.01387,3.01387,94400,0.0,0.0
2003-09-19 00:00:00-04:00,3.03648,3.03648,2.99974,3.01293,18400,0.0,0.0
2003-09-22 00:00:00-04:00,2.99032,2.99974,2.9762,2.9762,24000,0.0,0.0
2003-09-23 00:00:00-04:00,2.9762,2.97996,2.95265,2.97149,13600,0.0,0.0
2003-09-24 00:00:00-04:00,2.99409,2.99503,2.96678,2.96678,17600,0.0,0.0
2003-09-25 00:00:00-04:00,2.99032,3.01293,2.96678,2.99032,14400,0.0,0.0
2003-09-26 00:00:00-04:00,3.01387,3.01387,2.96678,2.96678,15200,0.0,0.0
2003-09-29 00:00:00-04:00,3.01387,3.01387,2.99032,2.99032,20000,0.0,0.0
2003-09-30 00:00:00-04:00,2.99032,3.02235,2.99032,3.01387,8800,0.0,0.0
2003-10-01 00:00:00-04:00,2.99503,2.9988,2.99503,2.99503,49600,0.0,0.0
2003-10-02 00:00:00-04:00,3.01858,3.02705,3.00445,3.01387,11200,0.0,0.0
2003-10-03 00:00:00-04:00,3.00445,3.05908,3.00445,3.00634,41600,0.0,0.0
2003-10-06 00:00:00-04:00,3.02329,3.04213,3.00445,3.03742,26400,0.0,0.0
2003-10-07 00:00:00-04:00,3.028,3.028,2.99974,2.99974,16000,0.0,0.0
2003-10-08 00:00:00-04:00,2.99974,3.01387,2.99974,3.01387,24800,0.0,0.0
2003-10-09 00:00:00-04:00,3.03742,3.03742,3.03742,3.03742,2400,0.0,0.0
2003-10-10 00:00:00-04:00,3.06002,3.06002,3.01387,3.03648,21600,0.0,0.0
2003-10-13 00:00:00-04:00,3.01481,3.0506,2.96207,3.0506,26400,0.0,0.0
2003-10-14 00:00:00-04:00,3.12218,3.24462,3.07509,3.20224,388800,0.0,0.0
2003-10-15 00:00:00-04:00,3.24556,3.24745,3.20224,3.22578,74400,0.0,0.0
2003-10-16 00:00:00-04:00,3.20224,3.20224,3.1316,3.16456,52000,0.0,0.0
2003-10-17 00:00:00-04:00,3.17681,3.20318,3.13254,3.17869,54400,0.0,0.0
2003-10-20 00:00:00-04:00,3.20224,3.23991,3.20224,3.21636,32000,0.0,0.0
2003-10-21 00:00:00-04:00,3.23991,3.24839,3.17869,3.20224,54400,0.0,0.0
2003-10-22 00:00:00-04:00,3.17869,3.17869,3.15514,3.17398,33600,0.0,0.0
2003-10-23 00:00:00-04:00,3.16456,3.2465,3.16456,3.2465,20000,0.0,0.0
2003-10-24 00:00:00-04:00,3.22578,3.27193,3.16456,3.23991,30400,0.0,0.0
2003-10-27 00:00:00-05:00,3.23991,3.29642,2.99032,3.08451,208800,0.0,0.0
2003-10-28 00:00:00-05:00,3.10805,3.24462,3.10805,3.24462,68800,0.0,0.0
2003-10-29 00:00:00-05:00,3.26346,3.26817,3.20789,3.26817,43200,0.0,0.0
2003-10-30 00:00:00-05:00,3.24933,3.29642,3.24933,3.29642,14400,0.0,0.0
2003-10-31 00:00:00-05:00,3.28794,3.48479,3.25404,3.42828,116800,0.0,0.0
2003-11-03 00:00:00-05:00,3.44711,3.48008,3.36706,3.44711,164000,0.0,0.0
2003-11-04 00:00:00-05:00,3.46595,3.47537,3.38213,3.47537,30400,0.0,0.0
2003-11-05 00:00:00-05:00,3.46407,3.46407,3.34351,3.38119,36800,0.0,0.0
2003-11-06 00:00:00-05:00,3.35764,3.35764,3.33127,3.33127,12000,0.0,0.0
2003-11-07 00:00:00-05:00,3.35293,3.47537,3.35293,3.47537,24000,0.0,0.0
2003-11-10 00:00:00-05:00,3.4829,3.48479,3.46124,3.48479,58400,0.0,0.0
2003-11-11 00:00:00-05:00,3.47537,3.48008,3.40944,3.42828,17600,0.0,0.0
2003-11-12 00:00:00-05:00,3.3388,3.39061,3.3388,3.39061,26400,0.0,0.0
2003-11-13 00:00:00-05:00,3.3906,3.3906,3.37553,3.37648,14400,0.0,0.0
2003-11-14 00:00:00-05:00,3.37177,3.39154,3.36235,3.39154,32000,0.0,0.0
2003-11-17 00:00:00-05:00,3.40944,3.46124,3.40944,3.4377,35200,0.0,0.0
2003-11-18 00:00:00-05:00,3.4603,3.50833,3.4603,3.50362,46400,0.0,0.0
2003-11-19 00:00:00-05:00,3.5413,3.5413,3.36235,3.43299,79200,0.0,0.0
2003-11-20 00:00:00-05:00,3.45182,3.47254,3.45182,3.47254,16000,0.0,0.0
2003-11-21 00:00:00-05:00,3.47819,3.49232,3.47819,3.48479,6400,0.0,0.0
2003-11-24 00:00:00-05:00,3.50833,3.50833,3.46124,3.48479,26400,0.0,0.0
2003-11-25 00:00:00-05:00,3.48479,3.48479,3.46218,3.48384,36000,0.0,0.0
2003-11-26 00:00:00-05:00,3.50946,3.53413,3.48764,3.53413,48000,0.03375,0.0
2003-11-28 00:00:00-05:00,3.55785,3.59959,3.53318,3.56734,29600,0.0,0.0
2003-12-01 00:00:00-05:00,3.70016,3.70016,3.55311,3.55975,97600,0.0,0.0
2003-12-02 00:00:00-05:00,3.58157,3.65272,3.58157,3.64418,102400,0.0,0.0
2003-12-03 00:00:00-05:00,3.65178,3.65272,3.63849,3.64798,30400,0.0,0.0
2003-12-04 00:00:00-05:00,3.65272,3.67075,3.64324,3.64324,68800,0.0,0.0
2003-12-05 00:00:00-05:00,3.66696,3.76658,3.66696,3.71534,78400,0.0,0.0
2003-12-08 00:00:00-05:00,3.73811,3.77132,3.72673,3.77132,27200,0.0,0.0
2003-12-09 00:00:00-05:00,3.77132,3.77132,3.73527,3.73811,60800,0.0,0.0
2003-12-10 00:00:00-05:00,3.73811,3.73811,3.70111,3.70111,33600,0.0,0.0
2003-12-11 00:00:00-05:00,3.71914,3.71914,3.57208,3.68119,46400,0.0,0.0
2003-12-12 00:00:00-05:00,3.69826,3.70016,3.62521,3.63375,36800,0.0,0.0
2003-12-15 00:00:00-05:00,3.63375,3.63375,3.53413,3.60054,59200,0.0,0.0
2003-12-16 00:00:00-05:00,3.65272,3.67644,3.61477,3.66221,28800,0.0,0.0
2003-12-17 00:00:00-05:00,3.63849,3.69921,3.57682,3.67739,48000,0.0,0.0
2003-12-18 00:00:00-05:00,3.65842,3.7476,3.65842,3.71914,62400,0.0,0.0
2003-12-19 00:00:00-05:00,3.73811,3.77132,3.67455,3.69447,30400,0.0,0.0
2003-12-22 00:00:00-05:00,3.68119,3.68119,3.61098,3.61477,20800,0.0,0.0
2003-12-23 00:00:00-05:00,3.5958,3.72293,3.59011,3.72293,25600,0.0,0.0
2003-12-24 00:00:00-05:00,3.72293,3.72293,3.72293,3.72293,0,0.0,0.0
2003-12-26 00:00:00-05:00,3.70111,3.70111,3.60339,3.61477,19200,0.0,0.0
2003-12-29 00:00:00-05:00,3.60528,3.61857,3.59105,3.61857,24800,0.0,0.0
2003-12-30 00:00:00-05:00,3.61477,3.63375,3.61477,3.61952,31200,0.0,0.0
2003-12-31 00:00:00-05:00,3.61477,3.61952,3.61193,3.61952,10400,0.0,0.0
2004-01-02 00:00:00-05:00,3.5958,3.61382,3.58157,3.58157,30400,0.0,0.0
2004-01-05 00:00:00-05:00,3.60529,3.60529,3.57967,3.58631,15200,0.0,0.0
2004-01-06 00:00:00-05:00,3.58536,3.58536,3.53413,3.55595,20000,0.0,0.0
2004-01-07 00:00:00-05:00,3.555,3.56734,3.52559,3.54646,26400,0.0,0.0
2004-01-08 00:00:00-05:00,3.54552,3.54552,3.51705,3.52464,8800,0.0,0.0
2004-01-09 00:00:00-05:00,3.54172,3.54172,3.44874,3.46297,27200,0.0,0.0
2004-01-12 00:00:00-05:00,3.45348,3.46297,3.407,3.42977,18400,0.0,0.0
2004-01-13 00:00:00-05:00,3.41553,3.41553,3.34438,3.3681,72000,0.0,0.0
2004-01-14 00:00:00-05:00,3.36905,3.36999,3.35387,3.35387,31200,0.0,0.0
2004-01-15 00:00:00-05:00,3.32066,3.36145,3.32066,3.33963,33600,0.0,0.0
2004-01-16 00:00:00-05:00,3.34722,3.35861,3.2476,3.35861,60800,0.0,0.0
2004-01-20 00:00:00-05:00,3.33489,3.3681,3.32066,3.3681,22400,0.0,0.0
2004-01-21 00:00:00-05:00,3.34438,3.35766,3.32066,3.33679,14400,0.0,0.0
2004-01-22 00:00:00-05:00,3.35102,3.39561,3.33299,3.39561,127200,0.0,0.0
2004-01-23 00:00:00-05:00,3.41554,3.48574,3.41554,3.46772,23200,0.0,0.0
2004-01-26 00:00:00-05:00,3.48669,3.50567,3.46013,3.4772,12000,0.0,0.0
2004-01-27 00:00:00-05:00,3.45538,3.45823,3.43546,3.44969,9600,0.0,0.0
2004-01-28 00:00:00-05:00,3.44969,3.44969,3.31591,3.31591,25600,0.0,0.0
2004-01-29 00:00:00-05:00,3.2922,3.30168,3.27796,3.27891,27200,0.0,0.0
2004-01-30 00:00:00-05:00,3.25424,3.27322,3.25424,3.27322,11200,0.0,0.0
2004-02-02 00:00:00-05:00,3.27322,3.27322,3.23717,3.25804,19200,0.0,0.0
2004-02-03 00:00:00-05:00,3.25804,3.34438,3.25709,3.33015,36000,0.0,0.0
2004-02-04 00:00:00-05:00,3.31591,3.38897,3.31591,3.38897,13600,0.0,0.0
2004-02-05 00:00:00-05:00,3.48385,3.60434,3.48385,3.56259,105600,0.0,0.0
2004-02-06 00:00:00-05:00,3.54836,3.54836,3.43925,3.43925,31200,0.0,0.0
2004-02-09 00:00:00-05:00,3.41553,3.41553,3.39656,3.39656,12800,0.0,0.0
2004-02-10 00:00:00-05:00,3.41553,3.46297,3.40605,3.46297,44000,0.0,0.0
2004-02-11 00:00:00-05:00,3.48195,3.53413,3.48195,3.50092,38400,0.0,0.0
2004-02-12 00:00:00-05:00,3.50092,3.50282,3.46297,3.48574,32800,0.0,0.0
2004-02-13 00:00:00-05:00,3.4772,3.4772,3.46013,3.46013,8000,0.0,0.0
2004-02-17 00:00:00-05:00,3.48195,3.48669,3.41553,3.45348,53600,0.0,0.0
2004-02-18 00:00:00-05:00,3.4772,3.51041,3.46297,3.51041,41600,0.0,0.0
2004-02-19 00:00:00-05:00,3.51041,3.55785,3.51041,3.55785,40800,0.0,0.0
2004-02-20 00:00:00-05:00,3.53413,3.53413,3.48669,3.48669,5600,0.0,0.0
2004-02-23 00:00:00-05:00,3.51041,3.55785,3.51041,3.52464,58400,0.0,0.0
2004-02-24 00:00:00-05:00,3.50092,3.58157,3.48669,3.53413,19200,0.0,0.0
2004-02-25 00:00:00-05:00,3.51215,3.53604,3.51215,3.53604,4800,0.03375,0.0
2004-02-26 00:00:00-05:00,3.55993,3.55993,3.34968,3.37166,66400,0.0,0.0
2004-02-27 00:00:00-05:00,3.37166,3.4787,3.37166,3.4787,31200,0.0,0.0
2004-03-01 00:00:00-05:00,3.50259,3.51024,3.48348,3.48348,8800,0.0,0.0
2004-03-02 00:00:00-05:00,3.48348,3.48348,3.45959,3.48348,27200,0.0,0.0
2004-03-03 00:00:00-05:00,3.48348,3.51406,3.48348,3.51215,36800,0.0,0.0
2004-03-04 00:00:00-05:00,3.51693,3.60772,3.51693,3.60772,47200,0.0,0.0
2004-03-05 00:00:00-05:00,3.60772,3.63161,3.5886,3.63161,14400,0.0,0.0
2004-03-08 00:00:00-05:00,3.6555,3.6555,3.51215,3.55993,59200,0.0,0.0
2004-03-09 00:00:00-05:00,3.55993,3.60676,3.53604,3.57427,38400,0.0,0.0
2004-03-10 00:00:00-05:00,3.53604,3.55993,3.51406,3.53604,14400,0.0,0.0
2004-03-11 00:00:00-05:00,3.53604,3.55038,3.53126,3.53126,24800,0.0,0.0
2004-03-12 00:00:00-05:00,3.55038,3.55516,3.48921,3.48921,32000,0.0,0.0
2004-03-15 00:00:00-05:00,3.51215,3.58383,3.49304,3.55993,28800,0.0,0.0
2004-03-16 00:00:00-05:00,3.58383,3.65072,3.58383,3.65072,48000,0.0,0.0
2004-03-17 00:00:00-05:00,3.63161,3.6555,3.63161,3.63161,7200,0.0,0.0
2004-03-18 00:00:00-05:00,3.6555,3.6555,3.63161,3.63161,4800,0.0,0.0
2004-03-19 00:00:00-05:00,3.6555,3.67939,3.6555,3.67462,20000,0.0,0.0
2004-03-22 00:00:00-05:00,3.65072,3.67844,3.60772,3.60772,19200,0.0,0.0
2004-03-23 00:00:00-05:00,3.58383,3.60772,3.58383,3.58383,12000,0.0,0.0
2004-03-24 00:00:00-05:00,3.58096,3.58096,3.55993,3.55993,7200,0.0,0.0
2004-03-25 00:00:00-05:00,3.55993,3.63065,3.55993,3.58383,15200,0.0,0.0
2004-03-26 00:00:00-05:00,3.57427,3.60772,3.57427,3.5886,6400,0.0,0.0
2004-03-29 00:00:00-05:00,3.60772,3.60772,3.55993,3.55993,16000,0.0,0.0
2004-03-30 00:00:00-05:00,3.60772,3.60772,3.57044,3.60772,20000,0.0,0.0
2004-03-31 00:00:00-05:00,3.58383,3.5886,3.55993,3.55993,24800,0.0,0.0
2004-04-01 00:00:00-05:00,3.55993,3.64595,3.55993,3.64595,44000,0.0,0.0
2004-04-02 00:00:00-05:00,3.65359,3.71093,3.62205,3.70997,49600,0.0,0.0
2004-04-05 00:00:00-04:00,3.68895,3.79885,3.67939,3.79885,49600,0.0,0.0
2004-04-06 00:00:00-04:00,3.72718,3.79408,3.72718,3.79408,83200,0.0,0.0
2004-04-07 00:00:00-04:00,3.70806,3.70806,3.68417,3.70806,36000,0.0,0.0
2004-04-08 00:00:00-04:00,3.70329,3.70329,3.66028,3.68895,4000,0.0,0.0
2004-04-12 00:00:00-04:00,3.66984,3.78547,3.66984,3.75776,40000,0.0,0.0
2004-04-13 00:00:00-04:00,3.75298,3.81319,3.74151,3.78452,32800,0.0,0.0
2004-04-14 00:00:00-04:00,3.76541,3.84664,3.63161,3.78452,106400,0.0,0.0
2004-04-15 00:00:00-04:00,3.80841,3.80841,3.76541,3.76541,6400,0.0,0.0
2004-04-16 00:00:00-04:00,3.74629,3.76541,3.74629,3.76541,32000,0.0,0.0
2004-04-19 00:00:00-04:00,4.30155,4.44394,4.15724,4.29104,432800,0.0,0.0
2004-04-20 00:00:00-04:00,4.34837,4.34837,4.22318,4.25758,184000,0.0,0.0
2004-04-21 00:00:00-04:00,4.25759,4.2767,4.08078,4.13335,94400,0.0,0.0
2004-04-22 00:00:00-04:00,4.10945,4.1429,4.06167,4.08556,70400,0.0,0.0
2004-04-23 00:00:00-04:00,4.10945,4.13335,4.10945,4.10945,22400,0.0,0.0
2004-04-26 00:00:00-04:00,4.13334,4.13334,4.10467,4.10467,23200,0.0,0.0
2004-04-27 00:00:00-04:00,4.08556,4.18113,4.08556,4.14673,40000,0.0,0.0
2004-04-28 00:00:00-04:00,4.14768,4.20502,4.1429,4.15724,21600,0.0,0.0
2004-04-29 00:00:00-04:00,4.13334,4.13334,3.98999,3.98999,17600,0.0,0.0
2004-04-30 00:00:00-04:00,3.9661,3.98044,3.96515,3.97088,35200,0.0,0.0
2004-05-03 00:00:00-04:00,3.98999,4.02822,3.98999,4.02822,17600,0.0,0.0
2004-05-04 00:00:00-04:00,4.05211,4.06167,4.033,4.05402,28000,0.0,0.0
2004-05-05 00:00:00-04:00,4.07123,4.10945,4.07123,4.10945,12000,0.0,0.0
2004-05-06 00:00:00-04:00,4.10945,4.10945,4.06644,4.10467,15200,0.0,0.0
2004-05-07 00:00:00-04:00,4.09034,4.10468,4.08174,4.09034,14400,0.0,0.0
2004-05-10 00:00:00-04:00,4.09034,4.15724,4.08556,4.15724,25600,0.0,0.0
2004-05-11 00:00:00-04:00,4.13812,4.13812,4.11423,4.11423,11200,0.0,0.0
2004-05-12 00:00:00-04:00,4.13812,4.16679,4.12379,4.12379,20800,0.0,0.0
2004-05-13 00:00:00-04:00,4.10945,4.10945,4.08556,4.10945,19200,0.0,0.0
2004-05-14 00:00:00-04:00,4.13334,4.13334,4.08556,4.08556,42400,0.0,0.0
2004-05-17 00:00:00-04:00,4.0999,4.12379,4.09512,4.12379,20800,0.0,0.0
2004-05-18 00:00:00-04:00,4.10946,4.11423,4.08078,4.08078,16000,0.0,0.0
2004-05-19 00:00:00-04:00,4.09989,4.12379,4.08556,4.08556,19200,0.0,0.0
2004-05-20 00:00:00-04:00,4.08556,4.08556,4.04924,4.04924,39200,0.0,0.0
2004-05-21 00:00:00-04:00,4.02822,4.03682,3.97088,3.99955,45600,0.0,0.0
2004-05-24 00:00:00-04:00,4.00911,4.03013,3.99955,4.02344,36000,0.0,0.0
2004-05-25 00:00:00-04:00,4.00433,4.00433,3.97566,3.99955,12000,0.0,0.0
2004-05-26 00:00:00-04:00,3.99477,4.01866,3.97566,3.98521,16000,0.0,0.0
2004-05-27 00:00:00-04:00,3.99676,4.04005,3.99676,4.04005,16000,0.03375,0.0
2004-05-28 00:00:00-04:00,4.05928,4.05928,4.04197,4.04197,12000,0.0,0.0
2004-06-01 00:00:00-04:00,4.04966,4.11026,4.04004,4.11026,12800,0.0,0.0
2004-06-02 00:00:00-04:00,4.09872,4.09872,4.016,4.016,35200,0.0,0.0
2004-06-03 00:00:00-04:00,4.01215,4.08718,3.95828,4.07852,68800,0.0,0.0
2004-06-04 00:00:00-04:00,4.09776,4.11123,4.04485,4.06986,36800,0.0,0.0
2004-06-07 00:00:00-04:00,4.08814,4.08814,4.04485,4.08333,10400,0.0,0.0
2004-06-08 00:00:00-04:00,4.10545,4.14104,4.09295,4.14104,46400,0.0,0.0
2004-06-09 00:00:00-04:00,4.15547,4.15547,4.1218,4.12661,13600,0.0,0.0
2004-06-10 00:00:00-04:00,4.11411,4.1699,4.11411,4.1699,9600,0.0,0.0
2004-06-14 00:00:00-04:00,4.19395,4.19395,4.11892,4.11892,16800,0.0,0.0
2004-06-15 00:00:00-04:00,4.09776,4.10257,4.08333,4.08814,23200,0.0,0.0
2004-06-16 00:00:00-04:00,4.10737,4.13623,4.09006,4.11218,13600,0.0,0.0
2004-06-17 00:00:00-04:00,4.13623,4.20164,4.13623,4.20164,14400,0.0,0.0
2004-06-18 00:00:00-04:00,4.19107,4.21319,4.15547,4.15547,26400,0.0,0.0
2004-06-21 00:00:00-04:00,4.17952,4.37094,4.17952,4.32862,60800,0.0,0.0
2004-06-22 00:00:00-04:00,4.34305,4.34786,4.31611,4.32381,15200,0.0,0.0
2004-06-23 00:00:00-04:00,4.3113,4.31226,4.30457,4.30457,28800,0.0,0.0
2004-06-24 00:00:00-04:00,4.28052,4.29976,4.23724,4.2507,18400,0.0,0.0
2004-06-25 00:00:00-04:00,4.23242,4.27956,4.20838,4.22761,40000,0.0,0.0
2004-06-28 00:00:00-04:00,4.22761,4.22761,4.1699,4.20164,12800,0.0,0.0
2004-06-29 00:00:00-04:00,4.22281,4.25551,4.20357,4.23242,36000,0.0,0.0
2004-06-30 00:00:00-04:00,4.25166,4.25647,4.23724,4.25647,14400,0.0,0.0
2004-07-01 00:00:00-04:00,4.25647,4.30457,4.25647,4.28052,20000,0.0,0.0
2004-07-02 00:00:00-04:00,4.32669,4.32862,4.30457,4.30457,16800,0.0,0.0
2004-07-06 00:00:00-04:00,4.32381,4.32381,4.25647,4.25647,24000,0.0,0.0
2004-07-07 00:00:00-04:00,4.23242,4.25647,4.22761,4.22761,22400,0.0,0.0
2004-07-08 00:00:00-04:00,4.22761,4.24685,4.22761,4.22761,20800,0.0,0.0
2004-07-09 00:00:00-04:00,4.22762,4.22762,4.21319,4.22281,15200,0.0,0.0
2004-07-12 00:00:00-04:00,4.19395,4.19395,4.15547,4.15547,8800,0.0,0.0
2004-07-13 00:00:00-04:00,4.15547,4.15547,4.15547,4.15547,0,0.0,0.0
2004-07-14 00:00:00-04:00,4.15547,4.18433,4.11219,4.13624,28000,0.0,0.0
2004-07-15 00:00:00-04:00,4.11219,4.15066,4.11219,4.13624,11200,0.0,0.0
2004-07-16 00:00:00-04:00,4.23243,4.32188,4.18433,4.23723,175200,0.0,0.0
2004-07-19 00:00:00-04:00,4.24204,4.24204,4.13623,4.17471,26400,0.0,0.0
2004-07-20 00:00:00-04:00,4.17471,4.17471,4.11219,4.15066,35200,0.0,0.0
2004-07-21 00:00:00-04:00,4.17471,4.19876,4.13624,4.15547,26400,0.0,0.0
2004-07-22 00:00:00-04:00,4.13623,4.15739,4.13623,4.15739,3200,0.0,0.0
2004-07-23 00:00:00-04:00,4.15739,4.15739,4.15739,4.15739,0,0.0,0.0
2004-07-26 00:00:00-04:00,4.1372,4.1372,4.13624,4.13624,19200,0.0,0.0
2004-07-27 00:00:00-04:00,4.14297,4.16509,4.14297,4.15066,3200,0.0,0.0
2004-07-28 00:00:00-04:00,4.17471,4.17759,4.16028,4.17759,24000,0.0,0.0
2004-07-29 00:00:00-04:00,4.15547,4.23242,4.06409,4.23242,25600,0.0,0.0
2004-07-30 00:00:00-04:00,4.23242,4.30457,4.21319,4.30457,8800,0.0,0.0
2004-08-02 00:00:00-04:00,4.29014,4.29014,4.24205,4.26609,15200,0.0,0.0
2004-08-03 00:00:00-04:00,4.29014,4.29014,4.29014,4.29014,1600,0.0,0.0
2004-08-04 00:00:00-04:00,4.29014,4.37671,4.29014,4.30457,26400,0.0,0.0
2004-08-05 00:00:00-04:00,4.29014,4.30938,4.28052,4.28052,13600,0.0,0.0
2004-08-06 00:00:00-04:00,4.25647,4.30457,4.25647,4.28052,5600,0.0,0.0
2004-08-09 00:00:00-04:00,4.25647,4.28052,4.25166,4.28052,7200,0.0,0.0
2004-08-10 00:00:00-04:00,4.30457,4.32862,4.28052,4.30457,23200,0.0,0.0
2004-08-11 00:00:00-04:00,4.32862,4.32862,4.30457,4.32862,9600,0.0,0.0
2004-08-12 00:00:00-04:00,4.30457,4.32862,4.29495,4.31419,12000,0.0,0.0
2004-08-13 00:00:00-04:00,4.33824,4.35266,4.31419,4.32862,16800,0.0,0.0
2004-08-16 00:00:00-04:00,4.34305,4.34401,4.30938,4.31034,13600,0.0,0.0
2004-08-17 00:00:00-04:00,4.32766,4.35266,4.30457,4.32862,35200,0.0,0.0
2004-08-18 00:00:00-04:00,4.30457,4.32381,4.29014,4.32381,5600,0.0,0.0
2004-08-19 00:00:00-04:00,4.32381,4.32862,4.32285,4.32862,5600,0.0,0.0
2004-08-20 00:00:00-04:00,4.32862,4.32862,4.32862,4.32862,4800,0.0,0.0
2004-08-23 00:00:00-04:00,4.31419,4.31419,4.28052,4.28052,8000,0.0,0.0
2004-08-24 00:00:00-04:00,4.28052,4.28052,4.22762,4.24205,43200,0.0,0.0
2004-08-25 00:00:00-04:00,4.22762,4.23242,4.218,4.23242,10400,0.0,0.0
2004-08-26 00:00:00-04:00,4.23243,4.25551,4.21319,4.218,13600,0.0,0.0
2004-08-27 00:00:00-04:00,4.19395,4.27571,4.1699,4.25647,24000,0.0,0.0
2004-08-30 00:00:00-04:00,4.25938,4.26422,4.24486,4.26422,8000,0.035,0.0
2004-08-31 00:00:00-04:00,4.24002,4.25454,4.21582,4.21582,10400,0.0,0.0
2004-09-01 00:00:00-04:00,4.23517,4.23517,4.19161,4.21097,59200,0.0,0.0
2004-09-02 00:00:00-04:00,4.23324,4.25938,4.20614,4.24002,12800,0.0,0.0
2004-09-03 00:00:00-04:00,4.24002,4.24002,4.22066,4.22066,10400,0.0,0.0
2004-09-07 00:00:00-04:00,4.2013,4.28358,4.2013,4.26906,10400,0.0,0.0
2004-09-08 00:00:00-04:00,4.2981,4.32714,4.25938,4.30778,21600,0.0,0.0
2004-09-09 00:00:00-04:00,4.29326,4.30584,4.28358,4.2981,4800,0.0,0.0
2004-09-10 00:00:00-04:00,4.27874,4.29326,4.2739,4.27874,8000,0.0,0.0
2004-09-13 00:00:00-04:00,4.30778,4.33198,4.30778,4.31746,8000,0.0,0.0
2004-09-14 00:00:00-04:00,4.2981,4.2981,4.26422,4.27874,18400,0.0,0.0
2004-09-15 00:00:00-04:00,4.29132,4.33198,4.27874,4.33198,24800,0.0,0.0
2004-09-16 00:00:00-04:00,4.34166,4.35618,4.34166,4.35618,13600,0.0,0.0
2004-09-17 00:00:00-04:00,4.33198,4.35618,4.33198,4.34166,12000,0.0,0.0
2004-09-20 00:00:00-04:00,4.31746,4.32714,4.2981,4.32714,9600,0.0,0.0
2004-09-21 00:00:00-04:00,4.28358,4.30681,4.28358,4.30681,4800,0.0,0.0
2004-09-22 00:00:00-04:00,4.29326,4.29326,4.29326,4.29326,800,0.0,0.0
2004-09-23 00:00:00-04:00,4.29132,4.30778,4.29132,4.30778,4000,0.0,0.0
2004-09-24 00:00:00-04:00,4.28358,4.28358,4.26906,4.26906,5600,0.0,0.0
2004-09-27 00:00:00-04:00,4.26422,4.30778,4.26422,4.28358,28800,0.0,0.0
2004-09-28 00:00:00-04:00,4.30778,4.38038,4.30778,4.38038,26400,0.0,0.0
2004-09-29 00:00:00-04:00,4.38038,4.39974,4.37554,4.39974,20000,0.0,0.0
2004-09-30 00:00:00-04:00,4.42395,4.42395,4.39006,4.41911,32000,0.0,0.0
2004-10-01 00:00:00-04:00,4.4191,4.45298,4.4191,4.45298,26400,0.0,0.0
2004-10-04 00:00:00-04:00,4.47235,4.50139,4.35618,4.43847,32000,0.0,0.0
2004-10-05 00:00:00-04:00,4.41911,4.43847,4.39006,4.43847,13600,0.0,0.0
2004-10-06 00:00:00-04:00,4.45299,4.57399,4.45299,4.56915,27200,0.0,0.0
2004-10-07 00:00:00-04:00,4.54979,4.54979,4.52559,4.52559,4000,0.0,0.0
2004-10-08 00:00:00-04:00,4.54979,4.57399,4.50139,4.54979,16800,0.0,0.0
2004-10-11 00:00:00-04:00,4.56915,4.6708,4.56915,4.64659,23200,0.0,0.0
2004-10-12 00:00:00-04:00,4.67079,4.67079,4.67079,4.67079,3200,0.0,0.0
2004-10-13 00:00:00-04:00,4.64659,4.64659,4.57109,4.62239,15200,0.0,0.0
2004-10-14 00:00:00-04:00,4.70952,4.7434,4.61659,4.64659,68800,0.0,0.0
2004-10-15 00:00:00-04:00,4.63691,4.63691,4.60787,4.60787,22400,0.0,0.0
2004-10-18 00:00:00-04:00,4.58851,4.62723,4.58851,4.61755,52000,0.0,0.0
2004-10-19 00:00:00-04:00,4.62239,4.64563,4.59819,4.63691,28800,0.0,0.0
2004-10-20 00:00:00-04:00,4.64659,4.64659,4.62046,4.64563,19200,0.0,0.0
2004-10-21 00:00:00-04:00,4.64563,4.7192,4.64563,4.65144,31200,0.0,0.0
2004-10-22 00:00:00-04:00,4.67563,4.816,4.67563,4.80535,92800,0.0,0.0
2004-10-25 00:00:00-04:00,4.82472,4.90022,4.79761,4.87989,56000,0.0,0.0
2004-10-26 00:00:00-04:00,4.87989,5.07253,4.87989,5.05801,88000,0.0,0.0
2004-10-27 00:00:00-04:00,5.13062,5.13062,4.90216,5.02413,63200,0.0,0.0
2004-10-28 00:00:00-04:00,5.04833,5.05317,4.87892,4.87892,28000,0.0,0.0
2004-10-29 00:00:00-04:00,4.85472,4.85472,4.70952,4.7434,74400,0.0,0.0
2004-11-01 00:00:00-05:00,4.71436,4.75792,4.69596,4.70468,36000,0.0,0.0
2004-11-02 00:00:00-05:00,4.68532,4.68532,4.60303,4.64659,31200,0.0,0.0
2004-11-03 00:00:00-05:00,4.83924,4.83924,4.695,4.75308,87200,0.0,0.0
2004-11-04 00:00:00-05:00,4.7463,4.76276,4.60787,4.60787,59200,0.0,0.0
2004-11-05 00:00:00-05:00,4.58851,4.58851,4.47041,4.55076,61600,0.0,0.0
2004-11-08 00:00:00-05:00,4.55947,4.62239,4.44524,4.54495,50400,0.0,0.0
2004-11-09 00:00:00-05:00,4.52075,4.52075,4.44815,4.51688,26400,0.0,0.0
2004-11-10 00:00:00-05:00,4.50139,4.50139,4.38039,4.42976,44800,0.0,0.0
2004-11-11 00:00:00-05:00,4.42879,4.52559,4.42879,4.52559,53600,0.0,0.0
2004-11-12 00:00:00-05:00,4.70952,4.83052,4.64756,4.79664,155200,0.0,0.0
2004-11-15 00:00:00-05:00,4.8644,5.33874,4.8644,5.24097,261600,0.0,0.0
2004-11-16 00:00:00-05:00,5.32422,5.32422,5.09673,5.25162,108800,0.0,0.0
2004-11-17 00:00:00-05:00,5.25162,5.34842,5.25162,5.34746,158400,0.0,0.0
2004-11-18 00:00:00-05:00,5.33874,5.37746,5.32519,5.3581,23200,0.0,0.0
2004-11-19 00:00:00-05:00,5.34842,5.35326,5.30002,5.34842,52800,0.0,0.0
2004-11-22 00:00:00-05:00,5.34842,5.49363,5.32422,5.48879,108800,0.0,0.0
2004-11-23 00:00:00-05:00,5.48879,5.6098,5.37263,5.37263,124800,0.0,0.0
2004-11-24 00:00:00-05:00,5.39682,5.47427,5.34358,5.44523,48000,0.0,0.0
2004-11-26 00:00:00-05:00,5.51783,5.52267,5.45878,5.50621,98400,0.0,0.0
2004-11-29 00:00:00-05:00,5.48292,5.546,5.48292,5.546,29600,0.0175,0.0
2004-11-30 00:00:00-05:00,5.56541,5.59549,5.52853,5.54697,44000,0.0,0.0
2004-12-01 00:00:00-05:00,5.56444,5.65275,5.53145,5.53145,109600,0.0,0.0
2004-12-02 00:00:00-05:00,5.54697,5.54697,5.4344,5.4344,38400,0.0,0.0
2004-12-03 00:00:00-05:00,5.4344,5.70515,5.4344,5.62849,57600,0.0,0.0
2004-12-06 00:00:00-05:00,5.6479,5.67701,5.50719,5.53145,48800,0.0,0.0
2004-12-07 00:00:00-05:00,5.50718,5.50718,5.28884,5.28884,62400,0.0,0.0
2004-12-08 00:00:00-05:00,5.30339,5.46837,5.30339,5.46837,57600,0.0,0.0
2004-12-09 00:00:00-05:00,5.44411,5.44411,5.28884,5.36162,56800,0.0,0.0
2004-12-10 00:00:00-05:00,5.33736,5.53144,5.31407,5.50718,45600,0.0,0.0
2004-12-13 00:00:00-05:00,5.53145,5.71,5.31407,5.53145,90000,0.0,2.0
2004-12-14 00:00:00-05:00,5.57997,5.74494,5.4344,5.50233,57600,0.0,0.0
2004-12-15 00:00:00-05:00,5.53144,5.53144,5.43634,5.48292,50800,0.0,0.0
2004-12-16 00:00:00-05:00,5.43829,5.71389,5.28884,5.67119,52000,0.0,0.0
2004-12-17 00:00:00-05:00,5.6479,5.6479,5.44605,5.62849,45200,0.0,0.0
2004-12-20 00:00:00-05:00,5.72553,5.72553,5.62849,5.69642,16400,0.0,0.0
2004-12-21 00:00:00-05:00,5.72553,5.82451,5.67701,5.77405,22400,0.0,0.0
2004-12-22 00:00:00-05:00,5.91961,6.2088,5.90021,5.93902,70000,0.0,0.0
2004-12-23 00:00:00-05:00,5.95843,6.01666,5.93903,5.96426,17200,0.0,0.0
2004-12-27 00:00:00-05:00,6.01666,6.06518,5.96814,6.0613,69600,0.0,0.0
2004-12-28 00:00:00-05:00,6.03607,6.03607,5.78764,5.81481,43600,0.0,0.0
2004-12-29 00:00:00-05:00,5.81481,5.86139,5.81481,5.83034,12400,0.0,0.0
2004-12-30 00:00:00-05:00,5.84586,5.90021,5.82257,5.82646,22800,0.0,0.0
2004-12-31 00:00:00-05:00,5.83228,5.86527,5.81287,5.81481,2000,0.0,0.0
2005-01-03 00:00:00-05:00,5.81287,5.91962,5.76435,5.84198,26800,0.0,0.0
2005-01-04 00:00:00-05:00,5.82258,5.82258,5.24226,5.24226,112800,0.0,0.0
2005-01-05 00:00:00-05:00,5.2112,5.28884,5.14327,5.25973,27200,0.0,0.0
2005-01-06 00:00:00-05:00,5.26943,5.38394,5.2015,5.2015,62400,0.0,0.0
2005-01-07 00:00:00-05:00,5.24226,5.48098,5.24226,5.39753,31600,0.0,0.0
2005-01-10 00:00:00-05:00,5.39752,5.62461,5.39752,5.6052,51600,0.0,0.0
2005-01-11 00:00:00-05:00,5.62461,5.62849,5.43634,5.49263,29600,0.0,0.0
2005-01-12 00:00:00-05:00,5.49263,5.49263,5.38588,5.48292,12800,0.0,0.0
2005-01-13 00:00:00-05:00,5.44411,5.57997,5.25002,5.28884,28400,0.0,0.0
2005-01-14 00:00:00-05:00,5.28884,5.4344,5.25002,5.4344,16800,0.0,0.0
2005-01-18 00:00:00-05:00,5.46351,5.48292,5.45963,5.48292,14800,0.0,0.0
2005-01-19 00:00:00-05:00,5.44411,5.47322,5.30825,5.4344,41200,0.0,0.0
2005-01-20 00:00:00-05:00,5.47322,5.48098,5.4344,5.44411,10800,0.0,0.0
2005-01-21 00:00:00-05:00,5.48292,5.48292,5.42082,5.44411,15600,0.0,0.0
2005-01-24 00:00:00-05:00,5.39558,5.48098,5.36647,5.41499,44000,0.0,0.0
2005-01-25 00:00:00-05:00,5.37618,5.57803,5.34706,5.57803,68000,0.0,0.0
2005-01-26 00:00:00-05:00,5.62655,5.62849,5.60908,5.60908,11600,0.0,0.0
2005-01-27 00:00:00-05:00,5.60908,5.62849,5.51204,5.53145,14800,0.0,0.0
2005-01-28 00:00:00-05:00,5.57997,5.6673,5.57997,5.60714,20400,0.0,0.0
2005-01-31 00:00:00-05:00,5.67701,5.82257,5.67701,5.77987,46000,0.0,0.0
2005-02-01 00:00:00-05:00,6.01666,6.01666,5.8711,6.01666,93600,0.0,0.0
2005-02-02 00:00:00-05:00,6.06518,6.15252,6.01666,6.01666,66400,0.0,0.0
2005-02-03 00:00:00-05:00,6.01666,6.25927,6.01666,6.1991,55200,0.0,0.0
2005-02-04 00:00:00-05:00,5.82257,5.82257,5.37618,5.46157,262400,0.0,0.0
2005-02-07 00:00:00-05:00,5.46351,5.52756,5.4344,5.48292,61200,0.0,0.0
2005-02-08 00:00:00-05:00,5.48292,5.48292,5.35677,5.4344,70000,0.0,0.0
2005-02-09 00:00:00-05:00,5.40529,5.57803,5.40529,5.53145,61600,0.0,0.0
2005-02-10 00:00:00-05:00,5.54115,5.54115,5.415,5.43634,37600,0.0,0.0
2005-02-11 00:00:00-05:00,5.43634,5.59938,5.43634,5.59938,33200,0.0,0.0
2005-02-14 00:00:00-05:00,5.61878,5.61878,5.53339,5.57997,12000,0.0,0.0
2005-02-15 00:00:00-05:00,5.56056,5.56056,5.44411,5.47128,34400,0.0,0.0
2005-02-16 00:00:00-05:00,5.47128,5.47322,5.43828,5.45575,32400,0.0,0.0
2005-02-17 00:00:00-05:00,5.45381,5.51204,5.45381,5.47322,28800,0.0,0.0
2005-02-18 00:00:00-05:00,5.45381,5.4674,5.45381,5.45381,21200,0.0,0.0
2005-02-22 00:00:00-05:00,5.47322,5.47322,5.44411,5.44605,17600,0.0,0.0
2005-02-23 00:00:00-05:00,5.44411,5.48681,5.44411,5.48681,11200,0.0,0.0
2005-02-24 00:00:00-05:00,5.48095,5.58628,5.48095,5.56873,26800,0.035,0.0
2005-02-25 00:00:00-05:00,5.54922,5.59799,5.54922,5.56873,26000,0.0,0.0
2005-02-28 00:00:00-05:00,5.53947,5.54922,5.4907,5.52581,31600,0.0,0.0
2005-03-01 00:00:00-05:00,5.51996,5.61749,5.51996,5.61359,30400,0.0,0.0
2005-03-02 00:00:00-05:00,5.61359,5.73452,5.61359,5.73452,30400,0.0,0.0
2005-03-03 00:00:00-05:00,5.73452,5.78329,5.73452,5.78329,31200,0.0,0.0
2005-03-04 00:00:00-05:00,5.78328,5.89056,5.78328,5.89056,32800,0.0,0.0
2005-03-07 00:00:00-05:00,5.90031,5.90031,5.83205,5.88276,41600,0.0,0.0
2005-03-08 00:00:00-05:00,5.88276,5.88276,5.79499,5.8223,25200,0.0,0.0
2005-03-09 00:00:00-05:00,5.81254,5.8223,5.79304,5.79304,15600,0.0,0.0
2005-03-10 00:00:00-05:00,5.79304,5.79304,5.78329,5.79304,11200,0.0,0.0
2005-03-11 00:00:00-05:00,5.79304,5.79694,5.74428,5.77353,20400,0.0,0.0
2005-03-14 00:00:00-05:00,5.78133,5.88471,5.78133,5.88081,71200,0.0,0.0
2005-03-15 00:00:00-05:00,5.8418,5.8418,5.74428,5.79304,52800,0.0,0.0
2005-03-16 00:00:00-05:00,5.77353,5.77353,5.53947,5.54142,60000,0.0,0.0
2005-03-17 00:00:00-05:00,5.53947,5.53947,5.49071,5.49071,13600,0.0,0.0
2005-03-18 00:00:00-05:00,5.48095,5.49851,5.46145,5.46145,89200,0.0,0.0
2005-03-21 00:00:00-05:00,5.48095,5.55897,5.44194,5.55897,60800,0.0,0.0
2005-03-22 00:00:00-05:00,5.52972,5.52972,5.45169,5.46145,74000,0.0,0.0
2005-03-23 00:00:00-05:00,5.4517,5.4517,5.34442,5.35417,64800,0.0,0.0
2005-03-24 00:00:00-05:00,5.34442,5.34442,5.23714,5.25664,61600,0.0,0.0
2005-03-28 00:00:00-05:00,5.23714,5.23714,5.16887,5.19813,53600,0.0,0.0
2005-03-29 00:00:00-05:00,5.18838,5.19813,5.15912,5.15912,16400,0.0,0.0
2005-03-30 00:00:00-05:00,5.16887,5.18838,5.15912,5.16887,62000,0.0,0.0
2005-03-31 00:00:00-05:00,5.16887,5.20788,5.15912,5.16887,52400,0.0,0.0
2005-04-01 00:00:00-05:00,5.18838,5.20008,5.17862,5.19813,19600,0.0,0.0
2005-04-04 00:00:00-04:00,5.17863,5.25665,5.17863,5.24689,27200,0.0,0.0
2005-04-05 00:00:00-04:00,5.25665,5.2664,5.15912,5.15912,14000,0.0,0.0
2005-04-06 00:00:00-04:00,5.15912,5.15912,5.09475,5.09475,24800,0.0,0.0
2005-04-07 00:00:00-04:00,5.11036,5.15717,5.09475,5.15717,23200,0.0,0.0
2005-04-08 00:00:00-04:00,5.16887,5.19813,5.16887,5.19813,8800,0.0,0.0
2005-04-11 00:00:00-04:00,5.19813,5.19813,5.15912,5.17082,41600,0.0,0.0
2005-04-12 00:00:00-04:00,5.16887,5.27615,5.16887,5.25664,33200,0.0,0.0
2005-04-13 00:00:00-04:00,5.26639,5.2859,5.26249,5.26249,20400,0.0,0.0
2005-04-14 00:00:00-04:00,5.2664,5.2664,5.23714,5.24689,16400,0.0,0.0
2005-04-15 00:00:00-04:00,5.25665,5.29566,5.20788,5.21764,28400,0.0,0.0
2005-04-18 00:00:00-04:00,5.51021,5.77353,5.51021,5.61749,240400,0.0,0.0
2005-04-19 00:00:00-04:00,5.55898,5.91982,5.55898,5.90422,95200,0.0,0.0
2005-04-20 00:00:00-04:00,5.91982,6.14413,5.91007,6.09146,75600,0.0,0.0
2005-04-21 00:00:00-04:00,6.09537,6.2124,5.81254,5.8613,142800,0.0,0.0
2005-04-22 00:00:00-04:00,5.88081,6.03685,5.88081,6.03685,130000,0.0,0.0
2005-04-25 00:00:00-04:00,6.04661,6.19289,6.04661,6.18119,63200,0.0,0.0
2005-04-26 00:00:00-04:00,6.18704,6.63176,6.14413,6.55374,184400,0.0,0.0
2005-04-27 00:00:00-04:00,6.57324,6.583,6.49522,6.55374,105600,0.0,0.0
2005-04-28 00:00:00-04:00,6.56349,6.69028,6.56349,6.66102,63600,0.0,0.0
2005-04-29 00:00:00-04:00,6.70978,6.72929,6.56349,6.62201,97200,0.0,0.0
2005-05-02 00:00:00-04:00,6.65126,6.69027,6.65126,6.69027,57600,0.0,0.0
2005-05-03 00:00:00-04:00,6.69028,6.7956,6.69028,6.7683,88800,0.0,0.0
2005-05-04 00:00:00-04:00,6.79755,6.79755,6.70198,6.7683,56000,0.0,0.0
2005-05-05 00:00:00-04:00,6.7878,6.96334,6.74879,6.92433,48800,0.0,0.0
2005-05-06 00:00:00-04:00,7.16815,7.16815,6.96335,7.14865,164400,0.0,0.0
2005-05-09 00:00:00-04:00,7.15645,7.40807,7.09988,7.35345,207200,0.0,0.0
2005-05-10 00:00:00-04:00,7.31444,7.37296,7.27543,7.30469,100400,0.0,0.0
2005-05-11 00:00:00-04:00,7.31444,7.39246,7.31444,7.33785,72000,0.0,0.0
2005-05-12 00:00:00-04:00,7.33785,7.36126,7.29494,7.33395,95600,0.0,0.0
2005-05-13 00:00:00-04:00,7.3437,7.3437,6.92043,6.92043,107600,0.0,0.0
2005-05-16 00:00:00-04:00,6.96335,7.19741,6.96335,7.19741,56400,0.0,0.0
2005-05-17 00:00:00-04:00,7.16815,7.31444,7.16815,7.30859,62400,0.0,0.0
2005-05-18 00:00:00-04:00,7.30859,7.44122,7.29493,7.41197,94400,0.0,0.0
2005-05-19 00:00:00-04:00,7.43147,7.6948,7.42172,7.6948,144000,0.0,0.0
2005-05-20 00:00:00-04:00,7.69479,7.76306,7.66553,7.7533,119600,0.0,0.0
2005-05-23 00:00:00-04:00,7.75331,8.00687,7.68504,7.86059,272400,0.0,0.0
2005-05-24 00:00:00-04:00,7.88009,7.93861,7.80012,7.80207,135600,0.0,0.0
2005-05-25 00:00:00-04:00,7.50949,7.60702,7.3437,7.58751,171600,0.0,0.0
2005-05-26 00:00:00-04:00,7.53875,7.94836,7.53875,7.94836,156000,0.0,0.0
2005-05-27 00:00:00-04:00,7.99533,8.02469,7.63324,7.69196,118000,0.035,0.0
2005-05-31 00:00:00-04:00,7.68218,7.68218,7.11653,7.36314,183600,0.0,0.0
2005-06-01 00:00:00-04:00,7.3788,7.3788,7.16742,7.3377,86400,0.0,0.0
2005-06-02 00:00:00-04:00,7.35923,7.61367,7.35923,7.60388,113600,0.0,0.0
2005-06-03 00:00:00-04:00,7.65281,7.72523,7.64499,7.71153,58000,0.0,0.0
2005-06-06 00:00:00-04:00,7.92683,7.97576,7.81918,7.88377,89200,0.0,0.0
2005-06-07 00:00:00-04:00,7.89747,8.1617,7.89747,8.05405,190400,0.0,0.0
2005-06-08 00:00:00-04:00,8.05993,8.06384,7.91705,7.919,83200,0.0,0.0
2005-06-09 00:00:00-04:00,7.94641,7.98555,7.82897,7.919,57600,0.0,0.0
2005-06-10 00:00:00-04:00,7.94641,8.02274,7.91705,7.919,38400,0.0,0.0
2005-06-13 00:00:00-04:00,7.92683,8.05405,7.89747,7.92683,101600,0.0,0.0
2005-06-14 00:00:00-04:00,7.9464,8.05405,7.87594,8.02469,69600,0.0,0.0
2005-06-15 00:00:00-04:00,8.04426,8.06579,7.91704,8.02273,40800,0.0,0.0
2005-06-16 00:00:00-04:00,8.03448,8.10102,7.99533,8.04231,83200,0.0,0.0
2005-06-17 00:00:00-04:00,8.05405,8.09319,8.00512,8.06775,83200,0.0,0.0
2005-06-20 00:00:00-04:00,8.06384,8.12451,8.01491,8.11277,84000,0.0,0.0
2005-06-21 00:00:00-04:00,8.12647,8.148,8.1069,8.14213,106000,0.0,0.0
2005-06-22 00:00:00-04:00,8.14213,8.19497,8.13625,8.18127,121200,0.0,0.0
2005-06-23 00:00:00-04:00,8.21063,8.21063,7.95618,8.02469,85600,0.0,0.0
2005-06-24 00:00:00-04:00,7.99533,8.06384,7.65282,7.65282,756800,0.0,0.0
2005-06-27 00:00:00-04:00,7.70174,7.81918,7.70174,7.79961,96800,0.0,0.0
2005-06-28 00:00:00-04:00,7.7311,8.07362,7.7311,8.04818,190800,0.0,0.0
2005-06-29 00:00:00-04:00,8.02469,8.11277,8.02469,8.06579,126800,0.0,0.0
2005-06-30 00:00:00-04:00,8.09319,8.1206,8.03643,8.08341,46000,0.0,0.0
2005-07-01 00:00:00-04:00,8.07362,8.07362,8.0149,8.07362,58000,0.0,0.0
2005-07-05 00:00:00-04:00,8.04426,8.12255,8.01099,8.11277,59600,0.0,0.0
2005-07-06 00:00:00-04:00,8.11864,8.11864,8.00512,8.06775,54400,0.0,0.0
2005-07-07 00:00:00-04:00,8.02469,8.05405,7.82897,7.98359,258000,0.0,0.0
2005-07-08 00:00:00-04:00,7.98163,8.12255,7.96598,8.12255,82400,0.0,0.0
2005-07-11 00:00:00-04:00,8.12255,8.285,8.02469,8.11277,292400,0.0,0.0
2005-07-12 00:00:00-04:00,8.14213,8.65101,8.1343,8.65101,193600,0.0,0.0
2005-07-13 00:00:00-04:00,8.70972,9.06203,8.61186,9.06203,392000,0.0,0.0
2005-07-14 00:00:00-04:00,9.00332,9.12075,8.51401,8.52379,155600,0.0,0.0
2005-07-15 00:00:00-04:00,8.57272,9.05224,8.57272,8.78606,119200,0.0,0.0
2005-07-18 00:00:00-04:00,8.95438,8.95438,8.57272,8.63535,112800,0.0,0.0
2005-07-19 00:00:00-04:00,8.61187,8.71364,8.514,8.57076,58800,0.0,0.0
2005-07-20 00:00:00-04:00,8.76845,9.17947,8.67058,9.17947,209600,0.0,0.0
2005-07-21 00:00:00-04:00,9.17946,9.28711,8.98374,9.04441,140000,0.0,0.0
2005-07-22 00:00:00-04:00,9.09139,9.20882,9.07181,9.20882,44800,0.0,0.0
2005-07-25 00:00:00-04:00,9.37519,9.37519,8.96417,8.96417,118400,0.0,0.0
2005-07-26 00:00:00-04:00,9.00331,9.19904,8.96417,9.19904,97600,0.0,0.0
2005-07-27 00:00:00-04:00,9.20882,9.33605,9.14032,9.19904,116800,0.0,0.0
2005-07-28 00:00:00-04:00,9.23818,9.41433,9.16968,9.41433,94400,0.0,0.0
2005-07-29 00:00:00-04:00,9.39476,9.49263,9.39476,9.43587,54000,0.0,0.0
2005-08-01 00:00:00-04:00,9.43586,9.91343,9.43586,9.89386,301600,0.0,0.0
2005-08-02 00:00:00-04:00,9.83514,9.87428,9.7177,9.81165,211200,0.0,0.0
2005-08-03 00:00:00-04:00,9.83514,9.95257,9.80578,9.88407,78800,0.0,0.0
2005-08-04 00:00:00-04:00,9.933,10.01129,9.88407,9.92517,54000,0.0,0.0
2005-08-05 00:00:00-04:00,9.92517,10.01129,9.68834,9.9878,134800,0.0,0.0
2005-08-08 00:00:00-04:00,10.03087,10.03087,9.56309,9.56309,70800,0.0,0.0
2005-08-09 00:00:00-04:00,9.57091,9.59049,9.12075,9.15011,88800,0.0,0.0
2005-08-10 00:00:00-04:00,9.10118,9.54156,8.93872,9.40651,217600,0.0,0.0
2005-08-11 00:00:00-04:00,9.37518,9.59244,9.37518,9.40846,78400,0.0,0.0
2005-08-12 00:00:00-04:00,9.40455,9.40455,8.90545,9.04833,193200,0.0,0.0
2005-08-15 00:00:00-04:00,9.00331,9.0816,8.80759,8.97982,109600,0.0,0.0
2005-08-16 00:00:00-04:00,8.94459,8.96808,8.54336,8.54336,103600,0.0,0.0
2005-08-17 00:00:00-04:00,8.41614,8.89567,8.3907,8.56293,136800,0.0,0.0
2005-08-18 00:00:00-04:00,8.61186,8.66079,8.13429,8.15191,88000,0.0,0.0
2005-08-19 00:00:00-04:00,8.22042,8.2576,7.67239,8.23216,220000,0.0,0.0
2005-08-22 00:00:00-04:00,8.21063,8.40636,8.00512,8.03057,104400,0.0,0.0
2005-08-23 00:00:00-04:00,8.04426,8.05601,7.82897,7.82897,58800,0.0,0.0
2005-08-24 00:00:00-04:00,7.82897,8.08341,7.79961,8.08341,93200,0.0,0.0
2005-08-25 00:00:00-04:00,8.18127,8.27718,7.95032,8.22042,112400,0.0,0.0
2005-08-26 00:00:00-04:00,8.17149,8.43571,8.17149,8.32024,55600,0.0,0.0
2005-08-29 00:00:00-04:00,8.35742,8.43571,8.26935,8.41027,116400,0.0,0.0
2005-08-30 00:00:00-04:00,8.44562,8.54383,8.39652,8.48687,66800,0.0375,0.0
2005-08-31 00:00:00-04:00,8.53401,8.82862,8.45348,8.60275,119200,0.0,0.0
2005-09-01 00:00:00-04:00,8.52419,8.64203,8.44562,8.59293,63200,0.0,0.0
2005-09-02 00:00:00-04:00,8.44562,8.60275,8.36706,8.45151,59200,0.0,0.0
2005-09-06 00:00:00-04:00,8.45151,8.6381,8.37688,8.534,70400,0.0,0.0
2005-09-07 00:00:00-04:00,8.49472,8.58311,8.42598,8.54382,177600,0.0,0.0
2005-09-08 00:00:00-04:00,8.57329,8.64007,8.54383,8.55954,76000,0.0,0.0
2005-09-09 00:00:00-04:00,8.55954,8.68328,8.48098,8.66953,92400,0.0,0.0
2005-09-12 00:00:00-04:00,8.62239,8.63025,8.44955,8.50454,64400,0.0,0.0
2005-09-13 00:00:00-04:00,8.46526,8.47116,8.0528,8.24921,59200,0.0,0.0
2005-09-14 00:00:00-04:00,8.15493,8.15493,7.82889,7.91531,106800,0.0,0.0
2005-09-15 00:00:00-04:00,7.87603,8.01352,7.80336,8.01156,65200,0.0,0.0
2005-09-16 00:00:00-04:00,8.0528,8.07637,7.80533,8.00959,178800,0.0,0.0
2005-09-19 00:00:00-04:00,7.93496,8.0528,7.75033,7.84657,54000,0.0,0.0
2005-09-20 00:00:00-04:00,7.90157,8.02334,7.46357,7.66195,103600,0.0,0.0
2005-09-21 00:00:00-04:00,7.80729,8.34742,7.80729,8.07441,117600,0.0,0.0
2005-09-22 00:00:00-04:00,8.09405,8.09405,8.04887,8.0803,123600,0.0,0.0
2005-09-23 00:00:00-04:00,8.09405,8.11173,7.88782,7.91925,50400,0.0,0.0
2005-09-26 00:00:00-04:00,7.91924,8.03316,7.91335,8.03316,29600,0.0,0.0
2005-09-27 00:00:00-04:00,8.0528,8.11172,7.99388,8.04298,24800,0.0,0.0
2005-09-28 00:00:00-04:00,8.09012,8.09012,7.88782,7.88782,46000,0.0,0.0
2005-09-29 00:00:00-04:00,7.88781,7.92317,7.56177,7.7189,139600,0.0,0.0
2005-09-30 00:00:00-04:00,7.63052,7.72676,7.61284,7.72676,81600,0.0,0.0
2005-10-03 00:00:00-04:00,7.75819,8.13137,7.73658,8.07244,73200,0.0,0.0
2005-10-04 00:00:00-04:00,8.09405,8.11565,7.90549,8.06262,68400,0.0,0.0
2005-10-05 00:00:00-04:00,8.10191,8.10191,7.65998,7.85639,86800,0.0,0.0
2005-10-06 00:00:00-04:00,7.81711,7.93496,7.79943,7.86228,96400,0.0,0.0
2005-10-07 00:00:00-04:00,7.96442,8.1353,7.9546,8.09209,136800,0.0,0.0
2005-10-10 00:00:00-04:00,7.99388,8.05476,7.95852,8.03709,30800,0.0,0.0
2005-10-11 00:00:00-04:00,7.99388,8.07244,7.99388,8.05869,64000,0.0,0.0
2005-10-12 00:00:00-04:00,8.1019,8.1019,8.0037,8.05084,59600,0.0,0.0
2005-10-13 00:00:00-04:00,8.05084,8.10976,8.03316,8.09209,56400,0.0,0.0
2005-10-14 00:00:00-04:00,8.0528,8.15101,8.0528,8.15101,62000,0.0,0.0
2005-10-17 00:00:00-04:00,8.14904,8.24528,8.14904,8.20207,31600,0.0,0.0
2005-10-18 00:00:00-04:00,8.15101,8.15101,7.59124,7.82693,587600,0.0,0.0
2005-10-19 00:00:00-04:00,7.85246,7.85246,7.59909,7.63052,176800,0.0,0.0
2005-10-20 00:00:00-04:00,7.61088,7.6207,7.50482,7.50482,58400,0.0,0.0
2005-10-21 00:00:00-04:00,7.46357,7.46553,7.24752,7.41447,67200,0.0,0.0
2005-10-24 00:00:00-04:00,7.41447,7.44393,6.94112,7.16896,271200,0.0,0.0
2005-10-25 00:00:00-04:00,7.16896,7.26716,7.12575,7.18074,82400,0.0,0.0
2005-10-26 00:00:00-04:00,7.1336,7.14735,7.05111,7.07468,457600,0.0,0.0
2005-10-27 00:00:00-04:00,7.04129,7.04129,6.54634,6.65829,237200,0.0,0.0
2005-10-28 00:00:00-04:00,6.73686,6.78007,6.40492,6.53063,128000,0.0,0.0
2005-10-31 00:00:00-05:00,6.48152,6.67597,6.40296,6.48152,192400,0.0,0.0
2005-11-01 00:00:00-05:00,6.56009,6.78596,6.56009,6.73096,60000,0.0,0.0
2005-11-02 00:00:00-05:00,6.76632,7.14931,6.34796,7.07861,139600,0.0,0.0
2005-11-03 00:00:00-05:00,7.14931,7.19449,7.10021,7.10414,45600,0.0,0.0
2005-11-04 00:00:00-05:00,7.10414,7.10414,7.00004,7.00004,18000,0.0,0.0
2005-11-07 00:00:00-05:00,7.02165,7.02165,6.76632,6.82328,84000,0.0,0.0
2005-11-08 00:00:00-05:00,6.71721,6.74078,6.58169,6.59937,189600,0.0,0.0
2005-11-09 00:00:00-05:00,6.67793,7.24949,6.66222,7.07075,251200,0.0,0.0
2005-11-10 00:00:00-05:00,7.07075,7.07075,6.60133,6.81149,141200,0.0,0.0
2005-11-11 00:00:00-05:00,6.78596,7.05111,6.78596,6.92934,43600,0.0,0.0
2005-11-14 00:00:00-05:00,6.90773,6.97255,6.88416,6.97255,154400,0.0,0.0
2005-11-15 00:00:00-05:00,6.93327,7.04718,6.8547,6.92934,89600,0.0,0.0
2005-11-16 00:00:00-05:00,6.97255,6.98826,6.83506,6.92934,41200,0.0,0.0
2005-11-17 00:00:00-05:00,7.02165,7.19449,6.93326,7.05897,137200,0.0,0.0
2005-11-18 00:00:00-05:00,7.15913,7.3634,7.15913,7.26912,180000,0.0,0.0
2005-11-21 00:00:00-05:00,7.6207,8.07637,7.37519,8.06066,156800,0.0,0.0
2005-11-22 00:00:00-05:00,8.07244,8.45544,8.06262,8.35331,153200,0.0,0.0
2005-11-23 00:00:00-05:00,8.39652,8.82076,8.39652,8.59096,90800,0.0,0.0
2005-11-25 00:00:00-05:00,8.59097,8.59097,8.3867,8.3867,18400,0.0,0.0
2005-11-28 00:00:00-05:00,8.39652,8.40634,7.91336,7.96049,86800,0.0,0.0
2005-11-29 00:00:00-05:00,7.91318,8.17931,7.88558,7.96443,76000,0.0375,0.0
2005-11-30 00:00:00-05:00,7.92501,8.01963,7.63521,7.71604,109600,0.0,0.0
2005-12-01 00:00:00-05:00,7.73772,8.09257,7.73181,8.02357,49600,0.0,0.0
2005-12-02 00:00:00-05:00,8.05906,8.09257,7.98021,8.07483,121600,0.0,0.0
2005-12-05 00:00:00-05:00,7.90529,8.00583,7.65887,7.98612,172000,0.0,0.0
2005-12-06 00:00:00-05:00,7.93683,8.35477,7.93683,8.27985,150800,0.0,0.0
2005-12-07 00:00:00-05:00,8.27985,8.45334,8.2562,8.26014,70400,0.0,0.0
2005-12-08 00:00:00-05:00,8.22071,8.36068,8.11229,8.23057,52800,0.0,0.0
2005-12-09 00:00:00-05:00,8.27985,8.37842,8.26605,8.339,124400,0.0,0.0
2005-12-12 00:00:00-05:00,8.36857,8.36857,8.28183,8.35871,148000,0.0,0.0
2005-12-13 00:00:00-05:00,8.3666,8.36857,8.31337,8.35674,34400,0.0,0.0
2005-12-14 00:00:00-05:00,8.3666,8.60514,8.3666,8.54008,78800,0.0,0.0
2005-12-15 00:00:00-05:00,8.57359,8.57359,8.08862,8.13988,62400,0.0,0.0
2005-12-16 00:00:00-05:00,8.23057,8.37645,8.201,8.31534,155200,0.0,0.0
2005-12-19 00:00:00-05:00,8.31534,8.339,7.97232,8.05314,61600,0.0,0.0
2005-12-20 00:00:00-05:00,8.01372,8.01372,7.80672,7.82052,38800,0.0,0.0
2005-12-21 00:00:00-05:00,7.856,7.8836,7.71801,7.76926,55600,0.0,0.0
2005-12-22 00:00:00-05:00,7.81658,7.88557,7.81658,7.8698,18400,0.0,0.0
2005-12-23 00:00:00-05:00,7.8836,7.88557,7.73772,7.88557,16000,0.0,0.0
2005-12-27 00:00:00-05:00,7.78701,7.86981,7.72984,7.84418,24800,0.0,0.0
2005-12-28 00:00:00-05:00,7.79686,7.86586,7.79686,7.84615,123200,0.0,0.0
2005-12-29 00:00:00-05:00,7.84615,7.98415,7.84615,7.86586,86800,0.0,0.0
2005-12-30 00:00:00-05:00,7.84615,7.84615,7.72787,7.73575,29600,0.0,0.0
2006-01-03 00:00:00-05:00,7.72786,7.88558,7.69238,7.81066,113600,0.0,0.0
2006-01-04 00:00:00-05:00,7.82643,7.93486,7.75941,7.85009,159200,0.0,0.0
2006-01-05 00:00:00-05:00,7.83629,7.86586,7.83038,7.83629,30000,0.0,0.0
2006-01-06 00:00:00-05:00,7.76729,8.35871,7.76729,8.25028,49600,0.0,0.0
2006-01-09 00:00:00-05:00,8.32914,8.85748,8.32914,8.83185,78000,0.0,0.0
2006-01-10 00:00:00-05:00,8.71356,9.06841,8.69582,8.83185,131200,0.0,0.0
2006-01-11 00:00:00-05:00,8.83185,9.26358,8.52628,8.87127,201200,0.0,0.0
2006-01-12 00:00:00-05:00,8.85353,9.08024,8.73525,8.95013,223600,0.0,0.0
2006-01-13 00:00:00-05:00,8.90084,9.13741,8.90084,9.07629,104400,0.0,0.0
2006-01-17 00:00:00-05:00,8.98956,9.16698,8.87325,9.06644,64800,0.0,0.0
2006-01-18 00:00:00-05:00,9.0487,9.26555,8.97181,9.12952,87600,0.0,0.0
2006-01-19 00:00:00-05:00,9.25569,9.51197,9.16698,9.4548,98800,0.0,0.0
2006-01-20 00:00:00-05:00,9.45481,9.46269,9.01913,9.26555,93600,0.0,0.0
2006-01-23 00:00:00-05:00,9.26556,9.79783,9.1729,9.62435,78800,0.0,0.0
2006-01-24 00:00:00-05:00,9.57703,9.71897,9.26555,9.43706,116400,0.0,0.0
2006-01-25 00:00:00-05:00,9.39369,9.51198,9.34835,9.46466,118400,0.0,0.0
2006-01-26 00:00:00-05:00,9.46466,9.95554,9.46269,9.79783,117600,0.0,0.0
2006-01-27 00:00:00-05:00,9.79782,10.21379,9.72685,10.0955,121200,0.0,0.0
2006-01-30 00:00:00-05:00,10.09551,10.35967,10.09551,10.20196,131200,0.0,0.0
2006-01-31 00:00:00-05:00,10.17436,10.3301,10.17239,10.22759,63600,0.0,0.0
2006-02-01 00:00:00-05:00,10.22759,10.24139,10.17239,10.17239,100800,0.0,0.0
2006-02-02 00:00:00-05:00,10.17239,10.18422,10.17239,10.17831,75200,0.0,0.0
2006-02-03 00:00:00-05:00,10.17831,10.17831,10.17239,10.17437,70800,0.0,0.0
2006-02-06 00:00:00-05:00,10.15268,10.15268,9.41538,10.13297,165200,0.0,0.0
2006-02-07 00:00:00-05:00,10.11128,10.11128,9.75643,9.7584,62800,0.0,0.0
2006-02-08 00:00:00-05:00,9.67955,9.75446,9.66969,9.70715,105600,0.0,0.0
2006-02-09 00:00:00-05:00,9.75446,10.00482,9.73869,9.92794,89600,0.0,0.0
2006-02-10 00:00:00-05:00,9.97722,10.09156,9.8964,10.03439,55200,0.0,0.0
2006-02-13 00:00:00-05:00,10.0344,10.05214,9.91611,9.99103,43200,0.0,0.0
2006-02-14 00:00:00-05:00,10.0344,10.17634,10.01271,10.13888,70400,0.0,0.0
2006-02-15 00:00:00-05:00,10.13888,10.94715,10.09354,10.70861,168000,0.0,0.0
2006-02-16 00:00:00-05:00,10.82295,11.43408,10.72635,11.18766,199600,0.0,0.0
2006-02-17 00:00:00-05:00,11.23694,11.52279,10.68495,11.00037,168400,0.0,0.0
2006-02-21 00:00:00-05:00,10.95109,11.03783,9.6894,9.84711,226800,0.0,0.0
2006-02-22 00:00:00-05:00,9.8964,10.84069,9.8964,10.34982,150800,0.0,0.0
2006-02-23 00:00:00-05:00,10.30053,10.91167,10.25125,10.60413,67200,0.0,0.0
2006-02-24 00:00:00-05:00,10.65355,11.07068,10.6061,11.07068,64000,0.0375,0.0
2006-02-27 00:00:00-05:00,11.21895,11.55502,10.48749,10.9659,264400,0.0,0.0
2006-02-28 00:00:00-05:00,10.87298,10.97183,10.5033,10.56459,48000,0.0,0.0
2006-03-01 00:00:00-05:00,10.6061,11.16161,10.57645,11.1201,101600,0.0,0.0
2006-03-02 00:00:00-05:00,11.16953,11.31779,10.72472,10.86311,67200,0.0,0.0
2006-03-03 00:00:00-05:00,10.81368,11.07068,10.72472,10.88287,68000,0.0,0.0
2006-03-06 00:00:00-05:00,10.85322,10.85322,10.6753,10.70693,58800,0.0,0.0
2006-03-07 00:00:00-05:00,10.60808,10.60808,10.19689,10.31946,72000,0.0,0.0
2006-03-08 00:00:00-05:00,10.36492,10.77414,10.2127,10.77414,44400,0.0,0.0
2006-03-09 00:00:00-05:00,10.77217,10.85124,10.59622,10.59622,50800,0.0,0.0
2006-03-10 00:00:00-05:00,10.55669,10.6753,10.51912,10.6753,32000,0.0,0.0
2006-03-13 00:00:00-05:00,10.6753,10.85322,10.6753,10.76624,28800,0.0,0.0
2006-03-14 00:00:00-05:00,10.76623,11.0687,10.76623,11.00544,147200,0.0,0.0
2006-03-15 00:00:00-05:00,11.05091,11.07068,10.97183,11.00544,44000,0.0,0.0
2006-03-16 00:00:00-05:00,10.97183,11.55502,10.97183,11.32372,55200,0.0,0.0
2006-03-17 00:00:00-05:00,11.31582,11.31582,11.1715,11.1715,166800,0.0,0.0
2006-03-20 00:00:00-05:00,11.21894,11.32372,11.10033,11.26244,62000,0.0,0.0
2006-03-21 00:00:00-05:00,11.2486,11.46606,11.07068,11.07068,59600,0.0,0.0
2006-03-22 00:00:00-05:00,11.1201,11.46606,11.02916,11.20115,82000,0.0,0.0
2006-03-23 00:00:00-05:00,11.20115,11.26837,10.97381,11.11022,56400,0.0,0.0
2006-03-24 00:00:00-05:00,11.11022,11.42257,11.10824,11.36722,51200,0.0,0.0
2006-03-27 00:00:00-05:00,11.3178,11.46606,11.21895,11.40676,64800,0.0,0.0
2006-03-28 00:00:00-05:00,11.41664,11.71317,11.41664,11.53327,95200,0.0,0.0
2006-03-29 00:00:00-05:00,11.5827,11.83179,11.12998,11.16952,215600,0.0,0.0
2006-03-30 00:00:00-05:00,11.16952,11.45419,10.9916,10.9916,146400,0.0,0.0
2006-03-31 00:00:00-05:00,11.04102,11.31779,11.04102,11.26441,71600,0.0,0.0
2006-04-03 00:00:00-04:00,11.26837,11.36721,11.16952,11.22092,58000,0.0,0.0
2006-04-04 00:00:00-04:00,11.22883,11.32767,11.22092,11.27825,99200,0.0,0.0
2006-04-05 00:00:00-04:00,11.26837,11.32768,11.16359,11.30395,119600,0.0,0.0
2006-04-06 00:00:00-04:00,11.22883,11.26837,11.22883,11.26837,30000,0.0,0.0
2006-04-07 00:00:00-04:00,11.21895,11.26837,10.78403,10.95207,56800,0.0,0.0
2006-04-10 00:00:00-04:00,10.9916,11.26837,10.96986,11.18534,42800,0.0,0.0
2006-04-11 00:00:00-04:00,11.1458,11.14975,10.6753,10.72472,88800,0.0,0.0
2006-04-12 00:00:00-04:00,10.6753,10.72077,10.42819,10.54482,105600,0.0,0.0
2006-04-13 00:00:00-04:00,10.5468,10.58436,10.48749,10.5468,50400,0.0,0.0
2006-04-17 00:00:00-04:00,10.53691,10.76426,10.53691,10.61599,86800,0.0,0.0
2006-04-18 00:00:00-04:00,10.62587,11.01334,10.58831,10.9402,105600,0.0,0.0
2006-04-19 00:00:00-04:00,11.18929,11.46606,11.15964,11.26837,230800,0.0,0.0
2006-04-20 00:00:00-04:00,11.26837,11.46803,11.26837,11.41861,202400,0.0,0.0
2006-04-21 00:00:00-04:00,11.46606,11.97215,11.43048,11.93261,138800,0.0,0.0
2006-04-24 00:00:00-04:00,12.01959,12.32601,11.96029,12.27659,164400,0.0,0.0
2006-04-25 00:00:00-04:00,12.22717,12.27461,11.66375,12.04727,140000,0.0,0.0
2006-04-26 00:00:00-04:00,12.0789,12.35567,11.85353,11.899,140800,0.0,0.0
2006-04-27 00:00:00-04:00,11.86144,12.10856,11.69143,11.81202,97600,0.0,0.0
2006-04-28 00:00:00-04:00,12.20542,12.43474,12.02157,12.19356,150000,0.0,0.0
2006-05-01 00:00:00-04:00,12.25682,13.03968,12.25682,12.82617,234400,0.0,0.0
2006-05-02 00:00:00-04:00,13.02386,13.12666,12.70163,12.8499,117200,0.0,0.0
2006-05-03 00:00:00-04:00,12.6522,12.71942,12.31811,12.34776,118000,0.0,0.0
2006-05-04 00:00:00-04:00,12.38532,12.58301,12.35567,12.41498,132400,0.0,0.0
2006-05-05 00:00:00-04:00,12.50394,12.60279,12.34381,12.41893,70000,0.0,0.0
2006-05-08 00:00:00-04:00,12.43475,12.45451,12.37149,12.40509,51600,0.0,0.0
2006-05-09 00:00:00-04:00,12.45452,12.45452,12.35765,12.45254,56400,0.0,0.0
2006-05-10 00:00:00-04:00,12.40509,12.51975,12.28647,12.35962,65200,0.0,0.0
2006-05-11 00:00:00-04:00,12.35765,12.37544,11.7112,11.7112,67200,0.0,0.0
2006-05-12 00:00:00-04:00,11.66375,11.75271,10.87299,11.58467,149200,0.0,0.0
2006-05-15 00:00:00-04:00,11.66375,11.66375,10.88682,11.18929,87200,0.0,0.0
2006-05-16 00:00:00-04:00,11.22883,11.43838,10.89276,11.04102,125200,0.0,0.0
2006-05-17 00:00:00-04:00,11.09044,11.09044,10.80379,10.82356,66000,0.0,0.0
2006-05-18 00:00:00-04:00,10.85322,10.90264,10.79391,10.79589,100000,0.0,0.0
2006-05-19 00:00:00-04:00,10.79589,11.02126,10.62983,10.81368,76400,0.0,0.0
2006-05-22 00:00:00-04:00,10.81368,10.87298,10.52505,10.82356,70000,0.0,0.0
2006-05-23 00:00:00-04:00,11.07068,11.18138,10.49737,10.52307,77200,0.0,0.0
2006-05-24 00:00:00-04:00,10.56657,10.56657,10.08222,10.38469,114400,0.0,0.0
2006-05-25 00:00:00-04:00,10.4183,10.55866,10.37876,10.50726,67600,0.0,0.0
2006-05-26 00:00:00-04:00,10.55669,11.21895,10.47761,11.1122,116800,0.0,0.0
2006-05-30 00:00:00-04:00,11.49674,11.74452,10.75342,10.75342,153200,0.0375,0.0
2006-05-31 00:00:00-04:00,10.85252,11.29257,10.7554,10.94172,105600,0.0,0.0
2006-06-01 00:00:00-04:00,10.90209,11.40953,10.90209,11.40953,100800,0.0,0.0
2006-06-02 00:00:00-04:00,11.59585,11.83966,11.54828,11.61171,73600,0.0,0.0
2006-06-05 00:00:00-04:00,11.64541,11.64541,10.68008,10.68008,75600,0.0,0.0
2006-06-06 00:00:00-04:00,10.68007,10.68007,10.35697,10.60078,129600,0.0,0.0
2006-06-07 00:00:00-04:00,10.78315,11.28861,10.64043,10.94569,108000,0.0,0.0
2006-06-08 00:00:00-04:00,11.0448,11.0448,9.91693,10.4541,134400,0.0,0.0
2006-06-09 00:00:00-04:00,10.60475,10.60475,10.01009,10.02198,142000,0.0,0.0
2006-06-12 00:00:00-04:00,10.02198,10.02198,9.21721,9.27668,214800,0.0,0.0
2006-06-13 00:00:00-04:00,9.27667,9.3857,8.62255,8.69193,323600,0.0,0.0
2006-06-14 00:00:00-04:00,8.89213,9.24496,8.56309,8.85447,160800,0.0,0.0
2006-06-15 00:00:00-04:00,8.90006,9.71276,8.8624,9.60969,144400,0.0,0.0
2006-06-16 00:00:00-04:00,9.63347,9.79998,9.1181,9.47093,347400,0.0,2.0
2006-06-19 00:00:00-04:00,9.41544,9.61366,9.01107,9.019,124600,0.0,0.0
2006-06-20 00:00:00-04:00,9.61365,9.91098,9.24893,9.81187,150400,0.0,0.0
2006-06-21 00:00:00-04:00,9.91098,10.1766,9.8317,10.03388,104200,0.0,0.0
2006-06-22 00:00:00-04:00,10.10921,10.10921,9.77223,9.92684,115400,0.0,0.0
2006-06-23 00:00:00-04:00,9.91099,9.91099,9.26479,9.71277,92200,0.0,0.0
2006-06-26 00:00:00-04:00,9.91099,9.91099,9.52248,9.8317,66600,0.0,0.0
2006-06-27 00:00:00-04:00,9.93081,10.04577,9.5304,9.53833,63400,0.0,0.0
2006-06-28 00:00:00-04:00,9.53833,10.18849,9.35597,10.16867,198200,0.0,0.0
2006-06-29 00:00:00-04:00,10.30742,10.78315,10.16867,10.59682,248400,0.0,0.0
2006-06-30 00:00:00-04:00,10.60475,10.72368,10.32328,10.70386,375400,0.0,0.0
2006-07-03 00:00:00-04:00,10.60475,10.70386,10.55718,10.66025,58400,0.0,0.0
2006-07-05 00:00:00-04:00,10.58493,10.58493,10.22813,10.40653,138600,0.0,0.0
2006-07-06 00:00:00-04:00,10.40653,10.61268,10.3431,10.60475,69000,0.0,0.0
2006-07-07 00:00:00-04:00,10.60475,10.81486,10.30742,10.40653,67400,0.0,0.0
2006-07-10 00:00:00-04:00,10.50564,10.60475,10.50564,10.55718,57000,0.0,0.0
2006-07-11 00:00:00-04:00,10.50961,10.72765,10.18849,10.72765,70400,0.0,0.0
2006-07-12 00:00:00-04:00,10.72765,10.8228,10.14885,10.14885,63200,0.0,0.0
2006-07-13 00:00:00-04:00,10.14885,10.14885,9.51851,9.57004,87600,0.0,0.0
2006-07-14 00:00:00-04:00,9.64933,9.66519,9.1181,9.31632,64600,0.0,0.0
2006-07-17 00:00:00-04:00,9.03089,9.28857,9.019,9.16964,143800,0.0,0.0
2006-07-18 00:00:00-04:00,9.21721,9.87134,9.04674,9.76826,70200,0.0,0.0
2006-07-19 00:00:00-04:00,9.76827,10.29949,9.76827,10.13299,153200,0.0,0.0
2006-07-20 00:00:00-04:00,10.88226,10.88226,9.1181,9.22118,175600,0.0,0.0
2006-07-21 00:00:00-04:00,9.22118,9.37182,8.52344,8.74941,305600,0.0,0.0
2006-07-24 00:00:00-04:00,8.91988,9.01899,8.52344,8.7058,256800,0.0,0.0
2006-07-25 00:00:00-04:00,8.73752,8.80095,8.46795,8.68202,362400,0.0,0.0
2006-07-26 00:00:00-04:00,8.36487,8.52344,8.36487,8.46398,100200,0.0,0.0
2006-07-27 00:00:00-04:00,8.47587,8.52741,8.16665,8.20629,133400,0.0,0.0
2006-07-28 00:00:00-04:00,8.46398,8.46398,8.14683,8.34505,87400,0.0,0.0
2006-07-31 00:00:00-04:00,8.26576,8.63049,8.17062,8.62652,161200,0.0,0.0
2006-08-01 00:00:00-04:00,8.60274,8.60274,8.24594,8.45209,108800,0.0,0.0
2006-08-02 00:00:00-04:00,8.52344,9.02692,8.52344,8.85645,112000,0.0,0.0
2006-08-03 00:00:00-04:00,8.95953,9.09431,8.52344,8.82077,105800,0.0,0.0
2006-08-04 00:00:00-04:00,8.95953,8.97142,8.36487,8.54327,73400,0.0,0.0
2006-08-07 00:00:00-04:00,8.46398,8.71374,8.46398,8.70185,81600,0.0,0.0
2006-08-08 00:00:00-04:00,8.91989,8.91989,8.56309,8.62652,65400,0.0,0.0
2006-08-09 00:00:00-04:00,8.78113,8.81284,8.59877,8.60273,64800,0.0,0.0
2006-08-10 00:00:00-04:00,8.60273,8.82077,8.52344,8.81285,62000,0.0,0.0
2006-08-11 00:00:00-04:00,8.81681,8.85249,8.61066,8.68598,60200,0.0,0.0
2006-08-14 00:00:00-04:00,8.78509,9.10225,8.72166,8.86438,129200,0.0,0.0
2006-08-15 00:00:00-04:00,9.01899,9.39957,8.93971,9.37579,101400,0.0,0.0
2006-08-16 00:00:00-04:00,9.37579,9.90702,9.26875,9.78016,170600,0.0,0.0
2006-08-17 00:00:00-04:00,9.78412,10.37878,9.7643,10.02198,91800,0.0,0.0
2006-08-18 00:00:00-04:00,10.80297,10.80297,9.78412,10.04974,74000,0.0,0.0
2006-08-21 00:00:00-04:00,10.04974,10.24003,9.81188,10.15281,77600,0.0,0.0
2006-08-22 00:00:00-04:00,10.15281,10.43824,9.95062,10.12109,104200,0.0,0.0
2006-08-23 00:00:00-04:00,10.12109,10.42635,9.85548,9.95459,95600,0.0,0.0
2006-08-24 00:00:00-04:00,10.02991,10.02991,9.6533,9.96648,113800,0.0,0.0
2006-08-25 00:00:00-04:00,9.91098,10.20038,9.83962,9.89909,56800,0.0,0.0
2006-08-28 00:00:00-04:00,9.99027,9.99027,9.77619,9.80791,40600,0.0,0.0
2006-08-29 00:00:00-04:00,9.67312,10.06163,9.61366,10.02992,78000,0.0,0.0
2006-08-30 00:00:00-04:00,10.1015,10.37591,9.96231,10.32023,105800,0.04,0.0
2006-08-31 00:00:00-04:00,10.53897,10.73781,10.37989,10.40773,150200,0.0,0.0
2006-09-01 00:00:00-04:00,10.32023,10.34012,10.16115,10.17309,72400,0.0,0.0
2006-09-05 00:00:00-04:00,9.94242,10.34011,9.84299,10.16115,56400,0.0,0.0
2006-09-06 00:00:00-04:00,10.1015,10.1015,9.54472,9.73164,75600,0.0,0.0
2006-09-07 00:00:00-04:00,9.64415,9.64415,9.02772,9.14305,154000,0.0,0.0
2006-09-08 00:00:00-04:00,9.1868,9.4453,9.18282,9.34588,86400,0.0,0.0
2006-09-11 00:00:00-04:00,9.34588,9.34588,9.14305,9.14703,48400,0.0,0.0
2006-09-12 00:00:00-04:00,9.14703,9.50098,9.14305,9.20271,67800,0.0,0.0
2006-09-13 00:00:00-04:00,9.14703,9.43735,9.14703,9.32599,154800,0.0,0.0
2006-09-14 00:00:00-04:00,9.3061,9.40553,9.17486,9.3419,46800,0.0,0.0
2006-09-15 00:00:00-04:00,9.38962,9.3936,9.18282,9.21861,153600,0.0,0.0
2006-09-18 00:00:00-04:00,9.22259,9.42144,9.22259,9.34588,195200,0.0,0.0
2006-09-19 00:00:00-04:00,9.32201,9.40553,9.17487,9.36974,70800,0.0,0.0
2006-09-20 00:00:00-04:00,9.42541,9.66005,9.36576,9.61631,66200,0.0,0.0
2006-09-21 00:00:00-04:00,9.68392,9.90265,9.34588,9.46916,91200,0.0,0.0
2006-09-22 00:00:00-04:00,9.34587,9.36576,9.22656,9.29815,80600,0.0,0.0
2006-09-25 00:00:00-04:00,9.20668,9.56859,9.14703,9.4453,38200,0.0,0.0
2006-09-26 00:00:00-04:00,9.14703,9.47314,9.14703,9.33394,58000,0.0,0.0
2006-09-27 00:00:00-04:00,9.14703,9.80323,9.14703,9.59643,220800,0.0,0.0
2006-09-28 00:00:00-04:00,9.58449,10.22478,9.45325,10.22478,168200,0.0,0.0
2006-09-29 00:00:00-04:00,10.22479,10.34012,9.96231,10.01798,70600,0.0,0.0
2006-10-02 00:00:00-04:00,9.74357,9.74357,9.21066,9.21463,126400,0.0,0.0
2006-10-03 00:00:00-04:00,9.16691,9.34587,9.14703,9.22259,137600,0.0,0.0
2006-10-04 00:00:00-04:00,9.22259,9.28622,9.14702,9.18282,90800,0.0,0.0
2006-10-05 00:00:00-04:00,9.16691,9.17884,9.00385,9.10328,183000,0.0,0.0
2006-10-06 00:00:00-04:00,9.03965,9.06749,8.69365,8.96408,119600,0.0,0.0
2006-10-09 00:00:00-04:00,8.7891,8.90841,8.74933,8.76524,63600,0.0,0.0
2006-10-10 00:00:00-04:00,8.74933,8.86864,8.35163,8.72149,180000,0.0,0.0
2006-10-11 00:00:00-04:00,8.72149,8.80898,8.55048,8.70956,158400,0.0,0.0
2006-10-12 00:00:00-04:00,8.71354,8.93625,8.51071,8.74535,130200,0.0,0.0
2006-10-13 00:00:00-04:00,8.57037,8.7891,8.57037,8.74933,136200,0.0,0.0
2006-10-16 00:00:00-04:00,8.79705,9.08737,8.71751,9.03965,104800,0.0,0.0
2006-10-17 00:00:00-04:00,9.01976,9.01976,8.43117,8.92829,238000,0.0,0.0
2006-10-18 00:00:00-04:00,9.28622,9.28622,8.74933,8.83284,93200,0.0,0.0
2006-10-19 00:00:00-04:00,8.7891,9.34588,8.74535,9.32599,106600,0.0,0.0
2006-10-20 00:00:00-04:00,9.22657,9.24645,8.92034,9.11521,68800,0.0,0.0
2006-10-23 00:00:00-04:00,9.02772,9.10725,8.82887,8.96408,72800,0.0,0.0
2006-10-24 00:00:00-04:00,9.05954,9.05954,8.82489,8.95613,72400,0.0,0.0
2006-10-25 00:00:00-04:00,8.98795,9.14702,8.92829,9.13907,45800,0.0,0.0
2006-10-26 00:00:00-04:00,9.20668,9.94242,9.10328,9.94242,161000,0.0,0.0
2006-10-27 00:00:00-04:00,9.94242,9.94242,9.55665,9.58847,81200,0.0,0.0
2006-10-30 00:00:00-05:00,9.5487,9.82311,9.52484,9.78732,55000,0.0,0.0
2006-10-31 00:00:00-05:00,9.75948,10.09752,9.7038,10.03389,105600,0.0,0.0
2006-11-01 00:00:00-05:00,10.03389,10.03389,9.12316,9.28622,96200,0.0,0.0
2006-11-02 00:00:00-05:00,9.40553,9.40553,9.11124,9.19078,53400,0.0,0.0
2006-11-03 00:00:00-05:00,9.28622,9.93049,9.28622,9.7038,74200,0.0,0.0
2006-11-06 00:00:00-05:00,9.80323,10.1373,9.72767,10.11741,152400,0.0,0.0
2006-11-07 00:00:00-05:00,9.94242,10.34012,9.92652,10.06173,63400,0.0,0.0
2006-11-08 00:00:00-05:00,9.96231,10.24069,9.96231,10.21286,55800,0.0,0.0
2006-11-09 00:00:00-05:00,10.28046,10.32023,10.00605,10.14922,85000,0.0,0.0
2006-11-10 00:00:00-05:00,10.17706,10.34012,10.1015,10.32023,57400,0.0,0.0
2006-11-13 00:00:00-05:00,10.30035,10.43954,10.16115,10.41966,68400,0.0,0.0
2006-11-14 00:00:00-05:00,10.51908,10.73781,10.35205,10.73781,104400,0.0,0.0
2006-11-15 00:00:00-05:00,10.72986,11.21903,10.72191,11.052,184000,0.0,0.0
2006-11-16 00:00:00-05:00,10.93666,11.07586,10.69804,10.69804,63200,0.0,0.0
2006-11-17 00:00:00-05:00,10.69805,10.70202,10.6026,10.62249,23800,0.0,0.0
2006-11-20 00:00:00-05:00,10.59862,10.65828,10.40375,10.41966,47600,0.0,0.0
2006-11-21 00:00:00-05:00,10.34012,10.36796,10.17308,10.30035,139400,0.0,0.0
2006-11-22 00:00:00-05:00,10.36,10.36,10.24069,10.32023,78400,0.0,0.0
2006-11-24 00:00:00-05:00,10.18104,10.41568,10.18104,10.37591,10600,0.0,0.0
2006-11-27 00:00:00-05:00,10.28444,10.59066,10.14524,10.16513,139000,0.0,0.0
2006-11-28 00:00:00-05:00,10.14127,10.23274,9.9106,10.2049,137200,0.0,0.0
2006-11-29 00:00:00-05:00,10.25277,10.53203,10.23283,10.52405,49000,0.04,0.0
2006-11-30 00:00:00-05:00,10.53203,10.75544,10.34453,10.36049,166400,0.0,0.0
2006-12-01 00:00:00-05:00,10.30862,10.43628,9.85383,10.37245,193800,0.0,0.0
2006-12-04 00:00:00-05:00,10.37246,10.7714,10.37246,10.75943,110800,0.0,0.0
2006-12-05 00:00:00-05:00,10.7714,11.0706,10.74347,11.0347,87000,0.0,0.0
2006-12-06 00:00:00-05:00,11.03071,11.05863,10.7315,10.7714,83800,0.0,0.0
2006-12-07 00:00:00-05:00,10.85118,11.16635,10.70358,10.76342,90800,0.0,0.0
2006-12-08 00:00:00-05:00,10.75544,10.83922,10.65171,10.76342,47800,0.0,0.0
2006-12-11 00:00:00-05:00,10.77539,11.03869,10.77539,11.0347,50000,0.0,0.0
2006-12-12 00:00:00-05:00,11.05863,11.12246,10.85118,11.02671,51000,0.0,0.0
2006-12-13 00:00:00-05:00,11.1105,11.13444,10.97087,11.05066,45200,0.0,0.0
2006-12-14 00:00:00-05:00,11.09055,11.12645,10.49613,10.75943,95800,0.0,0.0
2006-12-15 00:00:00-05:00,10.81129,10.98284,10.65172,10.7714,111800,0.0,0.0
2006-12-18 00:00:00-05:00,10.81927,10.95092,10.37245,10.41235,97000,0.0,0.0
2006-12-19 00:00:00-05:00,10.35251,10.56794,9.98948,10.54799,66400,0.0,0.0
2006-12-20 00:00:00-05:00,10.54799,10.77937,10.544,10.76342,32800,0.0,0.0
2006-12-21 00:00:00-05:00,10.76342,11.36183,10.75943,11.29401,142200,0.0,0.0
2006-12-22 00:00:00-05:00,11.36981,11.36981,10.86315,11.20624,24600,0.0,0.0
2006-12-26 00:00:00-05:00,11.17034,11.46954,11.13044,11.4496,24800,0.0,0.0
2006-12-27 00:00:00-05:00,11.46954,11.70093,11.32592,11.68497,71200,0.0,0.0
2006-12-28 00:00:00-05:00,11.46954,11.76875,11.46954,11.62912,109400,0.0,0.0
2006-12-29 00:00:00-05:00,11.62912,11.62912,10.98284,11.05066,73800,0.0,0.0
2007-01-03 00:00:00-05:00,10.93097,11.03071,10.38043,10.84321,101200,0.0,0.0
2007-01-04 00:00:00-05:00,10.71155,10.72751,10.54799,10.71155,126200,0.0,0.0
2007-01-05 00:00:00-05:00,10.6198,10.7714,10.3924,10.51208,139800,0.0,0.0
2007-01-08 00:00:00-05:00,10.53203,10.53203,9.99745,10.36448,129400,0.0,0.0
2007-01-09 00:00:00-05:00,10.33256,11.46954,10.29666,11.32991,293200,0.0,0.0
2007-01-10 00:00:00-05:00,11.4097,11.4097,11.03469,11.29799,113600,0.0,0.0
2007-01-11 00:00:00-05:00,11.33789,11.46954,11.07858,11.25013,83000,0.0,0.0
2007-01-12 00:00:00-05:00,11.27007,11.42965,11.17034,11.4097,51800,0.0,0.0
2007-01-16 00:00:00-05:00,11.43364,11.51741,11.35385,11.43364,77200,0.0,0.0
2007-01-17 00:00:00-05:00,11.36981,11.43364,11.0706,11.11847,53200,0.0,0.0
2007-01-18 00:00:00-05:00,11.07459,11.23417,10.91103,10.94693,113200,0.0,0.0
2007-01-19 00:00:00-05:00,10.91501,10.99081,10.65969,10.97087,61000,0.0,0.0
2007-01-22 00:00:00-05:00,10.87113,11.36981,10.63177,11.08257,112400,0.0,0.0
2007-01-23 00:00:00-05:00,11.04667,11.44162,11.04667,11.40172,168600,0.0,0.0
2007-01-24 00:00:00-05:00,11.42965,11.70891,11.30598,11.68896,79200,0.0,0.0
2007-01-25 00:00:00-05:00,11.58922,11.68896,10.96288,10.98283,90200,0.0,0.0
2007-01-26 00:00:00-05:00,11.03071,11.54135,10.79134,11.51343,95800,0.0,0.0
2007-01-29 00:00:00-05:00,11.46954,11.68896,11.25411,11.32991,80400,0.0,0.0
2007-01-30 00:00:00-05:00,11.32991,11.4097,11.10252,11.4097,99400,0.0,0.0
2007-01-31 00:00:00-05:00,11.34986,11.72885,11.23417,11.54933,134200,0.0,0.0
2007-02-01 00:00:00-05:00,11.52938,11.82859,11.39374,11.7488,106600,0.0,0.0
2007-02-02 00:00:00-05:00,11.90838,12.34721,11.58922,12.26742,175600,0.0,0.0
2007-02-05 00:00:00-05:00,12.20758,12.20758,11.92433,12.04402,101200,0.0,0.0
2007-02-06 00:00:00-05:00,11.96822,12.0879,11.25013,11.25013,105400,0.0,0.0
2007-02-07 00:00:00-05:00,11.29002,12.17567,11.29002,11.90439,330800,0.0,0.0
2007-02-08 00:00:00-05:00,11.82858,12.00811,11.82858,11.92832,485800,0.0,0.0
2007-02-09 00:00:00-05:00,11.86849,12.0879,11.80865,12.02806,97600,0.0,0.0
2007-02-12 00:00:00-05:00,12.06796,12.06796,11.82061,11.90838,39600,0.0,0.0
2007-02-13 00:00:00-05:00,11.92832,12.00811,11.80864,11.80864,134200,0.0,0.0
2007-02-14 00:00:00-05:00,11.80864,11.98816,11.77274,11.88045,88800,0.0,0.0
2007-02-15 00:00:00-05:00,11.88045,11.9363,11.80864,11.85253,54000,0.0,0.0
2007-02-16 00:00:00-05:00,11.85252,12.10385,11.84853,12.08391,108000,0.0,0.0
2007-02-20 00:00:00-05:00,12.0879,12.47886,12.0879,12.41902,137800,0.0,0.0
2007-02-21 00:00:00-05:00,12.36716,12.56663,12.23152,12.56663,77400,0.0,0.0
2007-02-22 00:00:00-05:00,12.55865,12.56663,12.32726,12.36716,127200,0.0,0.0
2007-02-23 00:00:00-05:00,12.37514,12.73019,12.36716,12.63046,195000,0.0,0.0
2007-02-26 00:00:00-05:00,12.57447,12.67045,12.34249,12.37849,488600,0.04,0.0
2007-02-27 00:00:00-05:00,12.37849,12.39849,11.44661,11.74257,304600,0.0,0.0
2007-02-28 00:00:00-05:00,11.71857,11.99853,11.4426,11.80256,92800,0.0,0.0
2007-03-01 00:00:00-05:00,11.79856,11.86655,10.99866,11.52659,198000,0.0,0.0
2007-03-02 00:00:00-05:00,11.4866,11.4866,10.94267,10.95866,144400,0.0,0.0
2007-03-05 00:00:00-05:00,10.5987,11.01065,10.39873,10.40273,128800,0.0,0.0
2007-03-06 00:00:00-05:00,10.47872,11.19863,10.39873,11.10664,85800,0.0,0.0
2007-03-07 00:00:00-05:00,11.11864,11.19863,10.87867,11.03865,94400,0.0,0.0
2007-03-08 00:00:00-05:00,11.11864,11.31862,11.04265,11.23463,103400,0.0,0.0
2007-03-09 00:00:00-05:00,11.29862,11.29862,10.79868,11.17863,50200,0.0,0.0
2007-03-12 00:00:00-04:00,11.25863,11.30262,11.02666,11.17464,70800,0.0,0.0
2007-03-13 00:00:00-04:00,11.11864,11.17064,10.43873,10.45872,80400,0.0,0.0
2007-03-14 00:00:00-04:00,10.47872,10.95866,10.47872,10.81468,94400,0.0,0.0
2007-03-15 00:00:00-04:00,10.77868,10.89866,10.54671,10.84667,71400,0.0,0.0
2007-03-16 00:00:00-04:00,10.87467,10.93866,10.39873,10.43872,201800,0.0,0.0
2007-03-19 00:00:00-04:00,10.47872,10.6987,10.39873,10.40673,79400,0.0,0.0
2007-03-20 00:00:00-04:00,10.42273,10.6587,10.39873,10.47073,66200,0.0,0.0
2007-03-21 00:00:00-04:00,10.47072,11.21863,10.41873,11.01466,73800,0.0,0.0
2007-03-22 00:00:00-04:00,11.00666,11.30662,10.87867,11.29062,73400,0.0,0.0
2007-03-23 00:00:00-04:00,11.29462,11.31462,11.01866,11.02666,89200,0.0,0.0
2007-03-26 00:00:00-04:00,10.95867,11.05866,10.79469,10.98666,156000,0.0,0.0
2007-03-27 00:00:00-04:00,10.93866,11.07465,10.91867,11.05865,158600,0.0,0.0
2007-03-28 00:00:00-04:00,10.99866,11.33862,10.43873,10.74269,226000,0.0,0.0
2007-03-29 00:00:00-04:00,10.79468,10.91467,10.39873,10.49872,351800,0.0,0.0
2007-03-30 00:00:00-04:00,10.53872,10.6587,10.17076,10.61871,176600,0.0,0.0
2007-04-02 00:00:00-04:00,10.6187,10.75469,10.41473,10.75469,72800,0.0,0.0
2007-04-03 00:00:00-04:00,10.79868,11.19463,10.77868,10.94666,181400,0.0,0.0
2007-04-04 00:00:00-04:00,10.91867,11.03465,10.72269,10.75869,88400,0.0,0.0
2007-04-05 00:00:00-04:00,10.76669,10.99466,10.69069,10.87867,79200,0.0,0.0
2007-04-09 00:00:00-04:00,10.85868,10.87868,10.58671,10.59871,102000,0.0,0.0
2007-04-10 00:00:00-04:00,10.57471,10.79469,10.46273,10.51872,160800,0.0,0.0
2007-04-11 00:00:00-04:00,10.55871,10.79068,10.00678,10.37873,112400,0.0,0.0
2007-04-12 00:00:00-04:00,10.39873,10.67869,10.31874,10.66669,175600,0.0,0.0
2007-04-13 00:00:00-04:00,10.6667,11.05465,10.57071,10.99866,340800,0.0,0.0
2007-04-16 00:00:00-04:00,10.89867,11.28662,10.84268,11.15864,132400,0.0,0.0
2007-04-17 00:00:00-04:00,11.19864,11.35862,11.05865,11.13864,128800,0.0,0.0
2007-04-18 00:00:00-04:00,10.75868,10.76268,9.63882,9.97878,885600,0.0,0.0
2007-04-19 00:00:00-04:00,9.8188,10.09077,9.67882,10.07077,457000,0.0,0.0
2007-04-20 00:00:00-04:00,10.43073,10.43073,10.02278,10.04278,1010000,0.0,0.0
2007-04-23 00:00:00-04:00,10.02678,10.15876,9.79881,9.8588,125200,0.0,0.0
2007-04-24 00:00:00-04:00,9.8588,9.8708,9.63883,9.64283,240000,0.0,0.0
2007-04-25 00:00:00-04:00,9.63083,9.79081,9.39886,9.54684,253000,0.0,0.0
2007-04-26 00:00:00-04:00,9.55483,9.59483,9.37885,9.47084,158800,0.0,0.0
2007-04-27 00:00:00-04:00,9.40285,9.59883,9.29886,9.53883,237400,0.0,0.0
2007-04-30 00:00:00-04:00,9.55883,9.65882,9.53484,9.59883,156000,0.0,0.0
2007-05-01 00:00:00-04:00,9.61883,9.79881,9.49884,9.70282,148200,0.0,0.0
2007-05-02 00:00:00-04:00,9.72681,10.13476,9.72681,10.04278,382200,0.0,0.0
2007-05-03 00:00:00-04:00,10.01478,10.04277,9.91879,9.93879,128800,0.0,0.0
2007-05-04 00:00:00-04:00,9.93879,10.00278,9.8308,9.97478,131200,0.0,0.0
2007-05-07 00:00:00-04:00,9.97079,10.01078,9.8788,9.91879,206000,0.0,0.0
2007-05-08 00:00:00-04:00,9.89879,9.93879,9.68682,9.89079,88400,0.0,0.0
2007-05-09 00:00:00-04:00,9.99878,10.07477,9.87879,10.03078,91600,0.0,0.0
2007-05-10 00:00:00-04:00,9.99878,10.01478,9.47884,9.77881,142200,0.0,0.0
2007-05-11 00:00:00-04:00,9.80681,10.07477,9.79881,9.91879,71200,0.0,0.0
2007-05-14 00:00:00-04:00,9.8588,9.86279,9.58283,9.59483,61000,0.0,0.0
2007-05-15 00:00:00-04:00,9.55483,9.73881,9.29887,9.41085,131000,0.0,0.0
2007-05-16 00:00:00-04:00,9.45085,9.51484,9.19888,9.49484,120400,0.0,0.0
2007-05-17 00:00:00-04:00,9.49884,9.68282,9.44685,9.56683,88200,0.0,0.0
2007-05-18 00:00:00-04:00,9.56683,9.77081,9.51084,9.66682,94400,0.0,0.0
2007-05-21 00:00:00-04:00,9.66682,10.21875,9.66682,10.19075,59600,0.0,0.0
2007-05-22 00:00:00-04:00,9.99878,10.35874,9.97878,10.24275,159600,0.0,0.0
2007-05-23 00:00:00-04:00,10.24275,10.77469,10.24275,10.52672,179400,0.0,0.0
2007-05-24 00:00:00-04:00,10.53872,10.71869,10.32674,10.37474,171000,0.0,0.0
2007-05-25 00:00:00-04:00,10.39873,10.79868,10.39873,10.57871,67800,0.0,0.0
2007-05-29 00:00:00-04:00,10.6387,10.85468,10.61871,10.6627,55000,0.0,0.0
2007-05-30 00:00:00-04:00,10.65468,10.71084,10.01684,10.07701,102800,0.04,0.0
2007-05-31 00:00:00-04:00,10.17731,10.77503,10.17731,10.30568,175200,0.0,0.0
2007-06-01 00:00:00-04:00,10.30968,11.30054,10.30968,10.85124,211200,0.0,0.0
2007-06-04 00:00:00-04:00,10.8352,10.8352,10.40997,10.63061,106400,0.0,0.0
2007-06-05 00:00:00-04:00,10.63061,11.01171,10.57445,10.82316,150400,0.0,0.0
2007-06-06 00:00:00-04:00,10.75096,11.01171,10.58247,10.85927,108000,0.0,0.0
2007-06-07 00:00:00-04:00,10.85124,11.03176,10.84322,10.87932,293600,0.0,0.0
2007-06-08 00:00:00-04:00,10.83118,11.09193,10.79107,11.0799,82200,0.0,0.0
2007-06-11 00:00:00-04:00,11.0799,11.3246,11.03176,11.21228,188000,0.0,0.0
2007-06-12 00:00:00-04:00,11.21228,11.35269,10.78305,10.97159,146000,0.0,0.0
2007-06-13 00:00:00-04:00,11.12001,11.1481,11.0117,11.03577,61200,0.0,0.0
2007-06-14 00:00:00-04:00,11.01973,11.33263,11.01973,11.17618,55000,0.0,0.0
2007-06-15 00:00:00-04:00,11.43292,11.51315,11.20426,11.20827,205200,0.0,0.0
2007-06-18 00:00:00-04:00,11.21629,11.3928,11.07188,11.09193,120400,0.0,0.0
2007-06-19 00:00:00-04:00,11.06787,11.63349,11.06787,11.21228,189600,0.0,0.0
2007-06-20 00:00:00-04:00,11.27245,11.83407,11.17216,11.41286,171600,0.0,0.0
2007-06-21 00:00:00-04:00,11.30053,11.3567,10.65066,10.81514,185000,0.0,0.0
2007-06-22 00:00:00-04:00,10.83119,10.83119,10.42602,10.57846,168200,0.0,0.0
2007-06-25 00:00:00-04:00,10.82717,11.05182,10.2816,10.2816,169600,0.0,0.0
2007-06-26 00:00:00-04:00,10.32171,11.18821,10.32171,11.1521,171200,0.0,0.0
2007-06-27 00:00:00-04:00,11.34867,11.67361,11.03577,11.23234,338400,0.0,0.0
2007-06-28 00:00:00-04:00,11.37675,11.37675,10.30968,11.06786,477800,0.0,0.0
2007-06-29 00:00:00-04:00,10.8713,11.44896,10.79107,11.33664,192400,0.0,0.0
2007-07-02 00:00:00-04:00,11.33263,11.49309,11.29251,11.42088,159800,0.0,0.0
2007-07-03 00:00:00-04:00,11.4249,11.53321,11.27246,11.43292,82600,0.0,0.0
2007-07-05 00:00:00-04:00,11.43292,11.51716,11.18019,11.37274,118400,0.0,0.0
2007-07-06 00:00:00-04:00,11.35268,11.43291,11.25239,11.27245,70000,0.0,0.0
2007-07-09 00:00:00-04:00,11.27245,11.48908,11.27245,11.41286,86600,0.0,0.0
2007-07-10 00:00:00-04:00,11.2524,11.51315,11.18019,11.45699,150600,0.0,0.0
2007-07-11 00:00:00-04:00,11.49309,11.71773,11.45297,11.45297,91200,0.0,0.0
2007-07-12 00:00:00-04:00,11.5332,12.49597,11.5332,12.44382,224200,0.0,0.0
2007-07-13 00:00:00-04:00,12.27534,12.41575,11.88622,12.13494,142200,0.0,0.0
2007-07-16 00:00:00-04:00,12.14697,12.31145,11.93436,12.03064,122200,0.0,0.0
2007-07-17 00:00:00-04:00,12.07476,12.61632,12.07476,12.33953,121600,0.0,0.0
2007-07-18 00:00:00-04:00,12.23523,12.53609,11.96244,12.4679,140400,0.0,0.0
2007-07-19 00:00:00-04:00,13.53898,14.73843,13.53898,14.25303,698200,0.0,0.0
2007-07-20 00:00:00-04:00,13.92008,14.6221,13.83985,14.00031,587600,0.0,0.0
2007-07-23 00:00:00-04:00,14.15274,14.38942,14.01635,14.06449,224600,0.0,0.0
2007-07-24 00:00:00-04:00,14.04042,14.14071,13.86793,14.0324,296600,0.0,0.0
2007-07-25 00:00:00-04:00,14.71436,14.71436,13.12177,13.20602,672800,0.0,0.0
2007-07-26 00:00:00-04:00,13.09771,13.49887,12.46389,12.86103,443800,0.0,0.0
2007-07-27 00:00:00-04:00,12.97736,14.06048,12.88109,13.37852,377600,0.0,0.0
2007-07-30 00:00:00-04:00,13.51893,13.92008,13.23812,13.56706,456200,0.0,0.0
2007-07-31 00:00:00-04:00,13.75962,14.00432,13.26219,13.49887,285600,0.0,0.0
2007-08-01 00:00:00-04:00,13.45875,13.48683,12.97336,13.18998,227400,0.0,0.0
2007-08-02 00:00:00-04:00,13.18997,13.31433,12.84899,13.14585,185400,0.0,0.0
2007-08-03 00:00:00-04:00,12.77679,13.01748,12.25528,12.37563,241000,0.0,0.0
2007-08-06 00:00:00-04:00,12.41173,12.79684,12.31546,12.53609,265000,0.0,0.0
2007-08-07 00:00:00-04:00,12.68853,12.82092,11.93436,12.49598,308800,0.0,0.0
2007-08-08 00:00:00-04:00,12.6765,12.83696,12.19511,12.83696,411000,0.0,0.0
2007-08-09 00:00:00-04:00,12.63638,12.73667,11.93436,12.08279,332800,0.0,0.0
2007-08-10 00:00:00-04:00,12.11889,12.57621,12.03465,12.19511,281200,0.0,0.0
2007-08-13 00:00:00-04:00,12.37563,13.53898,12.34354,13.51892,428600,0.0,0.0
2007-08-14 00:00:00-04:00,13.43869,13.53898,12.99742,12.99742,119200,0.0,0.0
2007-08-15 00:00:00-04:00,12.9573,13.43067,11.31257,11.38478,151800,0.0,0.0
2007-08-16 00:00:00-04:00,11.43292,14.64216,11.38478,14.64216,463000,0.0,0.0
2007-08-17 00:00:00-04:00,13.13782,14.50175,12.9573,12.99341,232400,0.0,0.0
2007-08-20 00:00:00-04:00,13.23812,13.25817,12.70057,13.11777,96400,0.0,0.0
2007-08-21 00:00:00-04:00,13.23811,13.3023,12.46388,12.83696,116800,0.0,0.0
2007-08-22 00:00:00-04:00,12.93725,13.26218,12.93725,13.12579,155800,0.0,0.0
2007-08-23 00:00:00-04:00,13.23811,13.23811,12.77679,12.84899,75200,0.0,0.0
2007-08-24 00:00:00-04:00,12.89713,12.89713,12.63237,12.84498,112400,0.0,0.0
2007-08-27 00:00:00-04:00,12.82893,12.82893,12.25929,12.75673,102400,0.0,0.0
2007-08-28 00:00:00-04:00,12.72464,12.79684,12.07476,12.21517,176000,0.0,0.0
2007-08-29 00:00:00-04:00,12.31173,12.8549,12.07435,12.8549,135200,0.045,0.0
2007-08-30 00:00:00-04:00,12.75431,13.15665,12.49279,12.53302,78200,0.0,0.0
2007-08-31 00:00:00-04:00,12.7342,12.79455,12.52498,12.62959,51800,0.0,0.0
2007-09-04 00:00:00-04:00,12.60142,12.95548,12.47267,12.88708,110200,0.0,0.0
2007-09-05 00:00:00-04:00,12.83075,12.87501,12.25138,12.40829,111800,0.0,0.0
2007-09-06 00:00:00-04:00,12.49278,13.04399,12.43243,13.04399,99200,0.0,0.0
2007-09-07 00:00:00-04:00,12.83478,12.9756,12.46462,12.49279,213600,0.0,0.0
2007-09-10 00:00:00-04:00,12.52095,12.87501,12.26747,12.63361,147200,0.0,0.0
2007-09-11 00:00:00-04:00,12.59337,13.15665,12.47267,13.0963,81400,0.0,0.0
2007-09-12 00:00:00-04:00,13.0963,13.48255,12.29564,12.53704,199600,0.0,0.0
2007-09-13 00:00:00-04:00,12.57325,12.87501,12.49279,12.60544,114200,0.0,0.0
2007-09-14 00:00:00-04:00,12.5129,12.74224,12.3922,12.57325,62600,0.0,0.0
2007-09-17 00:00:00-04:00,12.56118,12.81064,12.49279,12.60142,84400,0.0,0.0
2007-09-18 00:00:00-04:00,12.65373,13.65959,12.60544,13.65556,262000,0.0,0.0
2007-09-19 00:00:00-04:00,13.65958,14.08204,13.36185,14.08204,150200,0.0,0.0
2007-09-20 00:00:00-04:00,13.98146,14.08204,13.88087,14.01365,82600,0.0,0.0
2007-09-21 00:00:00-04:00,14.13435,14.13435,13.59923,13.78834,211200,0.0,0.0
2007-09-24 00:00:00-04:00,13.88087,14.2631,13.52279,13.82052,125400,0.0,0.0
2007-09-25 00:00:00-04:00,13.76018,13.79236,13.3015,13.40611,91800,0.0,0.0
2007-09-26 00:00:00-04:00,13.49865,14.21482,13.41818,13.88892,213200,0.0,0.0
2007-09-27 00:00:00-04:00,13.89294,13.89294,12.75029,12.9072,412800,0.0,0.0
2007-09-28 00:00:00-04:00,12.9072,13.21298,12.86697,12.89513,120800,0.0,0.0
2007-10-01 00:00:00-04:00,12.89915,13.57107,12.8388,13.37794,152400,0.0,0.0
2007-10-02 00:00:00-04:00,13.37794,14.13435,13.28138,14.01365,170600,0.0,0.0
2007-10-03 00:00:00-04:00,13.96134,13.96134,13.17677,13.48255,150400,0.0,0.0
2007-10-04 00:00:00-04:00,13.51072,13.71591,12.89513,13.26931,90000,0.0,0.0
2007-10-05 00:00:00-04:00,13.45841,14.27115,13.45841,14.05388,190000,0.0,0.0
2007-10-08 00:00:00-04:00,14.16251,14.72579,14.08204,14.72579,184800,0.0,0.0
2007-10-09 00:00:00-04:00,14.7258,14.7258,14.38381,14.45623,178800,0.0,0.0
2007-10-10 00:00:00-04:00,14.45623,14.76603,13.98146,14.71775,194600,0.0,0.0
2007-10-11 00:00:00-04:00,14.78615,14.78615,13.69177,14.12228,136800,0.0,0.0
2007-10-12 00:00:00-04:00,14.06192,14.67349,13.8688,14.54474,162600,0.0,0.0
2007-10-15 00:00:00-04:00,14.60509,14.67751,14.12228,14.48439,269000,0.0,0.0
2007-10-16 00:00:00-04:00,14.67751,14.87466,14.1263,14.34357,273600,0.0,0.0
2007-10-17 00:00:00-04:00,14.57291,14.87466,14.18263,14.72579,212400,0.0,0.0
2007-10-18 00:00:00-04:00,14.70568,15.07986,14.67752,14.91088,147800,0.0,0.0
2007-10-19 00:00:00-04:00,14.91087,14.91087,13.94525,14.00962,215000,0.0,0.0
2007-10-22 00:00:00-04:00,14.22286,15.22872,14.10216,15.04767,247000,0.0,0.0
2007-10-23 00:00:00-04:00,15.04767,15.08388,14.3838,14.8465,169200,0.0,0.0
2007-10-24 00:00:00-04:00,14.68556,15.26494,14.68556,15.12814,142000,0.0,0.0
2007-10-25 00:00:00-04:00,15.22872,15.26494,14.90685,14.9672,161200,0.0,0.0
2007-10-26 00:00:00-04:00,14.98732,15.26896,14.74591,15.08791,162800,0.0,0.0
2007-10-29 00:00:00-04:00,15.20861,15.26494,14.78615,14.94709,92600,0.0,0.0
2007-10-30 00:00:00-04:00,14.91087,15.20056,14.64533,14.9672,134800,0.0,0.0
2007-10-31 00:00:00-04:00,14.98732,15.48221,14.74592,15.47014,179800,0.0,0.0
2007-11-01 00:00:00-04:00,15.18849,15.21263,14.02169,14.08204,215400,0.0,0.0
2007-11-02 00:00:00-04:00,14.2631,14.94708,13.75212,14.82638,166400,0.0,0.0
2007-11-05 00:00:00-05:00,14.37576,14.7781,14.04986,14.48439,138400,0.0,0.0
2007-11-06 00:00:00-05:00,14.48439,14.95916,14.2108,14.95916,151800,0.0,0.0
2007-11-07 00:00:00-05:00,15.07986,15.07986,14.68154,14.76603,191400,0.0,0.0
2007-11-08 00:00:00-05:00,14.86662,15.07986,14.42002,14.90685,139200,0.0,0.0
2007-11-09 00:00:00-05:00,14.72579,15.05974,14.22689,14.42404,180200,0.0,0.0
2007-11-12 00:00:00-05:00,14.43611,14.74993,14.16251,14.37978,189400,0.0,0.0
2007-11-13 00:00:00-05:00,14.61716,15.32529,14.40392,15.26493,196400,0.0,0.0
2007-11-14 00:00:00-05:00,15.28909,15.47819,15.07584,15.40979,125200,0.0,0.0
2007-11-15 00:00:00-05:00,15.36552,15.40978,14.11825,14.20275,191400,0.0,0.0
2007-11-16 00:00:00-05:00,14.22286,15.42989,14.08204,15.42989,207600,0.0,0.0
2007-11-19 00:00:00-05:00,15.28908,15.3092,14.58498,14.90685,177000,0.0,0.0
2007-11-20 00:00:00-05:00,14.8465,15.0879,14.57693,14.70568,89400,0.0,0.0
2007-11-21 00:00:00-05:00,14.64935,14.98329,14.3838,14.67349,155000,0.0,0.0
2007-11-23 00:00:00-05:00,14.70567,15.31321,14.70567,15.277,67400,0.0,0.0
2007-11-26 00:00:00-05:00,15.32931,15.87247,14.33552,14.40392,256600,0.0,0.0
2007-11-27 00:00:00-05:00,14.52462,15.35345,14.44416,14.94709,218200,0.0,0.0
2007-11-28 00:00:00-05:00,15.02371,15.75776,15.02371,15.68516,246200,0.045,0.0
2007-11-29 00:00:00-05:00,15.70937,16.53617,15.54804,16.37485,233600,0.0,0.0
2007-11-30 00:00:00-05:00,16.33854,16.52003,15.71743,15.72953,623400,0.0,0.0
2007-12-03 00:00:00-05:00,15.31008,15.62467,15.31008,15.37461,202200,0.0,0.0
2007-12-04 00:00:00-05:00,15.3262,16.12075,14.93498,15.10438,109200,0.0,0.0
2007-12-05 00:00:00-05:00,15.36251,15.71339,15.24958,15.48754,74200,0.0,0.0
2007-12-06 00:00:00-05:00,15.48754,16.60473,15.34234,16.56037,242000,0.0,0.0
2007-12-07 00:00:00-05:00,16.5765,17.05646,16.06832,16.58457,163200,0.0,0.0
2007-12-10 00:00:00-05:00,16.65716,17.11292,16.04815,16.94756,216400,0.0,0.0
2007-12-11 00:00:00-05:00,17.04033,17.34686,16.39502,16.42325,139200,0.0,0.0
2007-12-12 00:00:00-05:00,16.33451,16.9637,16.29821,16.57247,125600,0.0,0.0
2007-12-13 00:00:00-05:00,16.17721,16.42727,15.85859,16.07235,195400,0.0,0.0
2007-12-14 00:00:00-05:00,15.91103,16.6975,15.91103,16.23368,142200,0.0,0.0
2007-12-17 00:00:00-05:00,16.07237,16.24983,15.47545,15.51175,148800,0.0,0.0
2007-12-18 00:00:00-05:00,15.93119,16.02798,15.32217,15.72953,214200,0.0,0.0
2007-12-19 00:00:00-05:00,15.6892,16.53617,15.6287,16.18932,126200,0.0,0.0
2007-12-20 00:00:00-05:00,16.15302,16.25385,15.88683,16.25385,150000,0.0,0.0
2007-12-21 00:00:00-05:00,16.73782,17.16534,16.3345,16.99998,345600,0.0,0.0
2007-12-24 00:00:00-05:00,17.08065,17.5848,17.00402,17.38314,62200,0.0,0.0
2007-12-26 00:00:00-05:00,17.24198,18.7262,17.14518,18.57294,211200,0.0,0.0
2007-12-27 00:00:00-05:00,18.55279,18.55682,16.94757,16.95967,226400,0.0,0.0
2007-12-28 00:00:00-05:00,17.39525,18.14946,17.18955,17.86713,372000,0.0,0.0
2007-12-31 00:00:00-05:00,17.94779,18.15349,17.20165,18.12929,244000,0.0,0.0
2008-01-02 00:00:00-05:00,18.13736,18.43178,17.15729,17.98813,357600,0.0,0.0
2008-01-03 00:00:00-05:00,18.29062,18.29868,17.68563,17.68563,245000,0.0,0.0
2008-01-04 00:00:00-05:00,17.68161,17.8026,16.879,16.9395,337800,0.0,0.0
2008-01-07 00:00:00-05:00,16.71767,17.78647,16.71767,17.46382,229600,0.0,0.0
2008-01-08 00:00:00-05:00,17.30249,17.30249,16.11269,16.18932,353800,0.0,0.0
2008-01-09 00:00:00-05:00,16.13689,16.29015,15.25361,16.25385,443200,0.0,0.0
2008-01-10 00:00:00-05:00,16.53618,16.9153,15.85053,16.49585,162200,0.0,0.0
2008-01-11 00:00:00-05:00,16.16915,16.53214,15.83843,15.97152,180200,0.0,0.0
2008-01-14 00:00:00-05:00,15.76986,16.29418,15.20925,15.66903,255200,0.0,0.0
2008-01-15 00:00:00-05:00,15.41897,16.02395,14.99145,15.85859,259400,0.0,0.0
2008-01-16 00:00:00-05:00,15.84246,16.10058,15.48754,15.70936,212600,0.0,0.0
2008-01-17 00:00:00-05:00,15.66903,15.89085,14.63249,14.64862,183600,0.0,0.0
2008-01-18 00:00:00-05:00,14.73332,14.96725,13.95895,14.72122,252800,0.0,0.0
2008-01-22 00:00:00-05:00,14.10414,15.22537,14.10414,15.16487,216600,0.0,0.0
2008-01-23 00:00:00-05:00,15.08421,16.07638,14.58006,16.05622,311400,0.0,0.0
2008-01-24 00:00:00-05:00,16.17317,16.516,15.67306,15.75775,243000,0.0,0.0
2008-01-25 00:00:00-05:00,15.75776,16.21351,15.40687,15.58433,152600,0.0,0.0
2008-01-28 00:00:00-05:00,15.6892,16.01186,15.37461,15.66903,141800,0.0,0.0
2008-01-29 00:00:00-05:00,15.7981,16.33451,15.44317,15.5682,102200,0.0,0.0
2008-01-30 00:00:00-05:00,15.62063,15.6529,14.95112,15.03178,139400,0.0,0.0
2008-01-31 00:00:00-05:00,14.92288,15.66499,14.66475,15.34636,245000,0.0,0.0
2008-02-01 00:00:00-05:00,15.32621,15.85456,14.90272,15.66097,158200,0.0,0.0
2008-02-04 00:00:00-05:00,15.33024,15.79003,15.22134,15.29394,217400,0.0,0.0
2008-02-05 00:00:00-05:00,15.84649,16.33451,15.27781,15.39881,246000,0.0,0.0
2008-02-06 00:00:00-05:00,15.45124,16.06429,15.22538,15.49964,164600,0.0,0.0
2008-02-07 00:00:00-05:00,15.44317,15.54803,15.07212,15.52787,202400,0.0,0.0
2008-02-08 00:00:00-05:00,15.54803,15.72146,15.31814,15.4714,169200,0.0,0.0
2008-02-11 00:00:00-05:00,15.48753,15.52786,15.2294,15.28587,158200,0.0,0.0
2008-02-12 00:00:00-05:00,15.16488,15.99169,15.16488,15.42704,213600,0.0,0.0
2008-02-13 00:00:00-05:00,15.54804,15.72953,15.39881,15.7013,182000,0.0,0.0
2008-02-14 00:00:00-05:00,15.70532,15.72952,15.302,15.34636,88600,0.0,0.0
2008-02-15 00:00:00-05:00,15.34637,15.6408,15.30604,15.39477,231400,0.0,0.0
2008-02-19 00:00:00-05:00,15.28991,15.66097,15.28991,15.47544,216400,0.0,0.0
2008-02-20 00:00:00-05:00,15.3988,16.03202,15.3988,15.99169,250200,0.0,0.0
2008-02-21 00:00:00-05:00,16.07235,16.49584,16.07235,16.33451,217200,0.0,0.0
2008-02-22 00:00:00-05:00,16.20544,16.32644,15.62869,16.21351,159600,0.0,0.0
2008-02-25 00:00:00-05:00,16.05219,16.51197,15.92312,16.14092,177800,0.0,0.0
2008-02-26 00:00:00-05:00,16.06429,16.87093,16.01186,16.37485,151600,0.0,0.0
2008-02-27 00:00:00-05:00,16.26975,16.69418,16.1687,16.1687,90800,0.045,0.0
2008-02-28 00:00:00-05:00,16.08785,16.12827,15.74427,15.99084,180600,0.0,0.0
2008-02-29 00:00:00-05:00,15.80489,15.80489,15.23495,15.42897,135800,0.0,0.0
2008-03-03 00:00:00-05:00,15.36026,15.72406,15.13794,15.48153,137800,0.0,0.0
2008-03-04 00:00:00-05:00,15.35217,15.76043,15.34005,15.64321,190000,0.0,0.0
2008-03-05 00:00:00-05:00,15.64322,16.00297,15.5745,15.82107,88200,0.0,0.0
2008-03-06 00:00:00-05:00,15.76447,16.14848,15.40068,15.40068,94200,0.0,0.0
2008-03-07 00:00:00-05:00,15.2592,15.76447,15.2592,15.4411,88800,0.0,0.0
2008-03-10 00:00:00-04:00,15.623,15.623,14.8469,14.8954,109600,0.0,0.0
2008-03-11 00:00:00-04:00,15.36026,15.61491,15.21474,15.61491,134600,0.0,0.0
2008-03-12 00:00:00-04:00,15.66342,16.28592,15.66342,15.71597,126600,0.0,0.0
2008-03-13 00:00:00-04:00,15.52194,16.2657,15.33196,16.1889,62400,0.0,0.0
2008-03-14 00:00:00-04:00,16.31017,16.63758,15.73214,16.28996,123600,0.0,0.0
2008-03-17 00:00:00-04:00,15.79682,16.67397,15.79682,16.20912,165200,0.0,0.0
2008-03-18 00:00:00-04:00,16.14848,16.92862,16.14848,16.87607,138400,0.0,0.0
2008-03-19 00:00:00-04:00,16.97712,17.09839,16.36675,16.5729,123800,0.0,0.0
2008-03-20 00:00:00-04:00,16.16465,17.27625,16.16465,16.99734,457600,0.0,0.0
2008-03-24 00:00:00-04:00,17.10243,18.12914,17.10243,17.84619,164400,0.0,0.0
2008-03-25 00:00:00-04:00,18.08064,18.53337,17.65217,18.35147,197600,0.0,0.0
2008-03-26 00:00:00-04:00,18.02001,18.20999,17.61175,17.82598,193000,0.0,0.0
2008-03-27 00:00:00-04:00,17.62791,19.15989,17.62791,18.80014,362200,0.0,0.0
2008-03-28 00:00:00-04:00,18.85673,18.86886,17.07818,17.07818,651000,0.0,0.0
2008-03-31 00:00:00-04:00,17.23987,17.98363,17.19136,17.46218,217600,0.0,0.0
2008-04-01 00:00:00-04:00,18.14936,18.67484,17.7896,18.67484,208600,0.0,0.0
2008-04-02 00:00:00-04:00,18.54145,19.05884,17.96746,18.88907,136800,0.0,0.0
2008-04-03 00:00:00-04:00,18.75568,19.09927,18.1251,18.51315,163000,0.0,0.0
2008-04-04 00:00:00-04:00,18.51315,18.81631,17.90683,18.43231,226600,0.0,0.0
2008-04-07 00:00:00-04:00,18.59399,18.65462,18.11701,18.23019,83600,0.0,0.0
2008-04-08 00:00:00-04:00,18.11702,18.65058,18.11702,18.23828,108400,0.0,0.0
2008-04-09 00:00:00-04:00,18.37168,18.73144,17.74515,17.86237,198000,0.0,0.0
2008-04-10 00:00:00-04:00,18.06852,18.48891,17.76536,18.26254,89600,0.0,0.0
2008-04-11 00:00:00-04:00,18.10893,18.16956,17.21561,17.36113,168600,0.0,0.0
2008-04-14 00:00:00-04:00,17.19541,17.83003,16.71843,16.98521,189400,0.0,0.0
2008-04-15 00:00:00-04:00,17.21157,17.42581,16.77502,16.84777,181200,0.0,0.0
2008-04-16 00:00:00-04:00,20.08152,20.96675,19.04268,20.21087,1750600,0.0,0.0
2008-04-17 00:00:00-04:00,19.32967,20.31192,18.85673,20.31192,716200,0.0,0.0
2008-04-18 00:00:00-04:00,20.21491,20.68785,19.03056,20.08961,499200,0.0,0.0
2008-04-21 00:00:00-04:00,20.51403,20.55041,19.40647,20.12194,472800,0.0,0.0
2008-04-22 00:00:00-04:00,20.21086,20.36042,19.62475,20.28362,305200,0.0,0.0
2008-04-23 00:00:00-04:00,20.2149,20.87782,19.93195,20.56657,470200,0.0,0.0
2008-04-24 00:00:00-04:00,20.57466,20.71614,19.98855,20.21895,463000,0.0,0.0
2008-04-25 00:00:00-04:00,20.46148,20.79698,19.85515,20.61508,319600,0.0,0.0
2008-04-28 00:00:00-04:00,20.75656,21.18099,20.38873,20.9991,317600,0.0,0.0
2008-04-29 00:00:00-04:00,21.0961,21.20119,19.80664,20.79698,209400,0.0,0.0
2008-04-30 00:00:00-04:00,20.56253,21.29821,20.48573,21.0476,398800,0.0,0.0
2008-05-01 00:00:00-04:00,20.90208,21.64584,20.90208,21.29013,254400,0.0,0.0
2008-05-02 00:00:00-04:00,21.74286,22.23196,21.2578,21.34672,209200,0.0,0.0
2008-05-05 00:00:00-04:00,21.4801,21.70647,21.21332,21.21332,148400,0.0,0.0
2008-05-06 00:00:00-04:00,21.21332,21.26183,20.62317,20.88591,241000,0.0,0.0
2008-05-07 00:00:00-04:00,20.8657,20.9708,20.02897,20.08961,231200,0.0,0.0
2008-05-08 00:00:00-04:00,20.29979,20.29979,19.9077,20.15023,202800,0.0,0.0
2008-05-09 00:00:00-04:00,19.91174,20.82528,19.9077,20.66359,209800,0.0,0.0
2008-05-12 00:00:00-04:00,20.74039,21.40331,20.49382,20.93846,216000,0.0,0.0
2008-05-13 00:00:00-04:00,20.99909,21.22141,20.58275,20.74443,158000,0.0,0.0
2008-05-14 00:00:00-04:00,20.93442,21.01526,20.38468,20.38468,76200,0.0,0.0
2008-05-15 00:00:00-04:00,20.42914,20.61508,20.00875,20.40489,111000,0.0,0.0
2008-05-16 00:00:00-04:00,20.30384,20.7889,19.28117,20.07343,392400,0.0,0.0
2008-05-19 00:00:00-04:00,20.02493,20.10577,19.18011,19.30138,187800,0.0,0.0
2008-05-20 00:00:00-04:00,19.32968,19.65709,18.68293,19.52774,238400,0.0,0.0
2008-05-21 00:00:00-04:00,19.41051,20.00876,19.0831,19.10735,207200,0.0,0.0
2008-05-22 00:00:00-04:00,19.01034,19.41052,18.73547,18.94567,212600,0.0,0.0
2008-05-23 00:00:00-04:00,18.87695,18.99821,18.17361,18.57379,295200,0.0,0.0
2008-05-27 00:00:00-04:00,18.42827,18.87695,18.2302,18.83653,167800,0.0,0.0
2008-05-28 00:00:00-04:00,19.10788,19.30633,18.48013,19.23748,156800,0.045,0.0
2008-05-29 00:00:00-04:00,19.13623,19.64248,19.11598,19.38733,133600,0.0,0.0
2008-05-30 00:00:00-04:00,19.39947,20.21352,19.18482,19.90572,257800,0.0,0.0
2008-06-02 00:00:00-04:00,20.01912,20.14872,19.36707,20.00697,137000,0.0,0.0
2008-06-03 00:00:00-04:00,20.20543,20.51323,19.70323,19.94623,200400,0.0,0.0
2008-06-04 00:00:00-04:00,19.94622,20.52132,19.86522,20.12847,209200,0.0,0.0
2008-06-05 00:00:00-04:00,20.54967,21.20172,20.37957,20.55372,238600,0.0,0.0
2008-06-06 00:00:00-04:00,19.95432,20.55777,19.62222,19.62222,163000,0.0,0.0
2008-06-09 00:00:00-04:00,19.63033,20.35123,19.40353,19.68298,96200,0.0,0.0
2008-06-10 00:00:00-04:00,19.56958,19.97863,19.07548,19.68298,135800,0.0,0.0
2008-06-11 00:00:00-04:00,19.68297,20.14062,18.93777,19.51287,161800,0.0,0.0
2008-06-12 00:00:00-04:00,19.64248,20.30263,19.61413,19.68298,78000,0.0,0.0
2008-06-13 00:00:00-04:00,19.84497,20.08797,19.76802,20.04747,86000,0.0,0.0
2008-06-16 00:00:00-04:00,20.04747,20.14872,19.75182,20.12847,84000,0.0,0.0
2008-06-17 00:00:00-04:00,20.89392,20.90202,20.12847,20.26617,211400,0.0,0.0
2008-06-18 00:00:00-04:00,20.24593,20.24593,19.91788,19.95433,109200,0.0,0.0
2008-06-19 00:00:00-04:00,20.10013,20.10013,19.53718,19.98268,109800,0.0,0.0
2008-06-20 00:00:00-04:00,19.44808,19.95838,19.44808,19.64248,208200,0.0,0.0
2008-06-23 00:00:00-04:00,19.68297,19.73967,19.07547,19.19697,100400,0.0,0.0
2008-06-24 00:00:00-04:00,19.26583,19.26583,18.62998,18.66238,138600,0.0,0.0
2008-06-25 00:00:00-04:00,18.63403,19.25368,18.23713,19.24558,287000,0.0,0.0
2008-06-26 00:00:00-04:00,18.84463,19.59793,18.72718,19.24153,232000,0.0,0.0
2008-06-27 00:00:00-04:00,19.11599,20.00698,19.11599,19.36304,564400,0.0,0.0
2008-06-30 00:00:00-04:00,20.63068,20.66713,19.94623,20.46463,433400,0.0,0.0
2008-07-01 00:00:00-04:00,20.42817,21.20172,20.35122,21.04377,330400,0.0,0.0
2008-07-02 00:00:00-04:00,21.18958,21.27058,20.65498,20.81293,353600,0.0,0.0
2008-07-03 00:00:00-04:00,20.83722,21.12072,20.57397,20.85747,174400,0.0,0.0
2008-07-07 00:00:00-04:00,21.05592,21.23817,20.81698,20.88177,259400,0.0,0.0
2008-07-08 00:00:00-04:00,20.99518,21.46498,20.49703,21.44068,312000,0.0,0.0
2008-07-09 00:00:00-04:00,21.26652,21.74442,20.39172,20.63067,277000,0.0,0.0
2008-07-10 00:00:00-04:00,20.63067,21.20577,20.59827,21.10047,345800,0.0,0.0
2008-07-11 00:00:00-04:00,20.82103,21.64722,20.69548,21.34348,216600,0.0,0.0
2008-07-14 00:00:00-04:00,21.71607,21.71607,21.11262,21.26247,182400,0.0,0.0
2008-07-15 00:00:00-04:00,21.06807,21.26247,20.29047,21.00327,411600,0.0,0.0
2008-07-16 00:00:00-04:00,20.91012,21.04377,20.43627,21.02352,195200,0.0,0.0
2008-07-17 00:00:00-04:00,21.35156,21.73226,20.72381,21.23816,221200,0.0,0.0
2008-07-18 00:00:00-04:00,21.23818,21.42448,20.61043,20.77648,342400,0.0,0.0
2008-07-21 00:00:00-04:00,21.97932,23.44542,20.99922,23.00397,1809800,0.0,0.0
2008-07-22 00:00:00-04:00,22.29117,23.24292,21.86998,22.85412,641200,0.0,0.0
2008-07-23 00:00:00-04:00,23.06472,23.36847,22.11297,22.39243,434000,0.0,0.0
2008-07-24 00:00:00-04:00,22.35597,22.48557,21.18148,21.35968,566600,0.0,0.0
2008-07-25 00:00:00-04:00,21.67557,21.74037,21.08022,21.52572,442800,0.0,0.0
2008-07-28 00:00:00-04:00,21.56622,22.62327,21.42448,22.04007,523600,0.0,0.0
2008-07-29 00:00:00-04:00,22.04007,23.29557,22.04007,23.14572,627000,0.0,0.0
2008-07-30 00:00:00-04:00,23.18622,23.61552,22.61517,23.55072,530000,0.0,0.0
2008-07-31 00:00:00-04:00,23.69652,23.99623,22.78528,22.81363,304800,0.0,0.0
2008-08-01 00:00:00-04:00,22.73262,23.08497,21.86997,22.30737,347600,0.0,0.0
2008-08-04 00:00:00-04:00,22.46937,22.67997,21.50952,21.57027,426800,0.0,0.0
2008-08-05 00:00:00-04:00,21.89022,23.21052,21.64722,22.75692,550600,0.0,0.0
2008-08-06 00:00:00-04:00,22.86222,23.41707,22.44507,23.12142,388400,0.0,0.0
2008-08-07 00:00:00-04:00,22.87842,24.09747,22.56252,23.70867,502600,0.0,0.0
2008-08-08 00:00:00-04:00,23.41302,25.06947,23.32797,24.49032,477400,0.0,0.0
2008-08-11 00:00:00-04:00,24.44172,25.40967,24.15822,24.18657,554400,0.0,0.0
2008-08-12 00:00:00-04:00,24.25542,24.88317,23.87067,23.89902,341600,0.0,0.0
2008-08-13 00:00:00-04:00,23.89497,24.16632,23.33202,23.43732,563200,0.0,0.0
2008-08-14 00:00:00-04:00,23.27127,23.75727,23.19027,23.33607,268000,0.0,0.0
2008-08-15 00:00:00-04:00,23.49808,23.77348,21.46498,21.46903,653400,0.0,0.0
2008-08-18 00:00:00-04:00,21.48118,21.88213,20.42008,20.65498,1004600,0.0,0.0
2008-08-19 00:00:00-04:00,20.60232,21.06402,20.26212,20.50107,375000,0.0,0.0
2008-08-20 00:00:00-04:00,20.69953,21.30298,20.52133,20.74813,274400,0.0,0.0
2008-08-21 00:00:00-04:00,20.74003,20.80483,19.23748,19.63843,672800,0.0,0.0
2008-08-22 00:00:00-04:00,19.64653,20.20948,19.57363,19.70728,282800,0.0,0.0
2008-08-25 00:00:00-04:00,19.80042,19.80042,18.73122,19.03902,385600,0.0,0.0
2008-08-26 00:00:00-04:00,19.24962,19.34682,18.66238,18.74743,284600,0.0,0.0
2008-08-27 00:00:00-04:00,18.65405,19.36449,18.53632,19.19398,271400,0.055,0.0
2008-08-28 00:00:00-04:00,19.28736,19.52688,18.89357,19.23458,189200,0.0,0.0
2008-08-29 00:00:00-04:00,19.22646,19.22646,18.55256,18.69059,328800,0.0,0.0
2008-09-02 00:00:00-04:00,19.06407,19.2021,18.48354,18.71088,351400,0.0,0.0
2008-09-03 00:00:00-04:00,18.71495,19.5147,18.71495,19.09656,453200,0.0,0.0
2008-09-04 00:00:00-04:00,19.17775,19.48222,18.53226,18.87733,629800,0.0,0.0
2008-09-05 00:00:00-04:00,18.719,18.86921,17.88272,18.32928,646800,0.0,0.0
2008-09-08 00:00:00-04:00,18.50385,19.21429,18.3577,18.87328,396200,0.0,0.0
2008-09-09 00:00:00-04:00,18.65811,18.8002,18.0654,18.17095,501000,0.0,0.0
2008-09-10 00:00:00-04:00,18.14253,18.89357,17.78935,18.66623,343000,0.0,0.0
2008-09-11 00:00:00-04:00,18.04511,18.89763,18.04511,18.7799,200200,0.0,0.0
2008-09-12 00:00:00-04:00,18.62564,19.47004,18.62564,19.00318,195200,0.0,0.0
2008-09-15 00:00:00-04:00,18.67841,18.97071,17.39151,17.45646,439200,0.0,0.0
2008-09-16 00:00:00-04:00,17.10327,19.36449,17.10327,19.2021,798600,0.0,0.0
2008-09-17 00:00:00-04:00,18.79208,19.2833,17.80559,17.8949,444200,0.0,0.0
2008-09-18 00:00:00-04:00,18.08976,19.55123,17.46052,19.55123,405000,0.0,0.0
2008-09-19 00:00:00-04:00,20.0181,20.75695,19.50252,20.7123,612200,0.0,0.0
2008-09-22 00:00:00-04:00,20.77724,21.11013,18.77584,19.10873,308000,0.0,0.0
2008-09-23 00:00:00-04:00,19.07626,19.1128,18.42672,18.61752,171800,0.0,0.0
2008-09-24 00:00:00-04:00,18.61752,18.80833,18.06947,18.28463,137000,0.0,0.0
2008-09-25 00:00:00-04:00,18.26838,19.46598,18.18313,19.01536,232400,0.0,0.0
2008-09-26 00:00:00-04:00,18.48355,19.26706,18.46731,19.22647,218200,0.0,0.0
2008-09-29 00:00:00-04:00,18.7596,19.18992,18.18719,18.39017,452200,0.0,0.0
2008-09-30 00:00:00-04:00,18.65812,19.06002,18.43078,19.06002,619000,0.0,0.0
2008-10-01 00:00:00-04:00,18.87328,19.08032,17.93144,18.82456,381400,0.0,0.0
2008-10-02 00:00:00-04:00,18.73119,18.82456,16.5471,16.87188,579600,0.0,0.0
2008-10-03 00:00:00-04:00,17.35496,17.72033,16.81909,17.1195,346000,0.0,0.0
2008-10-06 00:00:00-04:00,16.45778,16.45778,14.2331,15.77576,460600,0.0,0.0
2008-10-07 00:00:00-04:00,15.75548,16.07619,14.31024,15.18307,411400,0.0,0.0
2008-10-08 00:00:00-04:00,14.32242,14.55788,13.16948,13.22225,709200,0.0,0.0
2008-10-09 00:00:00-04:00,13.57138,14.10726,12.69856,12.76757,367600,0.0,0.0
2008-10-10 00:00:00-04:00,12.11397,14.25341,11.56998,14.22093,1066600,0.0,0.0
2008-10-13 00:00:00-04:00,14.81769,16.14519,14.81769,16.14519,151200,0.0,0.0
2008-10-14 00:00:00-04:00,16.79068,17.16823,14.53758,15.28861,434400,0.0,0.0
2008-10-15 00:00:00-04:00,15.3901,15.62962,13.13294,13.13294,603600,0.0,0.0
2008-10-16 00:00:00-04:00,11.93129,11.93129,8.95963,9.33718,3160200,0.0,0.0
2008-10-17 00:00:00-04:00,9.82027,10.24247,9.43867,9.77562,1660600,0.0,0.0
2008-10-20 00:00:00-04:00,10.14911,10.94074,9.7472,10.49824,893200,0.0,0.0
2008-10-21 00:00:00-04:00,10.34397,10.39268,9.48332,9.71066,1044000,0.0,0.0
2008-10-22 00:00:00-04:00,9.62135,10.12475,9.33717,9.57669,859200,0.0,0.0
2008-10-23 00:00:00-04:00,9.41431,9.74314,8.23296,8.83784,844400,0.0,0.0
2008-10-24 00:00:00-04:00,8.20048,8.84596,7.82293,8.6105,799600,0.0,0.0
2008-10-27 00:00:00-04:00,8.49277,8.83784,7.77827,7.78233,640200,0.0,0.0
2008-10-28 00:00:00-04:00,8.13958,8.70387,7.45756,8.70387,580800,0.0,0.0
2008-10-29 00:00:00-04:00,8.57802,9.99078,7.13685,9.44273,874200,0.0,0.0
2008-10-30 00:00:00-04:00,10.00702,10.02731,9.4549,10.02731,442400,0.0,0.0
2008-10-31 00:00:00-04:00,9.9583,10.39675,9.68631,10.2303,307800,0.0,0.0
2008-11-03 00:00:00-05:00,9.96236,10.2303,9.68225,10.15723,387000,0.0,0.0
2008-11-04 00:00:00-05:00,10.08821,10.13693,9.48333,9.7675,454200,0.0,0.0
2008-11-05 00:00:00-05:00,9.33718,9.84869,9.0733,9.45085,272400,0.0,0.0
2008-11-06 00:00:00-05:00,9.20321,9.57669,9.17885,9.18697,333400,0.0,0.0
2008-11-07 00:00:00-05:00,9.25192,9.75938,9.05706,9.5158,214400,0.0,0.0
2008-11-10 00:00:00-05:00,9.76344,10.33179,9.7269,9.7472,260000,0.0,0.0
2008-11-11 00:00:00-05:00,9.77968,10.32367,9.51986,9.89335,290800,0.0,0.0
2008-11-12 00:00:00-05:00,9.75532,9.75532,9.16667,9.30064,385800,0.0,0.0
2008-11-13 00:00:00-05:00,9.43866,11.16401,9.16261,11.16401,694600,0.0,0.0
2008-11-14 00:00:00-05:00,10.95697,11.16402,9.62135,9.71066,597800,0.0,0.0
2008-11-17 00:00:00-05:00,9.73908,10.02326,9.51986,9.74314,290600,0.0,0.0
2008-11-18 00:00:00-05:00,9.75938,10.19376,9.5158,9.96642,370800,0.0,0.0
2008-11-19 00:00:00-05:00,9.97048,10.41704,9.33718,9.33718,360400,0.0,0.0
2008-11-20 00:00:00-05:00,9.21944,9.88523,8.82972,9.0327,447200,0.0,0.0
2008-11-21 00:00:00-05:00,9.25598,9.31282,8.22078,9.24786,519200,0.0,0.0
2008-11-24 00:00:00-05:00,9.74314,11.7283,9.02864,11.43601,777800,0.0,0.0
2008-11-25 00:00:00-05:00,11.11936,11.75672,10.97321,11.55374,598200,0.0,0.0
2008-11-26 00:00:00-05:00,11.28069,12.75191,11.15843,12.32807,324600,0.055,0.0
2008-11-28 00:00:00-05:00,12.16505,12.78451,12.11207,12.78451,80800,0.0,0.0
2008-12-01 00:00:00-05:00,12.37697,12.47071,10.17218,10.32297,305800,0.0,0.0
2008-12-02 00:00:00-05:00,11.12582,11.96128,10.9139,11.96128,377200,0.0,0.0
2008-12-03 00:00:00-05:00,10.94243,11.98981,10.60825,10.82424,578200,0.0,0.0
2008-12-04 00:00:00-05:00,10.7998,10.95874,10.31482,10.68568,630200,0.0,0.0
2008-12-05 00:00:00-05:00,10.6001,11.20733,10.1355,11.20733,260600,0.0,0.0
2008-12-08 00:00:00-05:00,11.48038,13.29801,11.48038,12.703,711200,0.0,0.0
2008-12-09 00:00:00-05:00,12.59704,12.77636,11.92053,11.99796,306800,0.0,0.0
2008-12-10 00:00:00-05:00,12.19358,12.54406,11.892,12.27101,173600,0.0,0.0
2008-12-11 00:00:00-05:00,11.92868,12.35252,11.28069,11.45186,243000,0.0,0.0
2008-12-12 00:00:00-05:00,11.00356,12.38512,10.90168,12.36474,244400,0.0,0.0
2008-12-15 00:00:00-05:00,11.87162,12.60519,11.43555,11.73306,169000,0.0,0.0
2008-12-16 00:00:00-05:00,11.892,13.12277,11.82272,13.12277,602000,0.0,0.0
2008-12-17 00:00:00-05:00,12.49108,12.49108,11.71676,11.81049,485000,0.0,0.0
2008-12-18 00:00:00-05:00,11.82272,12.48293,11.55782,11.70861,584000,0.0,0.0
2008-12-19 00:00:00-05:00,12.12429,12.42995,11.93275,12.1406,529000,0.0,0.0
2008-12-22 00:00:00-05:00,12.06724,12.18135,11.4111,12.02241,363400,0.0,0.0
2008-12-23 00:00:00-05:00,12.12837,12.49516,12.08354,12.42587,567800,0.0,0.0
2008-12-24 00:00:00-05:00,12.4055,12.42587,12.05501,12.11207,237000,0.0,0.0
2008-12-26 00:00:00-05:00,12.17727,12.46663,12.12429,12.32399,321200,0.0,0.0
2008-12-29 00:00:00-05:00,12.63372,14.2598,12.53184,14.22313,1143000,0.0,0.0
2008-12-30 00:00:00-05:00,13.9623,14.20682,11.69638,11.71268,1521000,0.0,0.0
2008-12-31 00:00:00-05:00,11.92052,12.06724,11.21956,11.82679,835000,0.0,0.0
2009-01-02 00:00:00-05:00,11.86347,12.9516,11.77788,12.65409,530400,0.0,0.0
2009-01-05 00:00:00-05:00,12.61334,12.63372,11.81864,11.88792,586000,0.0,0.0
2009-01-06 00:00:00-05:00,11.98981,12.29139,11.21141,11.41111,746800,0.0,0.0
2009-01-07 00:00:00-05:00,11.23586,11.30514,10.59602,11.01986,613000,0.0,0.0
2009-01-08 00:00:00-05:00,10.95059,11.39073,10.7998,11.02802,574000,0.0,0.0
2009-01-09 00:00:00-05:00,11.07692,11.1951,10.4167,10.78757,368600,0.0,0.0
2009-01-12 00:00:00-05:00,10.79572,10.79572,10.12735,10.43301,650000,0.0,0.0
2009-01-13 00:00:00-05:00,10.35965,10.59195,10.21293,10.48191,451800,0.0,0.0
2009-01-14 00:00:00-05:00,10.33112,10.3352,9.46306,9.54865,591200,0.0,0.0
2009-01-15 00:00:00-05:00,9.78094,10.50637,9.16964,10.25777,497800,0.0,0.0
2009-01-16 00:00:00-05:00,10.44116,10.53489,9.39378,9.95619,366600,0.0,0.0
2009-01-20 00:00:00-05:00,9.77687,9.838,9.3734,9.45491,435000,0.0,0.0
2009-01-21 00:00:00-05:00,9.80947,9.96434,9.3408,9.93581,333600,0.0,0.0
2009-01-22 00:00:00-05:00,9.37748,9.73204,9.24299,9.50789,425200,0.0,0.0
2009-01-23 00:00:00-05:00,9.50382,10.21701,9.44269,9.63423,325000,0.0,0.0
2009-01-26 00:00:00-05:00,9.67906,10.1029,9.36118,9.54865,180800,0.0,0.0
2009-01-27 00:00:00-05:00,9.56088,9.86653,9.49567,9.61793,160800,0.0,0.0
2009-01-28 00:00:00-05:00,9.622,10.26999,9.55272,10.26591,317200,0.0,0.0
2009-01-29 00:00:00-05:00,10.09882,10.19256,9.75241,9.77687,242000,0.0,0.0
2009-01-30 00:00:00-05:00,9.98471,10.15996,9.43454,9.61385,191200,0.0,0.0
2009-02-02 00:00:00-05:00,9.41823,9.60978,9.16964,9.41416,279400,0.0,0.0
2009-02-03 00:00:00-05:00,9.48344,10.05807,9.42638,9.89913,395400,0.0,0.0
2009-02-04 00:00:00-05:00,9.88283,10.54711,9.78502,9.81762,286600,0.0,0.0
2009-02-05 00:00:00-05:00,10.99949,12.44626,10.80387,12.43403,1243800,0.0,0.0
2009-02-06 00:00:00-05:00,11.89608,12.32399,11.74529,11.80642,506400,0.0,0.0
2009-02-09 00:00:00-05:00,11.83902,12.03871,11.64747,11.85532,419800,0.0,0.0
2009-02-10 00:00:00-05:00,11.76973,12.22618,11.58227,11.94498,575400,0.0,0.0
2009-02-11 00:00:00-05:00,12.18135,12.31584,11.6434,12.02241,234800,0.0,0.0
2009-02-12 00:00:00-05:00,11.84309,12.21395,11.22771,11.87162,258400,0.0,0.0
2009-02-13 00:00:00-05:00,11.9246,12.34437,11.7086,11.96943,191200,0.0,0.0
2009-02-17 00:00:00-05:00,11.45186,11.88385,11.11767,11.63525,394000,0.0,0.0
2009-02-18 00:00:00-05:00,11.92053,11.92053,10.97096,11.07284,328800,0.0,0.0
2009-02-19 00:00:00-05:00,11.17065,11.26438,10.74273,10.81202,393400,0.0,0.0
2009-02-20 00:00:00-05:00,10.6327,10.71421,10.18848,10.38818,431000,0.0,0.0
2009-02-23 00:00:00-05:00,10.33927,10.33927,9.69944,9.73612,557600,0.0,0.0
2009-02-24 00:00:00-05:00,9.71574,10.53489,9.43454,10.49821,813000,0.0,0.0
2009-02-25 00:00:00-05:00,10.57598,10.86248,10.19125,10.42454,659600,0.055,0.0
2009-02-26 00:00:00-05:00,10.7356,10.91159,10.41226,10.55142,490800,0.0,0.0
2009-02-27 00:00:00-05:00,10.39589,10.62509,10.14622,10.2731,400200,0.0,0.0
2009-03-02 00:00:00-05:00,10.19125,10.19125,9.44225,9.5855,397400,0.0,0.0
2009-03-03 00:00:00-05:00,9.92931,10.27311,9.74513,9.86382,530800,0.0,0.0
2009-03-04 00:00:00-05:00,10.08483,10.45319,9.95386,10.13804,325000,0.0,0.0
2009-03-05 00:00:00-05:00,9.78196,10.10939,9.51592,9.63871,324200,0.0,0.0
2009-03-06 00:00:00-05:00,9.74103,9.94158,9.49546,9.76968,401600,0.0,0.0
2009-03-09 00:00:00-04:00,9.42588,10.02753,9.4177,9.52002,327200,0.0,0.0
2009-03-10 00:00:00-04:00,9.67554,10.72741,9.67554,10.53914,365400,0.0,0.0
2009-03-11 00:00:00-04:00,10.57598,11.41911,9.82289,11.22265,551800,0.0,0.0
2009-03-12 00:00:00-04:00,11.13261,11.98802,10.94843,11.84068,415800,0.0,0.0
2009-03-13 00:00:00-04:00,11.87342,12.00439,10.98117,11.39046,479600,0.0,0.0
2009-03-16 00:00:00-04:00,11.54189,12.27861,11.40274,11.83658,502400,0.0,0.0
2009-03-17 00:00:00-04:00,11.79156,12.30726,11.46004,12.29907,259800,0.0,0.0
2009-03-18 00:00:00-04:00,12.25405,12.96212,11.92253,12.60604,360600,0.0,0.0
2009-03-19 00:00:00-04:00,12.83934,13.26909,12.59377,12.65516,261000,0.0,0.0
2009-03-20 00:00:00-04:00,12.59786,12.83524,11.7097,11.73426,423400,0.0,0.0
2009-03-23 00:00:00-04:00,11.96755,13.47782,11.84067,13.46964,386200,0.0,0.0
2009-03-24 00:00:00-04:00,13.2036,13.52284,13.09719,13.2609,402800,0.0,0.0
2009-03-25 00:00:00-04:00,13.42052,13.86665,12.82706,13.26499,410000,0.0,0.0
2009-03-26 00:00:00-04:00,12.66743,13.85436,12.01257,13.73567,625200,0.0,0.0
2009-03-27 00:00:00-04:00,13.50647,13.6047,11.7097,11.81612,1056800,0.0,0.0
2009-03-30 00:00:00-04:00,11.86933,12.15583,11.16535,12.10671,887600,0.0,0.0
2009-03-31 00:00:00-04:00,12.22541,12.72064,11.8243,11.8243,589800,0.0,0.0
2009-04-01 00:00:00-04:00,11.70152,12.54055,11.44366,12.26224,343600,0.0,0.0
2009-04-02 00:00:00-04:00,12.61013,13.17495,12.47097,12.55692,495800,0.0,0.0
2009-04-03 00:00:00-04:00,12.56102,13.24453,12.47916,12.913,358600,0.0,0.0
2009-04-06 00:00:00-04:00,12.67971,12.67971,12.1722,12.59786,272200,0.0,0.0
2009-04-07 00:00:00-04:00,12.35637,12.89254,12.23768,12.47507,692400,0.0,0.0
2009-04-08 00:00:00-04:00,12.5119,12.76566,12.34819,12.63878,167800,0.0,0.0
2009-04-09 00:00:00-04:00,12.92529,13.50648,12.92529,13.34685,277000,0.0,0.0
2009-04-13 00:00:00-04:00,13.21588,13.59652,12.76976,13.40415,274000,0.0,0.0
2009-04-14 00:00:00-04:00,13.13403,13.29365,12.97031,13.09719,227400,0.0,0.0
2009-04-15 00:00:00-04:00,12.72474,13.2609,12.72474,13.17495,154800,0.0,0.0
2009-04-16 00:00:00-04:00,13.25681,13.61698,13.00305,13.48191,172400,0.0,0.0
2009-04-17 00:00:00-04:00,13.44917,13.69065,13.23634,13.42461,228800,0.0,0.0
2009-04-20 00:00:00-04:00,13.30592,13.39597,12.23359,12.61014,356000,0.0,0.0
2009-04-21 00:00:00-04:00,13.51056,15.00446,13.10537,14.19817,1092400,0.0,0.0
2009-04-22 00:00:00-04:00,13.84618,15.733,12.47098,15.09451,982600,0.0,0.0
2009-04-23 00:00:00-04:00,15.1559,15.55291,14.94308,15.11088,643800,0.0,0.0
2009-04-24 00:00:00-04:00,15.1641,15.69208,14.73434,15.42604,295400,0.0,0.0
2009-04-27 00:00:00-04:00,15.07813,15.14362,14.43146,14.74661,332200,0.0,0.0
2009-04-28 00:00:00-04:00,15.12315,15.94173,14.90623,15.47105,406800,0.0,0.0
2009-04-29 00:00:00-04:00,15.35644,15.96219,15.35644,15.88443,344800,0.0,0.0
2009-04-30 00:00:00-04:00,16.09726,16.37148,15.88443,15.94582,449400,0.0,0.0
2009-05-01 00:00:00-04:00,16.11363,16.39604,15.70434,15.83531,257200,0.0,0.0
2009-05-04 00:00:00-04:00,16.15456,16.73575,15.91717,16.66617,260200,0.0,0.0
2009-05-05 00:00:00-04:00,16.55157,16.55157,15.37692,15.89671,293400,0.0,0.0
2009-05-06 00:00:00-04:00,15.89671,15.97856,15.52835,15.92945,261600,0.0,0.0
2009-05-07 00:00:00-04:00,15.97447,15.97447,14.97172,15.27868,345600,0.0,0.0
2009-05-08 00:00:00-04:00,15.58565,16.02359,15.22548,15.91308,225200,0.0,0.0
2009-05-11 00:00:00-04:00,15.74936,15.91717,15.34826,15.46695,238000,0.0,0.0
2009-05-12 00:00:00-04:00,15.53654,15.83123,14.61564,14.83666,325800,0.0,0.0
2009-05-13 00:00:00-04:00,14.6402,14.78754,14.04264,14.36188,307400,0.0,0.0
2009-05-14 00:00:00-04:00,14.47239,15.14771,14.44783,14.47239,224200,0.0,0.0
2009-05-15 00:00:00-04:00,14.40691,14.87349,14.2391,14.39872,194200,0.0,0.0
2009-05-18 00:00:00-04:00,14.59927,15.11497,14.32914,15.02493,186600,0.0,0.0
2009-05-19 00:00:00-04:00,14.39054,15.58566,14.39054,15.40148,363200,0.0,0.0
2009-05-20 00:00:00-04:00,15.48333,15.75345,15.18454,15.3237,239200,0.0,0.0
2009-05-21 00:00:00-04:00,15.0413,15.10679,14.68931,14.88986,210600,0.0,0.0
2009-05-22 00:00:00-04:00,14.95945,15.34418,14.7548,14.7548,167000,0.0,0.0
2009-05-26 00:00:00-04:00,14.6402,16.60887,14.24319,16.60887,383000,0.0,0.0
2009-05-27 00:00:00-04:00,16.48199,17.23508,16.27325,16.49018,370400,0.0,0.0
2009-05-28 00:00:00-04:00,16.72001,16.76105,15.75144,16.2152,156800,0.055,0.0
2009-05-29 00:00:00-04:00,16.32191,16.67075,16.01,16.67075,206600,0.0,0.0
2009-06-01 00:00:00-04:00,17.05243,17.70498,16.78977,17.21659,273400,0.0,0.0
2009-06-02 00:00:00-04:00,17.17967,17.26175,16.83493,17.17557,214800,0.0,0.0
2009-06-03 00:00:00-04:00,17.10168,17.25764,16.59278,16.99087,146400,0.0,0.0
2009-06-04 00:00:00-04:00,17.08937,17.33151,16.77746,17.25764,91000,0.0,0.0
2009-06-05 00:00:00-04:00,17.44232,17.44232,16.85544,17.08527,115200,0.0,0.0
2009-06-08 00:00:00-04:00,16.83081,17.08116,16.42451,16.78567,125600,0.0,0.0
2009-06-09 00:00:00-04:00,16.92521,16.93341,16.6133,16.7118,104400,0.0,0.0
2009-06-10 00:00:00-04:00,16.83082,17.06886,16.43273,16.82261,264200,0.0,0.0
2009-06-11 00:00:00-04:00,16.90879,17.15914,16.5107,16.54763,108000,0.0,0.0
2009-06-12 00:00:00-04:00,16.44913,16.53942,16.00589,16.29318,155200,0.0,0.0
2009-06-15 00:00:00-04:00,16.10029,16.24394,15.28358,16.21931,378800,0.0,0.0
2009-06-16 00:00:00-04:00,16.47377,17.07707,16.03053,16.15775,298800,0.0,0.0
2009-06-17 00:00:00-04:00,16.94984,18.13591,16.94984,17.28637,1184400,0.0,0.0
2009-06-18 00:00:00-04:00,17.44643,17.68447,17.15094,17.39718,561600,0.0,0.0
2009-06-19 00:00:00-04:00,17.67625,17.98816,17.42591,17.94302,672200,0.0,0.0
2009-06-22 00:00:00-04:00,17.59417,18.07435,17.25764,17.99227,528400,0.0,0.0
2009-06-23 00:00:00-04:00,18.26314,18.4273,17.65163,17.95533,3819600,0.0,0.0
2009-06-24 00:00:00-04:00,18.05383,18.16054,16.92931,17.06064,1064200,0.0,0.0
2009-06-25 00:00:00-04:00,17.00319,17.38897,16.82672,17.04834,527200,0.0,0.0
2009-06-26 00:00:00-04:00,16.98677,17.08527,16.70359,16.86776,849800,0.0,0.0
2009-06-29 00:00:00-04:00,16.90058,17.33151,16.21931,17.3192,827800,0.0,0.0
2009-06-30 00:00:00-04:00,17.3151,17.48337,16.67487,16.82672,407000,0.0,0.0
2009-07-01 00:00:00-04:00,17.1181,17.86093,17.11399,17.65573,483400,0.0,0.0
2009-07-02 00:00:00-04:00,17.26174,17.40949,17.07706,17.3192,324800,0.0,0.0
2009-07-06 00:00:00-04:00,17.02781,17.05654,16.36706,16.54353,446800,0.0,0.0
2009-07-07 00:00:00-04:00,16.59278,16.90469,16.2111,16.23572,295200,0.0,0.0
2009-07-08 00:00:00-04:00,16.19058,16.4163,15.55445,15.87457,472200,0.0,0.0
2009-07-09 00:00:00-04:00,15.72271,16.04694,15.6119,15.70219,312800,0.0,0.0
2009-07-10 00:00:00-04:00,15.92381,15.99358,15.31641,15.79248,401000,0.0,0.0
2009-07-13 00:00:00-04:00,15.81712,16.06336,15.58318,15.95255,359600,0.0,0.0
2009-07-14 00:00:00-04:00,15.96486,15.98948,15.53393,15.80069,398800,0.0,0.0
2009-07-15 00:00:00-04:00,15.96075,16.64202,15.94433,16.49838,486600,0.0,0.0
2009-07-16 00:00:00-04:00,16.48607,16.70359,16.24804,16.57226,480400,0.0,0.0
2009-07-17 00:00:00-04:00,14.74595,16.09208,14.28218,15.80069,2376600,0.0,0.0
2009-07-20 00:00:00-04:00,15.80069,16.33422,15.56676,15.67347,617800,0.0,0.0
2009-07-21 00:00:00-04:00,15.69809,15.71861,15.07017,15.62011,646200,0.0,0.0
2009-07-22 00:00:00-04:00,15.46826,15.80069,15.15635,15.23022,315200,0.0,0.0
2009-07-23 00:00:00-04:00,15.14404,15.69399,15.03733,15.6078,339200,0.0,0.0
2009-07-24 00:00:00-04:00,15.51751,15.77607,15.25895,15.77607,183000,0.0,0.0
2009-07-27 00:00:00-04:00,15.80069,16.05925,15.65705,15.73092,242000,0.0,0.0
2009-07-28 00:00:00-04:00,15.66936,15.74733,15.12762,15.45184,305400,0.0,0.0
2009-07-29 00:00:00-04:00,15.3985,15.3985,14.97988,15.27127,201400,0.0,0.0
2009-07-30 00:00:00-04:00,15.45595,15.68168,15.19329,15.27537,162400,0.0,0.0
2009-07-31 00:00:00-04:00,15.25895,15.48057,15.07427,15.12352,295600,0.0,0.0
2009-08-03 00:00:00-04:00,15.12352,15.49289,15.12352,15.35335,172800,0.0,0.0
2009-08-04 00:00:00-04:00,15.28358,15.78838,15.18508,15.55034,189600,0.0,0.0
2009-08-05 00:00:00-04:00,15.60369,15.67346,15.03323,15.33693,161600,0.0,0.0
2009-08-06 00:00:00-04:00,15.33693,15.57907,15.16866,15.24254,104800,0.0,0.0
2009-08-07 00:00:00-04:00,15.5134,15.69808,15.25074,15.36155,159000,0.0,0.0
2009-08-10 00:00:00-04:00,15.36155,16.07156,15.31231,15.95665,230800,0.0,0.0
2009-08-11 00:00:00-04:00,15.95665,16.00589,15.5093,15.62011,119600,0.0,0.0
2009-08-12 00:00:00-04:00,15.6201,16.16594,15.6201,15.90739,127400,0.0,0.0
2009-08-13 00:00:00-04:00,15.86225,16.3096,15.73092,16.05104,93000,0.0,0.0
2009-08-14 00:00:00-04:00,15.97717,16.03873,15.43133,15.66116,215800,0.0,0.0
2009-08-17 00:00:00-04:00,15.32872,15.62011,14.99629,15.45595,165200,0.0,0.0
2009-08-18 00:00:00-04:00,15.50109,15.58728,15.16866,15.46416,221600,0.0,0.0
2009-08-19 00:00:00-04:00,15.33283,15.9033,15.08248,15.81301,177200,0.0,0.0
2009-08-20 00:00:00-04:00,15.81301,16.0059,15.75145,15.85405,170400,0.0,0.0
2009-08-21 00:00:00-04:00,16.03051,16.50659,16.02641,16.4204,285800,0.0,0.0
2009-08-24 00:00:00-04:00,16.4122,16.43682,15.57497,15.86635,308400,0.0,0.0
2009-08-25 00:00:00-04:00,15.96075,16.33833,15.27127,15.28769,278400,0.0,0.0
2009-08-26 00:00:00-04:00,15.19329,15.37386,14.22472,15.18097,802200,0.0,0.0
2009-08-27 00:00:00-04:00,15.30821,15.52983,14.85265,15.28769,315000,0.0,0.0
2009-08-28 00:00:00-04:00,15.43179,15.43591,14.76478,14.7936,370600,0.06,0.0
2009-08-31 00:00:00-04:00,14.6042,14.97065,14.50127,14.90065,311200,0.0,0.0
2009-09-01 00:00:00-04:00,14.87595,15.56767,14.36128,14.36952,521400,0.0,0.0
2009-09-02 00:00:00-04:00,14.24188,14.54245,14.24188,14.33246,430200,0.0,0.0
2009-09-03 00:00:00-04:00,14.33658,14.53833,14.05248,14.37775,266800,0.0,0.0
2009-09-04 00:00:00-04:00,14.27481,14.48892,14.12247,14.43951,166600,0.0,0.0
2009-09-08 00:00:00-04:00,14.64126,14.71949,14.48068,14.62067,279000,0.0,0.0
2009-09-09 00:00:00-04:00,14.68655,15.18475,14.67831,15.01593,357400,0.0,0.0
2009-09-10 00:00:00-04:00,15.01594,15.25475,14.92536,15.11064,221400,0.0,0.0
2009-09-11 00:00:00-04:00,15.24239,15.51002,15.23004,15.34121,196600,0.0,0.0
2009-09-14 00:00:00-04:00,15.13946,15.46061,15.06946,15.11887,253400,0.0,0.0
2009-09-15 00:00:00-04:00,15.03653,15.44826,14.96653,14.97477,298000,0.0,0.0
2009-09-16 00:00:00-04:00,14.97889,15.71177,14.97889,15.44826,367200,0.0,0.0
2009-09-17 00:00:00-04:00,15.46885,15.98352,15.35357,15.9547,262600,0.0,0.0
2009-09-18 00:00:00-04:00,15.82705,16.30466,15.76941,16.24702,388000,0.0,0.0
2009-09-21 00:00:00-04:00,16.13174,16.18938,15.61295,15.99175,163000,0.0,0.0
2009-09-22 00:00:00-04:00,16.15232,16.26348,16.00409,16.11526,244400,0.0,0.0
2009-09-23 00:00:00-04:00,16.10704,16.61347,16.01646,16.29232,208600,0.0,0.0
2009-09-24 00:00:00-04:00,16.29643,16.52288,16.02468,16.33348,205800,0.0,0.0
2009-09-25 00:00:00-04:00,16.33349,16.33349,15.83941,15.97528,218000,0.0,0.0
2009-09-28 00:00:00-04:00,16.14409,17.39576,16.05763,17.18166,479800,0.0,0.0
2009-09-29 00:00:00-04:00,17.25165,17.334,16.50229,16.5517,760200,0.0,0.0
2009-09-30 00:00:00-04:00,16.61346,16.6217,15.92999,15.92999,428400,0.0,0.0
2009-10-01 00:00:00-04:00,16.08233,16.15232,15.57178,15.57178,234800,0.0,0.0
2009-10-02 00:00:00-04:00,15.4565,15.58002,15.25063,15.2671,184400,0.0,0.0
2009-10-05 00:00:00-04:00,15.29592,15.86411,15.2671,15.80235,194400,0.0,0.0
2009-10-06 00:00:00-04:00,15.94645,16.46112,15.8394,16.39112,214600,0.0,0.0
2009-10-07 00:00:00-04:00,16.3376,16.53111,15.98763,16.03703,162600,0.0,0.0
2009-10-08 00:00:00-04:00,16.11115,16.36643,15.97528,16.24291,333600,0.0,0.0
2009-10-09 00:00:00-04:00,16.26761,16.37877,15.97527,16.26349,182400,0.0,0.0
2009-10-12 00:00:00-04:00,16.44465,16.46936,15.98763,16.1235,176800,0.0,0.0
2009-10-13 00:00:00-04:00,16.14821,16.25938,15.78177,15.9547,254400,0.0,0.0
2009-10-14 00:00:00-04:00,16.08645,16.32114,15.94646,16.30879,218800,0.0,0.0
2009-10-15 00:00:00-04:00,16.13585,16.40348,15.9094,16.37054,203400,0.0,0.0
2009-10-16 00:00:00-04:00,16.35407,16.44466,16.06174,16.10292,318000,0.0,0.0
2009-10-19 00:00:00-04:00,16.25114,16.79875,16.06998,16.34172,412000,0.0,0.0
2009-10-20 00:00:00-04:00,16.06586,16.42818,15.5059,16.19761,426400,0.0,0.0
2009-10-21 00:00:00-04:00,15.48943,16.22643,15.23416,15.71588,411000,0.0,0.0
2009-10-22 00:00:00-04:00,15.64589,16.14821,15.52237,15.9341,229200,0.0,0.0
2009-10-23 00:00:00-04:00,15.91763,16.04527,15.5553,15.8394,265800,0.0,0.0
2009-10-26 00:00:00-04:00,15.89705,16.23055,15.56766,15.77764,313200,0.0,0.0
2009-10-27 00:00:00-04:00,15.79,16.1935,15.70765,15.9341,343400,0.0,0.0
2009-10-28 00:00:00-04:00,15.85998,16.11114,15.33708,15.50177,282000,0.0,0.0
2009-10-29 00:00:00-04:00,15.69118,15.85176,15.61295,15.67471,213200,0.0,0.0
2009-10-30 00:00:00-04:00,15.60472,15.77765,15.18887,15.34533,361800,0.0,0.0
2009-11-02 00:00:00-05:00,15.40708,15.72412,15.02829,15.2465,204200,0.0,0.0
2009-11-03 00:00:00-05:00,15.06946,15.6706,15.06535,15.66236,508800,0.0,0.0
2009-11-04 00:00:00-05:00,15.80235,15.97939,15.05711,15.09005,521800,0.0,0.0
2009-11-05 00:00:00-05:00,15.16416,16.03292,15.16416,15.92175,280200,0.0,0.0
2009-11-06 00:00:00-05:00,15.72823,16.18525,15.64177,15.77352,165600,0.0,0.0
2009-11-09 00:00:00-05:00,16.00411,16.09469,15.78589,15.91352,123200,0.0,0.0
2009-11-10 00:00:00-05:00,15.86411,16.01645,15.6253,15.77764,131000,0.0,0.0
2009-11-11 00:00:00-05:00,15.8847,16.02057,15.61295,15.75706,201800,0.0,0.0
2009-11-12 00:00:00-05:00,15.56767,15.79,15.34945,15.44003,252800,0.0,0.0
2009-11-13 00:00:00-05:00,15.46474,15.60884,15.25887,15.54297,181800,0.0,0.0
2009-11-16 00:00:00-05:00,15.72823,15.91351,15.55118,15.77352,189400,0.0,0.0
2009-11-17 00:00:00-05:00,15.76117,15.99175,15.64589,15.78176,158000,0.0,0.0
2009-11-18 00:00:00-05:00,15.76118,15.83941,15.59237,15.75706,175600,0.0,0.0
2009-11-19 00:00:00-05:00,15.66236,15.67471,15.02829,15.28356,247200,0.0,0.0
2009-11-20 00:00:00-05:00,15.12299,15.2918,15.02829,15.04476,111800,0.0,0.0
2009-11-23 00:00:00-05:00,15.35356,15.62942,15.22181,15.4565,236800,0.0,0.0
2009-11-24 00:00:00-05:00,15.42355,15.44414,15.1971,15.33297,201200,0.0,0.0
2009-11-25 00:00:00-05:00,15.4112,15.4812,14.7936,14.9583,300200,0.0,0.0
2009-11-27 00:00:00-05:00,14.49563,15.23507,14.40888,15.00374,141000,0.06,0.0
2009-11-30 00:00:00-05:00,15.02026,15.02026,14.43779,14.53281,281400,0.0,0.0
2009-12-01 00:00:00-05:00,14.64434,14.79306,14.54107,14.56172,300400,0.0,0.0
2009-12-02 00:00:00-05:00,14.48737,14.73109,14.45845,14.68565,273800,0.0,0.0
2009-12-03 00:00:00-05:00,14.73109,14.95003,14.51215,14.56172,134000,0.0,0.0
2009-12-04 00:00:00-05:00,14.89633,15.36313,14.83437,15.31769,245800,0.0,0.0
2009-12-07 00:00:00-05:00,15.32182,15.72665,15.32182,15.5325,246600,0.0,0.0
2009-12-08 00:00:00-05:00,15.45814,15.68947,15.30942,15.61925,160200,0.0,0.0
2009-12-09 00:00:00-05:00,15.65643,15.65643,15.28464,15.50771,80200,0.0,0.0
2009-12-10 00:00:00-05:00,15.62338,15.81341,15.53663,15.61099,137000,0.0,0.0
2009-12-11 00:00:00-05:00,15.7184,15.82581,15.51599,15.69775,113000,0.0,0.0
2009-12-14 00:00:00-05:00,15.78862,15.94973,15.5862,15.73492,228400,0.0,0.0
2009-12-15 00:00:00-05:00,15.68947,16.36695,15.52837,16.35869,422800,0.0,0.0
2009-12-16 00:00:00-05:00,16.4248,16.52807,16.22651,16.45372,351800,0.0,0.0
2009-12-17 00:00:00-05:00,16.31739,16.51155,16.14802,16.26369,533400,0.0,0.0
2009-12-18 00:00:00-05:00,16.42479,16.42479,16.04061,16.11084,922600,0.0,0.0
2009-12-21 00:00:00-05:00,16.39587,16.5198,16.12323,16.25542,140600,0.0,0.0
2009-12-22 00:00:00-05:00,16.39175,16.68918,16.31326,16.58177,168000,0.0,0.0
2009-12-23 00:00:00-05:00,16.5446,16.82964,16.46198,16.68919,172400,0.0,0.0
2009-12-24 00:00:00-05:00,16.74289,16.86682,16.5446,16.57765,38600,0.0,0.0
2009-12-28 00:00:00-05:00,16.62309,16.96183,16.56112,16.96183,137800,0.0,0.0
2009-12-29 00:00:00-05:00,16.9453,16.9453,16.58178,16.652,226800,0.0,0.0
2009-12-30 00:00:00-05:00,16.55699,16.69745,16.52808,16.68919,249800,0.0,0.0
2009-12-31 00:00:00-05:00,16.66852,16.85854,16.44545,16.44958,95200,0.0,0.0
2010-01-04 00:00:00-05:00,16.8131,16.87507,16.64786,16.79245,148200,0.0,0.0
2010-01-05 00:00:00-05:00,16.75528,17.45754,16.54873,17.2923,402800,0.0,0.0
2010-01-06 00:00:00-05:00,17.22207,17.53602,17.19728,17.26751,264200,0.0,0.0
2010-01-07 00:00:00-05:00,17.28404,17.42449,17.19729,17.346,68600,0.0,0.0
2010-01-08 00:00:00-05:00,17.25512,17.48233,17.19729,17.30056,70400,0.0,0.0
2010-01-11 00:00:00-05:00,17.32948,17.42449,17.04444,17.16011,169000,0.0,0.0
2010-01-12 00:00:00-05:00,16.91638,17.15185,16.88747,17.1188,212200,0.0,0.0
2010-01-13 00:00:00-05:00,17.21381,17.21381,16.78832,17.04031,220200,0.0,0.0
2010-01-14 00:00:00-05:00,16.90399,17.12293,16.88746,16.97421,208200,0.0,0.0
2010-01-15 00:00:00-05:00,16.96183,17.04031,16.52394,16.96183,218400,0.0,0.0
2010-01-19 00:00:00-05:00,16.94117,17.09815,16.75115,16.90399,182200,0.0,0.0
2010-01-20 00:00:00-05:00,16.70157,16.86681,16.15215,16.42066,269200,0.0,0.0
2010-01-21 00:00:00-05:00,16.43305,16.48675,15.72665,15.85471,136000,0.0,0.0
2010-01-22 00:00:00-05:00,15.85472,15.9993,15.39205,15.4251,126200,0.0,0.0
2010-01-25 00:00:00-05:00,15.54902,15.77623,15.28464,15.55729,114000,0.0,0.0
2010-01-26 00:00:00-05:00,15.54076,15.70187,15.26399,15.4251,133600,0.0,0.0
2010-01-27 00:00:00-05:00,15.40445,15.75558,15.16072,15.69775,164400,0.0,0.0
2010-01-28 00:00:00-05:00,15.77211,15.8382,15.37966,15.69775,180000,0.0,0.0
2010-01-29 00:00:00-05:00,15.81341,16.19346,15.53663,15.61099,203200,0.0,0.0
2010-02-01 00:00:00-05:00,15.67709,15.67709,15.27638,15.359,149200,0.0,0.0
2010-02-02 00:00:00-05:00,15.41271,15.55316,15.25573,15.49946,134000,0.0,0.0
2010-02-03 00:00:00-05:00,15.50771,15.61925,15.28877,15.55729,205000,0.0,0.0
2010-02-04 00:00:00-05:00,15.49532,15.49532,14.99134,15.12766,273800,0.0,0.0
2010-02-05 00:00:00-05:00,14.43779,15.15658,13.45874,15.14418,545200,0.0,0.0
2010-02-08 00:00:00-05:00,15.07397,15.07397,14.51628,14.54933,410400,0.0,0.0
2010-02-09 00:00:00-05:00,14.74349,14.74349,14.35517,14.62782,283800,0.0,0.0
2010-02-10 00:00:00-05:00,14.61955,14.72696,14.28907,14.64847,166600,0.0,0.0
2010-02-11 00:00:00-05:00,14.56585,14.75175,14.34691,14.70218,136600,0.0,0.0
2010-02-12 00:00:00-05:00,14.61956,14.67739,14.40062,14.62782,142400,0.0,0.0
2010-02-16 00:00:00-05:00,14.70217,14.78892,14.54519,14.75588,138000,0.0,0.0
2010-02-17 00:00:00-05:00,14.78066,14.99547,14.7063,14.99134,106000,0.0,0.0
2010-02-18 00:00:00-05:00,15.02439,15.25572,14.8922,15.24333,97400,0.0,0.0
2010-02-19 00:00:00-05:00,15.25159,15.33834,14.95829,15.01199,169000,0.0,0.0
2010-02-22 00:00:00-05:00,15.00787,15.00787,14.83849,14.87567,93800,0.0,0.0
2010-02-23 00:00:00-05:00,14.8922,14.94177,14.67325,14.71869,103600,0.0,0.0
2010-02-24 00:00:00-05:00,14.78916,15.0047,14.76429,14.85963,69800,0.06,0.0
2010-02-25 00:00:00-05:00,14.72699,15.00885,14.65238,15.00885,61800,0.0,0.0
2010-02-26 00:00:00-05:00,15.06273,15.06273,14.78088,14.89279,62600,0.0,0.0
2010-03-01 00:00:00-05:00,14.88449,15.20365,14.88449,15.19122,150800,0.0,0.0
2010-03-02 00:00:00-05:00,15.1705,15.51453,15.15392,15.45235,98000,0.0,0.0
2010-03-03 00:00:00-05:00,15.52282,15.83369,15.4565,15.66375,109000,0.0,0.0
2010-03-04 00:00:00-05:00,15.76322,15.83369,15.64302,15.6969,38400,0.0,0.0
2010-03-05 00:00:00-05:00,15.7425,16.28549,15.70934,16.157,126600,0.0,0.0
2010-03-08 00:00:00-05:00,16.10726,16.26477,16.02851,16.05752,73600,0.0,0.0
2010-03-09 00:00:00-05:00,16.05337,16.7663,16.05337,16.44714,176600,0.0,0.0
2010-03-10 00:00:00-05:00,16.39741,16.68341,16.26892,16.31451,124200,0.0,0.0
2010-03-11 00:00:00-05:00,16.17772,16.60879,16.07824,16.58392,110400,0.0,0.0
2010-03-12 00:00:00-05:00,16.69168,16.87821,16.48858,16.66267,84000,0.0,0.0
2010-03-15 00:00:00-04:00,16.6834,16.6834,16.27305,16.32693,98400,0.0,0.0
2010-03-16 00:00:00-04:00,16.32694,16.37253,16.15699,16.28963,101200,0.0,0.0
2010-03-17 00:00:00-04:00,16.2772,16.38497,16.16943,16.22746,94200,0.0,0.0
2010-03-18 00:00:00-04:00,16.16528,16.44299,16.15699,16.41812,101800,0.0,0.0
2010-03-19 00:00:00-04:00,16.10311,16.55905,16.02021,16.10311,144800,0.0,0.0
2010-03-22 00:00:00-04:00,15.96218,16.24403,15.91658,16.18186,107600,0.0,0.0
2010-03-23 00:00:00-04:00,16.18601,16.45957,16.12798,16.41812,74200,0.0,0.0
2010-03-24 00:00:00-04:00,16.41812,16.45957,16.18186,16.23574,100000,0.0,0.0
2010-03-25 00:00:00-04:00,16.36424,16.57978,16.09068,16.10311,168000,0.0,0.0
2010-03-26 00:00:00-04:00,16.19843,16.57562,16.09481,16.37252,142200,0.0,0.0
2010-03-29 00:00:00-04:00,16.47616,16.64196,16.31865,16.45543,234000,0.0,0.0
2010-03-30 00:00:00-04:00,16.52589,16.55905,16.07409,16.07409,329800,0.0,0.0
2010-03-31 00:00:00-04:00,16.02021,16.2772,15.95389,15.96218,133400,0.0,0.0
2010-04-01 00:00:00-04:00,16.00778,16.20259,15.93731,16.14456,125200,0.0,0.0
2010-04-05 00:00:00-04:00,16.24819,16.88651,16.20674,16.88651,188200,0.0,0.0
2010-04-06 00:00:00-04:00,16.82848,16.96112,16.73729,16.83677,135000,0.0,0.0
2010-04-07 00:00:00-04:00,16.92795,16.92795,16.50517,16.58807,194400,0.0,0.0
2010-04-08 00:00:00-04:00,16.48443,16.61707,16.36009,16.37252,163000,0.0,0.0
2010-04-09 00:00:00-04:00,16.40984,16.41813,16.20674,16.2772,119200,0.0,0.0
2010-04-12 00:00:00-04:00,16.24404,16.32693,16.04922,16.32279,207800,0.0,0.0
2010-04-13 00:00:00-04:00,16.31035,16.40983,16.07824,16.3974,150800,0.0,0.0
2010-04-14 00:00:00-04:00,16.43057,16.57564,16.3601,16.52176,187600,0.0,0.0
2010-04-15 00:00:00-04:00,16.52589,16.53832,16.23574,16.41397,162200,0.0,0.0
2010-04-16 00:00:00-04:00,16.33109,16.47616,16.21088,16.43056,322800,0.0,0.0
2010-04-19 00:00:00-04:00,16.35181,16.38497,16.02436,16.23161,159200,0.0,0.0
2010-04-20 00:00:00-04:00,16.33109,16.43471,16.1114,16.23161,322000,0.0,0.0
2010-04-21 00:00:00-04:00,16.32693,18.0305,16.30621,17.97662,984400,0.0,0.0
2010-04-22 00:00:00-04:00,17.55384,17.83985,16.76216,17.71135,642400,0.0,0.0
2010-04-23 00:00:00-04:00,17.7528,18.2792,17.57456,18.27091,244400,0.0,0.0
2010-04-26 00:00:00-04:00,18.17972,18.53204,17.59943,17.62015,348600,0.0,0.0
2010-04-27 00:00:00-04:00,17.56627,17.83569,17.33001,17.3839,259800,0.0,0.0
2010-04-28 00:00:00-04:00,17.43777,17.55383,17.06058,17.25125,175600,0.0,0.0
2010-04-29 00:00:00-04:00,17.40877,17.86886,17.37561,17.83155,161800,0.0,0.0
2010-04-30 00:00:00-04:00,17.86886,18.01393,17.14349,17.14349,203000,0.0,0.0
2010-05-03 00:00:00-04:00,17.27198,17.48752,17.07302,17.35074,169800,0.0,0.0
2010-05-04 00:00:00-04:00,17.15592,17.15592,16.64195,16.90723,213800,0.0,0.0
2010-05-05 00:00:00-04:00,16.71656,16.91138,16.57978,16.83677,165200,0.0,0.0
2010-05-06 00:00:00-04:00,16.69583,16.94038,15.39846,16.37252,237600,0.0,0.0
2010-05-07 00:00:00-04:00,16.41813,16.5176,15.61815,15.92073,469200,0.0,0.0
2010-05-10 00:00:00-04:00,16.62537,17.00671,16.54662,16.82848,219200,0.0,0.0
2010-05-11 00:00:00-04:00,16.62951,17.83155,16.62537,17.30514,273200,0.0,0.0
2010-05-12 00:00:00-04:00,17.33415,17.73206,17.27198,17.69476,219600,0.0,0.0
2010-05-13 00:00:00-04:00,17.59115,18.12584,17.3839,17.79425,186600,0.0,0.0
2010-05-14 00:00:00-04:00,17.52897,17.67404,17.21395,17.46679,209800,0.0,0.0
2010-05-17 00:00:00-04:00,17.60357,17.64502,17.02743,17.36731,187200,0.0,0.0
2010-05-18 00:00:00-04:00,17.63674,17.64503,16.90723,16.99842,99800,0.0,0.0
2010-05-19 00:00:00-04:00,16.89895,17.08547,16.31451,16.55492,258600,0.0,0.0
2010-05-20 00:00:00-04:00,16.53833,16.53833,15.82126,15.85442,217000,0.0,0.0
2010-05-21 00:00:00-04:00,15.74665,16.25233,15.45236,16.14042,261400,0.0,0.0
2010-05-24 00:00:00-04:00,16.07824,16.14041,15.72177,15.88343,199000,0.0,0.0
2010-05-25 00:00:00-04:00,15.51038,16.04922,15.41919,15.99948,469200,0.0,0.0
2010-05-26 00:00:00-04:00,16.07433,16.48596,15.68765,15.72091,181800,0.06,0.0
2010-05-27 00:00:00-04:00,16.15333,16.52338,15.99117,16.5109,145800,0.0,0.0
2010-05-28 00:00:00-04:00,16.48596,16.67306,16.35291,16.4527,213400,0.0,0.0
2010-06-01 00:00:00-04:00,16.36953,16.51922,15.89138,16.02859,260400,0.0,0.0
2010-06-02 00:00:00-04:00,16.14501,16.96827,15.97869,16.95579,188600,0.0,0.0
2010-06-03 00:00:00-04:00,16.8477,17.35912,16.83523,17.23854,206800,0.0,0.0
2010-06-04 00:00:00-04:00,16.77285,16.86848,16.15749,16.23233,249600,0.0,0.0
2010-06-07 00:00:00-04:00,16.35291,16.46933,15.95375,16.12838,230600,0.0,0.0
2010-06-08 00:00:00-04:00,16.15333,16.34875,15.81655,16.22818,156200,0.0,0.0
2010-06-09 00:00:00-04:00,16.41527,16.68553,16.09096,16.22401,126600,0.0,0.0
2010-06-10 00:00:00-04:00,16.50674,16.89342,16.42774,16.78116,197400,0.0,0.0
2010-06-11 00:00:00-04:00,16.57744,17.04728,16.49844,16.96412,171200,0.0,0.0
2010-06-14 00:00:00-04:00,17.19696,17.32585,16.72296,16.81859,245200,0.0,0.0
2010-06-15 00:00:00-04:00,16.96411,17.82479,16.77284,17.67926,263600,0.0,0.0
2010-06-16 00:00:00-04:00,17.47969,18.07842,17.42564,17.86221,153400,0.0,0.0
2010-06-17 00:00:00-04:00,17.84974,17.91627,17.39653,17.50464,170600,0.0,0.0
2010-06-18 00:00:00-04:00,17.56284,17.62521,17.20111,17.2219,263600,0.0,0.0
2010-06-21 00:00:00-04:00,17.60442,17.67095,17.08885,17.22606,138000,0.0,0.0
2010-06-22 00:00:00-04:00,17.25101,17.43811,16.64396,16.6897,111000,0.0,0.0
2010-06-23 00:00:00-04:00,16.68138,16.89343,16.35706,16.7479,105200,0.0,0.0
2010-06-24 00:00:00-04:00,16.59407,16.86433,16.39449,16.47349,117200,0.0,0.0
2010-06-25 00:00:00-04:00,16.47764,16.54417,16.15748,16.37785,215600,0.0,0.0
2010-06-28 00:00:00-04:00,16.40696,16.57743,16.08265,16.24896,244600,0.0,0.0
2010-06-29 00:00:00-04:00,16.10759,16.15333,15.73754,15.87891,530200,0.0,0.0
2010-06-30 00:00:00-04:00,15.87891,16.41527,15.70843,16.0868,314400,0.0,0.0
2010-07-01 00:00:00-04:00,16.08679,16.12837,15.62111,15.9288,206800,0.0,0.0
2010-07-02 00:00:00-04:00,15.99534,16.0577,15.74171,15.90802,116600,0.0,0.0
2010-07-06 00:00:00-04:00,16.09096,16.3529,15.72091,15.78743,149600,0.0,0.0
2010-07-07 00:00:00-04:00,15.84149,16.29054,15.81239,16.25312,196200,0.0,0.0
2010-07-08 00:00:00-04:00,16.35706,16.51922,16.14501,16.19906,184000,0.0,0.0
2010-07-09 00:00:00-04:00,16.16164,16.55248,16.08264,16.47763,212800,0.0,0.0
2010-07-12 00:00:00-04:00,16.46101,16.47764,15.9288,15.99949,153400,0.0,0.0
2010-07-13 00:00:00-04:00,16.26143,16.89758,16.2448,16.76869,323000,0.0,0.0
2010-07-14 00:00:00-04:00,16.72296,16.89759,16.52338,16.76038,127400,0.0,0.0
2010-07-15 00:00:00-04:00,16.78117,16.85185,16.22817,16.4527,251600,0.0,0.0
2010-07-16 00:00:00-04:00,16.38201,16.44437,15.94959,15.96622,336400,0.0,0.0
2010-07-19 00:00:00-04:00,16.06601,16.2448,15.78328,16.18659,157600,0.0,0.0
2010-07-20 00:00:00-04:00,15.92464,16.4818,15.92464,16.39032,272400,0.0,0.0
2010-07-21 00:00:00-04:00,16.54832,16.93501,16.37369,16.61069,405000,0.0,0.0
2010-07-22 00:00:00-04:00,16.9849,17.70837,16.57327,16.62316,563200,0.0,0.0
2010-07-23 00:00:00-04:00,16.49842,16.93084,16.09095,16.86016,407800,0.0,0.0
2010-07-26 00:00:00-04:00,16.97658,16.9849,16.59822,16.6398,450800,0.0,0.0
2010-07-27 00:00:00-04:00,16.79364,16.81028,16.52338,16.71049,188000,0.0,0.0
2010-07-28 00:00:00-04:00,16.61901,16.61901,16.33212,16.50259,170600,0.0,0.0
2010-07-29 00:00:00-04:00,16.63563,16.71879,16.17827,16.52753,191600,0.0,0.0
2010-07-30 00:00:00-04:00,16.35707,16.69801,16.24896,16.28223,191800,0.0,0.0
2010-08-02 00:00:00-04:00,16.49012,16.80611,16.46101,16.5899,127400,0.0,0.0
2010-08-03 00:00:00-04:00,16.55664,16.99322,16.26975,16.63564,138400,0.0,0.0
2010-08-04 00:00:00-04:00,16.67722,17.1429,16.67722,17.00569,128600,0.0,0.0
2010-08-05 00:00:00-04:00,16.94332,17.04727,16.72711,16.81027,118400,0.0,0.0
2010-08-06 00:00:00-04:00,16.61901,16.86433,16.36954,16.75622,136600,0.0,0.0
2010-08-09 00:00:00-04:00,16.86432,16.9849,16.70217,16.91422,160800,0.0,0.0
2010-08-10 00:00:00-04:00,16.68138,16.68138,16.2157,16.45685,174000,0.0,0.0
2010-08-11 00:00:00-04:00,16.08264,16.08264,15.52964,15.59201,193200,0.0,0.0
2010-08-12 00:00:00-04:00,15.46312,15.7708,15.29681,15.50886,172200,0.0,0.0
2010-08-13 00:00:00-04:00,15.41322,15.62528,15.22196,15.50054,144600,0.0,0.0
2010-08-16 00:00:00-04:00,15.45895,15.65021,15.30511,15.58785,83600,0.0,0.0
2010-08-17 00:00:00-04:00,15.68764,16.26143,15.68764,15.9288,193000,0.0,0.0
2010-08-18 00:00:00-04:00,15.89554,16.04938,15.64191,15.85812,84000,0.0,0.0
2010-08-19 00:00:00-04:00,15.84148,15.85812,15.54628,15.70428,226200,0.0,0.0
2010-08-20 00:00:00-04:00,15.64607,15.65439,15.28434,15.60034,189400,0.0,0.0
2010-08-23 00:00:00-04:00,15.75001,16.0078,15.59617,15.70428,220800,0.0,0.0
2010-08-24 00:00:00-04:00,15.55459,15.75001,15.21781,15.56291,128600,0.0,0.0
2010-08-25 00:00:00-04:00,15.42986,15.68764,15.20533,15.67933,214800,0.0,0.0
2010-08-26 00:00:00-04:00,15.72923,15.88722,15.48807,15.5047,84600,0.0,0.0
2010-08-27 00:00:00-04:00,15.69668,16.03474,15.47131,16.00135,109200,0.07,0.0
2010-08-30 00:00:00-04:00,15.93875,16.09734,15.46714,15.47966,129200,0.0,0.0
2010-08-31 00:00:00-04:00,15.42122,15.79684,15.36697,15.5673,113000,0.0,0.0
2010-09-01 00:00:00-04:00,15.78432,16.25593,15.68415,16.16411,141400,0.0,0.0
2010-09-02 00:00:00-04:00,16.1516,16.39366,16.0556,16.33106,118000,0.0,0.0
2010-09-03 00:00:00-04:00,16.51052,16.75259,16.24341,16.36445,139200,0.0,0.0
2010-09-07 00:00:00-04:00,16.31436,16.32688,15.86779,15.9137,120200,0.0,0.0
2010-09-08 00:00:00-04:00,16.00552,16.48548,16.00552,16.20168,62600,0.0,0.0
2010-09-09 00:00:00-04:00,16.38531,16.50634,16.08064,16.22254,46600,0.0,0.0
2010-09-10 00:00:00-04:00,16.31854,16.48548,16.25594,16.33523,74400,0.0,0.0
2010-09-13 00:00:00-04:00,16.46043,16.69415,16.46043,16.64824,112400,0.0,0.0
2010-09-14 00:00:00-04:00,16.54808,16.68998,16.41035,16.53973,89400,0.0,0.0
2010-09-15 00:00:00-04:00,16.51887,16.66077,16.38114,16.61904,83800,0.0,0.0
2010-09-16 00:00:00-04:00,16.6399,16.6399,16.10569,16.2935,112400,0.0,0.0
2010-09-17 00:00:00-04:00,16.33941,16.54391,16.18498,16.24759,202400,0.0,0.0
2010-09-20 00:00:00-04:00,16.26845,16.82771,16.17664,16.67329,172800,0.0,0.0
2010-09-21 00:00:00-04:00,16.61903,16.68163,16.3394,16.35192,129000,0.0,0.0
2010-09-22 00:00:00-04:00,16.33523,16.56895,16.25593,16.48548,100600,0.0,0.0
2010-09-23 00:00:00-04:00,16.3394,16.57312,16.00969,16.0556,95800,0.0,0.0
2010-09-24 00:00:00-04:00,16.34358,16.8611,16.34358,16.7985,124000,0.0,0.0
2010-09-27 00:00:00-04:00,16.83188,16.83188,16.58564,16.74424,65600,0.0,0.0
2010-09-28 00:00:00-04:00,16.83606,17.06143,16.6399,17.02804,145800,0.0,0.0
2010-09-29 00:00:00-04:00,16.92369,17.17828,16.7025,17.12402,171200,0.0,0.0
2010-09-30 00:00:00-04:00,17.24506,17.2868,16.59399,16.89449,144400,0.0,0.0
2010-10-01 00:00:00-04:00,17.07811,17.07811,16.74006,16.9863,62000,0.0,0.0
2010-10-04 00:00:00-04:00,16.89866,17.0489,16.53138,16.58981,56200,0.0,0.0
2010-10-05 00:00:00-04:00,16.81101,17.31184,16.73172,17.11151,187400,0.0,0.0
2010-10-06 00:00:00-04:00,17.11986,17.24506,16.95291,17.09899,79200,0.0,0.0
2010-10-07 00:00:00-04:00,17.11986,17.11986,16.93623,16.97379,65600,0.0,0.0
2010-10-08 00:00:00-04:00,17.02805,17.31602,16.91954,17.08648,130800,0.0,0.0
2010-10-11 00:00:00-04:00,17.11151,17.15742,16.99883,17.01969,102000,0.0,0.0
2010-10-12 00:00:00-04:00,16.93622,17.09482,16.72337,16.92788,96000,0.0,0.0
2010-10-13 00:00:00-04:00,17.06143,17.4287,16.96544,17.27011,211000,0.0,0.0
2010-10-14 00:00:00-04:00,17.30349,17.47043,17.03221,17.23254,166800,0.0,0.0
2010-10-15 00:00:00-04:00,17.33688,17.68329,17.2242,17.2868,279600,0.0,0.0
2010-10-18 00:00:00-04:00,17.27845,17.64572,17.22419,17.50799,103800,0.0,0.0
2010-10-19 00:00:00-04:00,17.22003,17.68329,17.0197,17.17829,154400,0.0,0.0
2010-10-20 00:00:00-04:00,17.32019,17.80432,17.26593,17.56643,300200,0.0,0.0
2010-10-21 00:00:00-04:00,17.67077,17.96709,17.25341,17.57895,152800,0.0,0.0
2010-10-22 00:00:00-04:00,17.61233,17.64155,17.38279,17.52469,100800,0.0,0.0
2010-10-25 00:00:00-04:00,17.67911,17.81684,17.54973,17.69998,144000,0.0,0.0
2010-10-26 00:00:00-04:00,17.55808,17.80849,17.49965,17.5873,114600,0.0,0.0
2010-10-27 00:00:00-04:00,17.4287,17.4287,16.89866,17.27011,167600,0.0,0.0
2010-10-28 00:00:00-04:00,17.45374,17.49547,17.01552,17.26175,171400,0.0,0.0
2010-10-29 00:00:00-04:00,17.26593,17.54973,17.16994,17.3327,160800,0.0,0.0
2010-11-01 00:00:00-04:00,17.4454,17.52887,16.82771,17.05308,157200,0.0,0.0
2010-11-02 00:00:00-04:00,17.29514,17.34523,16.96544,17.29932,150400,0.0,0.0
2010-11-03 00:00:00-04:00,17.34941,17.35358,16.98631,17.32437,90200,0.0,0.0
2010-11-04 00:00:00-04:00,17.67912,17.97126,17.62903,17.8711,171600,0.0,0.0
2010-11-05 00:00:00-04:00,17.95873,18.02969,17.72084,17.90448,102400,0.0,0.0
2010-11-08 00:00:00-05:00,17.80015,18.01717,17.72085,17.82519,113800,0.0,0.0
2010-11-09 00:00:00-05:00,17.90448,17.98378,17.56643,17.69163,104400,0.0,0.0
2010-11-10 00:00:00-05:00,17.75841,18.00465,17.62903,17.97543,131000,0.0,0.0
2010-11-11 00:00:00-05:00,17.77511,17.93788,17.59982,17.71668,125400,0.0,0.0
2010-11-12 00:00:00-05:00,17.52887,17.66242,17.34523,17.49131,99200,0.0,0.0
2010-11-15 00:00:00-05:00,17.58312,17.85857,17.48295,17.64989,90600,0.0,0.0
2010-11-16 00:00:00-05:00,17.50383,17.61234,17.17412,17.37862,110800,0.0,0.0
2010-11-17 00:00:00-05:00,17.37027,17.42452,17.05725,17.14907,91000,0.0,0.0
2010-11-18 00:00:00-05:00,17.34524,17.6666,17.34524,17.53722,178800,0.0,0.0
2010-11-19 00:00:00-05:00,17.45374,17.71667,17.26593,17.64155,153600,0.0,0.0
2010-11-22 00:00:00-05:00,17.55391,17.81267,17.37862,17.72085,73800,0.0,0.0
2010-11-23 00:00:00-05:00,17.51634,17.64155,17.41201,17.55808,82400,0.0,0.0
2010-11-24 00:00:00-05:00,17.72919,18.06307,17.67493,18.06307,73200,0.0,0.0
2010-11-26 00:00:00-05:00,17.94584,18.06308,17.84954,18.04214,41800,0.07,0.0
2010-11-29 00:00:00-05:00,17.94166,18.01703,17.70718,17.93747,119000,0.0,0.0
2010-11-30 00:00:00-05:00,17.74905,17.92072,17.57738,17.76161,98000,0.0,0.0
2010-12-01 00:00:00-05:00,17.85791,18.42317,17.78673,18.19707,123000,0.0,0.0
2010-12-02 00:00:00-05:00,18.18868,18.36873,18.18868,18.29336,71600,0.0,0.0
2010-12-03 00:00:00-05:00,18.18869,18.4148,18.18869,18.36036,80000,0.0,0.0
2010-12-06 00:00:00-05:00,18.31011,18.55296,18.31011,18.41898,65800,0.0,0.0
2010-12-07 00:00:00-05:00,18.55715,18.66183,18.43154,18.49434,114200,0.0,0.0
2010-12-08 00:00:00-05:00,18.55296,18.60739,18.27242,18.42735,123600,0.0,0.0
2010-12-09 00:00:00-05:00,18.56971,18.61995,18.36035,18.40223,85800,0.0,0.0
2010-12-10 00:00:00-05:00,18.42317,18.63252,18.32268,18.54041,69800,0.0,0.0
2010-12-13 00:00:00-05:00,18.60321,18.90468,18.43991,18.43991,208000,0.0,0.0
2010-12-14 00:00:00-05:00,18.5404,18.69533,18.49853,18.6074,109200,0.0,0.0
2010-12-15 00:00:00-05:00,18.61578,18.78326,18.45248,18.50273,169400,0.0,0.0
2010-12-16 00:00:00-05:00,18.54041,18.56134,17.8621,18.00446,261200,0.0,0.0
2010-12-17 00:00:00-05:00,18.00446,18.31849,17.81185,18.31849,338600,0.0,0.0
2010-12-20 00:00:00-05:00,18.47342,18.47342,18.20126,18.2515,125600,0.0,0.0
2010-12-21 00:00:00-05:00,18.37712,18.3813,18.23057,18.285,142200,0.0,0.0
2010-12-22 00:00:00-05:00,18.28081,18.37292,18.28081,18.28918,77200,0.0,0.0
2010-12-23 00:00:00-05:00,18.29337,18.42736,18.23056,18.31431,68000,0.0,0.0
2010-12-27 00:00:00-05:00,18.33104,18.59064,18.26405,18.51527,102000,0.0,0.0
2010-12-28 00:00:00-05:00,18.58646,18.96748,18.5069,18.7665,212800,0.0,0.0
2010-12-29 00:00:00-05:00,18.85862,19.04704,18.65764,18.86281,100000,0.0,0.0
2010-12-30 00:00:00-05:00,18.90468,19.04285,18.77069,18.82512,239600,0.0,0.0
2010-12-31 00:00:00-05:00,18.84187,18.84187,18.47759,18.51527,114200,0.0,0.0
2011-01-03 00:00:00-05:00,18.59902,19.00517,18.53203,18.92143,134400,0.0,0.0
2011-01-04 00:00:00-05:00,19.03867,19.03867,18.11751,18.26825,231400,0.0,0.0
2011-01-05 00:00:00-05:00,18.218,18.23057,17.87885,18.03796,207000,0.0,0.0
2011-01-06 00:00:00-05:00,17.98771,18.42317,17.44339,17.47689,258000,0.0,0.0
2011-01-07 00:00:00-05:00,17.53132,17.55226,16.69809,17.05818,361800,0.0,0.0
2011-01-10 00:00:00-05:00,16.92419,17.2466,16.73996,17.17123,178400,0.0,0.0
2011-01-11 00:00:00-05:00,17.26335,17.33453,17.04562,17.19635,184600,0.0,0.0
2011-01-12 00:00:00-05:00,17.35965,17.4057,17.13354,17.33452,105600,0.0,0.0
2011-01-13 00:00:00-05:00,17.27172,17.27172,17.0498,17.18379,156800,0.0,0.0
2011-01-14 00:00:00-05:00,17.16704,17.45176,16.94094,17.42664,145000,0.0,0.0
2011-01-18 00:00:00-05:00,17.33452,17.39314,17.13773,17.36383,102200,0.0,0.0
2011-01-19 00:00:00-05:00,17.29684,17.36802,16.99956,17.0205,132400,0.0,0.0
2011-01-20 00:00:00-05:00,16.89489,16.96188,16.72741,16.77346,234400,0.0,0.0
2011-01-21 00:00:00-05:00,16.8572,17.04981,16.66041,16.70646,204400,0.0,0.0
2011-01-24 00:00:00-05:00,16.73577,17.23403,16.68971,17.0498,153800,0.0,0.0
2011-01-25 00:00:00-05:00,16.91163,17.10843,16.83627,17.08749,114200,0.0,0.0
2011-01-26 00:00:00-05:00,17.14611,17.58156,17.1168,17.53551,127200,0.0,0.0
2011-01-27 00:00:00-05:00,17.53133,17.62763,17.31778,17.48108,157000,0.0,0.0
2011-01-28 00:00:00-05:00,17.47689,17.47689,16.90744,16.94513,187800,0.0,0.0
2011-01-31 00:00:00-05:00,16.99956,17.44339,16.97863,17.16286,238400,0.0,0.0
2011-02-01 00:00:00-05:00,17.28847,17.55644,17.15867,17.47689,119800,0.0,0.0
2011-02-02 00:00:00-05:00,17.4057,17.53969,17.23822,17.26753,144400,0.0,0.0
2011-02-03 00:00:00-05:00,17.17123,17.20473,16.8572,17.12936,210200,0.0,0.0
2011-02-04 00:00:00-05:00,17.07911,17.14611,16.91582,17.01631,172200,0.0,0.0
2011-02-07 00:00:00-05:00,16.99956,17.48945,16.95769,17.05399,426000,0.0,0.0
2011-02-08 00:00:00-05:00,16.99119,17.68205,16.7902,17.09167,600400,0.0,0.0
2011-02-09 00:00:00-05:00,17.02468,17.31778,16.79021,17.0205,326600,0.0,0.0
2011-02-10 00:00:00-05:00,16.88651,17.25497,16.88651,17.19635,175800,0.0,0.0
2011-02-11 00:00:00-05:00,17.08329,17.30521,17.05817,17.2759,308800,0.0,0.0
2011-02-14 00:00:00-05:00,17.25497,17.33453,17.10005,17.19635,88200,0.0,0.0
2011-02-15 00:00:00-05:00,17.09587,17.17961,16.6981,16.77346,272400,0.0,0.0
2011-02-16 00:00:00-05:00,16.85301,17.08749,16.74415,16.90744,125600,0.0,0.0
2011-02-17 00:00:00-05:00,16.86139,17.04144,16.78184,16.96188,160800,0.0,0.0
2011-02-18 00:00:00-05:00,17.04562,17.1796,16.89488,17.01212,145400,0.0,0.0
2011-02-22 00:00:00-05:00,16.91163,16.96188,16.50967,16.54317,193800,0.0,0.0
2011-02-23 00:00:00-05:00,16.55992,16.55992,15.98629,16.12027,288400,0.0,0.0
2011-02-24 00:00:00-05:00,16.20012,16.54051,16.10346,16.38502,326600,0.07,0.0
2011-02-25 00:00:00-05:00,16.44385,16.61195,16.38502,16.60775,109800,0.0,0.0
2011-02-28 00:00:00-05:00,16.67498,16.80946,16.45226,16.5195,151400,0.0,0.0
2011-03-01 00:00:00-05:00,16.59933,16.59933,16.09085,16.15388,180000,0.0,0.0
2011-03-02 00:00:00-05:00,16.1581,16.37662,15.87234,16.04043,221600,0.0,0.0
2011-03-03 00:00:00-05:00,16.1791,16.56572,16.10346,16.40603,160400,0.0,0.0
2011-03-04 00:00:00-05:00,16.44805,16.59934,16.20852,16.41023,172800,0.0,0.0
2011-03-07 00:00:00-05:00,16.45646,16.45646,15.9942,16.05724,166000,0.0,0.0
2011-03-08 00:00:00-05:00,16.06143,16.46066,15.95217,16.15388,182400,0.0,0.0
2011-03-09 00:00:00-05:00,16.11186,16.25895,16.09506,16.12027,132800,0.0,0.0
2011-03-10 00:00:00-05:00,15.92695,15.92695,15.64119,15.69582,194600,0.0,0.0
2011-03-11 00:00:00-05:00,15.59078,15.93957,15.54875,15.83451,177000,0.0,0.0
2011-03-14 00:00:00-04:00,15.6538,15.88073,15.55294,15.73364,114400,0.0,0.0
2011-03-15 00:00:00-04:00,15.31342,15.8135,15.31342,15.70844,157200,0.0,0.0
2011-03-16 00:00:00-04:00,15.6496,15.77147,15.39746,15.48571,130000,0.0,0.0
2011-03-17 00:00:00-04:00,15.77568,16.01521,15.68743,15.80929,195400,0.0,0.0
2011-03-18 00:00:00-04:00,16.04044,16.16651,15.78829,16.14129,269000,0.0,0.0
2011-03-21 00:00:00-04:00,16.37241,16.51949,16.25894,16.34299,151600,0.0,0.0
2011-03-22 00:00:00-04:00,16.3388,16.50269,16.22113,16.46907,119600,0.0,0.0
2011-03-23 00:00:00-04:00,16.41024,16.46066,16.1707,16.3514,109600,0.0,0.0
2011-03-24 00:00:00-04:00,16.41865,16.63717,16.18332,16.52371,229600,0.0,0.0
2011-03-25 00:00:00-04:00,16.64557,17.04479,16.51529,16.66238,224200,0.0,0.0
2011-03-28 00:00:00-04:00,16.6918,16.76324,16.5195,16.62036,202200,0.0,0.0
2011-03-29 00:00:00-04:00,16.7044,16.80106,16.55312,16.62876,185200,0.0,0.0
2011-03-30 00:00:00-04:00,16.66658,17.11623,16.66658,16.96915,473000,0.0,0.0
2011-03-31 00:00:00-04:00,16.96914,17.33055,16.87669,17.31794,150400,0.0,0.0
2011-04-01 00:00:00-04:00,17.43982,17.48605,17.24231,17.30955,105800,0.0,0.0
2011-04-04 00:00:00-04:00,17.04058,17.19186,16.67917,16.76322,213400,0.0,0.0
2011-04-05 00:00:00-04:00,16.76743,16.79685,16.45646,16.58673,169600,0.0,0.0
2011-04-06 00:00:00-04:00,16.67078,16.71701,16.343,16.38502,209200,0.0,0.0
2011-04-07 00:00:00-04:00,16.3514,16.51529,16.33039,16.3556,176800,0.0,0.0
2011-04-08 00:00:00-04:00,16.38922,16.47327,15.88914,15.96058,171400,0.0,0.0
2011-04-11 00:00:00-04:00,15.97739,16.15809,15.93536,16.03202,237000,0.0,0.0
2011-04-12 00:00:00-04:00,15.90595,16.34299,15.90595,16.12027,364600,0.0,0.0
2011-04-13 00:00:00-04:00,16.28417,16.45227,16.19172,16.27997,372000,0.0,0.0
2011-04-14 00:00:00-04:00,16.11187,16.22954,15.96479,16.10347,217600,0.0,0.0
2011-04-15 00:00:00-04:00,16.07405,16.39763,16.04463,16.28417,196000,0.0,0.0
2011-04-18 00:00:00-04:00,16.12447,16.12447,15.83871,15.90595,237600,0.0,0.0
2011-04-19 00:00:00-04:00,14.47715,15.84712,14.27964,15.13272,1935200,0.0,0.0
2011-04-20 00:00:00-04:00,15.54875,15.65381,15.22937,15.37645,512600,0.0,0.0
2011-04-21 00:00:00-04:00,15.41007,15.47731,15.15793,15.26719,320400,0.0,0.0
2011-04-25 00:00:00-04:00,15.12851,15.24198,15.1075,15.17054,265400,0.0,0.0
2011-04-26 00:00:00-04:00,15.22937,15.42688,15.13692,15.2882,278000,0.0,0.0
2011-04-27 00:00:00-04:00,15.30081,15.40167,15.14532,15.34283,149800,0.0,0.0
2011-04-28 00:00:00-04:00,15.33443,15.85132,15.24618,15.8135,320800,0.0,0.0
2011-04-29 00:00:00-04:00,15.88074,16.11607,15.80089,15.93116,206000,0.0,0.0
2011-05-02 00:00:00-04:00,16.02782,16.02782,15.66641,15.87233,278000,0.0,0.0
2011-05-03 00:00:00-04:00,15.8261,15.83451,15.63279,15.8219,234000,0.0,0.0
2011-05-04 00:00:00-04:00,15.88074,15.92696,15.37225,15.38486,162000,0.0,0.0
2011-05-05 00:00:00-04:00,15.31763,15.50673,15.0865,15.23778,203800,0.0,0.0
2011-05-06 00:00:00-04:00,15.39746,15.55715,15.24618,15.37645,210800,0.0,0.0
2011-05-09 00:00:00-04:00,15.41007,15.57817,15.36385,15.42268,132000,0.0,0.0
2011-05-10 00:00:00-04:00,15.53194,15.62439,15.21676,15.48571,231400,0.0,0.0
2011-05-11 00:00:00-04:00,15.40167,15.41847,15.17053,15.32182,214400,0.0,0.0
2011-05-12 00:00:00-04:00,15.20416,15.4563,15.04447,15.33023,158000,0.0,0.0
2011-05-13 00:00:00-04:00,15.34283,15.4773,15.12851,15.18734,148800,0.0,0.0
2011-05-16 00:00:00-04:00,15.11591,15.21676,14.98563,15.13272,281600,0.0,0.0
2011-05-17 00:00:00-04:00,15.03606,15.04027,14.7503,14.80914,264400,0.0,0.0
2011-05-18 00:00:00-04:00,14.85536,15.16213,14.80913,15.14952,145800,0.0,0.0
2011-05-19 00:00:00-04:00,15.26719,15.4605,15.17054,15.19155,176800,0.0,0.0
2011-05-20 00:00:00-04:00,15.13271,15.6328,15.13271,15.43108,192600,0.0,0.0
2011-05-23 00:00:00-04:00,15.17894,15.2798,15.00665,15.11591,190200,0.0,0.0
2011-05-24 00:00:00-04:00,15.18314,15.23777,15.00244,15.05287,203000,0.0,0.0
2011-05-25 00:00:00-04:00,14.98143,15.40167,14.98143,15.38066,172400,0.0,0.0
2011-05-26 00:00:00-04:00,15.30472,15.35112,15.11489,15.31738,103200,0.07,0.0
2011-05-27 00:00:00-04:00,15.39753,15.89531,15.35956,15.66751,148600,0.0,0.0
2011-05-31 00:00:00-04:00,15.86157,15.91219,15.47346,15.70126,239800,0.0,0.0
2011-06-01 00:00:00-04:00,15.7097,15.76454,15.30894,15.55361,351600,0.0,0.0
2011-06-02 00:00:00-04:00,15.53674,15.53674,15.09801,15.49033,276000,0.0,0.0
2011-06-03 00:00:00-04:00,15.31316,15.78141,15.17395,15.62955,333000,0.0,0.0
2011-06-06 00:00:00-04:00,15.57892,15.89531,15.55361,15.62533,304000,0.0,0.0
2011-06-07 00:00:00-04:00,15.69705,15.69705,15.33425,15.38066,111200,0.0,0.0
2011-06-08 00:00:00-04:00,15.30472,15.42284,15.21191,15.24566,90000,0.0,0.0
2011-06-09 00:00:00-04:00,15.26254,15.53252,15.25832,15.40597,138400,0.0,0.0
2011-06-10 00:00:00-04:00,15.30472,15.38488,14.9335,15.02208,118800,0.0,0.0
2011-06-13 00:00:00-04:00,15.03896,15.15708,14.95881,15.05161,140400,0.0,0.0
2011-06-14 00:00:00-04:00,15.14442,15.45237,15.1191,15.368,98000,0.0,0.0
2011-06-15 00:00:00-04:00,15.20348,15.26676,14.98412,15.08958,132000,0.0,0.0
2011-06-16 00:00:00-04:00,15.13176,15.41862,15.09379,15.26253,180400,0.0,0.0
2011-06-17 00:00:00-04:00,15.36378,15.54517,15.27941,15.39331,181400,0.0,0.0
2011-06-20 00:00:00-04:00,15.32582,15.51987,15.32582,15.45659,113400,0.0,0.0
2011-06-21 00:00:00-04:00,15.53252,15.8236,15.49456,15.78563,134400,0.0,0.0
2011-06-22 00:00:00-04:00,15.70126,15.89531,15.57892,15.62955,68400,0.0,0.0
2011-06-23 00:00:00-04:00,15.44815,15.47347,15.34691,15.45659,147400,0.0,0.0
2011-06-24 00:00:00-04:00,15.47769,15.60846,15.46081,15.51143,230000,0.0,0.0
2011-06-27 00:00:00-04:00,15.5283,15.68439,15.43971,15.62955,111400,0.0,0.0
2011-06-28 00:00:00-04:00,15.51565,15.51565,15.00943,15.26675,410400,0.0,0.0
2011-06-29 00:00:00-04:00,15.31738,15.44816,15.24989,15.3216,351400,0.0,0.0
2011-06-30 00:00:00-04:00,15.34268,15.62954,15.31315,15.60423,149200,0.0,0.0
2011-07-01 00:00:00-04:00,15.60001,15.87,15.58314,15.81516,251200,0.0,0.0
2011-07-05 00:00:00-04:00,15.8025,15.89531,15.66751,15.88265,110000,0.0,0.0
2011-07-06 00:00:00-04:00,15.84469,15.87844,15.69704,15.85313,146800,0.0,0.0
2011-07-07 00:00:00-04:00,15.9375,16.3256,15.93328,16.24123,125000,0.0,0.0
2011-07-08 00:00:00-04:00,16.04296,16.0978,15.71813,15.9375,190800,0.0,0.0
2011-07-11 00:00:00-04:00,15.74345,15.74345,15.34691,15.40175,294400,0.0,0.0
2011-07-12 00:00:00-04:00,15.30472,15.61267,15.26675,15.52408,123600,0.0,0.0
2011-07-13 00:00:00-04:00,15.58737,15.86157,15.5494,15.7308,128200,0.0,0.0
2011-07-14 00:00:00-04:00,15.73923,15.87844,15.51143,15.55361,237200,0.0,0.0
2011-07-15 00:00:00-04:00,15.62111,15.68439,15.51143,15.57049,103000,0.0,0.0
2011-07-18 00:00:00-04:00,15.53674,15.60002,15.24566,15.41018,125000,0.0,0.0
2011-07-19 00:00:00-04:00,15.4819,15.78564,15.47768,15.7308,230400,0.0,0.0
2011-07-20 00:00:00-04:00,15.73923,16.02187,15.63376,15.9839,189200,0.0,0.0
2011-07-21 00:00:00-04:00,16.2328,17.22415,16.2328,16.65887,587200,0.0,0.0
2011-07-22 00:00:00-04:00,16.36357,16.67996,16.14843,16.37201,256400,0.0,0.0
2011-07-25 00:00:00-04:00,16.17795,16.45216,16.05984,16.32982,191000,0.0,0.0
2011-07-26 00:00:00-04:00,16.35091,16.38045,16.00922,16.02187,116600,0.0,0.0
2011-07-27 00:00:00-04:00,15.91219,15.95437,15.46081,15.54096,196200,0.0,0.0
2011-07-28 00:00:00-04:00,15.52408,15.61267,15.31316,15.37222,135800,0.0,0.0
2011-07-29 00:00:00-04:00,15.1866,15.56205,15.1866,15.39331,245400,0.0,0.0
2011-08-01 00:00:00-04:00,15.53674,15.56205,15.26254,15.37222,123200,0.0,0.0
2011-08-02 00:00:00-04:00,15.24988,15.4144,14.92506,14.9588,208000,0.0,0.0
2011-08-03 00:00:00-04:00,14.99677,15.66751,14.76475,15.63376,341000,0.0,0.0
2011-08-04 00:00:00-04:00,15.46081,15.76032,15.08115,15.11911,257600,0.0,0.0
2011-08-05 00:00:00-04:00,15.27519,15.33847,14.55382,14.87865,230400,0.0,0.0
2011-08-08 00:00:00-04:00,14.44415,14.99255,13.41483,13.42749,312400,0.0,0.0
2011-08-09 00:00:00-04:00,13.71434,14.51164,13.22921,14.49898,285800,0.0,0.0
2011-08-10 00:00:00-04:00,14.1151,14.45258,13.57935,13.60888,276400,0.0,0.0
2011-08-11 00:00:00-04:00,13.68481,14.33868,13.50764,14.19104,319800,0.0,0.0
2011-08-12 00:00:00-04:00,14.31759,14.32603,14.04339,14.21213,269800,0.0,0.0
2011-08-15 00:00:00-04:00,14.38087,14.76054,14.38087,14.7521,119800,0.0,0.0
2011-08-16 00:00:00-04:00,14.57914,14.7057,14.29229,14.44415,134800,0.0,0.0
2011-08-17 00:00:00-04:00,14.49055,14.60445,14.25853,14.36822,104600,0.0,0.0
2011-08-18 00:00:00-04:00,13.9084,13.9084,13.49499,13.61732,231400,0.0,0.0
2011-08-19 00:00:00-04:00,13.41484,13.94215,13.26297,13.51186,417400,0.0,0.0
2011-08-22 00:00:00-04:00,13.83246,13.86199,13.43171,13.60888,226200,0.0,0.0
2011-08-23 00:00:00-04:00,13.65529,14.23322,13.65529,14.1362,255000,0.0,0.0
2011-08-24 00:00:00-04:00,14.07714,14.44837,13.9759,14.17839,245600,0.0,0.0
2011-08-25 00:00:00-04:00,14.26697,14.26697,13.62154,13.71857,166000,0.0,0.0
2011-08-26 00:00:00-04:00,13.60889,14.09823,13.35578,14.07714,126600,0.0,0.0
2011-08-29 00:00:00-04:00,14.2594,14.96305,14.2594,14.96305,138000,0.08,0.0
2011-08-30 00:00:00-04:00,14.89948,15.22586,14.80622,15.10718,173200,0.0,0.0
2011-08-31 00:00:00-04:00,15.2089,15.42932,14.64938,14.8486,341600,0.0,0.0
2011-09-01 00:00:00-04:00,14.85285,15.04783,14.52646,14.63667,350800,0.0,0.0
2011-09-02 00:00:00-04:00,14.17463,14.42049,13.98813,14.0178,163000,0.0,0.0
2011-09-06 00:00:00-04:00,13.51338,14.18311,13.51338,14.14496,265400,0.0,0.0
2011-09-07 00:00:00-04:00,14.34842,14.42896,14.19582,14.39928,211600,0.0,0.0
2011-09-08 00:00:00-04:00,14.27213,14.52222,14.13224,14.21278,163200,0.0,0.0
2011-09-09 00:00:00-04:00,14.08562,14.13225,13.6363,13.76347,182000,0.0,0.0
2011-09-12 00:00:00-04:00,13.58967,13.80585,13.40316,13.73803,123400,0.0,0.0
2011-09-13 00:00:00-04:00,13.79314,14.07714,13.69564,14.00932,221200,0.0,0.0
2011-09-14 00:00:00-04:00,14.1492,14.68329,13.90335,14.45439,324400,0.0,0.0
2011-09-15 00:00:00-04:00,14.64938,14.82741,14.50526,14.82318,126000,0.0,0.0
2011-09-16 00:00:00-04:00,14.89523,14.99697,14.66634,14.70872,188000,0.0,0.0
2011-09-19 00:00:00-04:00,14.44168,14.81894,14.21702,14.63667,140800,0.0,0.0
2011-09-20 00:00:00-04:00,14.76383,14.77231,14.21702,14.25093,217200,0.0,0.0
2011-09-21 00:00:00-04:00,14.25093,14.30603,13.46251,13.48794,141000,0.0,0.0
2011-09-22 00:00:00-04:00,12.97504,13.37773,12.8182,13.05982,193800,0.0,0.0
2011-09-23 00:00:00-04:00,13.05982,13.43708,13.02167,13.31839,147400,0.0,0.0
2011-09-26 00:00:00-04:00,13.43708,13.6575,13.15732,13.63206,145400,0.0,0.0
2011-09-27 00:00:00-04:00,13.95421,14.32722,13.87367,14.03051,192200,0.0,0.0
2011-09-28 00:00:00-04:00,13.81857,13.92454,12.69104,12.82245,478400,0.0,0.0
2011-09-29 00:00:00-04:00,13.03439,13.03439,12.22901,12.46638,1120000,0.0,0.0
2011-09-30 00:00:00-04:00,12.30531,12.5766,12.14847,12.26292,327000,0.0,0.0
2011-10-03 00:00:00-04:00,12.12728,12.51725,11.74578,11.75002,283000,0.0,0.0
2011-10-04 00:00:00-04:00,11.63133,12.92841,11.60166,12.85212,268600,0.0,0.0
2011-10-05 00:00:00-04:00,12.84788,13.12764,12.73767,13.0132,153600,0.0,0.0
2011-10-06 00:00:00-04:00,12.99624,13.26328,12.88603,13.24633,154000,0.0,0.0
2011-10-07 00:00:00-04:00,13.22937,13.39469,12.81821,13.00895,172200,0.0,0.0
2011-10-10 00:00:00-04:00,13.2209,13.66173,13.17851,13.64478,108600,0.0,0.0
2011-10-11 00:00:00-04:00,13.55576,13.94574,13.55576,13.86096,138400,0.0,0.0
2011-10-12 00:00:00-04:00,14.03899,14.67481,14.03899,14.50526,198000,0.0,0.0
2011-10-13 00:00:00-04:00,14.42048,14.5646,14.10681,14.47983,130800,0.0,0.0
2011-10-14 00:00:00-04:00,14.68328,15.00967,14.62394,14.83164,249400,0.0,0.0
2011-10-17 00:00:00-04:00,14.7172,14.7172,14.11529,14.20007,282400,0.0,0.0
2011-10-18 00:00:00-04:00,12.44095,12.80549,11.65677,12.29259,1312600,0.0,0.0
2011-10-19 00:00:00-04:00,12.25445,12.41552,11.74579,11.86024,682800,0.0,0.0
2011-10-20 00:00:00-04:00,11.85599,11.86023,11.40668,11.69916,283000,0.0,0.0
2011-10-21 00:00:00-04:00,11.8899,12.16967,11.85176,12.10608,288400,0.0,0.0
2011-10-24 00:00:00-04:00,12.13151,12.97504,12.10608,12.84364,323600,0.0,0.0
2011-10-25 00:00:00-04:00,12.80125,13.26328,12.64018,12.98352,337200,0.0,0.0
2011-10-26 00:00:00-04:00,12.95809,13.54729,12.84364,13.47099,305200,0.0,0.0
2011-10-27 00:00:00-04:00,13.99236,14.45439,13.91182,14.27636,482400,0.0,0.0
2011-10-28 00:00:00-04:00,14.22126,14.40776,14.03899,14.2806,215000,0.0,0.0
2011-10-31 00:00:00-04:00,14.02204,14.14072,13.70836,13.87792,229800,0.0,0.0
2011-11-01 00:00:00-04:00,13.28872,13.61511,13.20818,13.29296,260200,0.0,0.0
2011-11-02 00:00:00-04:00,13.44556,13.66174,13.31415,13.63206,208600,0.0,0.0
2011-11-03 00:00:00-04:00,13.77618,14.18735,13.56848,14.13224,160800,0.0,0.0
2011-11-04 00:00:00-04:00,14.0178,14.08138,13.81857,14.04747,113600,0.0,0.0
2011-11-07 00:00:00-05:00,13.97541,14.08138,13.53457,13.94998,94600,0.0,0.0
2011-11-08 00:00:00-05:00,14.01355,14.10681,13.74651,13.91182,234800,0.0,0.0
2011-11-09 00:00:00-05:00,13.52185,13.5388,12.94961,13.05558,286200,0.0,0.0
2011-11-10 00:00:00-05:00,13.24633,13.34806,12.74615,12.91146,280200,0.0,0.0
2011-11-11 00:00:00-05:00,13.07677,13.43707,12.89026,13.19546,310600,0.0,0.0
2011-11-14 00:00:00-05:00,13.29719,13.75499,13.25056,13.37349,232800,0.0,0.0
2011-11-15 00:00:00-05:00,13.36926,13.72532,13.14884,13.62783,120800,0.0,0.0
2011-11-16 00:00:00-05:00,13.56,13.68293,13.36501,13.4074,192000,0.0,0.0
2011-11-17 00:00:00-05:00,13.38621,13.38621,12.85211,12.992,223000,0.0,0.0
2011-11-18 00:00:00-05:00,12.992,13.18275,12.95385,13.17427,148600,0.0,0.0
2011-11-21 00:00:00-05:00,12.98352,13.00472,12.57236,12.62746,222200,0.0,0.0
2011-11-22 00:00:00-05:00,12.6317,12.66561,12.2714,12.43671,158200,0.0,0.0
2011-11-23 00:00:00-05:00,12.33074,12.33074,11.82209,11.89838,215600,0.0,0.0
2011-11-25 00:00:00-05:00,11.77121,12.0213,11.75002,11.79665,85400,0.0,0.0
2011-11-28 00:00:00-05:00,11.79239,12.34662,11.78812,12.29972,201000,0.08,0.0
2011-11-29 00:00:00-05:00,12.28267,12.39778,12.1633,12.21872,155200,0.0,0.0
2011-11-30 00:00:00-05:00,12.65785,13.25898,12.65785,13.24619,455600,0.0,0.0
2011-12-01 00:00:00-05:00,13.14813,13.32292,12.9179,12.95627,145200,0.0,0.0
2011-12-02 00:00:00-05:00,13.16518,13.25471,12.82838,12.92643,105800,0.0,0.0
2011-12-05 00:00:00-05:00,13.12255,13.16944,12.52568,12.66211,282600,0.0,0.0
2011-12-06 00:00:00-05:00,12.68769,12.83264,12.64506,12.70901,245000,0.0,0.0
2011-12-07 00:00:00-05:00,12.66211,12.67064,12.30825,12.61095,116000,0.0,0.0
2011-12-08 00:00:00-05:00,12.47026,12.51715,12.04392,12.07376,92600,0.0,0.0
2011-12-09 00:00:00-05:00,12.09082,12.58537,12.09082,12.49157,137400,0.0,0.0
2011-12-12 00:00:00-05:00,12.30825,12.30825,12.07377,12.21019,130200,0.0,0.0
2011-12-13 00:00:00-05:00,12.26988,12.36367,11.81797,11.90323,123800,0.0,0.0
2011-12-14 00:00:00-05:00,11.75402,11.86486,11.52806,11.53659,181600,0.0,0.0
2011-12-15 00:00:00-05:00,11.69007,11.73697,11.45132,11.66449,160400,0.0,0.0
2011-12-16 00:00:00-05:00,11.70712,11.97997,11.65596,11.75402,340600,0.0,0.0
2011-12-19 00:00:00-05:00,11.78812,12.15477,11.66449,11.69007,206400,0.0,0.0
2011-12-20 00:00:00-05:00,11.97144,12.32956,11.97144,12.30825,270600,0.0,0.0
2011-12-21 00:00:00-05:00,12.25709,12.4191,12.10787,12.39352,278400,0.0,0.0
2011-12-22 00:00:00-05:00,12.41057,12.73885,12.38073,12.61948,159800,0.0,0.0
2011-12-23 00:00:00-05:00,12.69195,12.84969,12.55979,12.75164,99200,0.0,0.0
2011-12-27 00:00:00-05:00,12.73032,12.8028,12.5811,12.7559,94800,0.0,0.0
2011-12-28 00:00:00-05:00,12.81985,12.83264,12.58537,12.64505,248000,0.0,0.0
2011-12-29 00:00:00-05:00,12.69195,13.1055,12.66211,12.93496,862400,0.0,0.0
2011-12-30 00:00:00-05:00,12.87954,12.87954,12.547,12.547,173000,0.0,0.0
2012-01-03 00:00:00-05:00,13.00317,13.07565,12.5811,12.65358,439600,0.0,0.0
2012-01-04 00:00:00-05:00,12.59389,12.93496,12.55126,12.84543,239000,0.0,0.0
2012-01-05 00:00:00-05:00,12.81985,13.07139,12.49158,12.96054,215200,0.0,0.0
2012-01-06 00:00:00-05:00,12.94349,13.12681,12.79001,12.9307,326600,0.0,0.0
2012-01-09 00:00:00-05:00,13.00318,13.12255,12.86249,12.98612,247600,0.0,0.0
2012-01-10 00:00:00-05:00,13.15666,13.5233,13.12255,13.42525,355600,0.0,0.0
2012-01-11 00:00:00-05:00,13.40819,13.43803,13.25045,13.37835,185600,0.0,0.0
2012-01-12 00:00:00-05:00,13.36982,13.66825,13.29734,13.6512,223600,0.0,0.0
2012-01-13 00:00:00-05:00,13.48067,13.56594,13.34851,13.54036,148800,0.0,0.0
2012-01-17 00:00:00-05:00,13.71089,13.72794,13.4423,13.6512,243200,0.0,0.0
2012-01-18 00:00:00-05:00,13.68105,13.88995,13.63415,13.88569,142000,0.0,0.0
2012-01-19 00:00:00-05:00,13.92832,14.10738,13.90274,14.05195,80600,0.0,0.0
2012-01-20 00:00:00-05:00,14.00932,14.03063,13.79615,13.92405,98200,0.0,0.0
2012-01-23 00:00:00-05:00,13.92405,14.01358,13.63841,13.75352,157400,0.0,0.0
2012-01-24 00:00:00-05:00,13.61283,13.86863,13.48067,13.79616,208400,0.0,0.0
2012-01-25 00:00:00-05:00,13.75352,13.99227,13.62136,13.86863,136800,0.0,0.0
2012-01-26 00:00:00-05:00,13.9411,13.9411,13.79189,13.8132,88800,0.0,0.0
2012-01-27 00:00:00-05:00,13.7322,13.82173,13.6981,13.81747,105600,0.0,0.0
2012-01-30 00:00:00-05:00,13.70662,13.80894,13.3954,13.68104,108200,0.0,0.0
2012-01-31 00:00:00-05:00,13.77057,13.90274,13.60857,13.70236,125600,0.0,0.0
2012-02-01 00:00:00-05:00,13.81747,14.39302,13.78336,14.37597,258600,0.0,0.0
2012-02-02 00:00:00-05:00,14.37597,14.49534,14.27791,14.2907,111000,0.0,0.0
2012-02-03 00:00:00-05:00,14.28218,14.77673,14.28218,14.7213,132600,0.0,0.0
2012-02-06 00:00:00-05:00,14.61471,14.94299,14.31628,14.4996,527800,0.0,0.0
2012-02-07 00:00:00-05:00,13.64268,14.25233,13.03302,13.88569,673000,0.0,0.0
2012-02-08 00:00:00-05:00,13.99227,14.06048,13.87716,14.00079,131800,0.0,0.0
2012-02-09 00:00:00-05:00,14.069,14.1159,13.88995,14.0349,153600,0.0,0.0
2012-02-10 00:00:00-05:00,13.91126,14.12869,13.91126,14.06901,156800,0.0,0.0
2012-02-13 00:00:00-05:00,14.26512,14.31628,14.07754,14.24807,137200,0.0,0.0
2012-02-14 00:00:00-05:00,14.18412,14.18412,13.88995,14.1287,186800,0.0,0.0
2012-02-15 00:00:00-05:00,14.23101,14.36744,13.97095,14.0349,119400,0.0,0.0
2012-02-16 00:00:00-05:00,14.07753,14.66587,14.069,14.65308,104200,0.0,0.0
2012-02-17 00:00:00-05:00,14.68292,14.68292,14.38875,14.48255,148200,0.0,0.0
2012-02-21 00:00:00-05:00,14.6275,14.67866,14.41007,14.43992,138000,0.0,0.0
2012-02-22 00:00:00-05:00,14.39303,14.62751,14.25234,14.4655,115600,0.0,0.0
2012-02-23 00:00:00-05:00,14.49533,14.78098,14.37596,14.65308,109000,0.0,0.0
2012-02-24 00:00:00-05:00,14.67867,14.69998,14.26512,14.28218,169600,0.0,0.0
2012-02-27 00:00:00-05:00,14.22649,14.47923,13.96089,14.36357,271200,0.08,0.0
2012-02-28 00:00:00-05:00,14.06799,14.33358,13.93947,14.17508,310800,0.0,0.0
2012-02-29 00:00:00-05:00,14.18793,14.40641,13.65674,13.78097,1584400,0.0,0.0
2012-03-01 00:00:00-05:00,13.87093,14.3036,13.62676,13.64389,312000,0.0,0.0
2012-03-02 00:00:00-05:00,13.66103,13.66103,13.15982,13.2455,295600,0.0,0.0
2012-03-05 00:00:00-05:00,13.15982,13.33974,13.02274,13.28405,169400,0.0,0.0
2012-03-06 00:00:00-05:00,13.09557,13.2455,13.01417,13.07415,208000,0.0,0.0
2012-03-07 00:00:00-05:00,13.16838,13.24978,13.07414,13.19409,174400,0.0,0.0
2012-03-08 00:00:00-05:00,13.27977,13.4297,13.05701,13.20266,190800,0.0,0.0
2012-03-09 00:00:00-05:00,13.21123,13.79811,13.21123,13.71243,185400,0.0,0.0
2012-03-12 00:00:00-04:00,13.69958,13.92662,13.66102,13.70815,137000,0.0,0.0
2012-03-13 00:00:00-04:00,13.86665,14.02515,13.74242,14.02515,164800,0.0,0.0
2012-03-14 00:00:00-04:00,14.04228,14.14938,13.78097,13.86236,144400,0.0,0.0
2012-03-15 00:00:00-04:00,13.87521,14.13652,13.83666,13.94804,207800,0.0,0.0
2012-03-16 00:00:00-04:00,13.95661,14.038,13.86237,13.95661,327800,0.0,0.0
2012-03-19 00:00:00-04:00,13.97803,14.20078,13.89663,13.96517,166000,0.0,0.0
2012-03-20 00:00:00-04:00,13.84951,13.9052,13.68245,13.8795,175600,0.0,0.0
2012-03-21 00:00:00-04:00,13.94804,14.23077,13.93518,14.17936,269000,0.0,0.0
2012-03-22 00:00:00-04:00,14.05085,14.1708,13.93519,14.1451,283200,0.0,0.0
2012-03-23 00:00:00-04:00,14.09369,14.3807,14.00801,14.28217,175800,0.0,0.0
2012-03-26 00:00:00-04:00,14.43639,14.79194,14.43639,14.59061,226000,0.0,0.0
2012-03-27 00:00:00-04:00,14.5649,14.84763,14.5649,14.72769,127000,0.0,0.0
2012-03-28 00:00:00-04:00,14.75339,14.75339,14.44496,14.55205,198000,0.0,0.0
2012-03-29 00:00:00-04:00,14.43639,14.76196,14.38499,14.66343,168200,0.0,0.0
2012-03-30 00:00:00-04:00,14.77481,14.77481,14.52635,14.56062,135400,0.0,0.0
2012-04-02 00:00:00-04:00,14.52635,14.89476,14.43639,14.84763,197600,0.0,0.0
2012-04-03 00:00:00-04:00,14.7534,14.81765,14.39356,14.50922,146200,0.0,0.0
2012-04-04 00:00:00-04:00,14.28218,14.49637,14.27361,14.45353,206600,0.0,0.0
2012-04-05 00:00:00-04:00,14.43211,14.68913,14.39784,14.61631,115000,0.0,0.0
2012-04-09 00:00:00-04:00,14.36785,14.59489,14.3293,14.47066,226200,0.0,0.0
2012-04-10 00:00:00-04:00,14.46209,14.54777,13.96946,14.03371,193000,0.0,0.0
2012-04-11 00:00:00-04:00,14.18793,14.25647,14.02515,14.25647,146400,0.0,0.0
2012-04-12 00:00:00-04:00,14.24362,14.63345,14.24362,14.55205,162000,0.0,0.0
2012-04-13 00:00:00-04:00,14.48352,14.50494,14.17509,14.20507,171800,0.0,0.0
2012-04-16 00:00:00-04:00,14.26933,14.44924,14.11082,14.22649,277200,0.0,0.0
2012-04-17 00:00:00-04:00,14.31644,14.78338,14.28217,14.6977,327400,0.0,0.0
2012-04-18 00:00:00-04:00,14.57347,14.75339,14.45353,14.52635,255200,0.0,0.0
2012-04-19 00:00:00-04:00,16.53117,17.01952,15.81149,16.18418,1880000,0.0,0.0
2012-04-20 00:00:00-04:00,16.14991,16.45834,15.56731,15.72153,872000,0.0,0.0
2012-04-23 00:00:00-04:00,15.42595,15.64013,14.95473,15.60158,404800,0.0,0.0
2012-04-24 00:00:00-04:00,15.65299,15.90145,15.65299,15.86718,252400,0.0,0.0
2012-04-25 00:00:00-04:00,16.08137,16.25701,15.8886,15.97428,165800,0.0,0.0
2012-04-26 00:00:00-04:00,15.93572,16.37695,15.93572,16.32126,264200,0.0,0.0
2012-04-27 00:00:00-04:00,16.30413,16.42836,16.18418,16.39837,223400,0.0,0.0
2012-04-30 00:00:00-04:00,16.32126,16.32983,15.79864,15.82434,242000,0.0,0.0
2012-05-01 00:00:00-04:00,15.79436,16.18418,15.65299,15.88003,280800,0.0,0.0
2012-05-02 00:00:00-04:00,15.83291,16.11564,15.61443,16.10279,248000,0.0,0.0
2012-05-03 00:00:00-04:00,16.03853,16.08565,15.72581,15.78578,209800,0.0,0.0
2012-05-04 00:00:00-04:00,15.6487,15.6487,15.36597,15.48592,203200,0.0,0.0
2012-05-07 00:00:00-04:00,15.42595,15.7301,15.31457,15.62728,194000,0.0,0.0
2012-05-08 00:00:00-04:00,15.47736,15.8372,15.44309,15.79865,159800,0.0,0.0
2012-05-09 00:00:00-04:00,15.59302,15.90146,15.58446,15.79865,140000,0.0,0.0
2012-05-10 00:00:00-04:00,15.89288,16.0471,15.76866,15.8886,177000,0.0,0.0
2012-05-11 00:00:00-04:00,15.74296,15.95715,15.73439,15.86291,274000,0.0,0.0
2012-05-14 00:00:00-04:00,15.64442,16.15847,15.42594,15.97855,456000,0.0,0.0
2012-05-15 00:00:00-04:00,15.98285,16.13278,15.90574,15.95714,242000,0.0,0.0
2012-05-16 00:00:00-04:00,16.0471,16.27842,15.94,15.98284,263000,0.0,0.0
2012-05-17 00:00:00-04:00,16.04282,16.05567,15.68298,15.69155,201400,0.0,0.0
2012-05-18 00:00:00-04:00,15.66584,15.99569,15.63157,15.71724,171200,0.0,0.0
2012-05-21 00:00:00-04:00,15.77722,15.99569,15.57588,15.9143,195000,0.0,0.0
2012-05-22 00:00:00-04:00,15.90574,15.97428,15.66584,15.79007,200000,0.0,0.0
2012-05-23 00:00:00-04:00,15.58873,15.76009,15.43023,15.69583,164000,0.0,0.0
2012-05-24 00:00:00-04:00,15.71724,15.82434,15.54589,15.82434,97400,0.0,0.0
2012-05-25 00:00:00-04:00,15.80721,15.92715,15.61872,15.71724,138600,0.0,0.0
2012-05-29 00:00:00-04:00,15.85063,16.03133,15.66562,15.88505,141800,0.08,0.0
2012-05-30 00:00:00-04:00,15.70434,15.78179,15.40317,15.42468,134400,0.0,0.0
2012-05-31 00:00:00-04:00,15.48061,15.66562,15.2956,15.53655,224200,0.0,0.0
2012-06-01 00:00:00-04:00,15.1407,15.20094,14.99011,15.05465,217200,0.0,0.0
2012-06-04 00:00:00-04:00,15.09337,15.18803,14.65451,15.01162,200600,0.0,0.0
2012-06-05 00:00:00-04:00,14.90406,15.19663,14.90406,15.145,111600,0.0,0.0
2012-06-06 00:00:00-04:00,15.2956,15.57957,15.2956,15.56236,152200,0.0,0.0
2012-06-07 00:00:00-04:00,15.74736,15.79038,15.33862,15.38164,193600,0.0,0.0
2012-06-08 00:00:00-04:00,15.33863,15.59678,15.287,15.47201,175000,0.0,0.0
2012-06-11 00:00:00-04:00,15.55374,15.63549,15.02453,15.03313,205400,0.0,0.0
2012-06-12 00:00:00-04:00,15.11058,15.17512,14.90836,15.03313,261400,0.0,0.0
2012-06-13 00:00:00-04:00,15.03744,15.35583,14.87825,15.02023,157000,0.0,0.0
2012-06-14 00:00:00-04:00,14.99441,15.07616,14.77068,14.93418,152400,0.0,0.0
2012-06-15 00:00:00-04:00,15.00732,15.49351,14.95139,15.2999,411000,0.0,0.0
2012-06-18 00:00:00-04:00,15.25257,15.68283,15.1278,15.6398,117800,0.0,0.0
2012-06-19 00:00:00-04:00,15.68712,15.9926,15.51932,15.93667,151200,0.0,0.0
2012-06-20 00:00:00-04:00,15.88505,16.17332,15.74306,15.99691,163400,0.0,0.0
2012-06-21 00:00:00-04:00,15.95819,15.95819,15.6398,15.67422,135200,0.0,0.0
2012-06-22 00:00:00-04:00,15.78608,16.00551,15.6398,15.95819,325200,0.0,0.0
2012-06-25 00:00:00-04:00,15.72155,15.8119,15.472,15.58387,119400,0.0,0.0
2012-06-26 00:00:00-04:00,15.55806,15.89796,15.2956,15.72585,142800,0.0,0.0
2012-06-27 00:00:00-04:00,15.72585,15.83341,15.59247,15.73445,149400,0.0,0.0
2012-06-28 00:00:00-04:00,15.56665,15.69143,15.40746,15.67422,99400,0.0,0.0
2012-06-29 00:00:00-04:00,16.02704,16.25507,16.00122,16.15611,235600,0.0,0.0
2012-07-02 00:00:00-04:00,16.15611,16.40996,16.05715,16.37554,123800,0.0,0.0
2012-07-03 00:00:00-04:00,16.34972,16.44438,16.3153,16.44438,150400,0.0,0.0
2012-07-05 00:00:00-04:00,16.37984,16.57776,16.35833,16.54334,115000,0.0,0.0
2012-07-06 00:00:00-04:00,16.39275,16.4702,16.31531,16.42287,96200,0.0,0.0
2012-07-09 00:00:00-04:00,16.35833,16.42717,16.22065,16.41856,155000,0.0,0.0
2012-07-10 00:00:00-04:00,16.41427,16.60788,16.32821,16.37984,213600,0.0,0.0
2012-07-11 00:00:00-04:00,16.38845,16.44438,16.25507,16.41856,90800,0.0,0.0
2012-07-12 00:00:00-04:00,16.3067,16.86603,16.18192,16.72405,266200,0.0,0.0
2012-07-13 00:00:00-04:00,16.74556,16.78428,16.50031,16.56915,249000,0.0,0.0
2012-07-16 00:00:00-04:00,16.47449,16.4917,16.25937,16.45728,75200,0.0,0.0
2012-07-17 00:00:00-04:00,16.58637,16.58637,16.23786,16.32391,84600,0.0,0.0
2012-07-18 00:00:00-04:00,16.28518,17.12849,16.22495,16.96929,307400,0.0,0.0
2012-07-19 00:00:00-04:00,16.95208,17.1457,16.84452,16.9865,164000,0.0,0.0
2012-07-20 00:00:00-04:00,14.633,15.91946,14.633,15.45048,795400,0.0,0.0
2012-07-23 00:00:00-04:00,14.9686,15.33862,14.80941,14.97721,428800,0.0,0.0
2012-07-24 00:00:00-04:00,15.02024,15.02024,14.56847,14.6287,279600,0.0,0.0
2012-07-25 00:00:00-04:00,14.73626,14.8008,14.50392,14.57707,148400,0.0,0.0
2012-07-26 00:00:00-04:00,14.8051,14.98151,14.65881,14.74487,106800,0.0,0.0
2012-07-27 00:00:00-04:00,14.81371,15.15362,14.7922,15.09768,134200,0.0,0.0
2012-07-30 00:00:00-04:00,15.07617,15.1235,14.69324,14.81802,144200,0.0,0.0
2012-07-31 00:00:00-04:00,14.78359,14.91267,14.57276,14.58137,178800,0.0,0.0
2012-08-01 00:00:00-04:00,14.64591,14.69324,14.23286,14.23286,120600,0.0,0.0
2012-08-02 00:00:00-04:00,14.13391,14.4566,14.03495,14.19414,186400,0.0,0.0
2012-08-03 00:00:00-04:00,14.4523,14.80941,14.41358,14.76639,147600,0.0,0.0
2012-08-06 00:00:00-04:00,14.7922,15.08047,14.67173,14.68464,111600,0.0,0.0
2012-08-07 00:00:00-04:00,14.81371,14.98581,14.74056,14.74487,78600,0.0,0.0
2012-08-08 00:00:00-04:00,14.71905,14.91267,14.6244,14.66742,79600,0.0,0.0
2012-08-09 00:00:00-04:00,14.66312,14.72335,14.56846,14.57707,92600,0.0,0.0
2012-08-10 00:00:00-04:00,14.50392,14.75347,14.45229,14.69754,52600,0.0,0.0
2012-08-13 00:00:00-04:00,14.6287,14.69754,14.49532,14.69754,50800,0.0,0.0
2012-08-14 00:00:00-04:00,14.76208,14.81801,14.49962,14.60719,81200,0.0,0.0
2012-08-15 00:00:00-04:00,14.54695,14.95139,14.54695,14.93849,63600,0.0,0.0
2012-08-16 00:00:00-04:00,14.90407,15.22676,14.75348,15.18373,60400,0.0,0.0
2012-08-17 00:00:00-04:00,15.1278,15.20524,14.98151,15.19234,90200,0.0,0.0
2012-08-20 00:00:00-04:00,15.07186,15.10628,14.87825,15.05895,49000,0.0,0.0
2012-08-21 00:00:00-04:00,15.14931,15.36874,15.1364,15.24826,64000,0.0,0.0
2012-08-22 00:00:00-04:00,15.17082,15.19233,14.95569,15.05035,43200,0.0,0.0
2012-08-23 00:00:00-04:00,15.00732,15.00732,14.74486,14.79219,33200,0.0,0.0
2012-08-24 00:00:00-04:00,14.73626,14.83522,14.65882,14.75347,22800,0.0,0.0
2012-08-27 00:00:00-04:00,14.84383,15.00733,14.7879,14.86534,43600,0.0,0.0
2012-08-28 00:00:00-04:00,14.87825,14.87825,14.68894,14.7965,50600,0.0,0.0
2012-08-29 00:00:00-04:00,14.79217,15.04729,14.73596,14.8873,53800,0.085,0.0
2012-08-30 00:00:00-04:00,14.74461,14.90892,14.63651,14.75758,49000,0.0,0.0
2012-08-31 00:00:00-04:00,14.91757,14.91757,14.51545,14.66246,153800,0.0,0.0
2012-09-04 00:00:00-04:00,14.60624,14.64948,14.29924,14.53706,105200,0.0,0.0
2012-09-05 00:00:00-04:00,14.50248,14.57598,13.96198,14.16088,396000,0.0,0.0
2012-09-06 00:00:00-04:00,14.23439,14.92622,14.23439,14.87001,188600,0.0,0.0
2012-09-07 00:00:00-04:00,14.91757,15.63967,14.91757,15.60075,122800,0.0,0.0
2012-09-10 00:00:00-04:00,15.64398,15.80397,15.59642,15.6829,63200,0.0,0.0
2012-09-11 00:00:00-04:00,15.58778,15.79533,15.42779,15.45806,111400,0.0,0.0
2012-09-12 00:00:00-04:00,15.55319,15.63102,15.32835,15.55319,89400,0.0,0.0
2012-09-13 00:00:00-04:00,15.54021,15.99855,15.25916,15.92504,158600,0.0,0.0
2012-09-14 00:00:00-04:00,15.97261,16.23205,15.94667,16.03315,118600,0.0,0.0
2012-09-17 00:00:00-04:00,15.8991,15.91207,15.56183,15.86018,82400,0.0,0.0
2012-09-18 00:00:00-04:00,15.79532,16.15421,15.79532,16.13259,79800,0.0,0.0
2012-09-19 00:00:00-04:00,16.12826,16.14988,15.95098,16.07205,48000,0.0,0.0
2012-09-20 00:00:00-04:00,15.94234,16.12827,15.85586,16.0072,92400,0.0,0.0
2012-09-21 00:00:00-04:00,16.17151,16.38338,16.08935,16.17583,143600,0.0,0.0
2012-09-24 00:00:00-04:00,16.07206,16.25799,15.99423,16.1888,90600,0.0,0.0
2012-09-25 00:00:00-04:00,16.22772,16.28393,16.0245,16.10233,110000,0.0,0.0
2012-09-26 00:00:00-04:00,16.15422,16.15854,15.90775,15.95099,121200,0.0,0.0
2012-09-27 00:00:00-04:00,16.00288,16.10665,15.89911,15.97694,111000,0.0,0.0
2012-09-28 00:00:00-04:00,15.87749,16.03315,15.70021,15.7348,209800,0.0,0.0
2012-10-01 00:00:00-04:00,15.86884,15.95099,15.67426,15.83857,104000,0.0,0.0
2012-10-02 00:00:00-04:00,16.02883,16.21476,15.89911,16.09369,93400,0.0,0.0
2012-10-03 00:00:00-04:00,16.11097,16.48716,16.07206,16.26663,89800,0.0,0.0
2012-10-04 00:00:00-04:00,16.37906,16.37906,15.98126,16.3142,144400,0.0,0.0
2012-10-05 00:00:00-04:00,16.38771,16.90226,16.37042,16.60391,208800,0.0,0.0
2012-10-08 00:00:00-04:00,16.51742,16.66876,16.41797,16.63849,84600,0.0,0.0
2012-10-09 00:00:00-04:00,16.59957,16.59957,15.93369,15.94666,142200,0.0,0.0
2012-10-10 00:00:00-04:00,16.01152,16.06341,15.73911,15.8818,110400,0.0,0.0
2012-10-11 00:00:00-04:00,15.99856,15.99856,15.80831,15.99424,89600,0.0,0.0
2012-10-12 00:00:00-04:00,15.96828,16.03314,15.81695,15.94234,133200,0.0,0.0
2012-10-15 00:00:00-04:00,16.02017,16.03747,15.84722,16.01585,82600,0.0,0.0
2012-10-16 00:00:00-04:00,15.99855,16.40068,15.88613,16.38338,145000,0.0,0.0
2012-10-17 00:00:00-04:00,17.7238,19.03828,17.31303,18.861,871200,0.0,0.0
2012-10-18 00:00:00-04:00,18.73993,19.71714,18.73993,19.0599,680400,0.0,0.0
2012-10-19 00:00:00-04:00,18.9518,19.44905,18.58426,19.04692,305200,0.0,0.0
2012-10-22 00:00:00-04:00,19.04693,19.04693,18.34645,18.51076,372800,0.0,0.0
2012-10-23 00:00:00-04:00,18.31185,18.45454,18.09998,18.28591,264800,0.0,0.0
2012-10-24 00:00:00-04:00,18.29888,18.41995,18.16052,18.41995,127800,0.0,0.0
2012-10-25 00:00:00-04:00,18.60157,18.6448,18.36807,18.6448,101800,0.0,0.0
2012-10-26 00:00:00-04:00,18.6102,18.80046,18.34212,18.41995,225200,0.0,0.0
2012-10-31 00:00:00-04:00,18.38104,18.57561,18.28591,18.52373,125200,0.0,0.0
2012-11-01 00:00:00-04:00,18.554,19.15503,18.54103,18.87398,116600,0.0,0.0
2012-11-02 00:00:00-04:00,18.89991,18.89991,18.49778,18.50211,142800,0.0,0.0
2012-11-05 00:00:00-05:00,18.54534,18.95612,18.49778,18.86964,79200,0.0,0.0
2012-11-06 00:00:00-05:00,18.99072,19.18962,18.9691,19.0772,104600,0.0,0.0
2012-11-07 00:00:00-05:00,18.8091,18.85667,18.21672,18.33347,154400,0.0,0.0
2012-11-08 00:00:00-05:00,18.38104,18.55832,18.21673,18.25997,124400,0.0,0.0
2012-11-09 00:00:00-05:00,18.13025,18.77884,18.08268,18.6102,116800,0.0,0.0
2012-11-12 00:00:00-05:00,18.66209,18.7183,18.09998,18.17349,175400,0.0,0.0
2012-11-13 00:00:00-05:00,18.00918,18.26862,18.00918,18.08701,52400,0.0,0.0
2012-11-14 00:00:00-05:00,18.08702,18.21673,17.82326,17.8492,171400,0.0,0.0
2012-11-15 00:00:00-05:00,17.89244,17.99621,17.6157,17.78866,89000,0.0,0.0
2012-11-16 00:00:00-05:00,17.72813,18.96045,17.49464,18.88262,267800,0.0,0.0
2012-11-19 00:00:00-05:00,19.18528,19.18528,18.5194,18.83505,130000,0.0,0.0
2012-11-20 00:00:00-05:00,18.74857,18.99936,18.67939,18.96044,122600,0.0,0.0
2012-11-21 00:00:00-05:00,19.01666,19.01666,18.70101,18.90423,124800,0.0,0.0
2012-11-23 00:00:00-05:00,19.01233,19.01233,18.73128,18.89991,64000,0.0,0.0
2012-11-26 00:00:00-05:00,18.8437,19.28042,18.83073,19.2761,100800,0.0,0.0
2012-11-27 00:00:00-05:00,19.29771,19.61336,19.28907,19.49229,182400,0.0,0.0
2012-11-28 00:00:00-05:00,19.45757,19.58344,19.2883,19.5791,142600,0.085,0.0
2012-11-29 00:00:00-05:00,19.77007,19.9133,19.61816,19.73535,124200,0.0,0.0
2012-11-30 00:00:00-05:00,19.80912,19.81781,19.43586,19.55739,156200,0.0,0.0
2012-12-03 00:00:00-05:00,19.77441,19.77441,19.15808,19.19281,94000,0.0,0.0
2012-12-04 00:00:00-05:00,19.23621,19.96538,19.16243,19.90028,152400,0.0,0.0
2012-12-05 00:00:00-05:00,19.94368,19.96538,19.32302,19.3751,131800,0.0,0.0
2012-12-06 00:00:00-05:00,19.38378,19.3968,19.17111,19.37944,152200,0.0,0.0
2012-12-07 00:00:00-05:00,19.53135,19.85688,19.38378,19.71365,123400,0.0,0.0
2012-12-10 00:00:00-05:00,19.75705,19.98708,19.71798,19.98708,118600,0.0,0.0
2012-12-11 00:00:00-05:00,20.06955,20.30393,19.8916,20.06955,90600,0.0,0.0
2012-12-12 00:00:00-05:00,20.18673,20.18673,19.7744,19.86121,120600,0.0,0.0
2012-12-13 00:00:00-05:00,20.23014,20.34299,19.75271,19.82215,98800,0.0,0.0
2012-12-14 00:00:00-05:00,19.83083,20.08691,19.67024,19.80045,108200,0.0,0.0
2012-12-17 00:00:00-05:00,19.83083,20.05218,19.47058,19.87423,248200,0.0,0.0
2012-12-18 00:00:00-05:00,19.98275,20.86383,19.98275,20.67286,133800,0.0,0.0
2012-12-19 00:00:00-05:00,20.75098,21.09387,20.56435,20.87685,147000,0.0,0.0
2012-12-20 00:00:00-05:00,20.86816,21.09386,20.69889,20.95063,142400,0.0,0.0
2012-12-21 00:00:00-05:00,20.7206,20.92459,20.35167,20.37772,538400,0.0,0.0
2012-12-24 00:00:00-05:00,20.31695,20.68587,20.26052,20.5383,75000,0.0,0.0
2012-12-26 00:00:00-05:00,20.62511,20.75965,20.37771,20.62076,81400,0.0,0.0
2012-12-27 00:00:00-05:00,20.58171,20.58171,19.91764,20.36904,101000,0.0,0.0
2012-12-28 00:00:00-05:00,20.17372,20.49056,20.11729,20.13031,164000,0.0,0.0
2012-12-31 00:00:00-05:00,20.08691,20.66851,20.05652,20.57736,106400,0.0,0.0
2013-01-02 00:00:00-05:00,21.13726,21.55827,21.13726,21.42806,206200,0.0,0.0
2013-01-03 00:00:00-05:00,21.48014,21.59733,21.29785,21.44542,84200,0.0,0.0
2013-01-04 00:00:00-05:00,21.60167,21.60167,21.29351,21.47146,107400,0.0,0.0
2013-01-07 00:00:00-05:00,21.2805,21.2805,20.66851,20.69456,127800,0.0,0.0
2013-01-08 00:00:00-05:00,20.64247,21.62338,20.55567,21.53224,168400,0.0,0.0
2013-01-09 00:00:00-05:00,21.52789,21.52789,21.0982,21.19368,166000,0.0,0.0
2013-01-10 00:00:00-05:00,21.32389,21.32389,20.77267,21.25878,160200,0.0,0.0
2013-01-11 00:00:00-05:00,21.3673,21.7015,21.33258,21.48449,197600,0.0,0.0
2013-01-14 00:00:00-05:00,21.39335,21.48883,21.14161,21.31956,142800,0.0,0.0
2013-01-15 00:00:00-05:00,21.19369,21.28484,21.02442,21.22407,98800,0.0,0.0
2013-01-16 00:00:00-05:00,21.09386,21.24143,20.96365,21.1199,79200,0.0,0.0
2013-01-17 00:00:00-05:00,21.17199,21.51487,21.05046,21.46279,40400,0.0,0.0
2013-01-18 00:00:00-05:00,21.389,21.6147,21.12425,21.55828,81000,0.0,0.0
2013-01-22 00:00:00-05:00,21.49751,21.91852,21.49317,21.84907,109800,0.0,0.0
2013-01-23 00:00:00-05:00,21.85776,21.85776,21.46713,21.50619,113800,0.0,0.0
2013-01-24 00:00:00-05:00,21.49317,22.04439,21.49317,21.9489,136600,0.0,0.0
2013-01-25 00:00:00-05:00,21.90116,22.04873,21.58432,21.79265,128200,0.0,0.0
2013-01-28 00:00:00-05:00,21.84473,22.05741,21.64508,21.98362,65200,0.0,0.0
2013-01-29 00:00:00-05:00,21.86209,22.27876,21.82303,22.22234,156600,0.0,0.0
2013-01-30 00:00:00-05:00,22.18328,22.22668,21.57129,21.64074,102800,0.0,0.0
2013-01-31 00:00:00-05:00,21.56696,21.78831,21.46713,21.48015,223800,0.0,0.0
2013-02-01 00:00:00-05:00,21.64942,22.09213,21.44109,21.8838,309800,0.0,0.0
2013-02-04 00:00:00-05:00,21.78832,22.10082,21.44977,21.57564,140400,0.0,0.0
2013-02-05 00:00:00-05:00,21.81869,21.81869,21.61035,21.6581,107400,0.0,0.0
2013-02-06 00:00:00-05:00,21.56695,22.00532,21.54525,21.90984,143400,0.0,0.0
2013-02-07 00:00:00-05:00,21.52789,21.52789,20.32129,20.56434,214800,0.0,0.0
2013-02-08 00:00:00-05:00,20.69455,21.15028,20.56,21.1199,148400,0.0,0.0
2013-02-11 00:00:00-05:00,21.17199,21.5062,20.96366,21.49318,104400,0.0,0.0
2013-02-12 00:00:00-05:00,21.51487,21.61469,21.37164,21.54959,122600,0.0,0.0
2013-02-13 00:00:00-05:00,21.59299,21.9055,21.56261,21.83605,96400,0.0,0.0
2013-02-14 00:00:00-05:00,21.68414,21.97494,21.68414,21.84474,69200,0.0,0.0
2013-02-15 00:00:00-05:00,21.91852,21.91852,21.60602,21.77095,168800,0.0,0.0
2013-02-19 00:00:00-05:00,21.75793,21.91852,21.72755,21.91852,233000,0.0,0.0
2013-02-20 00:00:00-05:00,21.87078,22.34387,21.74491,21.76661,206800,0.0,0.0
2013-02-21 00:00:00-05:00,21.80133,21.97494,21.72754,21.91418,131200,0.0,0.0
2013-02-22 00:00:00-05:00,22.06609,22.06609,21.73623,22.00098,108400,0.0,0.0
2013-02-25 00:00:00-05:00,22.14856,22.19196,21.1199,21.20671,291600,0.0,0.0
2013-02-26 00:00:00-05:00,21.34608,21.79905,21.28946,21.50724,197200,0.085,0.0
2013-02-27 00:00:00-05:00,21.4811,22.17362,21.4811,21.96456,146600,0.0,0.0
2013-02-28 00:00:00-05:00,21.93842,22.3217,21.93842,22.10828,136600,0.0,0.0
2013-03-01 00:00:00-05:00,21.91665,22.49157,21.90794,22.33913,217600,0.0,0.0
2013-03-04 00:00:00-05:00,22.29557,22.29557,21.65096,22.00376,177600,0.0,0.0
2013-03-05 00:00:00-05:00,22.08216,22.54819,22.08216,22.50028,148200,0.0,0.0
2013-03-06 00:00:00-05:00,22.52205,22.88355,22.49156,22.79644,140800,0.0,0.0
2013-03-07 00:00:00-05:00,22.19104,22.43059,21.63354,22.42623,369800,0.0,0.0
2013-03-08 00:00:00-05:00,22.61788,22.83129,22.38268,22.70063,118800,0.0,0.0
2013-03-11 00:00:00-04:00,22.69628,22.69628,22.33042,22.49593,81400,0.0,0.0
2013-03-12 00:00:00-04:00,22.38704,22.57868,22.26508,22.45237,174200,0.0,0.0
2013-03-13 00:00:00-04:00,22.53512,22.80516,22.34784,22.65272,205000,0.0,0.0
2013-03-14 00:00:00-04:00,22.76597,23.24071,22.68757,23.21893,190600,0.0,0.0
2013-03-15 00:00:00-04:00,23.32781,23.49767,23.14924,23.24506,401600,0.0,0.0
2013-03-18 00:00:00-04:00,22.88356,23.42799,22.34348,23.01858,181600,0.0,0.0
2013-03-19 00:00:00-04:00,23.16666,23.45847,22.89662,23.04906,212600,0.0,0.0
2013-03-20 00:00:00-04:00,23.14925,23.43671,23.00116,23.39315,108800,0.0,0.0
2013-03-21 00:00:00-04:00,23.2015,23.21457,22.88791,22.98373,66200,0.0,0.0
2013-03-22 00:00:00-04:00,23.06214,23.50639,23.02729,23.41057,112400,0.0,0.0
2013-03-25 00:00:00-04:00,23.46719,23.60656,23.04471,23.27555,156000,0.0,0.0
2013-03-26 00:00:00-04:00,23.46719,23.46719,23.17538,23.41057,112200,0.0,0.0
2013-03-27 00:00:00-04:00,23.2015,23.38443,23.06213,23.31039,77600,0.0,0.0
2013-03-28 00:00:00-04:00,23.37572,23.38879,23.06213,23.31039,96200,0.0,0.0
2013-04-01 00:00:00-04:00,23.31475,23.38444,22.77468,23.14054,177000,0.0,0.0
2013-04-02 00:00:00-04:00,23.27991,23.38008,22.71805,22.7921,88000,0.0,0.0
2013-04-03 00:00:00-04:00,22.88791,23.08391,22.55254,22.6353,158000,0.0,0.0
2013-04-04 00:00:00-04:00,22.71369,23.16231,22.56125,23.11004,105400,0.0,0.0
2013-04-05 00:00:00-04:00,22.66143,22.82258,22.45237,22.68321,105000,0.0,0.0
2013-04-08 00:00:00-04:00,22.78337,23.1231,22.62222,23.06212,90200,0.0,0.0
2013-04-09 00:00:00-04:00,23.08827,23.34524,22.9576,23.13182,257800,0.0,0.0
2013-04-10 00:00:00-04:00,23.26248,23.6414,23.24506,23.38008,160400,0.0,0.0
2013-04-11 00:00:00-04:00,23.38008,23.61527,23.13617,23.31474,106000,0.0,0.0
2013-04-12 00:00:00-04:00,23.17102,23.34088,22.79645,23.01422,96400,0.0,0.0
2013-04-15 00:00:00-04:00,22.89662,22.89662,21.725,21.8034,184600,0.0,0.0
2013-04-16 00:00:00-04:00,22.07344,22.86178,21.89487,22.78774,169200,0.0,0.0
2013-04-17 00:00:00-04:00,20.71018,20.76681,19.25111,19.51243,870600,0.0,0.0
2013-04-18 00:00:00-04:00,19.47323,19.81731,19.0464,19.20755,445400,0.0,0.0
2013-04-19 00:00:00-04:00,19.0464,19.11173,18.24064,18.61521,303800,0.0,0.0
2013-04-22 00:00:00-04:00,18.49326,18.82427,18.27549,18.70232,229200,0.0,0.0
2013-04-23 00:00:00-04:00,18.83734,19.15094,18.75023,18.91138,175600,0.0,0.0
2013-04-24 00:00:00-04:00,19.01156,19.73892,19.01156,19.69101,444800,0.0,0.0
2013-04-25 00:00:00-04:00,19.81732,20.1222,19.63875,19.65181,285400,0.0,0.0
2013-04-26 00:00:00-04:00,19.59954,19.71714,19.09867,19.11609,129200,0.0,0.0
2013-04-29 00:00:00-04:00,19.16835,19.2032,18.86783,18.91574,109000,0.0,0.0
2013-04-30 00:00:00-04:00,18.91138,19.03333,18.69361,19.02462,114000,0.0,0.0
2013-05-01 00:00:00-04:00,18.86347,18.95929,18.35824,18.5281,293200,0.0,0.0
2013-05-02 00:00:00-04:00,18.70668,19.11609,18.70668,19.06818,189600,0.0,0.0
2013-05-03 00:00:00-04:00,19.39484,19.76505,19.01591,19.19884,629000,0.0,0.0
2013-05-06 00:00:00-04:00,19.26418,19.38177,19.12916,19.38177,156400,0.0,0.0
2013-05-07 00:00:00-04:00,19.45581,19.61697,19.2032,19.61697,72000,0.0,0.0
2013-05-08 00:00:00-04:00,19.59519,19.73456,19.43403,19.55599,157200,0.0,0.0
2013-05-09 00:00:00-04:00,19.46453,19.58648,19.22933,19.39919,90400,0.0,0.0
2013-05-10 00:00:00-04:00,19.35564,19.59955,19.22498,19.5168,151800,0.0,0.0
2013-05-13 00:00:00-04:00,19.41662,19.48195,18.9201,19.21627,181400,0.0,0.0
2013-05-14 00:00:00-04:00,19.19013,19.31644,19.08125,19.23369,239000,0.0,0.0
2013-05-15 00:00:00-04:00,19.23804,19.50372,19.19013,19.39048,174000,0.0,0.0
2013-05-16 00:00:00-04:00,19.28595,19.45581,18.95494,19.19884,158600,0.0,0.0
2013-05-17 00:00:00-04:00,19.36,19.63439,19.2816,19.54293,156000,0.0,0.0
2013-05-20 00:00:00-04:00,19.45146,19.79118,19.37306,19.62568,214600,0.0,0.0
2013-05-21 00:00:00-04:00,19.61697,19.8391,19.51679,19.70843,143800,0.0,0.0
2013-05-22 00:00:00-04:00,19.69536,19.8086,18.98978,19.12915,153000,0.0,0.0
2013-05-23 00:00:00-04:00,18.80685,19.27724,18.6457,19.16835,235000,0.0,0.0
2013-05-24 00:00:00-04:00,18.98978,19.15964,18.80685,19.11609,62600,0.0,0.0
2013-05-28 00:00:00-04:00,19.42097,19.5647,18.98107,19.49066,145400,0.0,0.0
2013-05-29 00:00:00-04:00,19.32015,19.53438,19.22396,19.36387,44600,0.085,0.0
2013-05-30 00:00:00-04:00,19.38136,19.72238,19.38136,19.57373,60600,0.0,0.0
2013-05-31 00:00:00-04:00,19.44256,19.73111,19.40758,19.48191,64600,0.0,0.0
2013-06-03 00:00:00-04:00,19.52564,19.89289,19.38136,19.70052,166600,0.0,0.0
2013-06-04 00:00:00-04:00,19.78359,19.79671,19.4688,19.54313,133600,0.0,0.0
2013-06-05 00:00:00-04:00,19.4207,19.53438,19.09717,19.13215,105400,0.0,0.0
2013-06-06 00:00:00-04:00,19.18024,19.45131,19.01847,19.41196,100400,0.0,0.0
2013-06-07 00:00:00-04:00,19.58247,19.72237,19.48628,19.57809,36400,0.0,0.0
2013-06-10 00:00:00-04:00,19.66554,19.67865,19.46005,19.6087,48400,0.0,0.0
2013-06-11 00:00:00-04:00,19.33764,19.91038,19.26331,19.3114,118800,0.0,0.0
2013-06-12 00:00:00-04:00,19.43819,19.52126,18.88294,18.90917,72400,0.0,0.0
2013-06-13 00:00:00-04:00,18.90918,19.2502,18.73867,19.22397,101800,0.0,0.0
2013-06-14 00:00:00-04:00,19.23271,19.28954,18.85671,18.90917,57600,0.0,0.0
2013-06-17 00:00:00-04:00,19.28517,19.30266,18.88731,19.05345,82000,0.0,0.0
2013-06-18 00:00:00-04:00,19.0622,19.6568,19.0622,19.59122,100400,0.0,0.0
2013-06-19 00:00:00-04:00,19.56062,19.70052,19.48192,19.48629,45200,0.0,0.0
2013-06-20 00:00:00-04:00,19.21085,19.21085,18.65559,18.75615,81800,0.0,0.0
2013-06-21 00:00:00-04:00,18.83485,19.69178,18.7955,19.64368,367800,0.0,0.0
2013-06-24 00:00:00-04:00,19.33327,19.65243,18.91355,18.94415,149400,0.0,0.0
2013-06-25 00:00:00-04:00,19.10155,19.10155,18.67746,18.94415,104600,0.0,0.0
2013-06-26 00:00:00-04:00,19.18024,19.24145,18.70806,18.80424,63800,0.0,0.0
2013-06-27 00:00:00-04:00,18.90481,19.59122,18.83486,19.50815,108200,0.0,0.0
2013-06-28 00:00:00-04:00,19.47317,19.71801,19.30266,19.47754,163400,0.0,0.0
2013-07-01 00:00:00-04:00,19.49066,19.98034,19.47318,19.72676,99000,0.0,0.0
2013-07-02 00:00:00-04:00,19.66117,19.73987,19.21959,19.53875,61400,0.0,0.0
2013-07-03 00:00:00-04:00,19.36824,19.62619,19.31577,19.46005,69400,0.0,0.0
2013-07-05 00:00:00-04:00,19.59996,20.43939,19.59996,20.4219,56200,0.0,0.0
2013-07-08 00:00:00-04:00,20.50061,20.5487,20.25577,20.29075,99200,0.0,0.0
2013-07-09 00:00:00-04:00,20.41754,20.83726,20.07215,20.33884,107800,0.0,0.0
2013-07-10 00:00:00-04:00,20.27763,20.61428,20.23828,20.57055,42600,0.0,0.0
2013-07-11 00:00:00-04:00,20.7979,20.7979,19.96284,20.47874,116800,0.0,0.0
2013-07-12 00:00:00-04:00,20.35632,20.80227,20.35632,20.58367,62600,0.0,0.0
2013-07-15 00:00:00-04:00,20.54432,20.97279,20.5006,20.78479,76400,0.0,0.0
2013-07-16 00:00:00-04:00,20.74981,21.07335,20.71047,20.88098,80600,0.0,0.0
2013-07-17 00:00:00-04:00,21.0646,21.08646,20.77167,20.92907,95200,0.0,0.0
2013-07-18 00:00:00-04:00,20.8766,21.33129,20.83725,21.09083,73000,0.0,0.0
2013-07-19 00:00:00-04:00,20.7673,21.84283,20.00656,21.40562,260200,0.0,0.0
2013-07-22 00:00:00-04:00,21.43623,21.65483,21.10832,21.31818,136200,0.0,0.0
2013-07-23 00:00:00-04:00,21.34004,21.34004,20.74107,20.92032,153400,0.0,0.0
2013-07-24 00:00:00-04:00,21.10395,21.11269,20.63614,20.74544,114200,0.0,0.0
2013-07-25 00:00:00-04:00,20.76293,21.57614,20.74107,21.55428,76800,0.0,0.0
2013-07-26 00:00:00-04:00,21.29632,21.44497,20.90284,21.0646,64200,0.0,0.0
2013-07-29 00:00:00-04:00,21.06023,21.22637,20.90284,21.14767,63600,0.0,0.0
2013-07-30 00:00:00-04:00,21.23949,21.27884,20.83289,21.26135,66400,0.0,0.0
2013-07-31 00:00:00-04:00,21.30507,21.53679,20.82414,20.82851,137600,0.0,0.0
2013-08-01 00:00:00-04:00,21.07772,21.47121,20.95093,21.36628,54200,0.0,0.0
2013-08-02 00:00:00-04:00,21.28321,21.39688,20.96405,21.27009,113400,0.0,0.0
2013-08-05 00:00:00-04:00,21.23949,21.49306,21.12144,21.38376,62400,0.0,0.0
2013-08-06 00:00:00-04:00,21.16516,21.28758,20.846,21.05149,44200,0.0,0.0
2013-08-07 00:00:00-04:00,20.95967,21.12581,20.72358,20.74107,70600,0.0,0.0
2013-08-08 00:00:00-04:00,20.84162,21.48431,20.76292,21.37501,47800,0.0,0.0
2013-08-09 00:00:00-04:00,21.35316,21.61986,21.05586,21.46246,44400,0.0,0.0
2013-08-12 00:00:00-04:00,21.35316,21.82972,21.28321,21.71167,51200,0.0,0.0
2013-08-13 00:00:00-04:00,21.67669,21.78599,21.44935,21.64172,62400,0.0,0.0
2013-08-14 00:00:00-04:00,21.6286,21.7073,21.31818,21.36191,48800,0.0,0.0
2013-08-15 00:00:00-04:00,21.07772,21.15204,20.47437,20.56618,93400,0.0,0.0
2013-08-16 00:00:00-04:00,20.41317,20.87661,20.41317,20.77605,73000,0.0,0.0
2013-08-19 00:00:00-04:00,20.67986,20.99465,20.5487,20.5487,67200,0.0,0.0
2013-08-20 00:00:00-04:00,20.74982,20.92907,20.60554,20.71921,99800,0.0,0.0
2013-08-21 00:00:00-04:00,20.63177,20.91158,20.40442,20.5793,97600,0.0,0.0
2013-08-22 00:00:00-04:00,20.72358,20.92469,20.56619,20.89409,83600,0.0,0.0
2013-08-23 00:00:00-04:00,20.88972,21.05586,20.658,20.96842,38800,0.0,0.0
2013-08-26 00:00:00-04:00,20.96404,21.12581,20.82851,20.83725,24200,0.0,0.0
2013-08-27 00:00:00-04:00,20.50935,20.61428,20.06777,20.11149,45600,0.0,0.0
2013-08-28 00:00:00-04:00,20.15538,20.36168,19.92275,19.94909,45800,0.09,0.0
2013-08-29 00:00:00-04:00,19.95348,20.49775,19.92715,20.23001,56800,0.0,0.0
2013-08-30 00:00:00-04:00,20.16854,20.3485,19.58916,19.78668,56000,0.0,0.0
2013-09-03 00:00:00-04:00,20.00176,20.1466,19.56283,19.72523,59600,0.0,0.0
2013-09-04 00:00:00-04:00,19.74279,19.9842,19.72084,19.88325,67200,0.0,0.0
2013-09-05 00:00:00-04:00,19.83936,20.12905,19.83059,19.89203,36400,0.0,0.0
2013-09-06 00:00:00-04:00,19.97543,20.25195,19.57601,19.74719,42200,0.0,0.0
2013-09-09 00:00:00-04:00,19.81303,20.43191,19.77791,20.33974,57600,0.0,0.0
2013-09-10 00:00:00-04:00,20.51091,20.55042,20.23,20.3968,67200,0.0,0.0
2013-09-11 00:00:00-04:00,20.32657,20.53286,19.82181,19.96226,83800,0.0,0.0
2013-09-12 00:00:00-04:00,19.9052,19.97542,19.6199,19.77791,99600,0.0,0.0
2013-09-13 00:00:00-04:00,19.9052,20.20806,19.89642,20.17295,258400,0.0,0.0
2013-09-16 00:00:00-04:00,20.42751,20.42751,19.56283,19.58917,151000,0.0,0.0
2013-09-17 00:00:00-04:00,19.58917,19.95787,19.58917,19.94909,69000,0.0,0.0
2013-09-18 00:00:00-04:00,19.84375,20.25195,19.62868,20.03688,80000,0.0,0.0
2013-09-19 00:00:00-04:00,20.11588,20.11588,19.6199,19.64623,80200,0.0,0.0
2013-09-20 00:00:00-04:00,19.80425,20.40996,19.6199,20.26951,532800,0.0,0.0
2013-09-23 00:00:00-04:00,20.31779,20.47141,20.24756,20.36168,86800,0.0,0.0
2013-09-24 00:00:00-04:00,20.42313,20.79622,20.30023,20.6382,81000,0.0,0.0
2013-09-25 00:00:00-04:00,20.71282,20.90595,20.48458,20.52847,70000,0.0,0.0
2013-09-26 00:00:00-04:00,20.65576,20.75232,20.35729,20.69965,44000,0.0,0.0
2013-09-27 00:00:00-04:00,20.48896,20.72598,20.45385,20.4758,35600,0.0,0.0
2013-09-30 00:00:00-04:00,20.25634,20.53286,20.12028,20.40997,105600,0.0,0.0
2013-10-01 00:00:00-04:00,20.36168,21.07274,20.36168,20.98934,223600,0.0,0.0
2013-10-02 00:00:00-04:00,20.79182,20.963,20.57236,20.83572,87200,0.0,0.0
2013-10-03 00:00:00-04:00,20.68209,20.74793,20.12905,20.1466,118400,0.0,0.0
2013-10-04 00:00:00-04:00,20.09832,20.5548,20.01493,20.38801,46000,0.0,0.0
2013-10-07 00:00:00-04:00,20.16855,20.27829,19.87448,19.90959,73800,0.0,0.0
2013-10-08 00:00:00-04:00,19.94032,19.9886,19.75158,19.81742,62200,0.0,0.0
2013-10-09 00:00:00-04:00,19.8657,19.95787,19.66379,19.74719,74600,0.0,0.0
2013-10-10 00:00:00-04:00,19.83936,20.41874,19.83936,20.38801,44200,0.0,0.0
2013-10-11 00:00:00-04:00,20.24318,20.99374,20.24318,20.98057,71800,0.0,0.0
2013-10-14 00:00:00-04:00,20.88839,21.44582,20.83133,21.31853,92800,0.0,0.0
2013-10-15 00:00:00-04:00,21.31415,21.47216,21.02007,21.20003,98800,0.0,0.0
2013-10-16 00:00:00-04:00,21.34487,21.57311,21.13418,21.52483,84200,0.0,0.0
2013-10-17 00:00:00-04:00,21.47217,22.18323,21.47217,22.09983,299400,0.0,0.0
2013-10-18 00:00:00-04:00,22.09982,22.87671,22.09982,22.81088,154400,0.0,0.0
2013-10-21 00:00:00-04:00,22.78893,22.9206,22.41145,22.88988,101000,0.0,0.0
2013-10-22 00:00:00-04:00,22.93378,23.64922,22.86794,23.4122,114000,0.0,0.0
2013-10-23 00:00:00-04:00,23.19713,23.19713,22.65725,22.925,65400,0.0,0.0
2013-10-24 00:00:00-04:00,22.78454,23.08301,22.78454,22.94695,69800,0.0,0.0
2013-10-25 00:00:00-04:00,23.05229,23.18396,22.82843,23.1708,72400,0.0,0.0
2013-10-28 00:00:00-04:00,23.11374,23.48243,23.05229,23.44293,100400,0.0,0.0
2013-10-29 00:00:00-04:00,23.46487,23.75895,23.46487,23.68872,89200,0.0,0.0
2013-10-30 00:00:00-04:00,23.66678,23.77212,23.23225,23.3727,110200,0.0,0.0
2013-10-31 00:00:00-04:00,23.43415,23.49121,22.82405,22.82843,107600,0.0,0.0
2013-11-01 00:00:00-04:00,22.78015,23.03472,22.40706,22.72747,148600,0.0,0.0
2013-11-04 00:00:00-05:00,22.78454,23.01278,22.69237,22.96011,121200,0.0,0.0
2013-11-05 00:00:00-05:00,22.84161,22.84599,22.32806,22.52997,164000,0.0,0.0
2013-11-06 00:00:00-05:00,22.65726,22.75382,22.47291,22.73626,69400,0.0,0.0
2013-11-07 00:00:00-05:00,22.80648,22.87232,22.18321,22.3105,131400,0.0,0.0
2013-11-08 00:00:00-05:00,22.28856,22.71431,22.192,22.58703,84200,0.0,0.0
2013-11-11 00:00:00-05:00,22.59141,22.80649,22.3939,22.69675,108600,0.0,0.0
2013-11-12 00:00:00-05:00,22.6353,22.88549,22.5563,22.7187,151600,0.0,0.0
2013-11-13 00:00:00-05:00,22.57386,22.98645,22.45535,22.97328,87400,0.0,0.0
2013-11-14 00:00:00-05:00,22.85915,23.07422,22.64408,22.79331,74000,0.0,0.0
2013-11-15 00:00:00-05:00,22.78454,23.13129,22.47729,23.06545,87200,0.0,0.0
2013-11-18 00:00:00-05:00,23.07863,23.23664,22.78894,23.10057,109800,0.0,0.0
2013-11-19 00:00:00-05:00,23.04789,23.3332,22.67042,22.81088,56000,0.0,0.0
2013-11-20 00:00:00-05:00,22.83721,22.97767,22.5168,22.69237,60400,0.0,0.0
2013-11-21 00:00:00-05:00,22.75382,23.27614,22.73626,23.23663,52400,0.0,0.0
2013-11-22 00:00:00-05:00,23.28491,23.57899,23.18396,23.45609,105600,0.0,0.0
2013-11-25 00:00:00-05:00,23.58338,23.78968,23.36831,23.64044,61000,0.0,0.0
2013-11-26 00:00:00-05:00,23.6008,23.88266,23.46868,23.8166,72400,0.09,0.0
2013-11-27 00:00:00-05:00,23.88265,24.11166,23.64484,24.05881,42800,0.0,0.0
2013-11-29 00:00:00-05:00,24.22176,24.22176,23.97954,24.19093,24800,0.0,0.0
2013-12-02 00:00:00-05:00,24.10727,24.10727,23.2573,23.363,96400,0.0,0.0
2013-12-03 00:00:00-05:00,23.24408,23.78577,23.24408,23.3762,93200,0.0,0.0
2013-12-04 00:00:00-05:00,23.21326,23.62283,23.05031,23.09875,72600,0.0,0.0
2013-12-05 00:00:00-05:00,23.11197,23.72852,22.93581,23.72412,72800,0.0,0.0
2013-12-06 00:00:00-05:00,23.90909,24.10286,23.77256,24.07644,49800,0.0,0.0
2013-12-09 00:00:00-05:00,24.17773,24.17773,23.68448,23.8122,82800,0.0,0.0
2013-12-10 00:00:00-05:00,23.7021,24.02358,23.51713,23.64044,79200,0.0,0.0
2013-12-11 00:00:00-05:00,23.72852,23.74614,22.86535,22.99747,71800,0.0,0.0
2013-12-12 00:00:00-05:00,22.95782,23.37179,22.95782,23.06792,84600,0.0,0.0
2013-12-13 00:00:00-05:00,23.20445,23.30134,22.86534,22.99306,66600,0.0,0.0
2013-12-16 00:00:00-05:00,23.05031,23.76375,23.05031,23.63164,49200,0.0,0.0
2013-12-17 00:00:00-05:00,23.6008,23.60521,23.21766,23.52593,152800,0.0,0.0
2013-12-18 00:00:00-05:00,23.56998,24.21736,23.47309,24.18653,72000,0.0,0.0
2013-12-19 00:00:00-05:00,24.22176,24.22616,23.7065,23.7153,88000,0.0,0.0
2013-12-20 00:00:00-05:00,23.62723,24.57848,23.62723,24.1557,418600,0.0,0.0
2013-12-23 00:00:00-05:00,24.21736,24.21736,23.88266,24.19093,75000,0.0,0.0
2013-12-24 00:00:00-05:00,24.29222,24.68858,23.86944,24.22176,294200,0.0,0.0
2013-12-26 00:00:00-05:00,24.1557,24.8207,24.0456,24.29663,476000,0.0,0.0
2013-12-27 00:00:00-05:00,24.41554,24.54325,24.26581,24.3759,59000,0.0,0.0
2013-12-30 00:00:00-05:00,24.29663,24.42435,24.04561,24.10286,63400,0.0,0.0
2013-12-31 00:00:00-05:00,24.25699,24.25699,23.79898,24.00156,101800,0.0,0.0
2014-01-02 00:00:00-05:00,23.96633,24.01918,23.20885,23.35858,79600,0.0,0.0
2014-01-03 00:00:00-05:00,23.35418,24.01037,23.35418,23.89146,111000,0.0,0.0
2014-01-06 00:00:00-05:00,23.9267,24.42875,23.3762,23.50392,107600,0.0,0.0
2014-01-07 00:00:00-05:00,23.52594,23.77697,23.35419,23.63164,69600,0.0,0.0
2014-01-08 00:00:00-05:00,23.56998,23.68008,23.16922,23.56557,143400,0.0,0.0
2014-01-09 00:00:00-05:00,23.5964,23.78136,23.19123,23.64924,224800,0.0,0.0
2014-01-10 00:00:00-05:00,23.7153,23.7153,23.16041,23.3762,183600,0.0,0.0
2014-01-13 00:00:00-05:00,23.21326,23.51713,22.68919,22.99747,123400,0.0,0.0
2014-01-14 00:00:00-05:00,23.11197,23.19564,22.72882,22.927,88200,0.0,0.0
2014-01-15 00:00:00-05:00,23.12078,23.58319,23.05472,23.363,88000,0.0,0.0
2014-01-16 00:00:00-05:00,23.34097,23.53034,23.2705,23.32775,63000,0.0,0.0
2014-01-17 00:00:00-05:00,23.23968,23.41143,23.09875,23.40703,218400,0.0,0.0
2014-01-21 00:00:00-05:00,23.54796,23.77697,23.51713,23.71091,82800,0.0,0.0
2014-01-22 00:00:00-05:00,23.66246,23.99276,23.55236,23.88266,102600,0.0,0.0
2014-01-23 00:00:00-05:00,23.82541,23.82541,23.41584,23.65806,188000,0.0,0.0
2014-01-24 00:00:00-05:00,23.44667,23.64044,22.90058,23.15601,122000,0.0,0.0
2014-01-27 00:00:00-05:00,23.18243,23.18243,22.65836,22.75525,103000,0.0,0.0
2014-01-28 00:00:00-05:00,22.83451,23.02388,22.69359,22.96223,79600,0.0,0.0
2014-01-29 00:00:00-05:00,22.76404,22.96222,22.1607,22.26199,169800,0.0,0.0
2014-01-30 00:00:00-05:00,22.43375,22.78607,22.15631,22.52624,104800,0.0,0.0
2014-01-31 00:00:00-05:00,22.37211,22.52625,22.01979,22.43377,206800,0.0,0.0
2014-02-03 00:00:00-05:00,22.33687,22.46018,21.4825,21.55297,144400,0.0,0.0
2014-02-04 00:00:00-05:00,21.79078,21.96253,21.1434,21.5882,104000,0.0,0.0
2014-02-05 00:00:00-05:00,21.38121,21.77757,21.09496,21.28873,144600,0.0,0.0
2014-02-06 00:00:00-05:00,21.47369,23.0459,21.47369,22.6011,263600,0.0,0.0
2014-02-07 00:00:00-05:00,22.8169,22.86094,22.18273,22.66716,131600,0.0,0.0
2014-02-10 00:00:00-05:00,22.65395,22.74644,22.16952,22.57908,112000,0.0,0.0
2014-02-11 00:00:00-05:00,22.58789,22.84773,22.38531,22.76846,77400,0.0,0.0
2014-02-12 00:00:00-05:00,22.76846,23.10756,22.65836,22.99306,123000,0.0,0.0
2014-02-13 00:00:00-05:00,22.77286,22.98865,22.60551,22.90498,173000,0.0,0.0
2014-02-14 00:00:00-05:00,22.80369,23.16041,22.68478,23.12518,92800,0.0,0.0
2014-02-18 00:00:00-05:00,23.16041,23.34978,23.01949,23.23528,188600,0.0,0.0
2014-02-19 00:00:00-05:00,23.10757,23.23968,22.98425,23.07674,94200,0.0,0.0
2014-02-20 00:00:00-05:00,23.16921,23.41143,23.03709,23.32775,52000,0.0,0.0
2014-02-21 00:00:00-05:00,23.39823,23.39823,23.07674,23.1516,93800,0.0,0.0
2014-02-24 00:00:00-05:00,23.20004,23.55236,23.16481,23.32335,48400,0.0,0.0
2014-02-25 00:00:00-05:00,23.3718,23.72852,23.3718,23.50392,97200,0.0,0.0
2014-02-26 00:00:00-05:00,23.55695,23.82208,23.44648,23.71602,40400,0.09,0.0
2014-02-27 00:00:00-05:00,23.67183,24.17117,23.67183,24.13581,90200,0.0,0.0
2014-02-28 00:00:00-05:00,24.0872,24.53351,24.07395,24.26838,83800,0.0,0.0
2014-03-03 00:00:00-05:00,24.21535,24.21535,23.51717,23.63648,167800,0.0,0.0
2014-03-04 00:00:00-05:00,24.04743,24.75887,23.98557,24.16232,170000,0.0,0.0
2014-03-05 00:00:00-05:00,24.07395,24.22419,23.91045,24.08279,56600,0.0,0.0
2014-03-06 00:00:00-05:00,24.1093,24.23745,23.86185,24.00767,60800,0.0,0.0
2014-03-07 00:00:00-05:00,24.20209,24.20209,23.86184,24.02092,67600,0.0,0.0
2014-03-10 00:00:00-04:00,24.02976,24.17558,23.72044,24.1093,67400,0.0,0.0
2014-03-11 00:00:00-04:00,24.08279,24.08279,23.4067,23.53927,83000,0.0,0.0
2014-03-12 00:00:00-04:00,23.46856,23.87068,23.4067,23.73811,124000,0.0,0.0
2014-03-13 00:00:00-04:00,23.83091,23.87952,23.19902,23.38461,58800,0.0,0.0
2014-03-14 00:00:00-04:00,23.336,23.51718,23.13715,23.27856,44800,0.0,0.0
2014-03-17 00:00:00-04:00,23.15925,23.79556,23.15925,23.50392,73400,0.0,0.0
2014-03-18 00:00:00-04:00,23.52601,23.90603,23.51275,23.82207,69000,0.0,0.0
2014-03-19 00:00:00-04:00,23.73811,24.06511,23.48182,23.73811,49000,0.0,0.0
2014-03-20 00:00:00-04:00,23.62765,23.99883,23.41112,23.92371,64000,0.0,0.0
2014-03-21 00:00:00-04:00,24.02092,24.29931,23.82207,24.03418,257600,0.0,0.0
2014-03-24 00:00:00-04:00,23.94138,24.16674,23.663,23.99441,81000,0.0,0.0
2014-03-25 00:00:00-04:00,24.18001,24.2242,23.94581,24.03861,50800,0.0,0.0
2014-03-26 00:00:00-04:00,24.23303,24.23745,23.45089,23.54369,90400,0.0,0.0
2014-03-27 00:00:00-04:00,23.52601,23.65415,23.30948,23.42437,52400,0.0,0.0
2014-03-28 00:00:00-04:00,23.41554,23.97231,23.39786,23.60113,77200,0.0,0.0
2014-03-31 00:00:00-04:00,23.72045,24.44072,23.6851,24.34793,75800,0.0,0.0
2014-04-01 00:00:00-04:00,24.3435,24.85609,24.33024,24.78539,82800,0.0,0.0
2014-04-02 00:00:00-04:00,24.89586,25.04168,24.6484,24.9533,40800,0.0,0.0
2014-04-03 00:00:00-04:00,25.01959,25.16983,24.48491,24.79865,58400,0.0,0.0
2014-04-04 00:00:00-04:00,24.86493,25.0461,24.02977,24.28606,100000,0.0,0.0
2014-04-07 00:00:00-04:00,24.22419,24.22419,23.64973,24.00324,76000,0.0,0.0
2014-04-08 00:00:00-04:00,23.94138,24.38327,23.83533,24.14465,71200,0.0,0.0
2014-04-09 00:00:00-04:00,24.21535,24.44513,23.99883,24.38327,48800,0.0,0.0
2014-04-10 00:00:00-04:00,24.39652,24.39652,23.3846,23.5481,85000,0.0,0.0
2014-04-11 00:00:00-04:00,23.49066,23.57904,22.98249,23.12831,65000,0.0,0.0
2014-04-14 00:00:00-04:00,23.39787,23.54811,22.98691,23.27856,50000,0.0,0.0
2014-04-15 00:00:00-04:00,23.43321,23.43321,22.67317,23.20785,54000,0.0,0.0
2014-04-16 00:00:00-04:00,23.43322,23.70719,23.22553,23.50392,72000,0.0,0.0
2014-04-17 00:00:00-04:00,23.20344,23.47299,22.32408,22.50526,155200,0.0,0.0
2014-04-21 00:00:00-04:00,22.59805,23.28297,22.57154,22.8897,79400,0.0,0.0
2014-04-22 00:00:00-04:00,22.98691,23.34484,22.96039,23.07087,86800,0.0,0.0
2014-04-23 00:00:00-04:00,23.01342,23.32274,22.86318,23.08854,134600,0.0,0.0
2014-04-24 00:00:00-04:00,23.16367,23.16367,22.50968,22.64666,179200,0.0,0.0
2014-04-25 00:00:00-04:00,22.53178,22.55387,22.00151,22.32851,98400,0.0,0.0
2014-04-28 00:00:00-04:00,22.1164,22.57596,22.0943,22.38153,101600,0.0,0.0
2014-04-29 00:00:00-04:00,22.53618,22.56711,21.98382,22.05453,42800,0.0,0.0
2014-04-30 00:00:00-04:00,21.8822,21.97057,21.40496,21.89545,132400,0.0,0.0
2014-05-01 00:00:00-04:00,21.89545,22.1164,21.52869,21.80266,142600,0.0,0.0
2014-05-02 00:00:00-04:00,21.79823,22.25337,21.6966,21.8601,68800,0.0,0.0
2014-05-05 00:00:00-04:00,21.72312,22.16059,21.5773,21.89104,88600,0.0,0.0
2014-05-06 00:00:00-04:00,21.84684,22.04569,21.5331,21.53752,195000,0.0,0.0
2014-05-07 00:00:00-04:00,21.67009,21.87336,21.21053,21.82033,194400,0.0,0.0
2014-05-08 00:00:00-04:00,21.7673,22.12965,21.21053,21.30774,110400,0.0,0.0
2014-05-09 00:00:00-04:00,21.27681,21.77172,20.96749,21.72754,94000,0.0,0.0
2014-05-12 00:00:00-04:00,21.70986,22.68643,21.70986,22.55386,141000,0.0,0.0
2014-05-13 00:00:00-04:00,22.49641,22.64665,22.0015,22.05453,116200,0.0,0.0
2014-05-14 00:00:00-04:00,22.01918,22.01918,21.13983,21.16192,86600,0.0,0.0
2014-05-15 00:00:00-04:00,20.99842,21.1575,20.53444,21.02494,97200,0.0,0.0
2014-05-16 00:00:00-04:00,20.96749,21.57287,20.91004,21.54636,95400,0.0,0.0
2014-05-19 00:00:00-04:00,21.37403,21.90429,21.37403,21.68777,52200,0.0,0.0
2014-05-20 00:00:00-04:00,21.56404,21.56404,21.0868,21.36961,134800,0.0,0.0
2014-05-21 00:00:00-04:00,21.40495,21.67892,21.07354,21.45798,104000,0.0,0.0
2014-05-22 00:00:00-04:00,21.4845,22.0236,21.46683,21.65684,61200,0.0,0.0
2014-05-23 00:00:00-04:00,21.73195,22.21802,21.71427,22.01917,94000,0.0,0.0
2014-05-27 00:00:00-04:00,22.24012,22.70852,22.02802,22.39036,64400,0.0,0.0
2014-05-28 00:00:00-04:00,22.43914,22.43914,22.04446,22.23959,59800,0.09,0.0
2014-05-29 00:00:00-04:00,22.21298,22.22629,21.92917,22.00899,53400,0.0,0.0
2014-05-30 00:00:00-04:00,22.09324,22.09324,21.85377,21.96464,55400,0.0,0.0
2014-06-02 00:00:00-04:00,22.0755,22.0755,21.499,21.73847,64200,0.0,0.0
2014-06-03 00:00:00-04:00,21.72074,22.05333,21.61874,21.87595,124800,0.0,0.0
2014-06-04 00:00:00-04:00,21.86264,21.93803,21.72073,21.8183,49600,0.0,0.0
2014-06-05 00:00:00-04:00,21.96907,22.87374,21.80056,22.8693,94000,0.0,0.0
2014-06-06 00:00:00-04:00,23.04225,23.3039,22.92252,23.0733,67800,0.0,0.0
2014-06-09 00:00:00-04:00,23.15311,23.39258,22.75843,23.24181,53600,0.0,0.0
2014-06-10 00:00:00-04:00,23.13982,23.21965,22.93583,23.17086,37200,0.0,0.0
2014-06-11 00:00:00-04:00,22.96243,23.11765,22.60323,22.81609,61400,0.0,0.0
2014-06-12 00:00:00-04:00,22.83383,22.83383,22.43471,22.62096,45200,0.0,0.0
2014-06-13 00:00:00-04:00,22.77174,22.82939,22.47019,22.62983,50400,0.0,0.0
2014-06-16 00:00:00-04:00,22.60322,22.91808,22.21298,22.39923,128200,0.0,0.0
2014-06-17 00:00:00-04:00,22.38593,22.65201,22.23959,22.61653,76000,0.0,0.0
2014-06-18 00:00:00-04:00,22.56774,22.82052,22.2928,22.77174,54200,0.0,0.0
2014-06-19 00:00:00-04:00,22.78504,22.84269,22.59435,22.754,75600,0.0,0.0
2014-06-20 00:00:00-04:00,22.70966,23.6498,22.67862,23.59658,313600,0.0,0.0
2014-06-23 00:00:00-04:00,23.40589,23.57884,23.04225,23.09104,70800,0.0,0.0
2014-06-24 00:00:00-04:00,23.09103,23.43693,22.88704,22.95799,74400,0.0,0.0
2014-06-25 00:00:00-04:00,22.81609,23.27286,22.80279,23.17529,73600,0.0,0.0
2014-06-26 00:00:00-04:00,23.25068,23.3039,22.97574,23.2152,49400,0.0,0.0
2014-06-27 00:00:00-04:00,22.99347,23.58771,22.99347,23.55667,121800,0.0,0.0
2014-06-30 00:00:00-04:00,23.38815,23.38815,23.19746,23.34824,81800,0.0,0.0
2014-07-01 00:00:00-04:00,23.48128,24.09326,23.45024,23.89814,77600,0.0,0.0
2014-07-02 00:00:00-04:00,23.87596,23.87596,23.1886,23.25512,89200,0.0,0.0
2014-07-03 00:00:00-04:00,23.39259,23.59215,23.23738,23.53006,31000,0.0,0.0
2014-07-07 00:00:00-04:00,23.38372,23.48128,22.95356,23.01565,89400,0.0,0.0
2014-07-08 00:00:00-04:00,23.06443,23.23738,22.8427,23.18416,76800,0.0,0.0
2014-07-09 00:00:00-04:00,23.25068,23.59215,22.96243,23.46354,90800,0.0,0.0
2014-07-10 00:00:00-04:00,23.26842,23.26842,22.69192,22.70079,67200,0.0,0.0
2014-07-11 00:00:00-04:00,22.61209,22.87373,22.47905,22.49235,44200,0.0,0.0
2014-07-14 00:00:00-04:00,22.65201,22.82939,22.56332,22.65201,62800,0.0,0.0
2014-07-15 00:00:00-04:00,22.7407,22.7407,21.79613,21.93804,95000,0.0,0.0
2014-07-16 00:00:00-04:00,21.98681,21.98681,21.67639,21.8183,56800,0.0,0.0
2014-07-17 00:00:00-04:00,21.72961,21.81386,21.33049,21.39701,57000,0.0,0.0
2014-07-18 00:00:00-04:00,21.32162,22.11541,20.98459,22.01785,144200,0.0,0.0
2014-07-21 00:00:00-04:00,22.47462,22.65644,22.17307,22.48792,114000,0.0,0.0
2014-07-22 00:00:00-04:00,22.652,23.69413,22.64757,23.66753,168800,0.0,0.0
2014-07-23 00:00:00-04:00,23.63205,23.76952,23.16642,23.26841,85200,0.0,0.0
2014-07-24 00:00:00-04:00,23.26841,23.38815,22.62983,22.754,43800,0.0,0.0
2014-07-25 00:00:00-04:00,22.58549,22.82496,22.47906,22.58992,82200,0.0,0.0
2014-07-28 00:00:00-04:00,22.69192,22.69192,22.09324,22.37706,66600,0.0,0.0
2014-07-29 00:00:00-04:00,22.37263,22.52784,22.11098,22.19524,43600,0.0,0.0
2014-07-30 00:00:00-04:00,22.4081,22.4081,22.12872,22.23515,55400,0.0,0.0
2014-07-31 00:00:00-04:00,22.12872,22.32384,22.12872,22.12872,137600,0.0,0.0
2014-08-01 00:00:00-04:00,22.1775,22.21741,21.67639,21.84934,102000,0.0,0.0
2014-08-04 00:00:00-04:00,21.92917,22.2529,21.73848,22.20411,82200,0.0,0.0
2014-08-05 00:00:00-04:00,22.05333,22.47019,21.95577,22.23515,47400,0.0,0.0
2014-08-06 00:00:00-04:00,22.08438,22.48349,22.02673,22.25289,71400,0.0,0.0
2014-08-07 00:00:00-04:00,22.27062,22.56774,22.14645,22.21297,34800,0.0,0.0
2014-08-08 00:00:00-04:00,22.17307,22.69635,22.17307,22.64757,92000,0.0,0.0
2014-08-11 00:00:00-04:00,22.83383,23.16199,22.754,22.80278,59000,0.0,0.0
2014-08-12 00:00:00-04:00,22.76732,22.87375,22.38594,22.55445,41800,0.0,0.0
2014-08-13 00:00:00-04:00,22.57218,22.82938,22.4347,22.68748,64200,0.0,0.0
2014-08-14 00:00:00-04:00,22.63427,23.00678,22.51453,22.8427,63600,0.0,0.0
2014-08-15 00:00:00-04:00,23.04226,23.13538,22.47463,22.78505,141800,0.0,0.0
2014-08-18 00:00:00-04:00,23.11321,23.47684,22.96243,23.46354,86600,0.0,0.0
2014-08-19 00:00:00-04:00,23.42362,23.51675,23.32163,23.43693,47000,0.0,0.0
2014-08-20 00:00:00-04:00,23.26398,23.37928,23.03782,23.25068,36800,0.0,0.0
2014-08-21 00:00:00-04:00,23.16642,23.23737,22.70965,23.12651,63400,0.0,0.0
2014-08-22 00:00:00-04:00,23.09104,23.27729,22.75844,23.01565,61400,0.0,0.0
2014-08-25 00:00:00-04:00,23.10434,23.27729,22.70522,23.00234,38200,0.0,0.0
2014-08-26 00:00:00-04:00,23.17973,23.28173,23.01565,23.17086,50400,0.0,0.0
2014-08-27 00:00:00-04:00,23.17086,23.19756,22.86375,22.98837,35400,0.095,0.0
2014-08-28 00:00:00-04:00,22.81034,22.91271,22.77029,22.80144,24800,0.0,0.0
2014-08-29 00:00:00-04:00,22.8593,23.22871,22.67682,23.17976,67400,0.0,0.0
2014-09-02 00:00:00-04:00,23.21092,23.50467,23.15751,23.43346,68800,0.0,0.0
2014-09-03 00:00:00-04:00,23.58033,23.58033,23.02398,23.15751,86600,0.0,0.0
2014-09-04 00:00:00-04:00,23.23762,23.36225,23.13525,23.18421,32400,0.0,0.0
2014-09-05 00:00:00-04:00,23.04623,23.38004,22.93941,23.34443,52800,0.0,0.0
2014-09-08 00:00:00-04:00,23.36669,23.46906,23.19756,23.40675,37200,0.0,0.0
2014-09-09 00:00:00-04:00,23.42901,23.42901,23.03734,23.29104,75600,0.0,0.0
2014-09-10 00:00:00-04:00,23.21982,23.29993,22.96612,23.113,55400,0.0,0.0
2014-09-11 00:00:00-04:00,22.89046,23.33999,22.89046,23.22872,30200,0.0,0.0
2014-09-12 00:00:00-04:00,23.29103,23.29103,22.65456,22.81924,53400,0.0,0.0
2014-09-15 00:00:00-04:00,22.82815,22.96167,22.5878,22.74803,72400,0.0,0.0
2014-09-16 00:00:00-04:00,22.63231,22.96167,22.55665,22.78809,51400,0.0,0.0
2014-09-17 00:00:00-04:00,22.73913,23.08184,22.68127,22.8415,57800,0.0,0.0
2014-09-18 00:00:00-04:00,22.98392,23.23316,22.60115,22.97502,58400,0.0,0.0
2014-09-19 00:00:00-04:00,22.98838,23.1308,22.70797,22.80144,221200,0.0,0.0
2014-09-22 00:00:00-04:00,22.65902,22.81479,22.52994,22.68572,78800,0.0,0.0
2014-09-23 00:00:00-04:00,22.64121,22.74358,22.51659,22.63231,104600,0.0,0.0
2014-09-24 00:00:00-04:00,22.73913,22.92162,22.53885,22.76139,63000,0.0,0.0
2014-09-25 00:00:00-04:00,22.64121,22.73023,22.33856,22.44538,82000,0.0,0.0
2014-09-26 00:00:00-04:00,22.36971,22.71242,22.36971,22.61896,52200,0.0,0.0
2014-09-29 00:00:00-04:00,22.2807,22.78364,22.2807,22.54775,69000,0.0,0.0
2014-09-30 00:00:00-04:00,22.62341,22.79254,22.2985,22.45428,177600,0.0,0.0
2014-10-01 00:00:00-04:00,22.50324,22.52994,21.81782,21.93799,104000,0.0,0.0
2014-10-02 00:00:00-04:00,22.05815,22.28514,21.80891,22.08931,51800,0.0,0.0
2014-10-03 00:00:00-04:00,22.36082,22.45873,21.9558,22.03146,49800,0.0,0.0
2014-10-06 00:00:00-04:00,21.99584,22.027,21.67984,21.71099,111200,0.0,0.0
2014-10-07 00:00:00-04:00,21.62642,21.64868,21.30597,21.34602,108600,0.0,0.0
2014-10-08 00:00:00-04:00,21.27036,22.25844,21.12348,22.13382,94800,0.0,0.0
2014-10-09 00:00:00-04:00,22.0181,22.12492,21.63978,21.69764,108600,0.0,0.0
2014-10-10 00:00:00-04:00,21.80891,21.93798,21.58637,21.74215,119000,0.0,0.0
2014-10-13 00:00:00-04:00,21.82672,22.51659,21.80891,22.22729,93600,0.0,0.0
2014-10-14 00:00:00-04:00,22.35636,22.91271,22.35636,22.54775,91400,0.0,0.0
2014-10-15 00:00:00-04:00,22.46763,23.25542,22.19168,23.04624,129000,0.0,0.0
2014-10-16 00:00:00-04:00,22.49879,23.57143,22.3074,22.89046,177800,0.0,0.0
2014-10-17 00:00:00-04:00,23.24206,23.24206,22.29849,22.44092,143600,0.0,0.0
2014-10-20 00:00:00-04:00,22.44092,23.28212,22.29404,23.26432,120600,0.0,0.0
2014-10-21 00:00:00-04:00,23.31329,23.66045,23.31329,23.62039,87800,0.0,0.0
2014-10-22 00:00:00-04:00,23.76726,23.76726,23.06849,23.1397,56200,0.0,0.0
2014-10-23 00:00:00-04:00,23.30883,23.972,23.21982,23.7005,109600,0.0,0.0
2014-10-24 00:00:00-04:00,23.77171,23.83847,23.45571,23.76726,78400,0.0,0.0
2014-10-27 00:00:00-04:00,23.53137,24.05656,23.45125,23.89633,58000,0.0,0.0
2014-10-28 00:00:00-04:00,23.98535,24.88441,23.6827,24.75534,143800,0.0,0.0
2014-10-29 00:00:00-04:00,24.87551,25.08025,24.46604,24.80875,110600,0.0,0.0
2014-10-30 00:00:00-04:00,24.65297,25.29389,24.28801,25.10696,96800,0.0,0.0
2014-10-31 00:00:00-04:00,25.70781,25.70781,25.16481,25.33394,163600,0.0,0.0
2014-11-03 00:00:00-05:00,25.25383,25.50308,24.95563,25.0758,113200,0.0,0.0
2014-11-04 00:00:00-05:00,24.87106,25.35174,24.42598,25.25828,65200,0.0,0.0
2014-11-05 00:00:00-05:00,25.36955,25.6277,24.93782,25.23603,82400,0.0,0.0
2014-11-06 00:00:00-05:00,25.16481,25.56983,24.68858,25.3918,70400,0.0,0.0
2014-11-07 00:00:00-05:00,25.46747,25.48082,25.04464,25.41406,92000,0.0,0.0
2014-11-10 00:00:00-05:00,25.44967,25.77457,25.23603,25.70781,101400,0.0,0.0
2014-11-11 00:00:00-05:00,25.76123,25.76123,25.14257,25.56094,66800,0.0,0.0
2014-11-12 00:00:00-05:00,25.52978,25.92145,25.25383,25.83688,87800,0.0,0.0
2014-11-13 00:00:00-05:00,25.96596,26.03717,25.27163,25.36955,60800,0.0,0.0
2014-11-14 00:00:00-05:00,25.45857,25.75232,24.98678,25.28053,67000,0.0,0.0
2014-11-17 00:00:00-05:00,25.14256,25.16927,24.51945,24.64852,191600,0.0,0.0
2014-11-18 00:00:00-05:00,24.67523,24.87997,24.26131,24.69748,159000,0.0,0.0
2014-11-19 00:00:00-05:00,24.74644,24.89776,24.09217,24.58176,80200,0.0,0.0
2014-11-20 00:00:00-05:00,24.47939,24.77759,24.30136,24.72418,109200,0.0,0.0
2014-11-21 00:00:00-05:00,25.13366,25.18707,24.47939,24.57731,69800,0.0,0.0
2014-11-24 00:00:00-05:00,24.79985,25.31614,24.59956,25.26718,100000,0.0,0.0
2014-11-25 00:00:00-05:00,25.37883,25.41455,24.89653,24.96798,43800,0.095,0.0
2014-11-26 00:00:00-05:00,24.90099,25.23592,24.68664,24.98137,49600,0.0,0.0
2014-11-28 00:00:00-05:00,24.97691,25.01263,24.50354,24.60178,46600,0.0,0.0
2014-12-01 00:00:00-05:00,24.64644,24.64644,24.27578,24.47228,85600,0.0,0.0
2014-12-02 00:00:00-05:00,24.59285,25.07515,24.36957,24.92332,45800,0.0,0.0
2014-12-03 00:00:00-05:00,24.85634,25.40562,24.40976,25.12875,60800,0.0,0.0
2014-12-04 00:00:00-05:00,25.12875,25.12875,24.57946,24.84741,78600,0.0,0.0
2014-12-05 00:00:00-05:00,24.83847,25.1734,24.53034,24.98584,75200,0.0,0.0
2014-12-08 00:00:00-05:00,24.98137,25.07962,24.26686,24.46335,88200,0.0,0.0
2014-12-09 00:00:00-05:00,24.15075,25.32524,23.92299,25.24039,84000,0.0,0.0
2014-12-10 00:00:00-05:00,25.21359,25.21359,24.54373,24.57946,61000,0.0,0.0
2014-12-11 00:00:00-05:00,24.76703,25.17341,24.51694,24.60626,42200,0.0,0.0
2014-12-12 00:00:00-05:00,24.24007,24.49908,23.8962,24.38744,88600,0.0,0.0
2014-12-15 00:00:00-05:00,24.39636,24.70896,24.32937,24.41422,85000,0.0,0.0
2014-12-16 00:00:00-05:00,24.44996,24.89207,24.16861,24.42316,189000,0.0,0.0
2014-12-17 00:00:00-05:00,24.59285,25.21359,24.12842,25.06176,136400,0.0,0.0
2014-12-18 00:00:00-05:00,25.44581,25.60211,25.12874,25.35203,90400,0.0,0.0
2014-12-19 00:00:00-05:00,25.25825,25.31184,24.78488,25.08409,326000,0.0,0.0
2014-12-22 00:00:00-05:00,25.24485,26.01743,25.09302,25.97724,120800,0.0,0.0
2014-12-23 00:00:00-05:00,26.07102,26.44167,25.88792,26.15587,110400,0.0,0.0
2014-12-24 00:00:00-05:00,26.16033,26.36129,25.85666,26.11121,40800,0.0,0.0
2014-12-26 00:00:00-05:00,26.3211,26.6337,26.3211,26.52206,47600,0.0,0.0
2014-12-29 00:00:00-05:00,26.58904,26.87039,26.49526,26.76767,49200,0.0,0.0
2014-12-30 00:00:00-05:00,26.86146,26.90612,26.48187,26.81234,78400,0.0,0.0
2014-12-31 00:00:00-05:00,26.80787,27.20085,26.40595,26.5042,83200,0.0,0.0
2015-01-02 00:00:00-05:00,26.48187,26.4908,25.60659,26.13801,87200,0.0,0.0
2015-01-05 00:00:00-05:00,26.06208,26.18266,25.41901,25.43688,92600,0.0,0.0
2015-01-06 00:00:00-05:00,25.58872,25.58872,24.51694,24.78489,122600,0.0,0.0
2015-01-07 00:00:00-05:00,24.95011,24.95011,24.43655,24.85633,133200,0.0,0.0
2015-01-08 00:00:00-05:00,25.1734,25.56192,25.08408,25.35203,58800,0.0,0.0
2015-01-09 00:00:00-05:00,25.35203,25.44581,24.8608,24.91439,45800,0.0,0.0
2015-01-12 00:00:00-05:00,24.8876,24.93672,24.50801,24.78489,73400,0.0,0.0
2015-01-13 00:00:00-05:00,24.99031,25.28058,24.62858,25.11535,100000,0.0,0.0
2015-01-14 00:00:00-05:00,24.94118,25.33863,24.48567,25.15107,101400,0.0,0.0
2015-01-15 00:00:00-05:00,25.35204,25.35204,24.68664,24.87421,123800,0.0,0.0
2015-01-16 00:00:00-05:00,24.73576,25.63784,24.73576,25.59318,99600,0.0,0.0
2015-01-20 00:00:00-05:00,25.71822,26.1514,25.13321,25.47261,77400,0.0,0.0
2015-01-21 00:00:00-05:00,25.47261,25.6825,25.06176,25.47261,83200,0.0,0.0
2015-01-22 00:00:00-05:00,25.65124,26.20499,25.09302,25.97724,63400,0.0,0.0
2015-01-23 00:00:00-05:00,26.06208,26.08441,25.72715,25.75395,33600,0.0,0.0
2015-01-26 00:00:00-05:00,25.87452,26.1514,25.24932,25.99956,95400,0.0,0.0
2015-01-27 00:00:00-05:00,25.78074,25.79414,25.46367,25.71376,44600,0.0,0.0
2015-01-28 00:00:00-05:00,25.9817,26.02636,25.59318,25.89239,99000,0.0,0.0
2015-01-29 00:00:00-05:00,25.83433,26.78107,25.34756,26.74534,105600,0.0,0.0
2015-01-30 00:00:00-05:00,26.44167,26.89718,26.35235,26.73194,212000,0.0,0.0
2015-02-02 00:00:00-05:00,26.75874,26.75874,26.15587,26.56225,94400,0.0,0.0
2015-02-03 00:00:00-05:00,26.60691,27.32143,26.4774,27.21871,87800,0.0,0.0
2015-02-04 00:00:00-05:00,27.09367,27.34822,26.31663,26.53992,134400,0.0,0.0
2015-02-05 00:00:00-05:00,26.4908,27.39734,26.4908,27.16513,106600,0.0,0.0
2015-02-06 00:00:00-05:00,27.03116,27.22765,26.25858,26.71409,177800,0.0,0.0
2015-02-09 00:00:00-05:00,26.74088,26.89272,25.80754,25.9951,173800,0.0,0.0
2015-02-10 00:00:00-05:00,26.01743,26.05315,25.37883,25.76735,206000,0.0,0.0
2015-02-11 00:00:00-05:00,25.812,26.16479,25.42794,26.1246,81400,0.0,0.0
2015-02-12 00:00:00-05:00,26.42827,26.6337,25.99956,26.58457,89400,0.0,0.0
2015-02-13 00:00:00-05:00,26.47293,26.90611,26.03082,26.83466,107200,0.0,0.0
2015-02-17 00:00:00-05:00,26.77214,26.77214,26.25412,26.3211,61000,0.0,0.0
2015-02-18 00:00:00-05:00,26.37468,26.6069,26.28537,26.53992,55800,0.0,0.0
2015-02-19 00:00:00-05:00,26.58904,26.78107,26.54438,26.58457,38800,0.0,0.0
2015-02-20 00:00:00-05:00,26.6337,26.71409,26.20946,26.63817,73800,0.0,0.0
2015-02-23 00:00:00-05:00,26.63817,26.78554,26.42381,26.76767,80800,0.0,0.0
2015-02-24 00:00:00-05:00,26.66943,26.77661,26.36129,26.67836,89600,0.0,0.0
2015-02-25 00:00:00-05:00,26.70524,26.83964,26.23484,26.38716,84000,0.095,0.0
2015-02-26 00:00:00-05:00,26.44988,26.44988,25.95708,26.12284,85200,0.0,0.0
2015-02-27 00:00:00-05:00,26.16316,26.3558,26.03324,26.16316,68200,0.0,0.0
2015-03-02 00:00:00-05:00,26.25724,26.7814,26.20348,26.58876,172400,0.0,0.0
2015-03-03 00:00:00-05:00,26.48571,26.64699,26.05563,26.47675,87000,0.0,0.0
2015-03-04 00:00:00-05:00,26.45436,26.45436,25.76444,25.80476,110000,0.0,0.0
2015-03-05 00:00:00-05:00,25.80028,26.199,25.62556,26.087,143200,0.0,0.0
2015-03-06 00:00:00-05:00,25.863,26.25276,25.27164,25.38364,100200,0.0,0.0
2015-03-09 00:00:00-04:00,25.50909,25.64797,25.20893,25.36573,56600,0.0,0.0
2015-03-10 00:00:00-04:00,25.22236,25.31644,24.91772,25.10588,77600,0.0,0.0
2015-03-11 00:00:00-04:00,25.00732,25.51356,24.967,25.34332,93400,0.0,0.0
2015-03-12 00:00:00-04:00,25.58076,25.91676,25.35676,25.68828,130000,0.0,0.0
2015-03-13 00:00:00-04:00,25.71964,25.92124,25.15516,25.7734,135800,0.0,0.0
2015-03-16 00:00:00-04:00,26.02875,26.07803,25.58972,25.81371,101200,0.0,0.0
2015-03-17 00:00:00-04:00,25.73755,26.17211,25.73755,25.98843,174200,0.0,0.0
2015-03-18 00:00:00-04:00,25.99293,26.40957,25.54045,26.26621,79800,0.0,0.0
2015-03-19 00:00:00-04:00,26.11836,26.57084,25.98396,26.423,87200,0.0,0.0
2015-03-20 00:00:00-04:00,26.62908,26.8934,26.49916,26.83964,166200,0.0,0.0
2015-03-23 00:00:00-04:00,26.91132,27.13084,26.45436,26.81724,125600,0.0,0.0
2015-03-24 00:00:00-04:00,26.80827,27.10395,26.69627,27.09051,88200,0.0,0.0
2015-03-25 00:00:00-04:00,27.14428,27.14428,26.3558,26.535,71800,0.0,0.0
2015-03-26 00:00:00-04:00,26.33788,26.67388,26.09596,26.647,87800,0.0,0.0
2015-03-27 00:00:00-04:00,26.58428,26.7814,26.4006,26.76348,84800,0.0,0.0
2015-03-30 00:00:00-04:00,26.76348,27.42651,26.76348,27.17563,173200,0.0,0.0
2015-03-31 00:00:00-04:00,27.11739,27.26075,26.71419,26.85307,88600,0.0,0.0
2015-04-01 00:00:00-04:00,26.78588,27.19804,26.28412,26.82172,95400,0.0,0.0
2015-04-02 00:00:00-04:00,26.90684,27.09947,26.70075,26.88443,51000,0.0,0.0
2015-04-06 00:00:00-04:00,26.87995,27.17563,26.82171,26.85307,69800,0.0,0.0
2015-04-07 00:00:00-04:00,26.95163,27.42203,26.70971,26.81275,110400,0.0,0.0
2015-04-08 00:00:00-04:00,26.8486,27.01436,26.46332,26.96508,89800,0.0,0.0
2015-04-09 00:00:00-04:00,26.83964,27.28316,26.45884,26.89788,27800,0.0,0.0
2015-04-10 00:00:00-04:00,27.06812,27.17116,26.70524,27.07708,63800,0.0,0.0
2015-04-13 00:00:00-04:00,27.17564,27.28764,26.71869,27.12189,210800,0.0,0.0
2015-04-14 00:00:00-04:00,27.05468,27.66844,26.86652,27.62812,102000,0.0,0.0
2015-04-15 00:00:00-04:00,27.75356,28.11196,27.62364,27.80732,98400,0.0,0.0
2015-04-16 00:00:00-04:00,27.66843,27.94171,27.53851,27.59675,120600,0.0,0.0
2015-04-17 00:00:00-04:00,27.31452,27.75356,27.14428,27.60124,226400,0.0,0.0
2015-04-20 00:00:00-04:00,27.68188,28.35836,27.431,28.31804,153600,0.0,0.0
2015-04-21 00:00:00-04:00,27.32796,27.91036,26.87996,27.69532,371600,0.0,0.0
2015-04-22 00:00:00-04:00,27.63708,28.12988,27.12636,28.04476,261600,0.0,0.0
2015-04-23 00:00:00-04:00,28.03131,28.95867,27.93723,28.77051,259000,0.0,0.0
2015-04-24 00:00:00-04:00,28.91388,29.40668,28.11196,28.40764,368400,0.0,0.0
2015-04-27 00:00:00-04:00,28.64059,29.05723,28.38971,28.74811,229600,0.0,0.0
2015-04-28 00:00:00-04:00,28.67196,28.88252,28.38524,28.6854,114200,0.0,0.0
2015-04-29 00:00:00-04:00,28.44348,28.68988,28.07612,28.38972,122000,0.0,0.0
2015-04-30 00:00:00-04:00,28.12988,28.28668,27.71772,27.87452,205400,0.0,0.0
2015-05-01 00:00:00-04:00,27.93723,28.37179,27.79387,28.12539,152200,0.0,0.0
2015-05-04 00:00:00-04:00,28.19259,28.51067,28.12539,28.22843,110600,0.0,0.0
2015-05-05 00:00:00-04:00,28.21948,28.39867,27.80284,28.01788,280400,0.0,0.0
2015-05-06 00:00:00-04:00,28.15675,28.40315,27.86555,28.40315,164400,0.0,0.0
2015-05-07 00:00:00-04:00,28.30011,28.70331,28.21948,28.51067,121000,0.0,0.0
2015-05-08 00:00:00-04:00,28.69883,28.97211,28.41211,28.43003,200800,0.0,0.0
2015-05-11 00:00:00-04:00,28.48379,28.63611,28.23739,28.29563,90000,0.0,0.0
2015-05-12 00:00:00-04:00,28.08956,28.47932,27.90588,28.31804,100200,0.0,0.0
2015-05-13 00:00:00-04:00,28.51964,28.66748,28.22396,28.34044,79400,0.0,0.0
2015-05-14 00:00:00-04:00,28.4166,29.02588,28.4166,28.97659,126200,0.0,0.0
2015-05-15 00:00:00-04:00,28.96764,28.9766,28.26876,28.40764,112000,0.0,0.0
2015-05-18 00:00:00-04:00,28.43003,28.91387,28.24635,28.80635,119000,0.0,0.0
2015-05-19 00:00:00-04:00,28.77948,28.9766,28.35836,28.78396,115800,0.0,0.0
2015-05-20 00:00:00-04:00,28.90939,28.97659,28.43003,28.75259,115800,0.0,0.0
2015-05-21 00:00:00-04:00,28.64956,28.97212,28.63164,28.8422,105800,0.0,0.0
2015-05-22 00:00:00-04:00,28.87356,28.89148,28.39868,28.54652,53800,0.0,0.0
2015-05-26 00:00:00-04:00,28.30908,28.58684,28.07164,28.3942,91400,0.0,0.0
2015-05-27 00:00:00-04:00,28.5245,28.72221,28.25939,28.65481,50800,0.095,0.0
2015-05-28 00:00:00-04:00,28.68178,28.68627,28.24142,28.6683,66800,0.0,0.0
2015-05-29 00:00:00-04:00,28.62785,29.11314,28.38071,28.99182,212000,0.0,0.0
2015-06-01 00:00:00-04:00,28.58742,28.67279,27.88194,28.3897,174600,0.0,0.0
2015-06-02 00:00:00-04:00,28.33129,28.96486,28.28635,28.56045,106800,0.0,0.0
2015-06-03 00:00:00-04:00,28.67279,29.04125,28.43463,28.78512,95800,0.0,0.0
2015-06-04 00:00:00-04:00,28.65032,28.85702,28.33578,28.38521,102400,0.0,0.0
2015-06-05 00:00:00-04:00,28.35825,29.27941,28.24142,29.19403,214000,0.0,0.0
2015-06-08 00:00:00-04:00,29.20751,29.29289,28.85702,28.95588,52600,0.0,0.0
2015-06-09 00:00:00-04:00,28.94689,28.94689,28.61887,28.70425,90200,0.0,0.0
2015-06-10 00:00:00-04:00,28.84355,29.59845,28.84355,29.46814,105200,0.0,0.0
2015-06-11 00:00:00-04:00,29.40523,29.59395,29.10866,29.40972,85600,0.0,0.0
2015-06-12 00:00:00-04:00,29.37827,29.40972,29.07271,29.37827,92600,0.0,0.0
2015-06-15 00:00:00-04:00,29.09967,29.09967,28.31331,28.63235,354600,0.0,0.0
2015-06-16 00:00:00-04:00,28.56045,28.60539,28.26838,28.42115,157800,0.0,0.0
2015-06-17 00:00:00-04:00,28.44812,28.52451,28.28636,28.31781,232200,0.0,0.0
2015-06-18 00:00:00-04:00,28.43014,28.6638,28.35375,28.43463,138400,0.0,0.0
2015-06-19 00:00:00-04:00,28.48406,28.60538,28.30882,28.33578,392800,0.0,0.0
2015-06-22 00:00:00-04:00,28.53799,28.77614,28.40768,28.61438,135400,0.0,0.0
2015-06-23 00:00:00-04:00,28.69975,28.81209,28.35375,28.56944,170600,0.0,0.0
2015-06-24 00:00:00-04:00,28.46609,28.61887,28.3223,28.44812,86400,0.0,0.0
2015-06-25 00:00:00-04:00,28.50204,28.55596,28.28636,28.40768,171600,0.0,0.0
2015-06-26 00:00:00-04:00,28.50653,28.70874,28.30882,28.45261,197600,0.0,0.0
2015-06-29 00:00:00-04:00,28.31331,28.5964,28.20097,28.29084,269200,0.0,0.0
2015-06-30 00:00:00-04:00,28.50653,28.60539,28.30882,28.529,123200,0.0,0.0
2015-07-01 00:00:00-04:00,28.68627,28.91544,28.56046,28.65931,121600,0.0,0.0
2015-07-02 00:00:00-04:00,28.79412,28.88399,28.47508,28.58292,73600,0.0,0.0
2015-07-06 00:00:00-04:00,28.38521,28.65032,28.14705,28.50204,118400,0.0,0.0
2015-07-07 00:00:00-04:00,28.50653,28.62785,28.30882,28.529,116200,0.0,0.0
2015-07-08 00:00:00-04:00,28.30883,28.48857,28.0482,28.41667,189600,0.0,0.0
2015-07-09 00:00:00-04:00,28.65931,28.6638,27.99877,28.28635,191800,0.0,0.0
2015-07-10 00:00:00-04:00,28.50653,28.72671,28.35375,28.67279,77000,0.0,0.0
2015-07-13 00:00:00-04:00,28.83007,28.9424,28.47958,28.6009,83000,0.0,0.0
2015-07-14 00:00:00-04:00,28.72222,28.82557,28.59191,28.69975,128800,0.0,0.0
2015-07-15 00:00:00-04:00,28.58293,28.61887,28.35376,28.41667,88800,0.0,0.0
2015-07-16 00:00:00-04:00,28.56495,28.83007,28.45261,28.72222,97600,0.0,0.0
2015-07-17 00:00:00-04:00,28.74918,28.80759,28.37173,28.58741,87200,0.0,0.0
2015-07-20 00:00:00-04:00,28.76266,28.76266,28.39869,28.60988,128200,0.0,0.0
2015-07-21 00:00:00-04:00,25.16339,25.92278,23.19975,25.46445,1253600,0.0,0.0
2015-07-22 00:00:00-04:00,25.26225,25.77001,24.26021,25.73406,562200,0.0,0.0
2015-07-23 00:00:00-04:00,25.71609,25.71609,24.99713,25.19934,411400,0.0,0.0
2015-07-24 00:00:00-04:00,25.23979,25.23979,24.27818,25.00163,379000,0.0,0.0
2015-07-27 00:00:00-04:00,24.85784,24.9567,24.49836,24.85335,284000,0.0,0.0
2015-07-28 00:00:00-04:00,25.07802,25.2937,24.8848,25.23079,273400,0.0,0.0
2015-07-29 00:00:00-04:00,25.27124,25.61274,25.24427,25.54983,190200,0.0,0.0
2015-07-30 00:00:00-04:00,25.44198,25.97671,25.19035,25.86886,195400,0.0,0.0
2015-07-31 00:00:00-04:00,26.02614,26.4665,25.72957,26.43055,232600,0.0,0.0
2015-08-03 00:00:00-04:00,26.39461,26.39461,25.49591,25.71609,134200,0.0,0.0
2015-08-04 00:00:00-04:00,25.72059,26.02165,25.4375,25.78799,202600,0.0,0.0
2015-08-05 00:00:00-04:00,25.95425,25.99469,25.57231,25.77451,201400,0.0,0.0
2015-08-06 00:00:00-04:00,25.83293,26.0576,25.62173,25.87786,163200,0.0,0.0
2015-08-07 00:00:00-04:00,25.70261,26.08905,25.64869,25.96773,150000,0.0,0.0
2015-08-10 00:00:00-04:00,26.04861,26.72262,26.04861,26.37213,149600,0.0,0.0
2015-08-11 00:00:00-04:00,26.26429,26.60579,26.02614,26.58782,144400,0.0,0.0
2015-08-12 00:00:00-04:00,26.51592,26.82597,26.27777,26.72712,127400,0.0,0.0
2015-08-13 00:00:00-04:00,26.77655,27.3607,26.73162,27.23938,227400,0.0,0.0
2015-08-14 00:00:00-04:00,27.154,27.72018,27.14951,27.6393,132400,0.0,0.0
2015-08-17 00:00:00-04:00,27.60783,27.7022,27.40563,27.53145,92000,0.0,0.0
2015-08-18 00:00:00-04:00,27.52696,27.96283,27.2259,27.32475,154400,0.0,0.0
2015-08-19 00:00:00-04:00,27.21691,27.21691,26.73162,26.85294,96200,0.0,0.0
2015-08-20 00:00:00-04:00,26.70915,26.92933,26.51144,26.61029,104600,0.0,0.0
2015-08-21 00:00:00-04:00,26.20138,26.78553,25.93627,26.69117,190800,0.0,0.0
2015-08-24 00:00:00-04:00,25.30719,26.56985,25.30719,26.17443,236600,0.0,0.0
2015-08-25 00:00:00-04:00,26.77655,26.85743,25.77001,25.81944,219600,0.0,0.0
2015-08-26 00:00:00-04:00,26.21038,26.45752,25.82394,26.18342,150000,0.0,0.0
2015-08-27 00:00:00-04:00,26.30065,26.54413,25.84524,26.3773,168200,0.1,0.0
2015-08-28 00:00:00-04:00,26.29163,26.44493,25.92189,26.15185,205600,0.0,0.0
2015-08-31 00:00:00-04:00,26.10225,26.47649,26.06618,26.28261,85000,0.0,0.0
2015-09-01 00:00:00-04:00,25.93091,26.05716,25.34024,25.52059,117400,0.0,0.0
2015-09-02 00:00:00-04:00,25.80015,25.99855,25.65587,25.75957,121000,0.0,0.0
2015-09-03 00:00:00-04:00,25.81819,26.03913,25.72801,25.81368,78600,0.0,0.0
2015-09-04 00:00:00-04:00,25.56118,25.87681,25.36279,25.43493,61800,0.0,0.0
2015-09-08 00:00:00-04:00,25.71448,25.99403,25.52961,25.86778,86800,0.0,0.0
2015-09-09 00:00:00-04:00,25.93091,26.40435,25.84073,25.89935,87800,0.0,0.0
2015-09-10 00:00:00-04:00,25.7731,26.18793,25.67391,25.80016,56600,0.0,0.0
2015-09-11 00:00:00-04:00,25.61528,26.25104,25.61528,26.11577,100000,0.0,0.0
2015-09-14 00:00:00-04:00,26.24654,26.47199,26.04364,26.12029,115600,0.0,0.0
2015-09-15 00:00:00-04:00,26.26006,26.76957,26.1789,26.6839,90400,0.0,0.0
2015-09-16 00:00:00-04:00,26.56667,27.12578,26.56667,27.04462,114400,0.0,0.0
2015-09-17 00:00:00-04:00,27.10324,27.47297,26.68842,26.75154,182600,0.0,0.0
2015-09-18 00:00:00-04:00,26.39082,27.03109,26.19243,26.5802,358400,0.0,0.0
2015-09-21 00:00:00-04:00,26.76506,26.96346,26.45395,26.61176,187400,0.0,0.0
2015-09-22 00:00:00-04:00,26.40886,26.67038,26.00305,26.28261,140200,0.0,0.0
2015-09-23 00:00:00-04:00,26.34122,26.70645,26.06167,26.28261,147400,0.0,0.0
2015-09-24 00:00:00-04:00,26.21046,26.32769,25.82269,26.26006,185200,0.0,0.0
2015-09-25 00:00:00-04:00,26.34573,26.66136,26.10676,26.55314,211600,0.0,0.0
2015-09-28 00:00:00-04:00,26.49453,26.49453,25.99404,26.1293,129800,0.0,0.0
2015-09-29 00:00:00-04:00,25.91738,26.31417,25.86328,26.1293,169600,0.0,0.0
2015-09-30 00:00:00-04:00,26.26908,26.47198,26.12479,26.1789,147400,0.0,0.0
2015-10-01 00:00:00-04:00,26.22399,26.25105,25.6198,25.72801,151400,0.0,0.0
2015-10-02 00:00:00-04:00,25.59725,26.10676,25.28613,26.08421,106600,0.0,0.0
2015-10-05 00:00:00-04:00,26.24202,26.77859,26.24202,26.64332,163600,0.0,0.0
2015-10-06 00:00:00-04:00,26.70645,26.82819,26.46297,26.58922,112000,0.0,0.0
2015-10-07 00:00:00-04:00,26.56216,27.19342,26.56216,26.85073,209800,0.0,0.0
2015-10-08 00:00:00-04:00,26.84172,27.62176,26.84172,27.58118,219400,0.0,0.0
2015-10-09 00:00:00-04:00,27.62176,27.83819,27.31065,27.50904,184400,0.0,0.0
2015-10-12 00:00:00-04:00,27.58569,27.74801,27.50002,27.58118,92200,0.0,0.0
2015-10-13 00:00:00-04:00,27.50453,27.86524,27.21145,27.22948,127800,0.0,0.0
2015-10-14 00:00:00-04:00,27.17988,27.35573,26.89582,26.91837,118400,0.0,0.0
2015-10-15 00:00:00-04:00,27.00404,27.29261,26.6839,27.2881,184400,0.0,0.0
2015-10-16 00:00:00-04:00,27.31065,27.31065,26.89582,27.06265,132600,0.0,0.0
2015-10-19 00:00:00-04:00,26.86426,27.19792,26.86426,27.11676,128600,0.0,0.0
2015-10-20 00:00:00-04:00,26.51708,26.83722,24.92543,25.64686,346600,0.0,0.0
2015-10-21 00:00:00-04:00,25.71448,25.85877,25.48453,25.65587,376400,0.0,0.0
2015-10-22 00:00:00-04:00,25.64685,26.58921,25.64685,26.36377,129600,0.0,0.0
2015-10-23 00:00:00-04:00,26.50355,26.77859,26.27359,26.7335,120200,0.0,0.0
2015-10-26 00:00:00-04:00,26.58471,27.09422,26.58471,26.97699,109200,0.0,0.0
2015-10-27 00:00:00-04:00,26.92738,27.16636,25.80917,25.88582,263600,0.0,0.0
2015-10-28 00:00:00-04:00,25.87229,27.1393,25.86328,27.09422,234200,0.0,0.0
2015-10-29 00:00:00-04:00,26.92739,27.3873,26.71546,27.14381,131800,0.0,0.0
2015-10-30 00:00:00-04:00,27.10324,27.86976,26.99052,27.31516,182200,0.0,0.0
2015-11-02 00:00:00-05:00,27.29712,27.50003,27.09422,27.30614,198200,0.0,0.0
2015-11-03 00:00:00-05:00,27.16186,27.26556,26.2285,27.0852,403800,0.0,0.0
2015-11-04 00:00:00-05:00,27.1844,27.26556,26.60274,26.6298,170800,0.0,0.0
2015-11-05 00:00:00-05:00,26.64783,26.8823,26.43591,26.6839,115200,0.0,0.0
2015-11-06 00:00:00-05:00,26.59823,26.87328,25.94444,26.81466,129800,0.0,0.0
2015-11-09 00:00:00-05:00,26.71997,27.12578,26.61627,27.05364,190000,0.0,0.0
2015-11-10 00:00:00-05:00,26.96797,27.16636,26.66587,27.13029,104000,0.0,0.0
2015-11-11 00:00:00-05:00,27.17086,27.50452,27.13028,27.42787,160000,0.0,0.0
2015-11-12 00:00:00-05:00,27.18891,27.22498,26.71547,26.96346,210400,0.0,0.0
2015-11-13 00:00:00-05:00,26.70645,26.95444,26.15636,26.23301,187600,0.0,0.0
2015-11-16 00:00:00-05:00,26.24653,26.56667,26.0797,26.5351,178600,0.0,0.0
2015-11-17 00:00:00-05:00,26.54864,26.85073,26.30064,26.56667,101800,0.0,0.0
2015-11-18 00:00:00-05:00,26.72449,27.0356,26.50355,26.99051,145000,0.0,0.0
2015-11-19 00:00:00-05:00,27.05363,27.28359,26.7831,27.00403,93600,0.0,0.0
2015-11-20 00:00:00-05:00,27.12127,27.50453,26.88681,27.09873,107200,0.0,0.0
2015-11-23 00:00:00-05:00,26.99051,27.49552,26.86877,27.26556,190400,0.0,0.0
2015-11-24 00:00:00-05:00,27.11226,27.4865,26.85074,27.44141,103800,0.0,0.0
2015-11-25 00:00:00-05:00,27.58617,27.58617,27.13831,27.46855,71400,0.1,0.0
2015-11-27 00:00:00-05:00,27.33283,27.86664,27.33283,27.62235,47400,0.0,0.0
2015-11-30 00:00:00-05:00,27.75807,28.04759,27.47759,27.51831,144000,0.0,0.0
2015-12-01 00:00:00-05:00,27.62236,27.76712,27.19712,27.29664,130800,0.0,0.0
2015-12-02 00:00:00-05:00,27.32831,27.41426,27.07045,27.12022,101400,0.0,0.0
2015-12-03 00:00:00-05:00,27.11117,27.30569,26.70855,26.80355,146600,0.0,0.0
2015-12-04 00:00:00-05:00,26.87141,27.35998,26.71307,27.1926,82400,0.0,0.0
2015-12-07 00:00:00-05:00,27.11569,27.29212,26.86688,26.95736,122200,0.0,0.0
2015-12-08 00:00:00-05:00,26.78093,26.97998,26.66784,26.68593,98600,0.0,0.0
2015-12-09 00:00:00-05:00,26.65879,26.76284,26.20188,26.40545,73200,0.0,0.0
2015-12-10 00:00:00-05:00,26.48236,26.48688,26.2245,26.3195,87200,0.0,0.0
2015-12-11 00:00:00-05:00,25.97569,26.47783,25.97569,26.46426,174600,0.0,0.0
2015-12-14 00:00:00-05:00,26.53212,26.53212,26.18831,26.48688,184200,0.0,0.0
2015-12-15 00:00:00-05:00,26.68593,26.8895,26.42355,26.83521,159200,0.0,0.0
2015-12-16 00:00:00-05:00,26.80807,27.35998,26.79903,27.31021,119800,0.0,0.0
2015-12-17 00:00:00-05:00,27.40974,27.6314,27.24688,27.25593,221000,0.0,0.0
2015-12-18 00:00:00-05:00,27.26497,27.33735,26.60449,26.65425,310800,0.0,0.0
2015-12-21 00:00:00-05:00,26.80807,26.80807,26.24712,26.4507,103400,0.0,0.0
2015-12-22 00:00:00-05:00,26.55926,26.77641,26.36022,26.68593,71000,0.0,0.0
2015-12-23 00:00:00-05:00,26.82164,27.13831,26.6045,26.94831,194400,0.0,0.0
2015-12-24 00:00:00-05:00,26.93021,27.26497,26.88497,27.16093,40200,0.0,0.0
2015-12-28 00:00:00-05:00,27.0026,27.18807,26.86688,27.15641,59400,0.0,0.0
2015-12-29 00:00:00-05:00,27.26951,27.67213,26.97094,27.63141,129400,0.0,0.0
2015-12-30 00:00:00-05:00,27.59521,27.64045,27.16545,27.23783,65200,0.0,0.0
2015-12-31 00:00:00-05:00,27.09307,27.09307,26.44617,26.50498,77000,0.0,0.0
2016-01-04 00:00:00-05:00,26.08427,26.48236,25.5776,25.71784,162200,0.0,0.0
2016-01-05 00:00:00-05:00,25.81736,26.04355,25.52784,25.71784,134000,0.0,0.0
2016-01-06 00:00:00-05:00,25.43284,25.66355,25.15236,25.41022,209000,0.0,0.0
2016-01-07 00:00:00-05:00,25.07546,25.36951,24.88546,25.17951,349800,0.0,0.0
2016-01-08 00:00:00-05:00,25.25189,25.54141,24.84022,24.87641,419600,0.0,0.0
2016-01-11 00:00:00-05:00,24.97141,25.50974,24.88093,25.37855,392200,0.0,0.0
2016-01-12 00:00:00-05:00,25.5776,25.5776,24.92617,25.18402,144800,0.0,0.0
2016-01-13 00:00:00-05:00,25.18403,25.41474,24.38784,24.60498,423400,0.0,0.0
2016-01-14 00:00:00-05:00,24.67284,25.45546,24.38332,25.2926,214200,0.0,0.0
2016-01-15 00:00:00-05:00,24.64117,24.86284,24.31546,24.77688,178800,0.0,0.0
2016-01-19 00:00:00-05:00,24.98498,25.11617,24.42855,24.58236,186600,0.0,0.0
2016-01-20 00:00:00-05:00,24.36522,24.59141,23.88569,24.31998,232800,0.0,0.0
2016-01-21 00:00:00-05:00,24.34712,24.88998,23.89474,24.6276,266600,0.0,0.0
2016-01-22 00:00:00-05:00,24.8176,25.12522,24.34712,24.57784,218800,0.0,0.0
2016-01-25 00:00:00-05:00,24.54164,24.54164,24.12997,24.16616,100200,0.0,0.0
2016-01-26 00:00:00-05:00,24.1707,24.6276,24.1707,24.51903,262000,0.0,0.0
2016-01-27 00:00:00-05:00,24.3607,24.59141,24.08927,24.18427,258000,0.0,0.0
2016-01-28 00:00:00-05:00,24.39689,24.49642,23.98522,24.07118,244000,0.0,0.0
2016-01-29 00:00:00-05:00,24.11189,25.25641,24.11189,25.25641,270600,0.0,0.0
2016-02-01 00:00:00-05:00,25.08903,25.3107,24.9126,25.07093,154600,0.0,0.0
2016-02-02 00:00:00-05:00,24.82212,25.1207,24.61855,25.07998,137600,0.0,0.0
2016-02-03 00:00:00-05:00,26.41903,27.05236,25.82189,27.04332,357600,0.0,0.0
2016-02-04 00:00:00-05:00,26.99355,27.58617,26.97093,27.19712,209800,0.0,0.0
2016-02-05 00:00:00-05:00,26.73117,27.56355,26.2245,27.19712,204000,0.0,0.0
2016-02-08 00:00:00-05:00,27.06594,28.47284,26.92117,28.40951,183000,0.0,0.0
2016-02-09 00:00:00-05:00,28.1426,28.49546,27.92546,28.00236,128000,0.0,0.0
2016-02-10 00:00:00-05:00,28.16521,28.35069,27.56807,27.58617,272600,0.0,0.0
2016-02-11 00:00:00-05:00,27.14284,28.28736,27.14284,28.22856,137800,0.0,0.0
2016-02-12 00:00:00-05:00,28.49997,28.60855,28.06569,28.42759,184400,0.0,0.0
2016-02-16 00:00:00-05:00,28.72616,29.44997,28.61759,29.36854,156200,0.0,0.0
2016-02-17 00:00:00-05:00,29.59022,30.06069,29.50427,29.55403,233600,0.0,0.0
2016-02-18 00:00:00-05:00,29.58569,29.97926,29.19212,29.39117,233400,0.0,0.0
2016-02-19 00:00:00-05:00,29.3776,29.5857,29.01117,29.57213,252200,0.0,0.0
2016-02-22 00:00:00-05:00,29.82545,30.04259,29.35497,29.40474,174800,0.0,0.0
2016-02-23 00:00:00-05:00,29.37307,29.73498,29.25998,29.3776,224800,0.0,0.0
2016-02-24 00:00:00-05:00,29.17855,29.82997,28.79855,29.78021,144200,0.0,0.0
2016-02-25 00:00:00-05:00,29.94811,29.99802,29.51704,29.96626,110200,0.1,0.0
2016-02-26 00:00:00-05:00,30.04339,30.06608,29.63047,29.93449,99000,0.0,0.0
2016-02-29 00:00:00-05:00,29.98893,30.14321,29.73483,29.80743,177000,0.0,0.0
2016-03-01 00:00:00-05:00,30.05701,30.37917,29.77114,30.27027,205400,0.0,0.0
2016-03-02 00:00:00-05:00,30.17044,30.2022,29.77113,30.08876,128200,0.0,0.0
2016-03-03 00:00:00-05:00,30.37917,30.48808,29.97986,30.36556,170800,0.0,0.0
2016-03-04 00:00:00-05:00,30.35648,30.89192,29.87096,30.83293,162800,0.0,0.0
2016-03-07 00:00:00-05:00,30.82839,31.28215,30.74672,30.94183,203000,0.0,0.0
2016-03-08 00:00:00-05:00,30.78302,30.93277,30.51077,30.60606,157400,0.0,0.0
2016-03-09 00:00:00-05:00,30.65596,30.95998,30.61059,30.74672,79200,0.0,0.0
2016-03-10 00:00:00-05:00,30.86016,30.94183,30.057,30.30657,211400,0.0,0.0
2016-03-11 00:00:00-05:00,30.53799,30.84201,30.35195,30.55614,182800,0.0,0.0
2016-03-14 00:00:00-04:00,30.43362,30.83747,30.12506,30.22489,94800,0.0,0.0
2016-03-15 00:00:00-04:00,30.02524,30.60151,29.92087,30.38824,129200,0.0,0.0
2016-03-16 00:00:00-04:00,30.37918,30.81025,30.15684,30.66051,125600,0.0,0.0
2016-03-17 00:00:00-04:00,30.72403,31.52719,30.67412,31.3956,219200,0.0,0.0
2016-03-18 00:00:00-04:00,31.23678,31.23678,29.78475,29.90727,456600,0.0,0.0
2016-03-21 00:00:00-04:00,29.81651,30.14776,29.63047,29.67585,123400,0.0,0.0
2016-03-22 00:00:00-04:00,29.49434,30.07061,29.49434,29.70761,152600,0.0,0.0
2016-03-23 00:00:00-04:00,29.55787,29.82105,29.16764,29.23116,159000,0.0,0.0
2016-03-24 00:00:00-04:00,29.12227,29.68493,29.05875,29.60779,130400,0.0,0.0
2016-03-28 00:00:00-04:00,29.60779,29.87551,29.16764,29.48528,151200,0.0,0.0
2016-03-29 00:00:00-04:00,29.48072,30.39732,29.48072,30.3837,139000,0.0,0.0
2016-03-30 00:00:00-04:00,30.4427,30.4427,29.94811,30.09785,77200,0.0,0.0
2016-03-31 00:00:00-04:00,30.17953,30.2975,29.92542,30.17953,76200,0.0,0.0
2016-04-01 00:00:00-04:00,29.94357,30.33834,29.78476,30.27482,104600,0.0,0.0
2016-04-04 00:00:00-04:00,30.56975,30.56975,30.01616,30.19766,184000,0.0,0.0
2016-04-05 00:00:00-04:00,29.91181,30.17953,29.74392,29.78476,105400,0.0,0.0
2016-04-06 00:00:00-04:00,29.69854,29.77568,29.29016,29.57149,102200,0.0,0.0
2016-04-07 00:00:00-04:00,29.43083,29.59418,29.23571,29.49889,173800,0.0,0.0
2016-04-08 00:00:00-04:00,29.6577,30.18406,29.3446,29.52157,83200,0.0,0.0
2016-04-11 00:00:00-04:00,29.5987,29.88457,29.23116,29.26292,115600,0.0,0.0
2016-04-12 00:00:00-04:00,29.1631,29.40813,28.78648,29.31738,183800,0.0,0.0
2016-04-13 00:00:00-04:00,29.48981,30.52438,29.32192,30.24759,264000,0.0,0.0
2016-04-14 00:00:00-04:00,30.38371,30.38371,29.6577,29.99348,143400,0.0,0.0
2016-04-15 00:00:00-04:00,29.9481,30.22036,29.38544,29.8755,112400,0.0,0.0
2016-04-18 00:00:00-04:00,29.85734,30.06153,29.44896,30.00255,155400,0.0,0.0
2016-04-19 00:00:00-04:00,31.94464,34.76248,31.94464,33.1471,826400,0.0,0.0
2016-04-20 00:00:00-04:00,32.50731,32.68881,30.97814,32.34396,428200,0.0,0.0
2016-04-21 00:00:00-04:00,32.48916,32.98376,31.95826,32.25774,256200,0.0,0.0
2016-04-22 00:00:00-04:00,32.37118,32.52546,31.9265,32.11708,176000,0.0,0.0
2016-04-25 00:00:00-04:00,31.80851,32.38025,31.77675,31.98548,172200,0.0,0.0
2016-04-26 00:00:00-04:00,31.95825,32.7977,31.95825,32.71149,206000,0.0,0.0
2016-04-27 00:00:00-04:00,32.77502,32.98828,32.36664,32.87484,270400,0.0,0.0
2016-04-28 00:00:00-04:00,32.52546,33.06543,32.44378,32.53453,148800,0.0,0.0
2016-04-29 00:00:00-04:00,32.53453,33.10173,32.15337,32.36664,179400,0.0,0.0
2016-05-02 00:00:00-04:00,32.5572,32.77047,32.22142,32.63434,144200,0.0,0.0
2016-05-03 00:00:00-04:00,32.46646,32.73418,32.35302,32.44378,79200,0.0,0.0
2016-05-04 00:00:00-04:00,32.38024,35.71991,32.38024,33.70522,599400,0.0,0.0
2016-05-05 00:00:00-04:00,35.51119,35.51119,33.61447,33.65985,221400,0.0,0.0
2016-05-06 00:00:00-04:00,33.57819,33.98203,33.26056,33.95934,156800,0.0,0.0
2016-05-09 00:00:00-04:00,33.8096,33.9548,33.41029,33.62809,200800,0.0,0.0
2016-05-10 00:00:00-04:00,33.78237,34.1726,33.65078,33.93665,101200,0.0,0.0
2016-05-11 00:00:00-04:00,34.00471,34.00925,33.4602,33.62809,126000,0.0,0.0
2016-05-12 00:00:00-04:00,33.79598,34.09092,33.51465,33.73699,135200,0.0,0.0
2016-05-13 00:00:00-04:00,33.61902,33.80506,33.23786,33.36945,95600,0.0,0.0
2016-05-16 00:00:00-04:00,33.48744,34.07733,33.39215,33.79146,151600,0.0,0.0
2016-05-17 00:00:00-04:00,33.81866,33.81866,32.35302,32.71149,276600,0.0,0.0
2016-05-18 00:00:00-04:00,32.70695,33.04727,32.2305,32.6162,108000,0.0,0.0
2016-05-19 00:00:00-04:00,32.6888,32.91114,31.96732,32.40747,120000,0.0,0.0
2016-05-20 00:00:00-04:00,32.66612,32.95199,32.48462,32.73419,244400,0.0,0.0
2016-05-23 00:00:00-04:00,32.7841,33.1698,32.48916,32.91569,173400,0.0,0.0
2016-05-24 00:00:00-04:00,33.21517,33.76876,32.99737,33.55549,119800,0.0,0.0
2016-05-25 00:00:00-04:00,33.74153,33.75061,33.21517,33.4965,88000,0.0,0.0
2016-05-26 00:00:00-04:00,33.57385,33.73765,33.47375,33.60115,83200,0.1,0.0
2016-05-27 00:00:00-04:00,33.724,33.86959,33.59205,33.83775,69800,0.0,0.0
2016-05-31 00:00:00-04:00,33.85139,34.46563,33.69215,34.12439,233200,0.0,0.0
2016-06-01 00:00:00-04:00,34.01518,34.45652,33.82408,34.37008,173800,0.0,0.0
2016-06-02 00:00:00-04:00,34.38828,34.38828,33.73764,34.03794,91400,0.0,0.0
2016-06-03 00:00:00-04:00,34.04249,34.25179,33.70125,33.93784,95000,0.0,0.0
2016-06-06 00:00:00-04:00,34.05158,34.59757,33.81954,34.36553,133200,0.0,0.0
2016-06-07 00:00:00-04:00,34.47473,34.71133,34.08344,34.45198,96200,0.0,0.0
2016-06-08 00:00:00-04:00,34.53389,34.83873,34.11984,34.79778,75600,0.0,0.0
2016-06-09 00:00:00-04:00,34.72498,34.88422,34.33369,34.82963,96400,0.0,0.0
2016-06-10 00:00:00-04:00,34.58849,34.74774,33.79225,34.0152,140800,0.0,0.0
2016-06-13 00:00:00-04:00,34.01518,34.01518,32.6684,32.7776,160000,0.0,0.0
2016-06-14 00:00:00-04:00,32.64567,32.68662,31.80393,32.59107,263000,0.0,0.0
2016-06-15 00:00:00-04:00,32.62291,32.82311,32.34991,32.38631,111400,0.0,0.0
2016-06-16 00:00:00-04:00,32.24528,32.52282,31.79029,32.44547,175200,0.0,0.0
2016-06-17 00:00:00-04:00,32.52283,32.52283,31.96318,32.25438,433600,0.0,0.0
2016-06-20 00:00:00-04:00,32.66841,33.27809,32.66841,32.9869,109400,0.0,0.0
2016-06-21 00:00:00-04:00,33.05971,33.05971,32.55012,32.84587,64400,0.0,0.0
2016-06-22 00:00:00-04:00,32.96416,33.03696,32.49552,32.57287,56800,0.0,0.0
2016-06-23 00:00:00-04:00,33.00056,33.2508,32.82766,33.09156,73400,0.0,0.0
2016-06-24 00:00:00-04:00,31.99047,32.37721,31.38078,31.59463,191200,0.0,0.0
2016-06-27 00:00:00-04:00,31.18515,31.55824,30.59821,31.1715,118200,0.0,0.0
2016-06-28 00:00:00-04:00,31.53094,31.76298,31.20334,31.45814,105000,0.0,0.0
2016-06-29 00:00:00-04:00,31.84034,32.14063,31.75844,32.05873,86200,0.0,0.0
2016-06-30 00:00:00-04:00,32.25892,33.24625,31.90403,33.22805,148600,0.0,0.0
2016-07-01 00:00:00-04:00,33.2053,33.64664,32.61836,32.80035,70600,0.0,0.0
2016-07-05 00:00:00-04:00,32.62291,33.20075,32.33172,32.82311,90000,0.0,0.0
2016-07-06 00:00:00-04:00,32.70027,33.29631,32.60017,33.01421,111800,0.0,0.0
2016-07-07 00:00:00-04:00,32.91411,33.4965,32.75031,32.90956,82400,0.0,0.0
2016-07-08 00:00:00-04:00,33.23716,33.73765,32.85496,33.65575,133200,0.0,0.0
2016-07-11 00:00:00-04:00,34.10619,34.26544,33.4328,33.7331,154200,0.0,0.0
2016-07-12 00:00:00-04:00,33.94239,34.16989,33.4965,33.89234,102200,0.0,0.0
2016-07-13 00:00:00-04:00,33.99699,34.38373,33.89689,34.07889,103000,0.0,0.0
2016-07-14 00:00:00-04:00,34.30184,34.39284,33.8969,34.0607,87600,0.0,0.0
2016-07-15 00:00:00-04:00,34.21539,34.32004,33.7331,33.98789,124000,0.0,0.0
2016-07-18 00:00:00-04:00,34.06979,34.29273,33.5147,34.03794,73000,0.0,0.0
2016-07-19 00:00:00-04:00,33.94694,34.26999,33.42825,33.8059,69400,0.0,0.0
2016-07-20 00:00:00-04:00,33.80135,34.3064,33.55566,34.0516,137000,0.0,0.0
2016-07-21 00:00:00-04:00,33.88325,34.27454,31.71749,32.15883,231600,0.0,0.0
2016-07-22 00:00:00-04:00,32.11333,33.01421,32.07693,32.57287,144200,0.0,0.0
2016-07-25 00:00:00-04:00,32.55012,32.63202,31.64923,31.67653,124600,0.0,0.0
2016-07-26 00:00:00-04:00,31.78572,31.78572,31.39443,31.54003,192200,0.0,0.0
2016-07-27 00:00:00-04:00,31.55823,31.74023,31.32163,31.48543,162400,0.0,0.0
2016-07-28 00:00:00-04:00,31.35349,31.96772,31.33983,31.77208,105200,0.0,0.0
2016-07-29 00:00:00-04:00,31.68563,31.97682,31.49453,31.73113,110000,0.0,0.0
2016-08-01 00:00:00-04:00,31.70383,32.18157,31.57643,31.71292,126400,0.0,0.0
2016-08-02 00:00:00-04:00,31.48089,31.69474,31.30799,31.30799,72200,0.0,0.0
2016-08-03 00:00:00-04:00,31.28069,31.40809,30.93945,31.10325,111400,0.0,0.0
2016-08-04 00:00:00-04:00,31.07139,31.32619,30.98039,31.14419,98200,0.0,0.0
2016-08-05 00:00:00-04:00,31.32164,31.73113,31.18059,31.58554,134800,0.0,0.0
2016-08-08 00:00:00-04:00,31.46724,32.06328,31.4172,31.99958,97000,0.0,0.0
2016-08-09 00:00:00-04:00,32.06329,32.34538,31.64469,32.00869,113600,0.0,0.0
2016-08-10 00:00:00-04:00,31.97227,32.18157,31.64922,31.89037,99400,0.0,0.0
2016-08-11 00:00:00-04:00,31.89493,32.34083,31.65379,32.13608,113400,0.0,0.0
2016-08-12 00:00:00-04:00,32.20887,32.84586,31.84942,32.34991,117800,0.0,0.0
2016-08-15 00:00:00-04:00,30.86664,32.07237,30.2979,31.92223,329600,0.0,0.0
2016-08-16 00:00:00-04:00,31.87219,32.47278,31.54914,31.65834,215400,0.0,0.0
2016-08-17 00:00:00-04:00,31.73568,31.85398,31.19424,31.29434,215400,0.0,0.0
2016-08-18 00:00:00-04:00,31.33075,31.69929,31.33075,31.4809,194600,0.0,0.0
2016-08-19 00:00:00-04:00,31.52183,31.62648,31.19423,31.29888,345400,0.0,0.0
2016-08-22 00:00:00-04:00,31.11689,31.23974,30.6346,31.03499,149000,0.0,0.0
2016-08-23 00:00:00-04:00,31.29889,31.44449,30.8803,31.03499,210400,0.0,0.0
2016-08-24 00:00:00-04:00,31.15329,31.28069,30.30701,30.5891,232800,0.0,0.0
2016-08-25 00:00:00-04:00,30.58911,30.58911,29.97032,30.23421,266000,0.0,0.0
2016-08-26 00:00:00-04:00,30.23421,30.32521,29.72007,30.15686,289800,0.0,0.0
2016-08-29 00:00:00-04:00,30.2984,30.95587,30.27101,30.51756,504400,0.115,0.0
2016-08-30 00:00:00-04:00,30.66823,30.66823,30.22992,30.33949,179600,0.0,0.0
2016-08-31 00:00:00-04:00,30.21165,30.34406,29.93314,30.12947,428000,0.0,0.0
2016-09-01 00:00:00-04:00,30.13403,30.20252,29.76877,30.13403,152200,0.0,0.0
2016-09-02 00:00:00-04:00,30.33492,30.50385,30.05184,30.34405,547800,0.0,0.0
2016-09-06 00:00:00-04:00,30.50843,30.50843,29.97423,30.2847,286800,0.0,0.0
2016-09-07 00:00:00-04:00,30.28926,30.45819,30.0701,30.31666,395600,0.0,0.0
2016-09-08 00:00:00-04:00,30.26644,30.26644,29.9514,30.01989,164200,0.0,0.0
2016-09-09 00:00:00-04:00,29.74594,29.90574,29.40807,29.42633,193000,0.0,0.0
2016-09-12 00:00:00-04:00,29.30763,30.07011,29.30763,30.04728,169800,0.0,0.0
2016-09-13 00:00:00-04:00,29.81443,29.96053,29.57244,29.72768,127800,0.0,0.0
2016-09-14 00:00:00-04:00,29.67289,29.82812,29.125,29.60897,102200,0.0,0.0
2016-09-15 00:00:00-04:00,29.67288,30.08837,29.64092,29.9514,131400,0.0,0.0
2016-09-16 00:00:00-04:00,29.99706,30.3258,29.85096,30.03359,480500,0.0,2.0
2016-09-19 00:00:00-04:00,30.25274,30.51755,30.10664,30.26187,186700,0.0,0.0
2016-09-20 00:00:00-04:00,30.55409,30.80977,30.38972,30.49017,104400,0.0,0.0
2016-09-21 00:00:00-04:00,30.68192,30.83716,30.31666,30.55408,157100,0.0,0.0
2016-09-22 00:00:00-04:00,30.81889,31.36678,30.79149,31.26633,135100,0.0,0.0
2016-09-23 00:00:00-04:00,31.33025,31.42157,30.75497,30.80062,126100,0.0,0.0
2016-09-26 00:00:00-04:00,30.7641,30.94673,30.36231,30.38971,127100,0.0,0.0
2016-09-27 00:00:00-04:00,30.32579,30.6454,30.27101,30.60887,89400,0.0,0.0
2016-09-28 00:00:00-04:00,30.70018,30.84628,30.48102,30.71844,58100,0.0,0.0
2016-09-29 00:00:00-04:00,30.67278,30.67278,30.16142,30.25274,132600,0.0,0.0
2016-09-30 00:00:00-04:00,30.45363,30.65452,30.17055,30.59973,145500,0.0,0.0
2016-10-03 00:00:00-04:00,30.4719,30.71845,30.36232,30.62714,89700,0.0,0.0
2016-10-04 00:00:00-04:00,30.5906,30.81889,30.21621,30.50842,71500,0.0,0.0
2016-10-05 00:00:00-04:00,30.71844,30.99239,30.43537,30.89194,124400,0.0,0.0
2016-10-06 00:00:00-04:00,30.73671,30.84629,30.51755,30.78237,82200,0.0,0.0
2016-10-07 00:00:00-04:00,30.91021,31.04718,30.20708,30.34405,101100,0.0,0.0
2016-10-10 00:00:00-04:00,30.42624,30.66366,30.40797,30.50842,54000,0.0,0.0
2016-10-11 00:00:00-04:00,30.38059,30.41712,29.82357,29.9788,86100,0.0,0.0
2016-10-12 00:00:00-04:00,29.81443,30.21622,29.68659,30.07924,70800,0.0,0.0
2016-10-13 00:00:00-04:00,29.87834,29.99705,29.71398,29.89661,120100,0.0,0.0
2016-10-14 00:00:00-04:00,29.81443,30.51756,29.81443,30.18883,83200,0.0,0.0
2016-10-17 00:00:00-04:00,30.20708,30.35319,29.7779,30.14316,73800,0.0,0.0
2016-10-18 00:00:00-04:00,28.16162,29.18435,26.75536,28.03378,529200,0.0,0.0
2016-10-19 00:00:00-04:00,28.14336,28.82823,27.96986,28.38992,193600,0.0,0.0
2016-10-20 00:00:00-04:00,28.28034,29.18436,28.27121,28.97433,199400,0.0,0.0
2016-10-21 00:00:00-04:00,28.66386,28.90128,28.45384,28.89215,152900,0.0,0.0
2016-10-24 00:00:00-04:00,29.1113,29.50396,29.08391,29.35785,94400,0.0,0.0
2016-10-25 00:00:00-04:00,29.34872,29.41264,28.9652,29.24828,164300,0.0,0.0
2016-10-26 00:00:00-04:00,29.18435,29.6044,29.03825,29.19349,122000,0.0,0.0
2016-10-27 00:00:00-04:00,29.31219,29.34872,28.68212,28.79169,96700,0.0,0.0
2016-10-28 00:00:00-04:00,28.85562,29.31219,28.83736,28.94694,104200,0.0,0.0
2016-10-31 00:00:00-04:00,29.08391,29.44917,28.7643,29.35785,182900,0.0,0.0
2016-11-01 00:00:00-04:00,29.35785,29.49482,28.80996,29.12956,143500,0.0,0.0
2016-11-02 00:00:00-04:00,29.12956,29.20261,28.85561,28.99258,132500,0.0,0.0
2016-11-03 00:00:00-04:00,28.94694,29.44917,28.80996,28.94694,176800,0.0,0.0
2016-11-04 00:00:00-04:00,29.0839,29.67745,28.90127,29.26653,144100,0.0,0.0
2016-11-07 00:00:00-05:00,29.86008,29.99705,29.49482,29.76876,107900,0.0,0.0
2016-11-08 00:00:00-05:00,29.76877,30.36232,29.72311,30.04272,95000,0.0,0.0
2016-11-09 00:00:00-05:00,29.63181,31.27548,29.63181,31.00154,137200,0.0,0.0
2016-11-10 00:00:00-05:00,31.27548,31.73205,31.00153,31.41245,159800,0.0,0.0
2016-11-11 00:00:00-05:00,31.45811,33.01047,31.36679,32.59955,212500,0.0,0.0
2016-11-14 00:00:00-05:00,32.87349,33.23875,32.41691,32.73652,147100,0.0,0.0
2016-11-15 00:00:00-05:00,32.59955,32.59955,31.82337,32.32561,177100,0.0,0.0
2016-11-16 00:00:00-05:00,32.32559,32.55388,31.82336,31.86902,270700,0.0,0.0
2016-11-17 00:00:00-05:00,31.86902,32.41691,31.7777,31.7777,200500,0.0,0.0
2016-11-18 00:00:00-05:00,31.96032,32.48995,31.73204,32.0973,263800,0.0,0.0
2016-11-21 00:00:00-05:00,32.37125,32.73651,32.00599,32.05165,191600,0.0,0.0
2016-11-22 00:00:00-05:00,32.18862,32.9648,32.09731,32.55389,625300,0.0,0.0
2016-11-23 00:00:00-05:00,32.55388,33.37572,32.55388,33.05612,256700,0.0,0.0
2016-11-25 00:00:00-05:00,33.05612,33.37572,32.9648,33.14743,54600,0.0,0.0
2016-11-28 00:00:00-05:00,32.97796,33.48179,32.84055,33.29858,175100,0.115,0.0
2016-11-29 00:00:00-05:00,33.39019,33.5734,32.84055,33.34439,182800,0.0,0.0
2016-11-30 00:00:00-05:00,33.5734,33.5734,33.03293,33.20698,158400,0.0,0.0
2016-12-01 00:00:00-05:00,33.29859,33.3444,32.33674,32.88637,158900,0.0,0.0
2016-12-02 00:00:00-05:00,32.93217,33.436,32.61155,32.88637,208100,0.0,0.0
2016-12-05 00:00:00-05:00,33.20698,33.5734,33.02377,33.5734,145700,0.0,0.0
2016-12-06 00:00:00-05:00,33.436,33.75662,33.16118,33.66501,109200,0.0,0.0
2016-12-07 00:00:00-05:00,33.7108,34.26043,33.43598,34.07722,94800,0.0,0.0
2016-12-08 00:00:00-05:00,34.03142,35.03908,33.98562,35.03908,160900,0.0,0.0
2016-12-09 00:00:00-05:00,35.2223,35.3597,34.85588,35.2681,149500,0.0,0.0
2016-12-12 00:00:00-05:00,35.1765,35.45131,34.85588,35.3139,128100,0.0,0.0
2016-12-13 00:00:00-05:00,35.54291,35.68032,34.85587,35.03908,140800,0.0,0.0
2016-12-14 00:00:00-05:00,34.81007,35.40551,34.76427,35.13069,111400,0.0,0.0
2016-12-15 00:00:00-05:00,35.17648,35.5429,34.21462,34.81006,185700,0.0,0.0
2016-12-16 00:00:00-05:00,34.94749,35.31391,34.39785,34.48946,427900,0.0,0.0
2016-12-19 00:00:00-05:00,34.62687,35.31391,34.48946,34.90168,113300,0.0,0.0
2016-12-20 00:00:00-05:00,34.90167,35.86353,34.67266,35.22229,126400,0.0,0.0
2016-12-21 00:00:00-05:00,35.1307,35.35971,34.94749,34.99329,49300,0.0,0.0
2016-12-22 00:00:00-05:00,35.08488,35.08488,34.53525,34.85587,51200,0.0,0.0
2016-12-23 00:00:00-05:00,34.90168,35.2681,34.76427,35.2681,60600,0.0,0.0
2016-12-27 00:00:00-05:00,35.40551,35.49712,34.90168,35.3139,64700,0.0,0.0
2016-12-28 00:00:00-05:00,35.3139,35.63453,34.35205,34.39785,114200,0.0,0.0
2016-12-29 00:00:00-05:00,34.35204,34.70014,34.07722,34.26043,196500,0.0,0.0
2016-12-30 00:00:00-05:00,34.21464,34.21464,33.75662,33.84822,108100,0.0,0.0
2017-01-03 00:00:00-05:00,34.07723,34.12303,33.48179,33.80241,183800,0.0,0.0
2017-01-04 00:00:00-05:00,33.93983,34.44366,33.93983,34.30626,177700,0.0,0.0
2017-01-05 00:00:00-05:00,34.30624,34.67266,33.7108,34.12303,112300,0.0,0.0
2017-01-06 00:00:00-05:00,34.21464,34.30625,33.89402,33.93983,75200,0.0,0.0
2017-01-09 00:00:00-05:00,33.89402,33.98563,33.36271,33.436,121100,0.0,0.0
2017-01-10 00:00:00-05:00,33.3902,34.35206,33.3444,34.30626,187400,0.0,0.0
2017-01-11 00:00:00-05:00,34.39784,36.50476,34.35204,36.32156,257300,0.0,0.0
2017-01-12 00:00:00-05:00,36.27576,36.27576,35.03909,35.17649,163100,0.0,0.0
2017-01-13 00:00:00-05:00,35.35969,35.4971,34.76426,34.85587,145500,0.0,0.0
2017-01-17 00:00:00-05:00,34.67265,34.88335,34.62685,34.85587,107400,0.0,0.0
2017-01-18 00:00:00-05:00,34.99329,35.19482,34.76428,34.90168,65400,0.0,0.0
2017-01-19 00:00:00-05:00,35.03908,35.08488,34.62685,34.85587,101200,0.0,0.0
2017-01-20 00:00:00-05:00,34.81008,35.02077,34.44365,34.48946,128800,0.0,0.0
2017-01-23 00:00:00-05:00,34.48946,34.71847,34.26045,34.48946,86000,0.0,0.0
2017-01-24 00:00:00-05:00,34.58107,35.1307,34.58107,34.90168,130000,0.0,0.0
2017-01-25 00:00:00-05:00,35.22229,35.81773,34.99328,35.77192,148200,0.0,0.0
2017-01-26 00:00:00-05:00,35.81773,35.86353,35.3597,35.77192,95400,0.0,0.0
2017-01-27 00:00:00-05:00,35.72612,36.04674,35.63452,35.86353,85900,0.0,0.0
2017-01-30 00:00:00-05:00,35.58872,35.63452,34.94748,35.3597,150400,0.0,0.0
2017-01-31 00:00:00-05:00,35.3139,35.54292,34.85588,35.3139,158300,0.0,0.0
2017-02-01 00:00:00-05:00,35.35971,35.5246,34.76428,34.99329,136200,0.0,0.0
2017-02-02 00:00:00-05:00,34.85587,35.54291,34.85587,35.3597,142300,0.0,0.0
2017-02-03 00:00:00-05:00,35.63452,36.04675,35.45131,35.90934,97200,0.0,0.0
2017-02-06 00:00:00-05:00,35.86353,35.90933,35.13069,35.22229,154500,0.0,0.0
2017-02-07 00:00:00-05:00,33.02377,34.16884,31.60389,32.70315,455800,0.0,0.0
2017-02-08 00:00:00-05:00,32.56574,32.70315,32.08939,32.15351,158600,0.0,0.0
2017-02-09 00:00:00-05:00,32.10771,33.43599,32.06191,33.02376,233500,0.0,0.0
2017-02-10 00:00:00-05:00,33.16118,33.48179,32.84056,33.39019,147300,0.0,0.0
2017-02-13 00:00:00-05:00,33.6192,33.80241,33.43599,33.6192,131100,0.0,0.0
2017-02-14 00:00:00-05:00,33.436,33.436,32.56575,32.61155,134000,0.0,0.0
2017-02-15 00:00:00-05:00,32.51994,33.06957,32.47414,32.93217,140900,0.0,0.0
2017-02-16 00:00:00-05:00,33.02377,33.02377,32.38253,32.70315,98400,0.0,0.0
2017-02-17 00:00:00-05:00,32.65735,32.93216,32.51994,32.84055,369000,0.0,0.0
2017-02-21 00:00:00-05:00,33.02376,33.34438,32.97796,33.02376,87000,0.0,0.0
2017-02-22 00:00:00-05:00,33.02377,33.20698,32.74895,33.20698,58300,0.0,0.0
2017-02-23 00:00:00-05:00,33.3444,33.3444,32.74896,32.88637,119200,0.0,0.0
2017-02-24 00:00:00-05:00,32.80824,33.58939,32.53254,33.58939,110300,0.115,0.0
2017-02-27 00:00:00-05:00,33.5894,34.0489,33.35965,33.8651,186600,0.0,0.0
2017-02-28 00:00:00-05:00,33.7732,33.7732,33.26775,33.63535,157000,0.0,0.0
2017-03-01 00:00:00-05:00,34.18675,34.2327,33.72725,33.7732,223800,0.0,0.0
2017-03-02 00:00:00-05:00,33.81914,33.81914,33.31369,33.49749,307900,0.0,0.0
2017-03-03 00:00:00-05:00,33.54344,33.72724,33.26774,33.49749,158700,0.0,0.0
2017-03-06 00:00:00-05:00,33.17583,33.22179,32.85419,32.85419,196400,0.0,0.0
2017-03-07 00:00:00-05:00,32.7623,33.038,32.53255,32.53255,91600,0.0,0.0
2017-03-08 00:00:00-05:00,32.71634,32.71634,31.98114,32.02709,91500,0.0,0.0
2017-03-09 00:00:00-05:00,31.9352,32.19252,31.61355,31.79735,155800,0.0,0.0
2017-03-10 00:00:00-05:00,32.07304,32.34874,31.75139,32.34874,104500,0.0,0.0
2017-03-13 00:00:00-04:00,32.34874,32.53254,32.11899,32.21088,64600,0.0,0.0
2017-03-14 00:00:00-04:00,32.119,32.119,31.6595,31.98115,69400,0.0,0.0
2017-03-15 00:00:00-04:00,32.07304,32.78066,31.93519,32.62444,99100,0.0,0.0
2017-03-16 00:00:00-04:00,32.85419,32.96447,32.67039,32.90014,74600,0.0,0.0
2017-03-17 00:00:00-04:00,33.26774,33.77319,32.99204,33.58939,382600,0.0,0.0
2017-03-20 00:00:00-04:00,33.72724,33.72724,33.08394,33.35963,128300,0.0,0.0
2017-03-21 00:00:00-04:00,33.40558,33.49749,32.71634,32.85419,176400,0.0,0.0
2017-03-22 00:00:00-04:00,32.8542,33.35965,32.25685,32.71635,74000,0.0,0.0
2017-03-23 00:00:00-04:00,32.6704,33.08395,32.3947,32.80825,67400,0.0,0.0
2017-03-24 00:00:00-04:00,33.12989,33.34125,32.71634,32.85419,88600,0.0,0.0
2017-03-27 00:00:00-04:00,32.62445,33.17584,32.46822,32.99205,83300,0.0,0.0
2017-03-28 00:00:00-04:00,32.90014,33.26774,32.53254,33.17584,103000,0.0,0.0
2017-03-29 00:00:00-04:00,33.12988,33.40558,32.94608,33.35963,70600,0.0,0.0
2017-03-30 00:00:00-04:00,33.35965,33.81915,33.35965,33.7732,114300,0.0,0.0
2017-03-31 00:00:00-04:00,33.81915,34.0489,33.45155,33.7732,138300,0.0,0.0
2017-04-03 00:00:00-04:00,33.91104,33.91104,32.7623,32.99205,109500,0.0,0.0
2017-04-04 00:00:00-04:00,32.8542,33.08395,32.5785,32.94609,98200,0.0,0.0
2017-04-05 00:00:00-04:00,33.08395,33.40559,32.8542,32.94609,114300,0.0,0.0
2017-04-06 00:00:00-04:00,32.99204,33.69966,32.76229,33.45154,102400,0.0,0.0
2017-04-07 00:00:00-04:00,33.35964,33.8559,33.12989,33.31369,131700,0.0,0.0
2017-04-10 00:00:00-04:00,33.35965,33.72725,33.2218,33.54345,74000,0.0,0.0
2017-04-11 00:00:00-04:00,33.45155,33.6813,33.1299,33.54345,77100,0.0,0.0
2017-04-12 00:00:00-04:00,33.45155,33.45155,32.71635,32.80825,83800,0.0,0.0
2017-04-13 00:00:00-04:00,32.76229,32.99204,32.39469,32.48659,63000,0.0,0.0
2017-04-17 00:00:00-04:00,32.53255,32.9461,32.53255,32.71635,155400,0.0,0.0
2017-04-18 00:00:00-04:00,32.62445,33.038,32.3947,32.71635,136600,0.0,0.0
2017-04-19 00:00:00-04:00,32.99205,33.35964,32.7623,32.99205,179300,0.0,0.0
2017-04-20 00:00:00-04:00,35.01384,37.10916,34.41649,36.02474,373300,0.0,0.0
2017-04-21 00:00:00-04:00,36.07069,36.57614,35.84094,36.43829,214000,0.0,0.0
2017-04-24 00:00:00-04:00,36.85184,37.77084,36.85184,37.63299,157100,0.0,0.0
2017-04-25 00:00:00-04:00,38.04652,38.32222,37.26537,37.26537,217600,0.0,0.0
2017-04-26 00:00:00-04:00,37.21944,37.63299,37.03564,37.03564,177100,0.0,0.0
2017-04-27 00:00:00-04:00,37.12754,37.72489,37.03564,37.35729,145900,0.0,0.0
2017-04-28 00:00:00-04:00,37.3573,37.77084,36.48425,36.5302,138700,0.0,0.0
2017-05-01 00:00:00-04:00,36.71398,36.80588,36.25448,36.30043,129500,0.0,0.0
2017-05-02 00:00:00-04:00,36.34639,36.62209,35.88689,36.07069,404300,0.0,0.0
2017-05-03 00:00:00-04:00,35.97879,35.97879,35.22521,35.38144,133300,0.0,0.0
2017-05-04 00:00:00-04:00,35.33548,35.51928,34.92193,34.92193,203000,0.0,0.0
2017-05-05 00:00:00-04:00,35.01384,35.47334,34.87599,35.42739,212000,0.0,0.0
2017-05-08 00:00:00-04:00,35.33548,35.84093,35.33548,35.70308,118700,0.0,0.0
2017-05-09 00:00:00-04:00,35.79499,35.79499,34.94951,35.15169,90400,0.0,0.0
2017-05-10 00:00:00-04:00,35.10574,35.47333,34.92193,35.28954,83900,0.0,0.0
2017-05-11 00:00:00-04:00,35.10574,35.47334,34.70138,35.42739,112000,0.0,0.0
2017-05-12 00:00:00-04:00,35.33548,35.33548,34.73813,34.78408,60500,0.0,0.0
2017-05-15 00:00:00-04:00,34.96789,35.33549,34.90356,35.19764,82500,0.0,0.0
2017-05-16 00:00:00-04:00,35.33549,35.42739,34.96789,35.42739,145100,0.0,0.0
2017-05-17 00:00:00-04:00,35.42739,35.42739,34.50839,34.73814,125500,0.0,0.0
2017-05-18 00:00:00-04:00,34.78409,35.10574,34.41649,34.73814,137100,0.0,0.0
2017-05-19 00:00:00-04:00,34.87599,35.70308,34.71976,35.33549,354800,0.0,0.0
2017-05-22 00:00:00-04:00,35.38144,35.74904,35.19764,35.42739,72300,0.0,0.0
2017-05-23 00:00:00-04:00,35.51929,35.51929,35.10574,35.38144,87100,0.0,0.0
2017-05-24 00:00:00-04:00,35.47334,35.93284,35.19764,35.79499,113900,0.0,0.0
2017-05-25 00:00:00-04:00,36.02474,36.20854,35.73066,35.93284,64100,0.0,0.0
2017-05-26 00:00:00-04:00,35.94666,36.131,35.8084,36.03883,73200,0.115,0.0
2017-05-30 00:00:00-04:00,35.90058,36.17709,35.67015,36.08492,66500,0.0,0.0
2017-05-31 00:00:00-04:00,36.26927,36.26927,35.5319,36.13102,88600,0.0,0.0
2017-06-01 00:00:00-04:00,36.1771,36.63795,35.80841,36.63795,119500,0.0,0.0
2017-06-02 00:00:00-04:00,36.7762,37.55965,36.63794,37.19097,100900,0.0,0.0
2017-06-05 00:00:00-04:00,37.14488,37.55965,36.94211,36.96054,95900,0.0,0.0
2017-06-06 00:00:00-04:00,36.7762,37.12644,36.68402,37.09879,71900,0.0,0.0
2017-06-07 00:00:00-04:00,37.19097,37.46748,36.91446,37.19097,74700,0.0,0.0
2017-06-08 00:00:00-04:00,37.23706,37.744,36.68403,37.69791,68200,0.0,0.0
2017-06-09 00:00:00-04:00,37.69792,38.20486,37.46749,37.97443,130800,0.0,0.0
2017-06-12 00:00:00-04:00,37.92835,37.97443,37.42141,37.65183,88400,0.0,0.0
2017-06-13 00:00:00-04:00,37.60575,37.83617,37.12646,37.23706,81100,0.0,0.0
2017-06-14 00:00:00-04:00,37.4214,37.46748,36.86837,36.96054,106500,0.0,0.0
2017-06-15 00:00:00-04:00,36.49969,36.96054,36.49969,36.96054,62500,0.0,0.0
2017-06-16 00:00:00-04:00,36.22318,36.91446,36.22318,36.68403,285100,0.0,0.0
2017-06-19 00:00:00-04:00,36.91446,37.28315,36.73012,37.23706,89200,0.0,0.0
2017-06-20 00:00:00-04:00,36.96054,37.05272,36.59186,36.59186,55800,0.0,0.0
2017-06-21 00:00:00-04:00,36.77621,36.86838,36.17709,36.22318,61300,0.0,0.0
2017-06-22 00:00:00-04:00,36.31534,36.73011,36.131,36.4536,45400,0.0,0.0
2017-06-23 00:00:00-04:00,36.54577,37.0988,36.49969,36.96054,115100,0.0,0.0
2017-06-26 00:00:00-04:00,37.09881,37.23707,36.40753,36.73013,54700,0.0,0.0
2017-06-27 00:00:00-04:00,36.77621,36.77621,36.17709,36.26926,44500,0.0,0.0
2017-06-28 00:00:00-04:00,36.63794,37.28314,36.40752,37.19097,111700,0.0,0.0
2017-06-29 00:00:00-04:00,37.23705,37.23705,36.131,36.4536,62200,0.0,0.0
2017-06-30 00:00:00-04:00,36.45361,36.96055,36.40753,36.73013,77500,0.0,0.0
2017-07-03 00:00:00-04:00,37.00664,37.00664,36.59187,36.77621,31500,0.0,0.0
2017-07-05 00:00:00-04:00,36.73011,36.82228,36.131,36.4536,54500,0.0,0.0
2017-07-06 00:00:00-04:00,36.08492,36.40752,36.03884,36.22318,61800,0.0,0.0
2017-07-07 00:00:00-04:00,36.31535,37.19097,36.26926,37.05272,57700,0.0,0.0
2017-07-10 00:00:00-04:00,36.8223,37.45828,36.36144,36.63795,47200,0.0,0.0
2017-07-11 00:00:00-04:00,36.59186,37.4214,36.08492,37.00663,124900,0.0,0.0
2017-07-12 00:00:00-04:00,37.32922,37.92833,37.09879,37.37531,48700,0.0,0.0
2017-07-13 00:00:00-04:00,37.23706,37.37532,36.73012,37.14489,70900,0.0,0.0
2017-07-14 00:00:00-04:00,37.00663,37.55966,36.99741,37.4214,61400,0.0,0.0
2017-07-17 00:00:00-04:00,37.37531,37.65182,36.96054,37.51357,84100,0.0,0.0
2017-07-18 00:00:00-04:00,37.28315,37.69792,37.19098,37.65183,79500,0.0,0.0
2017-07-19 00:00:00-04:00,37.65182,38.29701,37.65182,38.15876,71600,0.0,0.0
2017-07-20 00:00:00-04:00,38.15876,38.6657,37.69791,38.48136,156400,0.0,0.0
2017-07-21 00:00:00-04:00,39.58741,43.18207,39.58741,41.2004,219700,0.0,0.0
2017-07-24 00:00:00-04:00,41.33865,41.93777,41.15431,41.56908,176500,0.0,0.0
2017-07-25 00:00:00-04:00,41.89169,42.12212,41.43084,41.84561,131400,0.0,0.0
2017-07-26 00:00:00-04:00,41.93778,41.93778,41.20041,41.52301,203400,0.0,0.0
2017-07-27 00:00:00-04:00,41.79952,41.79952,41.15433,41.52301,148400,0.0,0.0
2017-07-28 00:00:00-04:00,41.24649,41.47692,41.15433,41.29258,58300,0.0,0.0
2017-07-31 00:00:00-04:00,41.43084,41.79952,41.06215,41.70735,113900,0.0,0.0
2017-08-01 00:00:00-04:00,41.75343,41.75343,41.29257,41.61517,108500,0.0,0.0
2017-08-02 00:00:00-04:00,41.56908,41.61517,41.01606,41.47691,79800,0.0,0.0
2017-08-03 00:00:00-04:00,41.61518,41.66126,41.15432,41.24649,67300,0.0,0.0
2017-08-04 00:00:00-04:00,41.29258,41.29258,40.9239,41.06215,78700,0.0,0.0
2017-08-07 00:00:00-04:00,41.01607,41.33866,40.83172,41.29258,85500,0.0,0.0
2017-08-08 00:00:00-04:00,41.33865,41.79951,41.24648,41.33865,74500,0.0,0.0
2017-08-09 00:00:00-04:00,41.15433,41.33867,40.78564,41.01607,90700,0.0,0.0
2017-08-10 00:00:00-04:00,40.69347,41.06215,40.18652,40.18652,92100,0.0,0.0
2017-08-11 00:00:00-04:00,39.86393,40.9239,39.31091,40.73956,97800,0.0,0.0
2017-08-14 00:00:00-04:00,41.10823,41.75343,40.92389,41.47691,81900,0.0,0.0
2017-08-15 00:00:00-04:00,41.43083,41.61517,41.06214,41.47691,50000,0.0,0.0
2017-08-16 00:00:00-04:00,41.70735,41.84561,41.24649,41.43084,54300,0.0,0.0
2017-08-17 00:00:00-04:00,41.2004,41.29257,40.46303,40.5552,119500,0.0,0.0
2017-08-18 00:00:00-04:00,40.04828,41.06216,40.00219,40.73956,114600,0.0,0.0
2017-08-21 00:00:00-04:00,40.73956,40.96999,40.55522,40.78564,40800,0.0,0.0
2017-08-22 00:00:00-04:00,40.83172,41.29257,40.78563,41.15432,53000,0.0,0.0
2017-08-23 00:00:00-04:00,40.83172,41.43084,40.83172,41.29258,57900,0.0,0.0
2017-08-24 00:00:00-04:00,41.38475,41.38475,40.96998,41.15432,31800,0.0,0.0
2017-08-25 00:00:00-04:00,41.38474,41.56908,41.01606,41.47691,36900,0.0,0.0
2017-08-28 00:00:00-04:00,41.66127,42.07604,41.10824,41.52301,63700,0.0,0.0
2017-08-29 00:00:00-04:00,41.22721,41.59696,41.18099,41.4583,59800,0.13,0.0
2017-08-30 00:00:00-04:00,41.50453,41.96672,41.22721,41.96672,58700,0.0,0.0
2017-08-31 00:00:00-04:00,42.10536,42.56754,41.78183,42.42889,73400,0.0,0.0
2017-09-01 00:00:00-04:00,42.38267,42.61376,41.9667,42.24401,61600,0.0,0.0
2017-09-05 00:00:00-04:00,42.15158,42.4289,41.96671,42.15158,82600,0.0,0.0
2017-09-06 00:00:00-04:00,42.38267,42.38267,41.76334,41.92048,48100,0.0,0.0
2017-09-07 00:00:00-04:00,41.92048,41.92048,41.50451,41.82804,63900,0.0,0.0
2017-09-08 00:00:00-04:00,41.73561,42.01292,41.13476,41.55073,52100,0.0,0.0
2017-09-11 00:00:00-04:00,41.87427,42.29024,41.6894,41.78184,71400,0.0,0.0
2017-09-12 00:00:00-04:00,41.96671,42.1978,41.55074,41.64317,69300,0.0,0.0
2017-09-13 00:00:00-04:00,41.59696,41.82805,41.4583,41.6894,76500,0.0,0.0
2017-09-14 00:00:00-04:00,41.5045,42.10535,41.5045,42.10535,54700,0.0,0.0
2017-09-15 00:00:00-04:00,42.19778,42.89107,41.82803,42.33644,314700,0.0,0.0
2017-09-18 00:00:00-04:00,42.42889,43.07595,41.64317,42.9373,72200,0.0,0.0
2017-09-19 00:00:00-04:00,42.79865,42.89109,42.24402,42.75243,80300,0.0,0.0
2017-09-20 00:00:00-04:00,42.79864,43.21461,42.65999,43.07595,60200,0.0,0.0
2017-09-21 00:00:00-04:00,43.1684,44.09278,42.98352,43.76924,194300,0.0,0.0
2017-09-22 00:00:00-04:00,43.58437,44.78605,43.58437,44.69361,193300,0.0,0.0
2017-09-25 00:00:00-04:00,44.6474,44.6474,43.63059,43.76924,77400,0.0,0.0
2017-09-26 00:00:00-04:00,43.86169,44.27766,43.58438,44.18522,65300,0.0,0.0
2017-09-27 00:00:00-04:00,44.46252,45.71043,44.23143,45.24825,179800,0.0,0.0
2017-09-28 00:00:00-04:00,45.20203,45.43312,44.46252,45.3869,81000,0.0,0.0
2017-09-29 00:00:00-04:00,45.34068,45.3869,45.10958,45.29446,81000,0.0,0.0
2017-10-02 00:00:00-04:00,45.43311,46.68102,45.43311,46.6348,111300,0.0,0.0
2017-10-03 00:00:00-04:00,47.00456,47.05078,46.63481,46.86591,168000,0.0,0.0
2017-10-04 00:00:00-04:00,46.68102,46.8659,46.35749,46.44993,74900,0.0,0.0
2017-10-05 00:00:00-04:00,46.54236,46.68102,46.03396,46.44993,172100,0.0,0.0
2017-10-06 00:00:00-04:00,46.44994,46.68103,46.08019,46.3575,175700,0.0,0.0
2017-10-09 00:00:00-04:00,46.49614,47.05077,46.49614,46.81968,100400,0.0,0.0
2017-10-10 00:00:00-04:00,47.097,47.37431,46.49615,47.28188,134300,0.0,0.0
2017-10-11 00:00:00-04:00,47.23566,48.16003,47.05078,47.65163,138800,0.0,0.0
2017-10-12 00:00:00-04:00,47.55919,48.11382,47.46675,47.69785,128000,0.0,0.0
2017-10-13 00:00:00-04:00,47.8365,47.8365,47.42053,47.51297,78000,0.0,0.0
2017-10-16 00:00:00-04:00,47.92894,47.97516,46.77347,46.95834,152500,0.0,0.0
2017-10-17 00:00:00-04:00,38.87004,42.47511,38.82382,41.2272,932400,0.0,0.0
2017-10-18 00:00:00-04:00,41.13477,41.31964,39.72972,39.9793,334200,0.0,0.0
2017-10-19 00:00:00-04:00,39.65576,40.07173,39.65576,39.7482,238700,0.0,0.0
2017-10-20 00:00:00-04:00,40.07173,40.85745,39.93308,40.4877,162800,0.0,0.0
2017-10-23 00:00:00-04:00,40.53392,41.18099,40.16417,40.7188,227700,0.0,0.0
2017-10-24 00:00:00-04:00,40.90367,40.94989,40.58014,40.67258,110100,0.0,0.0
2017-10-25 00:00:00-04:00,40.44148,40.85745,39.97929,40.4877,126100,0.0,0.0
2017-10-26 00:00:00-04:00,40.58014,40.81123,40.34904,40.53392,66400,0.0,0.0
2017-10-27 00:00:00-04:00,40.53392,40.76502,40.21039,40.7188,106600,0.0,0.0
2017-10-30 00:00:00-04:00,40.67258,40.90367,40.02552,40.21039,85500,0.0,0.0
2017-10-31 00:00:00-04:00,40.34905,40.7188,40.34905,40.4877,161300,0.0,0.0
2017-11-01 00:00:00-04:00,40.81125,40.9499,40.44149,40.62637,149600,0.0,0.0
2017-11-02 00:00:00-04:00,40.67258,40.76502,40.30283,40.7188,133800,0.0,0.0
2017-11-03 00:00:00-04:00,40.76501,41.08854,40.39526,40.9961,149900,0.0,0.0
2017-11-06 00:00:00-05:00,40.85747,42.05916,40.85747,41.08856,180900,0.0,0.0
2017-11-07 00:00:00-05:00,40.94989,41.50452,40.94989,41.4583,268500,0.0,0.0
2017-11-08 00:00:00-05:00,41.41208,42.9373,40.97763,41.31964,388800,0.0,0.0
2017-11-09 00:00:00-05:00,41.04233,42.1978,40.62636,41.27343,151700,0.0,0.0
2017-11-10 00:00:00-05:00,41.18098,41.54149,40.90367,40.94989,75700,0.0,0.0
2017-11-13 00:00:00-05:00,40.71879,40.94989,40.21039,40.44148,137000,0.0,0.0
2017-11-14 00:00:00-05:00,40.30283,40.51544,40.25661,40.34905,110000,0.0,0.0
2017-11-15 00:00:00-05:00,40.21039,40.58014,40.1919,40.44148,111500,0.0,0.0
2017-11-16 00:00:00-05:00,40.4877,41.18098,40.4877,40.94989,123100,0.0,0.0
2017-11-17 00:00:00-05:00,40.76501,41.41208,40.71879,41.2272,326500,0.0,0.0
2017-11-20 00:00:00-05:00,41.41208,41.78183,41.18098,41.64317,116200,0.0,0.0
2017-11-21 00:00:00-05:00,41.82803,42.4751,41.78181,42.33644,122700,0.0,0.0
2017-11-22 00:00:00-05:00,42.38268,42.4289,41.87427,42.15158,72300,0.0,0.0
2017-11-24 00:00:00-05:00,42.19781,42.47512,41.82806,42.19781,43200,0.0,0.0
2017-11-27 00:00:00-05:00,42.244,42.38266,41.92047,42.10535,65200,0.0,0.0
2017-11-28 00:00:00-05:00,42.33645,42.52133,41.9667,42.42889,106900,0.0,0.0
2017-11-29 00:00:00-05:00,42.364,42.55867,42.13225,42.364,160600,0.13,0.0
2017-11-30 00:00:00-05:00,42.64211,43.04072,42.25277,43.01291,122600,0.0,0.0
2017-12-01 00:00:00-05:00,43.01292,43.01292,41.29796,42.64212,155700,0.0,0.0
2017-12-04 00:00:00-05:00,43.01292,43.15196,42.31766,42.41036,89100,0.0,0.0
2017-12-05 00:00:00-05:00,42.50304,42.59574,42.08589,42.22494,106000,0.0,0.0
2017-12-06 00:00:00-05:00,42.13225,42.50305,42.03955,42.13225,130600,0.0,0.0
2017-12-07 00:00:00-05:00,42.0859,42.8275,42.0859,42.50305,113600,0.0,0.0
2017-12-08 00:00:00-05:00,42.73481,42.73481,42.22496,42.41036,73900,0.0,0.0
2017-12-11 00:00:00-05:00,42.50305,43.10561,42.31766,42.87386,126300,0.0,0.0
2017-12-12 00:00:00-05:00,43.05926,43.33736,42.87386,43.19831,105100,0.0,0.0
2017-12-13 00:00:00-05:00,43.15195,43.7545,42.9202,43.52275,100600,0.0,0.0
2017-12-14 00:00:00-05:00,43.43007,43.84722,42.92022,43.05927,92700,0.0,0.0
2017-12-15 00:00:00-05:00,43.19831,44.21801,43.19831,44.07896,443000,0.0,0.0
2017-12-18 00:00:00-05:00,44.31072,44.82057,44.21802,44.82057,140300,0.0,0.0
2017-12-19 00:00:00-05:00,44.8669,45.00595,44.1253,44.26435,82100,0.0,0.0
2017-12-20 00:00:00-05:00,44.35705,44.35705,43.70815,44.1253,63900,0.0,0.0
2017-12-21 00:00:00-05:00,44.12532,44.54247,44.07897,44.49612,92000,0.0,0.0
2017-12-22 00:00:00-05:00,44.44975,44.44975,43.8472,44.1253,69100,0.0,0.0
2017-12-26 00:00:00-05:00,44.1253,44.218,43.8472,44.1253,44300,0.0,0.0
2017-12-27 00:00:00-05:00,44.12531,44.82056,44.07896,44.58881,72500,0.0,0.0
2017-12-28 00:00:00-05:00,44.72787,44.95962,44.03262,44.72787,97900,0.0,0.0
2017-12-29 00:00:00-05:00,45.00597,45.00597,44.31072,44.31072,97900,0.0,0.0
2018-01-02 00:00:00-05:00,44.68153,44.70007,43.61547,44.03262,118400,0.0,0.0
2018-01-03 00:00:00-05:00,43.98625,44.3107,43.8472,43.89355,66400,0.0,0.0
2018-01-04 00:00:00-05:00,44.07895,44.07895,43.52275,43.6618,79200,0.0,0.0
2018-01-05 00:00:00-05:00,43.70815,44.17165,43.3837,43.6618,73900,0.0,0.0
2018-01-08 00:00:00-05:00,43.47641,43.93991,43.33735,43.93991,84100,0.0,0.0
2018-01-09 00:00:00-05:00,43.98626,44.16239,43.5691,43.70816,96300,0.0,0.0
2018-01-10 00:00:00-05:00,43.56912,43.75452,42.96656,43.61547,181400,0.0,0.0
2018-01-11 00:00:00-05:00,43.80086,44.91327,43.80086,44.72787,55700,0.0,0.0
2018-01-12 00:00:00-05:00,44.91327,45.42312,44.72787,45.14502,56100,0.0,0.0
2018-01-16 00:00:00-05:00,45.7012,46.70237,45.5158,45.7012,104600,0.0,0.0
2018-01-17 00:00:00-05:00,45.93296,46.95266,45.93296,46.48916,193200,0.0,0.0
2018-01-18 00:00:00-05:00,46.48917,46.58187,45.72903,45.88662,103100,0.0,0.0
2018-01-19 00:00:00-05:00,45.84027,46.28523,45.60852,46.21107,118500,0.0,0.0
2018-01-22 00:00:00-05:00,46.21106,46.35011,45.88661,46.25741,94800,0.0,0.0
2018-01-23 00:00:00-05:00,46.21106,46.48916,45.97931,46.25741,63400,0.0,0.0
2018-01-24 00:00:00-05:00,46.39645,46.48915,45.24697,45.3304,118200,0.0,0.0
2018-01-25 00:00:00-05:00,45.56217,45.79393,45.00597,45.60852,171900,0.0,0.0
2018-01-26 00:00:00-05:00,45.84026,46.39646,45.60851,46.02567,116900,0.0,0.0
2018-01-29 00:00:00-05:00,45.79391,46.25741,45.28405,45.28405,89100,0.0,0.0
2018-01-30 00:00:00-05:00,44.77421,45.37676,44.77421,45.00596,96300,0.0,0.0
2018-01-31 00:00:00-05:00,45.28405,45.37675,44.35705,44.6815,84700,0.0,0.0
2018-02-01 00:00:00-05:00,44.44977,45.33043,44.3478,44.49612,255100,0.0,0.0
2018-02-02 00:00:00-05:00,44.44975,44.91325,44.1253,44.63515,129100,0.0,0.0
2018-02-05 00:00:00-05:00,44.21801,44.91326,42.7348,42.8275,143900,0.0,0.0
2018-02-06 00:00:00-05:00,42.73481,45.28407,42.73481,44.40342,269800,0.0,0.0
2018-02-07 00:00:00-05:00,44.4961,45.145,43.70815,43.8472,111700,0.0,0.0
2018-02-08 00:00:00-05:00,44.07896,44.21801,43.15195,43.70816,245500,0.0,0.0
2018-02-09 00:00:00-05:00,44.03261,44.82056,42.13225,43.291,233800,0.0,0.0
2018-02-12 00:00:00-05:00,43.52277,44.95962,43.38371,44.82057,147000,0.0,0.0
2018-02-13 00:00:00-05:00,44.63517,44.95962,43.98627,44.72787,149800,0.0,0.0
2018-02-14 00:00:00-05:00,44.4034,45.46945,44.07895,45.28405,178300,0.0,0.0
2018-02-15 00:00:00-05:00,45.65485,46.35011,45.0523,46.07201,212700,0.0,0.0
2018-02-16 00:00:00-05:00,45.97932,46.48918,45.70122,45.84027,113200,0.0,0.0
2018-02-20 00:00:00-05:00,45.60852,46.53552,45.60852,46.21107,129100,0.0,0.0
2018-02-21 00:00:00-05:00,46.35011,47.32346,45.93296,46.58186,125400,0.0,0.0
2018-02-22 00:00:00-05:00,46.72093,46.85997,45.79392,46.21107,84600,0.0,0.0
2018-02-23 00:00:00-05:00,46.39647,46.76727,46.21107,46.53552,71400,0.0,0.0
2018-02-26 00:00:00-05:00,46.62821,47.13806,46.21106,47.04536,93700,0.0,0.0
2018-02-27 00:00:00-05:00,43.77394,44.70332,43.12337,44.65685,398600,0.13,0.0
2018-02-28 00:00:00-05:00,44.65686,45.02861,44.19216,44.23863,179500,0.0,0.0
2018-03-01 00:00:00-05:00,44.23863,44.23863,43.26278,43.86688,137800,0.0,0.0
2018-03-02 00:00:00-05:00,43.49511,44.88919,43.37429,44.79625,111200,0.0,0.0
2018-03-05 00:00:00-05:00,44.47098,45.40036,44.19216,45.12154,112300,0.0,0.0
2018-03-06 00:00:00-05:00,45.21448,45.86504,44.96354,45.81857,110300,0.0,0.0
2018-03-07 00:00:00-05:00,45.35389,45.99517,45.08437,45.30743,200600,0.0,0.0
2018-03-08 00:00:00-05:00,45.49329,45.49329,44.79625,44.98213,140700,0.0,0.0
2018-03-09 00:00:00-05:00,45.30742,46.05092,45.26095,45.72564,93300,0.0,0.0
2018-03-12 00:00:00-04:00,45.72564,46.32973,45.67917,45.81857,79400,0.0,0.0
2018-03-13 00:00:00-04:00,45.91152,46.05092,45.30742,45.49329,74400,0.0,0.0
2018-03-14 00:00:00-04:00,45.6327,45.77211,45.21448,45.35389,95000,0.0,0.0
2018-03-15 00:00:00-04:00,45.40036,45.40036,44.70332,45.07508,83300,0.0,0.0
2018-03-16 00:00:00-04:00,44.98214,45.58624,44.98214,45.44683,339600,0.0,0.0
2018-03-19 00:00:00-04:00,45.30742,45.30742,44.51745,45.16801,70200,0.0,0.0
2018-03-20 00:00:00-04:00,45.21448,45.40036,44.14569,44.14569,104300,0.0,0.0
2018-03-21 00:00:00-04:00,44.1457,45.12155,44.1457,44.84274,95400,0.0,0.0
2018-03-22 00:00:00-04:00,44.37804,44.74979,44.05275,44.14569,98700,0.0,0.0
2018-03-23 00:00:00-04:00,44.2851,44.2851,42.75162,42.75162,125600,0.0,0.0
2018-03-26 00:00:00-04:00,43.44865,43.68099,42.75161,43.40218,87000,0.0,0.0
2018-03-27 00:00:00-04:00,43.58807,43.77394,42.70515,42.84456,104800,0.0,0.0
2018-03-28 00:00:00-04:00,42.98397,43.49513,42.61221,43.44866,96100,0.0,0.0
2018-03-29 00:00:00-04:00,43.77394,44.51745,43.63453,43.82041,100800,0.0,0.0
2018-04-02 00:00:00-04:00,43.77393,43.8204,42.47279,42.79808,97600,0.0,0.0
2018-04-03 00:00:00-04:00,42.93749,43.54158,42.79808,43.35571,128400,0.0,0.0
2018-04-04 00:00:00-04:00,42.79808,43.44865,42.56573,43.40218,147200,0.0,0.0
2018-04-05 00:00:00-04:00,43.58807,43.63454,43.26278,43.44866,104000,0.0,0.0
2018-04-06 00:00:00-04:00,43.12336,43.58805,42.10104,42.28691,111400,0.0,0.0
2018-04-09 00:00:00-04:00,42.56574,43.0769,42.3334,42.3334,61000,0.0,0.0
2018-04-10 00:00:00-04:00,42.84454,43.16983,42.70514,42.98395,92400,0.0,0.0
2018-04-11 00:00:00-04:00,42.65868,42.98396,42.56574,42.89102,91100,0.0,0.0
2018-04-12 00:00:00-04:00,43.03042,43.40218,42.65867,42.70514,48700,0.0,0.0
2018-04-13 00:00:00-04:00,42.89104,42.89104,42.36129,42.51928,79300,0.0,0.0
2018-04-16 00:00:00-04:00,42.84454,43.03042,42.42632,42.42632,167000,0.0,0.0
2018-04-17 00:00:00-04:00,42.47281,43.0769,42.47281,42.84456,238800,0.0,0.0
2018-04-18 00:00:00-04:00,39.35937,40.89285,38.56939,38.94115,650400,0.0,0.0
2018-04-19 00:00:00-04:00,38.38351,39.59171,38.36492,39.12701,330400,0.0,0.0
2018-04-20 00:00:00-04:00,38.98761,40.19581,38.98761,40.00993,290400,0.0,0.0
2018-04-23 00:00:00-04:00,40.00993,40.31663,39.87053,40.19581,233800,0.0,0.0
2018-04-24 00:00:00-04:00,40.28874,40.56756,38.10469,38.56938,277300,0.0,0.0
2018-04-25 00:00:00-04:00,38.5694,39.45231,38.24412,39.21997,242600,0.0,0.0
2018-04-26 00:00:00-04:00,39.35937,39.82406,38.84821,39.59171,320500,0.0,0.0
2018-04-27 00:00:00-04:00,39.77759,39.917,39.3129,39.87053,159100,0.0,0.0
2018-04-30 00:00:00-04:00,40.24229,40.24229,39.03409,39.45232,180700,0.0,0.0
2018-05-01 00:00:00-04:00,39.31289,39.4523,38.75526,39.26642,173200,0.0,0.0
2018-05-02 00:00:00-04:00,39.26643,40.0564,39.26643,39.73112,110400,0.0,0.0
2018-05-03 00:00:00-04:00,39.68466,39.91701,39.03409,39.45232,104800,0.0,0.0
2018-05-04 00:00:00-04:00,39.40584,39.71254,39.26643,39.49878,118600,0.0,0.0
2018-05-07 00:00:00-04:00,39.7776,39.87054,39.63819,39.7776,105200,0.0,0.0
2018-05-08 00:00:00-04:00,39.63819,39.917,39.54525,39.82406,137400,0.0,0.0
2018-05-09 00:00:00-04:00,40.0564,40.33521,40.00993,40.10287,95300,0.0,0.0
2018-05-10 00:00:00-04:00,40.19581,41.07872,40.14934,40.89285,155200,0.0,0.0
2018-05-11 00:00:00-04:00,41.07873,41.63636,40.98579,41.49695,97000,0.0,0.0
2018-05-14 00:00:00-04:00,41.40401,41.562,40.24228,40.24228,106500,0.0,0.0
2018-05-15 00:00:00-04:00,40.10288,40.28875,39.54524,39.63818,149300,0.0,0.0
2018-05-16 00:00:00-04:00,39.73112,40.10288,39.54524,39.73112,158000,0.0,0.0
2018-05-17 00:00:00-04:00,39.77759,40.28875,39.45231,39.59171,187300,0.0,0.0
2018-05-18 00:00:00-04:00,39.59172,40.05641,39.35937,39.7776,131000,0.0,0.0
2018-05-21 00:00:00-04:00,40.0564,40.6605,40.0564,40.6605,70700,0.0,0.0
2018-05-22 00:00:00-04:00,40.84638,40.89285,40.28875,40.52109,124600,0.0,0.0
2018-05-23 00:00:00-04:00,40.52109,41.01367,40.42815,40.79991,83000,0.0,0.0
2018-05-24 00:00:00-04:00,40.79991,40.98578,40.33522,40.75344,147500,0.0,0.0
2018-05-25 00:00:00-04:00,40.70697,40.84638,40.27017,40.38169,88400,0.0,0.0
2018-05-29 00:00:00-04:00,40.19581,40.47463,39.82406,40.38169,95900,0.0,0.0
2018-05-30 00:00:00-04:00,40.64269,41.29522,40.50287,41.15539,84700,0.13,0.0
2018-05-31 00:00:00-04:00,41.10878,41.22996,40.73591,40.78252,69500,0.0,0.0
2018-06-01 00:00:00-04:00,41.01557,41.15539,40.71727,40.87574,102200,0.0,0.0
2018-06-04 00:00:00-04:00,40.96896,41.10878,40.64269,40.92235,100700,0.0,0.0
2018-06-05 00:00:00-04:00,40.96896,41.48165,40.82913,41.38844,79400,0.0,0.0
2018-06-06 00:00:00-04:00,41.57485,42.55364,41.43503,42.46042,157900,0.0,0.0
2018-06-07 00:00:00-04:00,42.3206,42.41382,41.15539,41.29521,79300,0.0,0.0
2018-06-08 00:00:00-04:00,41.29523,41.6681,41.1554,41.20201,65100,0.0,0.0
2018-06-11 00:00:00-04:00,41.29522,41.7147,41.22997,41.43505,79400,0.0,0.0
2018-06-12 00:00:00-04:00,41.48165,41.64012,40.87574,41.15539,81900,0.0,0.0
2018-06-13 00:00:00-04:00,41.10878,41.80791,41.10878,41.52826,108400,0.0,0.0
2018-06-14 00:00:00-04:00,41.52826,42.50704,41.52826,42.04095,128100,0.0,0.0
2018-06-15 00:00:00-04:00,42.46044,43.48583,42.13418,43.39261,255000,0.0,0.0
2018-06-18 00:00:00-04:00,43.3926,44.04512,42.97312,43.99852,106000,0.0,0.0
2018-06-19 00:00:00-04:00,43.76547,43.95191,43.25278,43.57904,165100,0.0,0.0
2018-06-20 00:00:00-04:00,43.53244,43.67226,43.20617,43.39261,110000,0.0,0.0
2018-06-21 00:00:00-04:00,43.34599,43.34599,42.60026,42.69347,94700,0.0,0.0
2018-06-22 00:00:00-04:00,43.15955,43.15955,42.55364,42.78669,226700,0.0,0.0
2018-06-25 00:00:00-04:00,42.74009,42.74009,41.57488,41.76131,66700,0.0,0.0
2018-06-26 00:00:00-04:00,41.80793,42.16215,41.48167,41.6681,92500,0.0,0.0
2018-06-27 00:00:00-04:00,41.66809,42.13418,41.3698,41.43505,78500,0.0,0.0
2018-06-28 00:00:00-04:00,41.48166,41.6681,41.10879,41.20201,81500,0.0,0.0
2018-06-29 00:00:00-04:00,41.38845,41.85454,41.20202,41.6681,94300,0.0,0.0
2018-07-02 00:00:00-04:00,41.43504,42.41382,41.10878,42.36721,104500,0.0,0.0
2018-07-03 00:00:00-04:00,42.55364,42.74007,42.3206,42.55364,40900,0.0,0.0
2018-07-05 00:00:00-04:00,42.83331,43.39261,42.46044,43.346,69900,0.0,0.0
2018-07-06 00:00:00-04:00,43.34599,43.34599,42.8799,43.06634,107900,0.0,0.0
2018-07-09 00:00:00-04:00,43.4392,43.67224,42.83329,43.48581,99700,0.0,0.0
2018-07-10 00:00:00-04:00,43.15957,43.57904,42.83331,43.346,69000,0.0,0.0
2018-07-11 00:00:00-04:00,43.25278,43.34599,42.64687,42.69347,75900,0.0,0.0
2018-07-12 00:00:00-04:00,42.78669,43.20616,42.60025,42.87991,67500,0.0,0.0
2018-07-13 00:00:00-04:00,42.69347,43.25278,42.69347,42.92651,64000,0.0,0.0
2018-07-16 00:00:00-04:00,42.8799,43.20616,42.22738,42.3206,84500,0.0,0.0
2018-07-17 00:00:00-04:00,42.18079,42.69348,42.18079,42.64687,79800,0.0,0.0
2018-07-18 00:00:00-04:00,42.69347,43.85869,42.69347,43.76547,112500,0.0,0.0
2018-07-19 00:00:00-04:00,44.74426,49.07886,44.04513,47.54077,495800,0.0,0.0
2018-07-20 00:00:00-04:00,47.54076,49.21867,47.30772,48.98563,291700,0.0,0.0
2018-07-23 00:00:00-04:00,49.31189,49.68476,48.93902,48.98563,170300,0.0,0.0
2018-07-24 00:00:00-04:00,49.45173,49.68478,48.33313,48.37974,130600,0.0,0.0
2018-07-25 00:00:00-04:00,48.14668,48.56615,47.26111,48.42633,187800,0.0,0.0
2018-07-26 00:00:00-04:00,48.56616,49.17208,48.56616,48.79921,132200,0.0,0.0
2018-07-27 00:00:00-04:00,48.65938,48.82717,47.26112,47.35434,109200,0.0,0.0
2018-07-30 00:00:00-04:00,47.26112,47.58738,46.91622,46.93486,75900,0.0,0.0
2018-07-31 00:00:00-04:00,47.07468,48.70599,47.07468,48.61277,250700,0.0,0.0
2018-08-01 00:00:00-04:00,48.61277,48.65938,47.40094,48.05346,132900,0.0,0.0
2018-08-02 00:00:00-04:00,47.82042,49.40511,47.82042,48.65937,118600,0.0,0.0
2018-08-03 00:00:00-04:00,48.70598,48.75259,47.30773,48.05346,118400,0.0,0.0
2018-08-06 00:00:00-04:00,48.33312,48.89243,48.2399,48.84582,97300,0.0,0.0
2018-08-07 00:00:00-04:00,49.17207,49.45172,48.89242,49.26529,67400,0.0,0.0
2018-08-08 00:00:00-04:00,49.17208,49.40512,47.96025,48.84582,218900,0.0,0.0
2018-08-09 00:00:00-04:00,48.75259,49.10682,48.19329,48.51955,87400,0.0,0.0
2018-08-10 00:00:00-04:00,48.42633,49.21868,48.19329,48.70598,70700,0.0,0.0
2018-08-13 00:00:00-04:00,49.03225,49.40512,48.47294,49.07886,63100,0.0,0.0
2018-08-14 00:00:00-04:00,49.07885,49.3585,48.82716,48.98563,131900,0.0,0.0
2018-08-15 00:00:00-04:00,48.7992,48.84581,48.14668,48.28651,90600,0.0,0.0
2018-08-16 00:00:00-04:00,48.61277,48.7992,48.37973,48.51955,69800,0.0,0.0
2018-08-17 00:00:00-04:00,48.51953,49.12544,48.37971,49.03222,122400,0.0,0.0
2018-08-20 00:00:00-04:00,49.12545,50.61693,49.12545,50.38388,127700,0.0,0.0
2018-08-21 00:00:00-04:00,50.47711,51.50249,50.05763,51.22284,122500,0.0,0.0
2018-08-22 00:00:00-04:00,51.31606,51.5025,50.9432,51.40928,70600,0.0,0.0
2018-08-23 00:00:00-04:00,51.5025,51.68893,50.47711,50.57033,51800,0.0,0.0
2018-08-24 00:00:00-04:00,50.75676,50.98981,50.52372,50.98981,39200,0.0,0.0
2018-08-27 00:00:00-04:00,51.22285,51.64233,50.98981,51.08303,77900,0.0,0.0
2018-08-28 00:00:00-04:00,51.22285,51.54911,50.97116,51.40928,109000,0.0,0.0
2018-08-29 00:00:00-04:00,51.59571,51.59571,50.01102,50.47711,117300,0.0,0.0
2018-08-30 00:00:00-04:00,50.61731,51.27164,50.15928,50.71078,46100,0.15,0.0
2018-08-31 00:00:00-04:00,50.61732,51.45861,50.38363,51.36513,73000,0.0,0.0
2018-09-04 00:00:00-04:00,51.36513,51.83251,50.85102,51.6923,82700,0.0,0.0
2018-09-05 00:00:00-04:00,51.59883,52.34664,51.17818,52.01947,82700,0.0,0.0
2018-09-06 00:00:00-04:00,52.15968,52.72054,51.92599,52.01947,63400,0.0,0.0
2018-09-07 00:00:00-04:00,51.83252,52.39337,51.58013,51.73904,80200,0.0,0.0
2018-09-10 00:00:00-04:00,51.83251,52.58032,51.73904,52.53358,92600,0.0,0.0
2018-09-11 00:00:00-04:00,52.34663,52.48685,51.27166,51.3184,99500,0.0,0.0
2018-09-12 00:00:00-04:00,51.22492,51.92599,49.77604,50.66407,481200,0.0,0.0
2018-09-13 00:00:00-04:00,50.80427,51.34643,50.55189,50.94448,164000,0.0,0.0
2018-09-14 00:00:00-04:00,50.94448,51.4586,50.75753,50.94448,242500,0.0,0.0
2018-09-17 00:00:00-04:00,50.75754,50.99123,50.47711,50.61732,102600,0.0,0.0
2018-09-18 00:00:00-04:00,50.57058,50.75754,50.43037,50.52385,121000,0.0,0.0
2018-09-19 00:00:00-04:00,50.57058,50.80428,50.24342,50.29016,127700,0.0,0.0
2018-09-20 00:00:00-04:00,50.43037,50.94449,50.33689,50.80428,121500,0.0,0.0
2018-09-21 00:00:00-04:00,50.89774,51.45859,50.43036,50.71078,262100,0.0,0.0
2018-09-24 00:00:00-04:00,50.57058,50.57058,50.00973,50.52385,58400,0.0,0.0
2018-09-25 00:00:00-04:00,49.40214,50.27147,49.40214,49.77604,71500,0.0,0.0
2018-09-26 00:00:00-04:00,49.86951,49.86951,49.38343,49.44887,110400,0.0,0.0
2018-09-27 00:00:00-04:00,49.68256,50.14994,49.63582,49.63582,64200,0.0,0.0
2018-09-28 00:00:00-04:00,49.54235,50.00973,49.1217,49.49561,115600,0.0,0.0
2018-10-01 00:00:00-04:00,49.58909,49.59844,48.79454,48.95345,141000,0.0,0.0
2018-10-02 00:00:00-04:00,48.9815,49.27127,48.5702,49.26193,78100,0.0,0.0
2018-10-03 00:00:00-04:00,48.60758,49.00953,48.05607,48.13086,83100,0.0,0.0
2018-10-04 00:00:00-04:00,47.74761,47.86912,46.62589,47.23349,94600,0.0,0.0
2018-10-05 00:00:00-04:00,47.29892,47.3737,46.24264,46.99045,47800,0.0,0.0
2018-10-08 00:00:00-04:00,47.21479,48.32716,47.15871,48.1776,93500,0.0,0.0
2018-10-09 00:00:00-04:00,48.14956,48.32717,47.57936,47.70088,101500,0.0,0.0
2018-10-10 00:00:00-04:00,47.57934,47.95325,45.38265,45.42939,157400,0.0,0.0
2018-10-11 00:00:00-04:00,45.17701,45.69113,44.81245,44.87788,189400,0.0,0.0
2018-10-12 00:00:00-04:00,45.76591,45.76591,44.00856,44.41986,97400,0.0,0.0
2018-10-15 00:00:00-04:00,44.26095,45.49483,44.09269,45.09289,90800,0.0,0.0
2018-10-16 00:00:00-04:00,45.38266,47.14936,45.38266,46.96241,119100,0.0,0.0
2018-10-17 00:00:00-04:00,46.25198,47.04653,45.50417,46.5698,205700,0.0,0.0
2018-10-18 00:00:00-04:00,46.56981,46.58851,45.70983,45.89678,183900,0.0,0.0
2018-10-19 00:00:00-04:00,45.96221,46.53241,44.96201,45.05549,200300,0.0,0.0
2018-10-22 00:00:00-04:00,45.39201,45.85005,44.95268,45.49483,135400,0.0,0.0
2018-10-23 00:00:00-04:00,44.94333,46.15852,44.35443,45.75657,117500,0.0,0.0
2018-10-24 00:00:00-04:00,45.83134,45.83134,44.66289,44.68158,89400,0.0,0.0
2018-10-25 00:00:00-04:00,44.95267,45.39201,44.73767,45.07419,94500,0.0,0.0
2018-10-26 00:00:00-04:00,44.45726,45.63506,44.36378,45.10224,139000,0.0,0.0
2018-10-29 00:00:00-04:00,45.8033,46.47633,44.4105,44.86854,106900,0.0,0.0
2018-10-30 00:00:00-04:00,44.81245,45.87808,44.70963,45.57896,97400,0.0,0.0
2018-10-31 00:00:00-04:00,46.02765,46.40155,45.57896,45.90613,216700,0.0,0.0
2018-11-01 00:00:00-04:00,46.13048,47.4298,46.13048,47.04655,101200,0.0,0.0
2018-11-02 00:00:00-04:00,47.32696,47.53261,46.91566,47.19609,104900,0.0,0.0
2018-11-05 00:00:00-05:00,47.2148,47.30827,46.55112,46.85024,112800,0.0,0.0
2018-11-06 00:00:00-05:00,47.28023,48.83194,47.19611,48.71976,100400,0.0,0.0
2018-11-07 00:00:00-05:00,49.06563,49.92561,48.54216,49.89756,106100,0.0,0.0
2018-11-08 00:00:00-05:00,49.84147,50.11255,48.9441,49.1404,111800,0.0,0.0
2018-11-09 00:00:00-05:00,48.89736,49.00953,47.81303,48.37389,83600,0.0,0.0
2018-11-12 00:00:00-05:00,48.24303,48.58889,47.67282,48.14955,89100,0.0,0.0
2018-11-13 00:00:00-05:00,48.16824,48.9254,47.9626,48.20564,104300,0.0,0.0
2018-11-14 00:00:00-05:00,48.65433,48.80389,47.49522,48.02804,69200,0.0,0.0
2018-11-15 00:00:00-05:00,47.68217,49.17779,47.68217,49.14975,92400,0.0,0.0
2018-11-16 00:00:00-05:00,48.65432,50.03777,48.52346,49.96299,163000,0.0,0.0
2018-11-19 00:00:00-05:00,49.92559,50.19667,48.34585,49.06561,93200,0.0,0.0
2018-11-20 00:00:00-05:00,48.46737,49.36475,48.28977,48.42064,84900,0.0,0.0
2018-11-21 00:00:00-05:00,48.88802,49.51431,48.41129,48.71041,53700,0.0,0.0
2018-11-23 00:00:00-05:00,48.42063,49.57039,48.42063,49.34605,28500,0.0,0.0
2018-11-26 00:00:00-05:00,49.77604,50.67341,49.5517,49.99104,155300,0.0,0.0
2018-11-27 00:00:00-05:00,49.55169,50.67341,49.43952,50.08451,110100,0.0,0.0
2018-11-28 00:00:00-05:00,50.32755,51.74838,50.24342,51.48665,139800,0.0,0.0
2018-11-29 00:00:00-05:00,51.43041,52.18026,51.24295,51.63662,206800,0.15,0.0
2018-11-30 00:00:00-05:00,51.73036,52.06779,51.12111,52.02093,172500,0.0,0.0
2018-12-03 00:00:00-05:00,53.1082,53.42688,52.34897,53.39877,141900,0.0,0.0
2018-12-04 00:00:00-05:00,53.23006,53.53937,51.64599,51.96468,155400,0.0,0.0
2018-12-06 00:00:00-05:00,51.30856,51.75847,49.88384,51.63662,152600,0.0,0.0
2018-12-07 00:00:00-05:00,51.61787,52.27399,50.18378,50.38061,120200,0.0,0.0
2018-12-10 00:00:00-05:00,50.30563,50.77429,49.92133,50.29626,112500,0.0,0.0
2018-12-11 00:00:00-05:00,51.07423,51.90844,50.38999,50.4931,91200,0.0,0.0
2018-12-12 00:00:00-05:00,51.18671,52.79889,51.06486,51.45853,173500,0.0,0.0
2018-12-13 00:00:00-05:00,51.88033,51.88033,50.64307,51.13048,120800,0.0,0.0
2018-12-14 00:00:00-05:00,50.99926,52.05842,50.79305,51.07425,154600,0.0,0.0
2018-12-17 00:00:00-05:00,50.85865,50.94301,47.9436,48.31853,185400,0.0,0.0
2018-12-18 00:00:00-05:00,48.80593,49.05901,47.72802,48.16856,153700,0.0,0.0
2018-12-19 00:00:00-05:00,48.57161,48.97466,46.9032,47.23125,167700,0.0,0.0
2018-12-20 00:00:00-05:00,47.11877,47.44683,46.05024,46.51889,183200,0.0,0.0
2018-12-21 00:00:00-05:00,46.5845,46.80008,44.87858,45.27225,399300,0.0,0.0
2018-12-24 00:00:00-05:00,45.22539,45.22539,43.95064,44.04438,85500,0.0,0.0
2018-12-26 00:00:00-05:00,44.4568,45.47847,43.77256,45.44098,302400,0.0,0.0
2018-12-27 00:00:00-05:00,44.70987,45.7128,44.15686,45.63781,159300,0.0,0.0
2018-12-28 00:00:00-05:00,45.57221,46.67824,44.58803,45.05669,207800,0.0,0.0
2018-12-31 00:00:00-05:00,45.44098,46.26582,45.07543,46.12522,113400,0.0,0.0
2019-01-02 00:00:00-05:00,45.36599,46.20958,45.13167,45.80653,144700,0.0,0.0
2019-01-03 00:00:00-05:00,45.45973,45.74092,44.60678,44.8786,112300,0.0,0.0
2019-01-04 00:00:00-05:00,45.58158,46.39704,45.23477,45.97525,109500,0.0,0.0
2019-01-07 00:00:00-05:00,47.55931,47.55931,45.92839,46.41579,139400,0.0,0.0
2019-01-08 00:00:00-05:00,46.81883,47.57805,46.41578,47.51244,124800,0.0,0.0
2019-01-09 00:00:00-05:00,47.78426,48.17794,47.17501,47.34372,74900,0.0,0.0
2019-01-10 00:00:00-05:00,47.03441,48.28104,47.03441,48.17794,84600,0.0,0.0
2019-01-11 00:00:00-05:00,47.80301,48.29041,47.22187,48.13107,70900,0.0,0.0
2019-01-14 00:00:00-05:00,47.8405,48.14981,47.40934,47.61554,70200,0.0,0.0
2019-01-15 00:00:00-05:00,47.79364,48.43101,47.79364,48.38415,79700,0.0,0.0
2019-01-16 00:00:00-05:00,48.17793,48.90903,48.17793,48.54348,84500,0.0,0.0
2019-01-17 00:00:00-05:00,48.28103,49.04963,48.28103,48.89029,154500,0.0,0.0
2019-01-18 00:00:00-05:00,49.15274,49.59328,48.68409,49.15274,114100,0.0,0.0
2019-01-22 00:00:00-05:00,48.87154,49.4433,48.07483,48.431,87600,0.0,0.0
2019-01-23 00:00:00-05:00,48.62785,49.34958,47.89674,48.55286,66200,0.0,0.0
2019-01-24 00:00:00-05:00,48.56223,49.58391,48.48725,49.4808,90700,0.0,0.0
2019-01-25 00:00:00-05:00,49.6589,50.07132,49.1715,49.84636,59800,0.0,0.0
2019-01-28 00:00:00-05:00,49.11526,49.4152,48.18731,48.65597,94600,0.0,0.0
2019-01-29 00:00:00-05:00,48.93716,49.11525,48.49662,48.61847,65200,0.0,0.0
2019-01-30 00:00:00-05:00,48.6747,49.27458,48.22479,49.02151,88900,0.0,0.0
2019-01-31 00:00:00-05:00,49.04964,49.75262,48.88092,49.4808,140800,0.0,0.0
2019-02-01 00:00:00-05:00,49.7245,50.01507,49.05901,49.67764,82900,0.0,0.0
2019-02-04 00:00:00-05:00,49.83697,50.62432,49.30271,50.54934,120400,0.0,0.0
2019-02-05 00:00:00-05:00,51.58039,53.79245,50.47436,53.21132,182400,0.0,0.0
2019-02-06 00:00:00-05:00,53.49249,54.96408,52.83637,54.66413,93200,0.0,0.0
2019-02-07 00:00:00-05:00,54.11113,55.70456,54.11113,55.4796,172300,0.0,0.0
2019-02-08 00:00:00-05:00,55.5171,56.0045,55.30152,55.66707,135400,0.0,0.0
2019-02-11 00:00:00-05:00,55.95763,56.22008,54.92659,55.50772,134500,0.0,0.0
2019-02-12 00:00:00-05:00,55.82642,55.82642,55.03907,55.24528,71900,0.0,0.0
2019-02-13 00:00:00-05:00,55.29215,55.53585,54.93597,55.10468,66200,0.0,0.0
2019-02-14 00:00:00-05:00,54.98283,55.75143,54.98283,55.31089,150300,0.0,0.0
2019-02-15 00:00:00-05:00,55.50773,56.44505,55.50773,56.38881,92100,0.0,0.0
2019-02-19 00:00:00-05:00,56.18259,57.28862,56.1451,56.25758,125000,0.0,0.0
2019-02-20 00:00:00-05:00,56.25759,57.18553,55.81705,56.96994,109100,0.0,0.0
2019-02-21 00:00:00-05:00,56.9512,57.26988,56.22009,57.22302,72500,0.0,0.0
2019-02-22 00:00:00-05:00,57.42922,57.71042,56.50128,56.79185,73800,0.0,0.0
2019-02-25 00:00:00-05:00,57.06368,57.53234,56.74499,56.80123,83400,0.0,0.0
2019-02-26 00:00:00-05:00,56.86684,57.24176,56.09824,56.17323,55300,0.0,0.0
2019-02-27 00:00:00-05:00,56.05107,56.35176,55.60943,56.22021,75600,0.15,0.0
2019-02-28 00:00:00-05:00,56.17322,56.25779,55.18657,55.28994,94700,0.0,0.0
2019-03-01 00:00:00-05:00,55.79735,56.35175,55.34631,56.23899,99700,0.0,0.0
2019-03-04 00:00:00-05:00,56.48331,56.48331,55.48726,55.60002,125800,0.0,0.0
2019-03-05 00:00:00-05:00,55.72219,55.72219,54.69795,54.82951,78000,0.0,0.0
2019-03-06 00:00:00-05:00,54.61337,54.61337,53.15689,53.65491,155300,0.0,0.0
2019-03-07 00:00:00-05:00,53.66431,54.02139,52.95017,53.59854,111500,0.0,0.0
2019-03-08 00:00:00-05:00,53.07232,54.44423,52.99715,53.75827,156400,0.0,0.0
2019-03-11 00:00:00-04:00,53.91803,54.96106,53.64553,54.51002,94800,0.0,0.0
2019-03-12 00:00:00-04:00,54.53821,54.53821,53.47639,53.9932,123300,0.0,0.0
2019-03-13 00:00:00-04:00,54.16234,54.32209,53.37302,53.46699,174200,0.0,0.0
2019-03-14 00:00:00-04:00,53.51397,53.52336,52.55551,53.1475,101100,0.0,0.0
2019-03-15 00:00:00-04:00,53.29784,53.9556,52.86559,53.22266,293000,0.0,0.0
2019-03-18 00:00:00-04:00,53.42941,53.75829,52.64948,53.69251,113700,0.0,0.0
2019-03-19 00:00:00-04:00,53.7113,53.9744,53.27905,53.72069,105300,0.0,0.0
2019-03-20 00:00:00-04:00,53.82406,54.8201,53.36362,53.86164,119500,0.0,0.0
2019-03-21 00:00:00-04:00,53.6831,54.91406,53.58913,54.16233,126900,0.0,0.0
2019-03-22 00:00:00-04:00,53.84285,53.88983,51.4561,51.55007,410400,0.0,0.0
2019-03-25 00:00:00-04:00,51.4655,52.21723,50.50704,51.84137,123000,0.0,0.0
2019-03-26 00:00:00-04:00,52.13265,52.5555,51.89773,52.22662,179200,0.0,0.0
2019-03-27 00:00:00-04:00,52.19844,52.49913,50.38488,52.06689,179200,0.0,0.0
2019-03-28 00:00:00-04:00,52.27362,52.6025,50.75136,52.12327,146800,0.0,0.0
2019-03-29 00:00:00-04:00,52.6025,52.62129,52.16085,52.28301,147300,0.0,0.0
2019-04-01 00:00:00-04:00,52.71526,52.94078,52.01991,52.36758,113200,0.0,0.0
2019-04-02 00:00:00-04:00,52.38638,52.95017,51.25878,51.87896,96600,0.0,0.0
2019-04-03 00:00:00-04:00,52.40515,52.79041,51.9729,52.08566,98000,0.0,0.0
2019-04-04 00:00:00-04:00,52.17024,52.75283,50.95807,52.32059,199800,0.0,0.0
2019-04-05 00:00:00-04:00,52.53671,53.75828,52.53671,53.15689,209900,0.0,0.0
2019-04-08 00:00:00-04:00,52.94077,53.39181,52.49912,53.33543,91400,0.0,0.0
2019-04-09 00:00:00-04:00,53.11931,54.04018,52.99715,53.38242,215800,0.0,0.0
2019-04-10 00:00:00-04:00,53.49517,54.44423,53.31663,53.87104,204300,0.0,0.0
2019-04-11 00:00:00-04:00,54.00259,54.73553,53.64552,54.59458,164700,0.0,0.0
2019-04-12 00:00:00-04:00,54.97045,55.51545,54.48182,54.50061,119900,0.0,0.0
2019-04-15 00:00:00-04:00,54.47243,54.68855,53.64552,53.79587,121300,0.0,0.0
2019-04-16 00:00:00-04:00,54.04958,54.42544,53.9838,54.2845,152200,0.0,0.0
2019-04-17 00:00:00-04:00,52.61189,53.9744,52.0199,52.77163,378900,0.0,0.0
2019-04-18 00:00:00-04:00,52.65886,53.37301,52.283,52.62128,206600,0.0,0.0
2019-04-22 00:00:00-04:00,52.66827,52.71525,52.0199,52.51792,206900,0.0,0.0
2019-04-23 00:00:00-04:00,52.61189,53.45759,52.21723,52.77163,139900,0.0,0.0
2019-04-24 00:00:00-04:00,52.65887,53.28845,52.5931,52.71525,86300,0.0,0.0
2019-04-25 00:00:00-04:00,52.46155,52.51793,50.64799,51.16481,262600,0.0,0.0
2019-04-26 00:00:00-04:00,51.1836,51.76619,50.80773,51.56886,111800,0.0,0.0
2019-04-29 00:00:00-04:00,51.58766,51.83197,50.76075,50.85472,118900,0.0,0.0
2019-04-30 00:00:00-04:00,50.77955,52.23603,50.44127,52.13267,211900,0.0,0.0
2019-05-01 00:00:00-04:00,52.47094,53.28845,51.68162,52.35818,351700,0.0,0.0
2019-05-02 00:00:00-04:00,52.33938,52.92197,51.76618,51.92593,101000,0.0,0.0
2019-05-03 00:00:00-04:00,52.26421,52.81862,52.05749,52.09507,108500,0.0,0.0
2019-05-06 00:00:00-04:00,51.16481,52.33939,51.16481,52.20784,97800,0.0,0.0
2019-05-07 00:00:00-04:00,51.72861,52.0293,50.14997,50.43187,168900,0.0,0.0
2019-05-08 00:00:00-04:00,50.39428,50.80773,49.80229,50.46945,158700,0.0,0.0
2019-05-09 00:00:00-04:00,50.07479,51.20239,49.65194,50.96748,195100,0.0,0.0
2019-05-10 00:00:00-04:00,50.8735,51.64402,49.99021,51.53127,172200,0.0,0.0
2019-05-13 00:00:00-04:00,50.64799,50.64799,49.08814,49.55798,284400,0.0,0.0
2019-05-14 00:00:00-04:00,49.78349,50.00901,48.9096,49.53918,249500,0.0,0.0
2019-05-15 00:00:00-04:00,48.919,49.80228,48.919,49.17271,181600,0.0,0.0
2019-05-16 00:00:00-04:00,49.2197,50.28152,49.2197,49.65195,174800,0.0,0.0
2019-05-17 00:00:00-04:00,49.00358,49.84927,48.78745,48.9378,455600,0.0,0.0
2019-05-20 00:00:00-04:00,48.79685,49.30427,48.44917,48.85323,194600,0.0,0.0
2019-05-21 00:00:00-04:00,49.21969,49.91504,49.21969,49.79289,150500,0.0,0.0
2019-05-22 00:00:00-04:00,49.60496,49.95263,49.09754,49.52978,104600,0.0,0.0
2019-05-23 00:00:00-04:00,48.93779,49.24788,48.46796,48.96598,169100,0.0,0.0
2019-05-24 00:00:00-04:00,49.30426,49.89624,48.88141,49.48279,68100,0.0,0.0
2019-05-28 00:00:00-04:00,49.57676,49.68013,48.87202,49.24788,116000,0.0,0.0
2019-05-29 00:00:00-04:00,48.87202,49.45461,48.59952,49.28547,126100,0.0,0.0
2019-05-30 00:00:00-04:00,49.51164,49.96397,49.31375,49.79435,128800,0.15,0.0
2019-05-31 00:00:00-04:00,49.17239,49.7755,48.82372,49.75665,147200,0.0,0.0
2019-06-03 00:00:00-04:00,49.78492,50.58592,49.3797,50.44457,323600,0.0,0.0
2019-06-04 00:00:00-04:00,51.2173,51.94292,50.78381,51.87695,122500,0.0,0.0
2019-06-05 00:00:00-04:00,52.24448,52.24448,51.23615,51.86753,94600,0.0,0.0
2019-06-06 00:00:00-04:00,51.65081,52.00891,50.90635,51.83928,104300,0.0,0.0
2019-06-07 00:00:00-04:00,52.2916,52.49892,51.9712,52.31987,62100,0.0,0.0
2019-06-10 00:00:00-04:00,52.612,53.24338,52.32929,52.48007,95800,0.0,0.0
2019-06-11 00:00:00-04:00,52.82875,52.86645,52.11256,52.33873,72600,0.0,0.0
2019-06-12 00:00:00-04:00,52.39526,52.9324,51.82984,52.76278,126300,0.0,0.0
2019-06-13 00:00:00-04:00,52.98895,53.76169,52.86644,53.73342,120600,0.0,0.0
2019-06-14 00:00:00-04:00,53.5261,53.95016,53.19627,53.5261,100900,0.0,0.0
2019-06-17 00:00:00-04:00,53.71457,54.41192,53.56379,53.69572,157100,0.0,0.0
2019-06-18 00:00:00-04:00,54.09151,54.43076,53.83707,54.13863,116700,0.0,0.0
2019-06-19 00:00:00-04:00,54.15748,54.3648,53.67688,54.12921,113100,0.0,0.0
2019-06-20 00:00:00-04:00,54.44018,55.03387,54.11978,55.0056,160700,0.0,0.0
2019-06-21 00:00:00-04:00,54.82656,55.05273,54.4025,54.66636,333700,0.0,0.0
2019-06-24 00:00:00-04:00,54.94905,55.09983,54.48729,54.79827,142100,0.0,0.0
2019-06-25 00:00:00-04:00,54.79829,55.32601,54.61924,54.94907,111600,0.0,0.0
2019-06-26 00:00:00-04:00,55.26946,55.57101,54.60981,54.90194,99800,0.0,0.0
2019-06-27 00:00:00-04:00,55.37312,56.19298,55.28831,56.15528,138300,0.0,0.0
2019-06-28 00:00:00-04:00,56.40029,56.8432,55.44851,56.24952,303200,0.0,0.0
2019-07-01 00:00:00-04:00,57.03167,57.03167,54.5721,55.02444,187600,0.0,0.0
2019-07-02 00:00:00-04:00,55.05273,55.13754,54.15749,54.98676,121800,0.0,0.0
2019-07-03 00:00:00-04:00,55.17523,56.0422,55.16581,55.74065,77900,0.0,0.0
2019-07-05 00:00:00-04:00,55.52391,56.22126,55.17523,55.9197,95000,0.0,0.0
2019-07-08 00:00:00-04:00,55.75948,55.98565,54.61923,54.76058,80500,0.0,0.0
2019-07-09 00:00:00-04:00,54.64751,54.99618,54.26114,54.77002,77400,0.0,0.0
2019-07-10 00:00:00-04:00,55.15636,55.53331,54.14804,54.20458,82000,0.0,0.0
2019-07-11 00:00:00-04:00,54.24228,54.66634,53.35646,53.66744,81000,0.0,0.0
2019-07-12 00:00:00-04:00,53.87477,54.64751,53.78997,54.25172,92500,0.0,0.0
2019-07-15 00:00:00-04:00,54.26114,54.57212,53.56379,53.95016,71400,0.0,0.0
2019-07-16 00:00:00-04:00,53.92189,54.70405,53.79938,54.24229,145500,0.0,0.0
2019-07-17 00:00:00-04:00,54.09151,54.50615,53.72398,53.83707,107800,0.0,0.0
2019-07-18 00:00:00-04:00,52.03718,52.55548,48.06041,48.75776,390600,0.0,0.0
2019-07-19 00:00:00-04:00,48.79544,51.52829,48.78602,49.90742,457000,0.0,0.0
2019-07-22 00:00:00-04:00,49.86032,50.02994,48.57871,49.08758,265900,0.0,0.0
2019-07-23 00:00:00-04:00,49.04988,50.1336,48.82372,49.95455,165800,0.0,0.0
2019-07-24 00:00:00-04:00,49.70953,50.24668,48.99334,50.13359,246300,0.0,0.0
2019-07-25 00:00:00-04:00,50.05822,50.39747,49.57762,49.86975,136200,0.0,0.0
2019-07-26 00:00:00-04:00,50.12417,50.48227,49.76608,50.28438,107400,0.0,0.0
2019-07-29 00:00:00-04:00,50.2938,50.35976,49.75665,50.30322,122700,0.0,0.0
2019-07-30 00:00:00-04:00,50.08648,51.17962,49.54933,51.11365,139100,0.0,0.0
2019-07-31 00:00:00-04:00,51.28328,51.38694,50.06764,50.40689,166100,0.0,0.0
2019-08-01 00:00:00-04:00,50.31266,51.33041,50.16188,50.64249,139000,0.0,0.0
2019-08-02 00:00:00-04:00,50.38804,50.70844,49.72839,50.6142,131100,0.0,0.0
2019-08-05 00:00:00-04:00,49.78493,50.03936,48.85199,49.75665,168300,0.0,0.0
2019-08-06 00:00:00-04:00,49.93571,50.90634,49.70012,50.6142,85400,0.0,0.0
2019-08-07 00:00:00-04:00,50.02052,51.01942,49.75665,50.63305,93700,0.0,0.0
2019-08-08 00:00:00-04:00,51.02884,51.79215,51.02884,51.73561,88600,0.0,0.0
2019-08-09 00:00:00-04:00,51.56598,51.83926,50.92518,51.07595,210100,0.0,0.0
2019-08-12 00:00:00-04:00,50.87807,51.23617,50.3315,50.78384,81600,0.0,0.0
2019-08-13 00:00:00-04:00,50.62362,51.7733,50.28437,51.38693,138700,0.0,0.0
2019-08-14 00:00:00-04:00,50.42573,50.82152,49.8132,50.15245,94700,0.0,0.0
2019-08-15 00:00:00-04:00,50.18072,50.58593,49.75665,49.92628,169800,0.0,0.0
2019-08-16 00:00:00-04:00,50.11475,50.58593,49.75665,49.95455,176400,0.0,0.0
2019-08-19 00:00:00-04:00,50.42573,50.454,49.88858,49.95455,153700,0.0,0.0
2019-08-20 00:00:00-04:00,49.81319,49.81319,48.55985,48.66351,182600,0.0,0.0
2019-08-21 00:00:00-04:00,49.18181,49.36086,48.34311,48.47504,266800,0.0,0.0
2019-08-22 00:00:00-04:00,48.63525,49.03104,48.08868,48.20176,200100,0.0,0.0
2019-08-23 00:00:00-04:00,47.94732,47.97559,46.81649,46.92957,182000,0.0,0.0
2019-08-26 00:00:00-04:00,47.29709,47.60807,46.79764,47.24997,149400,0.0,0.0
2019-08-27 00:00:00-04:00,47.52326,48.01328,46.87303,47.07092,137500,0.0,0.0
2019-08-28 00:00:00-04:00,46.97668,48.48446,46.90129,48.42792,228300,0.0,0.0
2019-08-29 00:00:00-04:00,48.94793,49.55305,48.86284,49.23158,230200,0.17,0.0
2019-08-30 00:00:00-04:00,49.25995,49.59087,47.98354,48.7683,172400,0.0,0.0
2019-09-03 00:00:00-04:00,48.42792,48.42792,47.58644,47.67153,173000,0.0,0.0
2019-09-04 00:00:00-04:00,48.20102,48.59812,47.70936,47.90791,90900,0.0,0.0
2019-09-05 00:00:00-04:00,48.38065,49.48687,48.1821,49.10868,203300,0.0,0.0
2019-09-06 00:00:00-04:00,49.31668,50.12034,49.07085,49.73269,163100,0.0,0.0
2019-09-09 00:00:00-04:00,49.92179,50.38509,49.56251,50.30944,108700,0.0,0.0
2019-09-10 00:00:00-04:00,50.28107,51.96404,49.96906,51.31166,156300,0.0,0.0
2019-09-11 00:00:00-04:00,51.54803,52.88117,51.27384,52.85281,215000,0.0,0.0
2019-09-12 00:00:00-04:00,52.97573,52.97573,51.68041,52.36116,153900,0.0,0.0
2019-09-13 00:00:00-04:00,52.51243,52.51243,51.07529,51.12256,204100,0.0,0.0
2019-09-16 00:00:00-04:00,50.78219,50.78219,49.08031,49.88397,215300,0.0,0.0
2019-09-17 00:00:00-04:00,49.96907,51.03747,49.71379,50.35672,141900,0.0,0.0
2019-09-18 00:00:00-04:00,50.612,51.5764,50.47018,51.2833,141700,0.0,0.0
2019-09-19 00:00:00-04:00,51.38731,52.10588,51.38731,51.64259,161100,0.0,0.0
2019-09-20 00:00:00-04:00,51.61422,51.99241,51.05638,51.59531,409400,0.0,0.0
2019-09-23 00:00:00-04:00,51.52913,51.58586,50.93347,51.23603,108800,0.0,0.0
2019-09-24 00:00:00-04:00,51.32111,51.52912,50.48908,50.62145,247500,0.0,0.0
2019-09-25 00:00:00-04:00,50.63092,51.33058,50.63092,50.89566,124700,0.0,0.0
2019-09-26 00:00:00-04:00,50.92401,50.92401,49.82725,49.91234,116300,0.0,0.0
2019-09-27 00:00:00-04:00,50.29053,51.02802,50.15816,50.92401,146000,0.0,0.0
2019-09-30 00:00:00-04:00,51.0753,51.42513,50.54582,50.77274,151000,0.0,0.0
2019-10-01 00:00:00-04:00,51.12257,51.68041,50.14872,50.3,123800,0.0,0.0
2019-10-02 00:00:00-04:00,50.14871,50.29053,49.42068,50.26217,141500,0.0,0.0
2019-10-03 00:00:00-04:00,50.0258,50.07307,48.88176,49.59087,131400,0.0,0.0
2019-10-04 00:00:00-04:00,49.88398,50.49855,49.5436,50.42291,89800,0.0,0.0
2019-10-07 00:00:00-04:00,50.18653,50.65928,49.66651,50.3189,122700,0.0,0.0
2019-10-08 00:00:00-04:00,50.07307,50.07307,48.94794,49.03304,163300,0.0,0.0
2019-10-09 00:00:00-04:00,49.46796,49.55306,48.98576,49.34505,117200,0.0,0.0
2019-10-10 00:00:00-04:00,49.41122,49.71378,48.9763,49.25994,136100,0.0,0.0
2019-10-11 00:00:00-04:00,50.07308,51.10366,49.66652,49.9218,244100,0.0,0.0
2019-10-14 00:00:00-04:00,49.93125,50.00689,49.44905,49.96907,152400,0.0,0.0
2019-10-15 00:00:00-04:00,50.1298,51.51021,50.02579,50.68764,245600,0.0,0.0
2019-10-16 00:00:00-04:00,50.33781,50.72546,48.43738,48.54138,499300,0.0,0.0
2019-10-17 00:00:00-04:00,52.41789,53.74158,47.90791,53.45793,768700,0.0,0.0
2019-10-18 00:00:00-04:00,53.33501,56.99405,53.33501,56.89004,826900,0.0,0.0
2019-10-21 00:00:00-04:00,57.58972,58.23265,55.0369,55.04636,437000,0.0,0.0
2019-10-22 00:00:00-04:00,54.8856,56.11473,54.63977,55.20707,404900,0.0,0.0
2019-10-23 00:00:00-04:00,54.87615,55.642,54.63032,54.83833,336600,0.0,0.0
2019-10-24 00:00:00-04:00,55.00852,55.54745,54.83833,55.22598,260700,0.0,0.0
2019-10-25 00:00:00-04:00,55.07471,55.66091,54.60196,54.77215,222300,0.0,0.0
2019-10-28 00:00:00-04:00,54.82888,55.45291,54.37505,54.54523,295100,0.0,0.0
2019-10-29 00:00:00-04:00,54.35614,55.12198,54.32777,54.80997,268200,0.0,0.0
2019-10-30 00:00:00-04:00,54.73433,55.79328,54.53578,55.43399,188900,0.0,0.0
2019-10-31 00:00:00-04:00,55.39617,55.538,54.28995,54.64923,227700,0.0,0.0
2019-11-01 00:00:00-04:00,54.70597,55.642,54.43178,55.03689,206500,0.0,0.0
2019-11-04 00:00:00-05:00,55.642,56.47404,55.19763,55.49073,162300,0.0,0.0
2019-11-05 00:00:00-05:00,55.46235,56.73876,55.37726,56.19038,178600,0.0,0.0
2019-11-06 00:00:00-05:00,56.06747,56.48348,55.5569,55.71764,192000,0.0,0.0
2019-11-07 00:00:00-05:00,56.2944,56.68205,55.00853,55.64201,199100,0.0,0.0
2019-11-08 00:00:00-05:00,55.30163,56.62531,55.30163,56.59695,159300,0.0,0.0
2019-11-11 00:00:00-05:00,56.50239,56.68203,55.87836,56.4362,160100,0.0,0.0
2019-11-12 00:00:00-05:00,56.56858,56.78604,55.88783,55.97292,183400,0.0,0.0
2019-11-13 00:00:00-05:00,55.60419,55.60419,54.46014,54.61142,182000,0.0,0.0
2019-11-14 00:00:00-05:00,54.47905,54.90452,54.11031,54.88561,163500,0.0,0.0
2019-11-15 00:00:00-05:00,55.17871,55.8311,54.80997,55.48127,574200,0.0,0.0
2019-11-18 00:00:00-05:00,55.54745,56.16202,55.32053,55.6609,155700,0.0,0.0
2019-11-19 00:00:00-05:00,56.07692,56.37948,55.46235,55.95401,124900,0.0,0.0
2019-11-20 00:00:00-05:00,55.86891,57.1075,55.86891,56.6253,303200,0.0,0.0
2019-11-21 00:00:00-05:00,56.68203,57.83553,56.13365,57.24932,292400,0.0,0.0
2019-11-22 00:00:00-05:00,57.41007,57.56135,56.72932,56.77659,201000,0.0,0.0
2019-11-25 00:00:00-05:00,57.09805,58.37446,56.99405,58.04354,159300,0.0,0.0
2019-11-26 00:00:00-05:00,57.99627,58.56356,57.56135,58.41228,115300,0.0,0.0
2019-11-27 00:00:00-05:00,58.64931,59.1044,58.44073,58.97167,116700,0.17,0.0
2019-11-29 00:00:00-05:00,58.77256,58.93373,57.8529,58.78204,130300,0.0,0.0
2019-12-02 00:00:00-05:00,58.72516,59.04751,57.88135,57.96668,211400,0.0,0.0
2019-12-03 00:00:00-05:00,57.47367,57.47367,56.3644,56.75312,168500,0.0,0.0
2019-12-04 00:00:00-05:00,56.94274,57.93824,56.94274,57.77706,122900,0.0,0.0
2019-12-05 00:00:00-05:00,57.98564,58.09941,57.31249,57.90031,132900,0.0,0.0
2019-12-06 00:00:00-05:00,58.57346,58.73464,57.86238,58.16578,135800,0.0,0.0
2019-12-09 00:00:00-05:00,58.11838,58.53555,57.95721,58.39333,135700,0.0,0.0
2019-12-10 00:00:00-05:00,58.36487,58.75359,58.10889,58.52605,114400,0.0,0.0
2019-12-11 00:00:00-05:00,58.5545,59.56897,58.38385,59.48364,158500,0.0,0.0
2019-12-12 00:00:00-05:00,59.55948,61.01007,59.24661,60.09042,397000,0.0,0.0
2019-12-13 00:00:00-05:00,59.82495,60.42226,58.97167,59.48364,154900,0.0,0.0
2019-12-16 00:00:00-05:00,59.9008,60.61187,59.9008,60.28004,187000,0.0,0.0
2019-12-17 00:00:00-05:00,60.53602,61.37982,60.35588,61.20916,163400,0.0,0.0
2019-12-18 00:00:00-05:00,61.53154,61.53154,60.28953,60.4507,193500,0.0,0.0
2019-12-19 00:00:00-05:00,60.56447,61.45568,60.56447,61.30399,139800,0.0,0.0
2019-12-20 00:00:00-05:00,61.39879,62.20467,61.39879,62.02453,449700,0.0,0.0
2019-12-23 00:00:00-05:00,62.23311,62.44169,61.90127,62.28051,160200,0.0,0.0
2019-12-24 00:00:00-05:00,62.39429,62.39429,61.67374,62.02453,160400,0.0,0.0
2019-12-26 00:00:00-05:00,62.06246,62.70717,61.73063,62.5934,98800,0.0,0.0
2019-12-27 00:00:00-05:00,62.81145,63.18121,62.13831,62.65028,102600,0.0,0.0
2019-12-30 00:00:00-05:00,62.5365,62.89678,61.7401,62.36584,201100,0.0,0.0
2019-12-31 00:00:00-05:00,62.10987,62.38481,61.37983,61.55997,165600,0.0,0.0
2020-01-02 00:00:00-05:00,59.73014,60.87733,58.31747,60.56446,221700,0.0,0.0
2020-01-03 00:00:00-05:00,59.73962,60.66876,59.63533,60.55498,211700,0.0,0.0
2020-01-06 00:00:00-05:00,59.98612,60.66875,59.73961,60.29899,136900,0.0,0.0
2020-01-07 00:00:00-05:00,60.46018,60.53602,59.76807,60.11886,120800,0.0,0.0
2020-01-08 00:00:00-05:00,60.04302,61.19022,60.04302,60.74461,109100,0.0,0.0
2020-01-09 00:00:00-05:00,61.17124,61.19969,60.21366,60.26107,223300,0.0,0.0
2020-01-10 00:00:00-05:00,60.21367,60.46965,59.33194,59.73962,134400,0.0,0.0
2020-01-13 00:00:00-05:00,59.82495,60.68772,59.7491,60.23263,136900,0.0,0.0
2020-01-14 00:00:00-05:00,60.03353,61.11436,59.78703,60.99111,200800,0.0,0.0
2020-01-15 00:00:00-05:00,60.8963,61.11436,60.05249,60.44121,128800,0.0,0.0
2020-01-16 00:00:00-05:00,60.8015,61.38932,60.17576,60.32745,199200,0.0,0.0
2020-01-17 00:00:00-05:00,60.70668,60.70668,59.96716,60.15678,196300,0.0,0.0
2020-01-21 00:00:00-05:00,60.11886,60.30848,59.51207,59.72066,145100,0.0,0.0
2020-01-22 00:00:00-05:00,60.01457,60.46966,59.56897,59.75859,214100,0.0,0.0
2020-01-23 00:00:00-05:00,59.81547,59.81547,59.17077,59.55001,153600,0.0,0.0
2020-01-24 00:00:00-05:00,59.8534,59.9008,58.58294,59.14232,278400,0.0,0.0
2020-01-27 00:00:00-05:00,58.2606,58.44074,57.56849,57.65382,144000,0.0,0.0
2020-01-28 00:00:00-05:00,57.98564,58.71567,57.98564,58.26059,118400,0.0,0.0
2020-01-29 00:00:00-05:00,58.31748,58.71568,57.09443,57.32198,191600,0.0,0.0
2020-01-30 00:00:00-05:00,56.82896,57.44523,56.44973,57.24613,221900,0.0,0.0
2020-01-31 00:00:00-05:00,56.87636,57.04701,55.7576,55.99463,337100,0.0,0.0
2020-02-03 00:00:00-05:00,56.32646,57.32197,56.07048,56.44972,224900,0.0,0.0
2020-02-04 00:00:00-05:00,57.28405,58.57346,56.99962,57.94772,251500,0.0,0.0
2020-02-05 00:00:00-05:00,57.27457,59.45519,56.63935,59.18024,334400,0.0,0.0
2020-02-06 00:00:00-05:00,59.66377,61.55997,59.23713,61.39879,228300,0.0,0.0
2020-02-07 00:00:00-05:00,61.40828,62.53652,60.98164,61.80648,195900,0.0,0.0
2020-02-10 00:00:00-05:00,61.7022,64.18621,61.62635,64.00607,201000,0.0,0.0
2020-02-11 00:00:00-05:00,64.40425,64.92571,63.91125,64.19567,164900,0.0,0.0
2020-02-12 00:00:00-05:00,64.4327,64.89727,63.45616,64.80246,137500,0.0,0.0
2020-02-13 00:00:00-05:00,64.48959,65.18171,63.93022,65.15327,112700,0.0,0.0
2020-02-14 00:00:00-05:00,65.26702,65.75055,65.03,65.52301,102800,0.0,0.0
2020-02-18 00:00:00-05:00,65.79796,65.92121,64.86883,65.72211,121600,0.0,0.0
2020-02-19 00:00:00-05:00,65.62729,66.76501,65.40923,66.08237,172700,0.0,0.0
2020-02-20 00:00:00-05:00,65.86435,67.15376,65.76005,66.97362,137400,0.0,0.0
2020-02-21 00:00:00-05:00,66.97362,66.97362,65.89279,66.01604,166100,0.0,0.0
2020-02-24 00:00:00-05:00,64.59388,65.49458,64.21465,64.48959,165900,0.0,0.0
2020-02-25 00:00:00-05:00,64.96364,65.48509,61.57893,61.75907,197900,0.0,0.0
2020-02-26 00:00:00-05:00,62.31845,63.69319,61.6453,61.96766,198200,0.0,0.0
2020-02-27 00:00:00-05:00,60.89352,62.91824,59.95246,61.16919,242900,0.17,0.0
2020-02-28 00:00:00-05:00,59.2015,59.68629,57.2053,57.23382,385100,0.0,0.0
2020-03-02 00:00:00-05:00,58.16536,60.83647,57.78514,60.7319,197000,0.0,0.0
2020-03-03 00:00:00-05:00,61.03609,62.91822,59.47716,59.50567,315400,0.0,0.0
2020-03-04 00:00:00-05:00,60.27563,60.36118,58.82126,60.19959,431700,0.0,0.0
2020-03-05 00:00:00-05:00,58.65016,58.95434,57.42393,58.60263,304000,0.0,0.0
2020-03-06 00:00:00-05:00,56.8916,60.12354,56.8916,59.92392,317200,0.0,0.0
2020-03-09 00:00:00-04:00,55.99807,59.63876,55.99807,58.10834,339400,0.0,0.0
2020-03-10 00:00:00-04:00,59.86688,59.86688,54.28704,56.2262,384800,0.0,0.0
2020-03-11 00:00:00-04:00,55.04749,55.76042,53.5551,54.00187,254500,0.0,0.0
2020-03-12 00:00:00-04:00,51.48285,52.20528,45.96955,46.97715,325100,0.0,0.0
2020-03-13 00:00:00-04:00,49.40112,52.06271,47.43344,52.06271,268500,0.0,0.0
2020-03-16 00:00:00-04:00,47.28134,48.65966,45.95054,46.78704,239700,0.0,0.0
2020-03-17 00:00:00-04:00,47.72811,52.11975,46.86309,51.19769,322600,0.0,0.0
2020-03-18 00:00:00-04:00,47.93723,50.70339,46.31176,48.46004,300600,0.0,0.0
2020-03-19 00:00:00-04:00,47.83268,49.29656,46.65398,47.97527,293200,0.0,0.0
2020-03-20 00:00:00-04:00,48.25093,48.67869,42.01519,43.46956,391100,0.0,0.0
2020-03-23 00:00:00-04:00,43.63116,43.83078,39.44865,40.8745,391600,0.0,0.0
2020-03-24 00:00:00-04:00,42.63306,48.04181,41.47337,47.75664,273900,0.0,0.0
2020-03-25 00:00:00-04:00,47.46196,49.23952,45.30416,46.90112,206800,0.0,0.0
2020-03-26 00:00:00-04:00,47.29086,51.50189,47.23383,51.08364,263800,0.0,0.0
2020-03-27 00:00:00-04:00,49.41062,51.49237,47.41443,49.7053,177500,0.0,0.0
2020-03-30 00:00:00-04:00,50.19009,51.19769,48.2034,51.07412,201500,0.0,0.0
2020-03-31 00:00:00-04:00,50.61785,51.40682,49.66728,50.95055,246900,0.0,0.0
2020-04-01 00:00:00-04:00,49.28703,50.2186,44.68628,45.2186,216800,0.0,0.0
2020-04-02 00:00:00-04:00,44.67678,50.53229,44.67678,50.25663,216400,0.0,0.0
2020-04-03 00:00:00-04:00,49.65777,51.02659,47.00568,47.58553,188000,0.0,0.0
2020-04-06 00:00:00-04:00,49.72432,51.25473,49.13496,50.80796,198000,0.0,0.0
2020-04-07 00:00:00-04:00,52.39541,53.02278,50.79845,50.89351,156800,0.0,0.0
2020-04-08 00:00:00-04:00,49.61024,51.73001,49.61024,51.06462,212500,0.0,0.0
2020-04-09 00:00:00-04:00,52.43343,53.80225,52.0437,53.50758,121600,0.0,0.0
2020-04-13 00:00:00-04:00,53.05132,53.05132,50.13307,50.91253,131500,0.0,0.0
2020-04-14 00:00:00-04:00,52.56651,54.48666,52.20529,54.33457,171700,0.0,0.0
2020-04-15 00:00:00-04:00,52.95624,54.77183,49.51518,49.8764,259700,0.0,0.0
2020-04-16 00:00:00-04:00,50.3802,54.57222,49.68629,54.02089,354400,0.0,0.0
2020-04-17 00:00:00-04:00,55.83648,58.02279,54.71481,55.73191,207900,0.0,0.0
2020-04-20 00:00:00-04:00,54.78134,55.70339,52.94674,53.73571,140900,0.0,0.0
2020-04-21 00:00:00-04:00,52.36689,53.83077,51.65397,53.28895,129300,0.0,0.0
2020-04-22 00:00:00-04:00,54.80986,55.62735,53.71671,54.57222,140700,0.0,0.0
2020-04-23 00:00:00-04:00,54.38211,55.78895,54.0304,54.14446,144400,0.0,0.0
2020-04-24 00:00:00-04:00,54.34408,54.98097,53.31747,54.16348,347000,0.0,0.0
2020-04-27 00:00:00-04:00,54.67678,56.96765,54.67678,55.91252,185100,0.0,0.0
2020-04-28 00:00:00-04:00,57.01518,58.58363,56.3783,57.2053,175000,0.0,0.0
2020-04-29 00:00:00-04:00,58.91632,60.90301,58.16537,60.00948,241100,0.0,0.0
2020-04-30 00:00:00-04:00,59.211,59.211,56.05511,56.11214,188100,0.0,0.0
2020-05-01 00:00:00-04:00,54.75282,54.95245,53.90682,54.31556,135300,0.0,0.0
2020-05-04 00:00:00-04:00,53.42203,53.78325,52.538,53.365,151800,0.0,0.0
2020-05-05 00:00:00-04:00,54.30605,55.23761,53.60263,54.47715,172800,0.0,0.0
2020-05-06 00:00:00-04:00,54.59124,55.18059,54.24903,54.45816,85400,0.0,0.0
2020-05-07 00:00:00-04:00,55.41822,55.41822,54.05891,54.79085,129400,0.0,0.0
2020-05-08 00:00:00-04:00,56.05511,57.43343,55.75093,57.01518,157000,0.0,0.0
2020-05-11 00:00:00-04:00,56.24523,57.57603,55.44675,56.82508,143400,0.0,0.0
2020-05-12 00:00:00-04:00,56.99618,56.99618,53.77374,53.85929,125100,0.0,0.0
2020-05-13 00:00:00-04:00,53.61214,54.00188,52.35739,52.89922,141100,0.0,0.0
2020-05-14 00:00:00-04:00,51.94865,52.60454,49.89542,51.92963,197800,0.0,0.0
2020-05-15 00:00:00-04:00,51.52089,53.26993,51.52089,53.23191,217300,0.0,0.0
2020-05-18 00:00:00-04:00,55.49426,58.02278,54.69578,57.70909,152600,0.0,0.0
2020-05-19 00:00:00-04:00,57.46196,58.25093,56.01709,56.08363,130500,0.0,0.0
2020-05-20 00:00:00-04:00,57.22431,58.26994,56.76804,57.69009,121500,0.0,0.0
2020-05-21 00:00:00-04:00,57.38591,57.89921,56.92013,57.00568,109200,0.0,0.0
2020-05-22 00:00:00-04:00,57.26232,58.14635,56.66346,58.07981,91800,0.0,0.0
2020-05-26 00:00:00-04:00,60.02849,61.3783,60.02849,60.34217,178000,0.0,0.0
2020-05-27 00:00:00-04:00,60.69389,61.15016,59.42963,60.49427,181300,0.0,0.0
2020-05-28 00:00:00-04:00,61.17098,61.25676,58.89304,59.10272,147800,0.17,0.0
2020-05-29 00:00:00-04:00,58.74053,58.74053,57.22507,58.32116,194300,0.0,0.0
2020-06-01 00:00:00-04:00,58.52132,59.46491,57.92086,58.53085,131200,0.0,0.0
2020-06-02 00:00:00-04:00,59.09319,59.7985,58.64522,59.59834,86300,0.0,0.0
2020-06-03 00:00:00-04:00,60.82786,61.71426,60.69442,61.31395,120400,0.0,0.0
2020-06-04 00:00:00-04:00,60.53239,62.35284,60.0463,61.87628,108000,0.0,0.0
2020-06-05 00:00:00-04:00,63.73488,64.82143,62.75316,63.02957,137000,0.0,0.0
2020-06-08 00:00:00-04:00,63.33457,64.24003,62.9438,63.67769,112700,0.0,0.0
2020-06-09 00:00:00-04:00,63.21064,64.24954,61.84769,63.09627,130500,0.0,0.0
2020-06-10 00:00:00-04:00,63.07721,63.26783,62.25753,62.4005,146800,0.0,0.0
2020-06-11 00:00:00-04:00,60.28459,60.60865,57.56821,57.93039,179000,0.0,0.0
2020-06-12 00:00:00-04:00,60.41801,60.57051,57.23461,58.63569,140900,0.0,0.0
2020-06-15 00:00:00-04:00,57.09165,60.99943,57.09165,60.17022,140300,0.0,0.0
2020-06-16 00:00:00-04:00,62.54346,62.84846,60.81832,61.00895,93400,0.0,0.0
2020-06-17 00:00:00-04:00,61.19003,61.45691,60.12255,60.41801,81000,0.0,0.0
2020-06-18 00:00:00-04:00,60.01771,61.00895,59.90334,60.66583,89400,0.0,0.0
2020-06-19 00:00:00-04:00,61.30442,61.59988,59.75084,59.87474,270300,0.0,0.0
2020-06-22 00:00:00-04:00,59.74131,59.81756,58.95023,59.56022,125700,0.0,0.0
2020-06-23 00:00:00-04:00,60.256,60.256,59.40773,59.53163,82900,0.0,0.0
2020-06-24 00:00:00-04:00,58.96928,59.19803,57.71117,57.79695,148200,0.0,0.0
2020-06-25 00:00:00-04:00,57.30133,58.25445,56.73899,58.13055,118000,0.0,0.0
2020-06-26 00:00:00-04:00,57.96852,58.0543,56.8629,56.98681,406900,0.0,0.0
2020-06-29 00:00:00-04:00,57.87319,58.73099,57.36804,58.20678,167800,0.0,0.0
2020-06-30 00:00:00-04:00,58.58804,60.25599,58.58804,59.97005,168800,0.0,0.0
2020-07-01 00:00:00-04:00,60.14161,60.43708,59.15038,59.74131,168400,0.0,0.0
2020-07-02 00:00:00-04:00,60.90411,61.74285,60.44661,60.57052,142500,0.0,0.0
2020-07-06 00:00:00-04:00,62.248,62.43863,61.0566,61.20911,150400,0.0,0.0
2020-07-07 00:00:00-04:00,60.40849,61.47598,60.17021,60.39896,150900,0.0,0.0
2020-07-08 00:00:00-04:00,60.24646,60.9613,59.08366,59.59834,119400,0.0,0.0
2020-07-09 00:00:00-04:00,59.60787,60.02724,58.3021,58.82632,132800,0.0,0.0
2020-07-10 00:00:00-04:00,59.12178,59.36959,58.13054,59.25521,113800,0.0,0.0
2020-07-13 00:00:00-04:00,59.93193,59.951,58.49273,58.49273,188400,0.0,0.0
2020-07-14 00:00:00-04:00,58.39741,60.22739,58.37834,60.15114,127600,0.0,0.0
2020-07-15 00:00:00-04:00,61.67614,62.41004,60.64678,61.90488,174200,0.0,0.0
2020-07-16 00:00:00-04:00,61.33302,61.35209,56.739,58.76914,296900,0.0,0.0
2020-07-17 00:00:00-04:00,58.75007,59.97006,58.75007,59.37913,215600,0.0,0.0
2020-07-20 00:00:00-04:00,59.56975,60.67536,59.22662,60.21786,151400,0.0,0.0
2020-07-21 00:00:00-04:00,60.80879,61.04708,59.59834,59.97958,135700,0.0,0.0
2020-07-22 00:00:00-04:00,59.82709,60.72301,59.82709,60.33224,128600,0.0,0.0
2020-07-23 00:00:00-04:00,60.33224,61.53317,60.33224,61.03755,140400,0.0,0.0
2020-07-24 00:00:00-04:00,60.64676,61.15191,60.06536,60.1988,114100,0.0,0.0
2020-07-27 00:00:00-04:00,59.98911,60.98035,59.98911,60.89457,94300,0.0,0.0
2020-07-28 00:00:00-04:00,60.51333,60.73255,59.87474,59.97005,79500,0.0,0.0
2020-07-29 00:00:00-04:00,60.33224,61.44739,59.91287,61.09473,94000,0.0,0.0
2020-07-30 00:00:00-04:00,60.22739,61.38067,60.03677,60.73255,201000,0.0,0.0
2020-07-31 00:00:00-04:00,60.68489,60.68489,58.52132,59.66505,192900,0.0,0.0
2020-08-03 00:00:00-04:00,59.94146,61.28536,59.93193,61.05661,163400,0.0,0.0
2020-08-04 00:00:00-04:00,60.75161,61.34254,60.45615,61.03755,129500,0.0,0.0
2020-08-05 00:00:00-04:00,61.79051,62.52441,61.27583,61.65707,143000,0.0,0.0
2020-08-06 00:00:00-04:00,61.91441,63.1058,61.91441,62.55299,110500,0.0,0.0
2020-08-07 00:00:00-04:00,62.26706,64.63078,62.26706,64.37344,131100,0.0,0.0
2020-08-10 00:00:00-04:00,64.33533,64.46877,63.55378,63.56331,151600,0.0,0.0
2020-08-11 00:00:00-04:00,64.22096,64.9358,63.40128,63.61097,128200,0.0,0.0
2020-08-12 00:00:00-04:00,64.41157,65.05016,63.77299,64.5736,99200,0.0,0.0
2020-08-13 00:00:00-04:00,64.18281,64.78328,63.89688,64.30672,59500,0.0,0.0
2020-08-14 00:00:00-04:00,63.88736,64.05892,63.38221,63.68721,79800,0.0,0.0
2020-08-17 00:00:00-04:00,63.95407,63.95407,62.78174,63.31548,115500,0.0,0.0
2020-08-18 00:00:00-04:00,63.03908,63.21064,62.40049,62.86752,95100,0.0,0.0
2020-08-19 00:00:00-04:00,62.80081,63.1344,62.04785,62.33379,97300,0.0,0.0
2020-08-20 00:00:00-04:00,61.65706,62.40049,61.40925,61.40925,91000,0.0,0.0
2020-08-21 00:00:00-04:00,61.09473,61.45692,60.06537,61.24723,341500,0.0,0.0
2020-08-24 00:00:00-04:00,61.78097,61.97159,61.55222,61.80003,90400,0.0,0.0
2020-08-25 00:00:00-04:00,62.20035,62.20035,60.64677,61.37114,95200,0.0,0.0
2020-08-26 00:00:00-04:00,61.25676,61.25676,60.02725,60.09396,71400,0.0,0.0
2020-08-27 00:00:00-04:00,60.56232,60.56232,59.09988,59.45354,107800,0.18,0.0
2020-08-28 00:00:00-04:00,59.66382,59.79764,58.75577,59.42486,160900,0.0,0.0
2020-08-31 00:00:00-04:00,59.44398,59.61604,58.81313,58.96606,147000,0.0,0.0
2020-09-01 00:00:00-04:00,58.70799,60.23735,58.69843,59.97927,120300,0.0,0.0
2020-09-02 00:00:00-04:00,60.16086,61.56596,60.16086,61.47993,87800,0.0,0.0
2020-09-03 00:00:00-04:00,61.55641,61.55641,59.26238,59.855,134200,0.0,0.0
2020-09-04 00:00:00-04:00,60.66747,61.26009,59.17635,59.45354,139500,0.0,0.0
2020-09-08 00:00:00-04:00,59.01386,59.01386,57.36025,57.647,179900,0.0,0.0
2020-09-09 00:00:00-04:00,58.12492,59.43443,58.12492,59.0043,123800,0.0,0.0
2020-09-10 00:00:00-04:00,59.15723,59.15723,58.32565,58.50726,124100,0.0,0.0
2020-09-11 00:00:00-04:00,58.89916,59.34841,58.62197,59.07121,153800,0.0,0.0
2020-09-14 00:00:00-04:00,59.59692,60.54321,59.55869,59.92191,143100,0.0,0.0
2020-09-15 00:00:00-04:00,60.39027,61.04024,60.26601,60.66747,166000,0.0,0.0
2020-09-16 00:00:00-04:00,61.25054,61.92919,60.88732,61.04025,161900,0.0,0.0
2020-09-17 00:00:00-04:00,60.3616,61.28877,59.86456,61.15495,131600,0.0,0.0
2020-09-18 00:00:00-04:00,61.6711,62.21593,61.15495,62.03433,512900,0.0,0.0
2020-09-21 00:00:00-04:00,61.03069,61.17407,59.33885,60.74394,171700,0.0,0.0
2020-09-22 00:00:00-04:00,60.83952,61.52772,59.88367,61.26008,171700,0.0,0.0
2020-09-23 00:00:00-04:00,61.35568,61.67111,60.26602,60.30425,190800,0.0,0.0
2020-09-24 00:00:00-04:00,60.55276,61.53728,59.88368,60.98289,133200,0.0,0.0
2020-09-25 00:00:00-04:00,61.01158,62.44534,60.72482,62.31153,126800,0.0,0.0
2020-09-28 00:00:00-04:00,62.8468,63.63059,62.82769,63.32472,129700,0.0,0.0
2020-09-29 00:00:00-04:00,63.45854,63.88867,62.36888,63.02842,112400,0.0,0.0
2020-09-30 00:00:00-04:00,63.05708,63.68794,62.12991,62.48358,149700,0.0,0.0
2020-10-01 00:00:00-04:00,62.68429,63.47765,62.09167,63.46809,139900,0.0,0.0
2020-10-02 00:00:00-04:00,62.50269,64.271,62.50269,63.77397,100100,0.0,0.0
2020-10-05 00:00:00-04:00,64.07984,64.99745,64.07984,64.67246,127900,0.0,0.0
2020-10-06 00:00:00-04:00,64.90187,66.78489,64.50997,65.17907,228400,0.0,0.0
2020-10-07 00:00:00-04:00,65.65698,65.91506,64.72025,65.49448,150000,0.0,0.0
2020-10-08 00:00:00-04:00,65.94374,66.89958,65.76213,66.87091,176300,0.0,0.0
2020-10-09 00:00:00-04:00,66.90914,67.9988,66.79444,67.3775,112500,0.0,0.0
2020-10-12 00:00:00-04:00,68.01791,69.29874,67.37749,69.01199,119800,0.0,0.0
2020-10-13 00:00:00-04:00,69.03111,69.31786,68.35247,68.47672,125300,0.0,0.0
2020-10-14 00:00:00-04:00,68.87818,69.54728,68.57231,68.70613,89500,0.0,0.0
2020-10-15 00:00:00-04:00,68.53406,68.93552,67.59734,68.65833,189900,0.0,0.0
2020-10-16 00:00:00-04:00,75.39703,79.23953,74.18311,76.8308,558600,0.0,0.0
2020-10-19 00:00:00-04:00,74.62279,78.60866,73.75298,73.89635,229600,0.0,0.0
2020-10-20 00:00:00-04:00,74.75661,75.39702,71.99422,72.34789,348000,0.0,0.0
2020-10-21 00:00:00-04:00,72.72068,73.45668,72.03247,72.10894,169600,0.0,0.0
2020-10-22 00:00:00-04:00,72.4339,73.72429,71.78393,73.01697,206900,0.0,0.0
2020-10-23 00:00:00-04:00,73.47581,74.31695,72.68245,72.79716,217300,0.0,0.0
2020-10-26 00:00:00-04:00,72.05158,73.04566,71.79351,72.82582,168900,0.0,0.0
2020-10-27 00:00:00-04:00,72.80669,73.14123,71.92731,72.18539,69000,0.0,0.0
2020-10-28 00:00:00-04:00,70.81855,71.51632,70.10167,70.24505,163800,0.0,0.0
2020-10-29 00:00:00-04:00,70.01562,70.95236,69.69064,70.33105,127900,0.0,0.0
2020-10-30 00:00:00-04:00,69.99653,70.35975,69.24141,70.10167,128900,0.0,0.0
2020-11-02 00:00:00-05:00,70.82809,71.31557,70.03473,70.81853,122300,0.0,0.0
2020-11-03 00:00:00-05:00,72.08982,72.84494,70.77076,71.11486,140200,0.0,0.0
2020-11-04 00:00:00-05:00,70.58913,71.11484,69.35609,70.58913,111500,0.0,0.0
2020-11-05 00:00:00-05:00,71.27733,72.84491,71.27733,71.73614,84500,0.0,0.0
2020-11-06 00:00:00-05:00,72.08024,72.08024,70.65603,70.94279,105400,0.0,0.0
2020-11-09 00:00:00-05:00,74.4125,78.24544,71.89863,72.06113,168900,0.0,0.0
2020-11-10 00:00:00-05:00,72.43391,74.28825,71.76482,73.47578,175100,0.0,0.0
2020-11-11 00:00:00-05:00,73.65741,74.83311,72.72069,74.68017,162200,0.0,0.0
2020-11-12 00:00:00-05:00,73.99195,74.6706,71.87953,72.83537,134000,0.0,0.0
2020-11-13 00:00:00-05:00,73.56182,74.13532,72.71112,73.27507,86100,0.0,0.0
2020-11-16 00:00:00-05:00,74.26914,77.22271,74.26914,76.24774,247900,0.0,0.0
2020-11-17 00:00:00-05:00,75.64554,76.2764,74.42206,75.83671,126700,0.0,0.0
2020-11-18 00:00:00-05:00,75.91317,76.70653,75.06247,75.11027,100100,0.0,0.0
2020-11-19 00:00:00-05:00,75.03382,76.41979,74.62281,76.24774,95100,0.0,0.0
2020-11-20 00:00:00-05:00,75.90364,76.9933,75.25366,76.56316,125500,0.0,0.0
2020-11-23 00:00:00-05:00,76.56317,77.81533,75.95143,77.07932,142100,0.0,0.0
2020-11-24 00:00:00-05:00,77.60503,79.09615,76.80212,78.48441,110600,0.0,0.0
2020-11-25 00:00:00-05:00,78.48442,79.26994,77.5648,78.18746,123400,0.18,0.0
2020-11-27 00:00:00-05:00,78.51315,78.82928,77.651,78.35989,54700,0.0,0.0
2020-11-30 00:00:00-05:00,77.94797,79.17414,77.45941,78.97297,198200,0.0,0.0
2020-12-01 00:00:00-05:00,79.74891,80.30452,78.04377,78.46526,134000,0.0,0.0
2020-12-02 00:00:00-05:00,78.23534,78.66642,77.6031,78.38861,75900,0.0,0.0
2020-12-03 00:00:00-05:00,78.33113,79.50941,78.10123,78.26408,59400,0.0,0.0
2020-12-04 00:00:00-05:00,78.70476,79.96924,77.69891,79.95008,85500,0.0,0.0
2020-12-07 00:00:00-05:00,80.16082,81.55941,80.06502,80.89843,123300,0.0,0.0
2020-12-08 00:00:00-05:00,80.75474,81.87553,80.36198,81.49236,164000,0.0,0.0
2020-12-09 00:00:00-05:00,82.0288,83.8489,81.62647,83.4274,194700,0.0,0.0
2020-12-10 00:00:00-05:00,82.92926,85.39118,82.69936,84.21291,166400,0.0,0.0
2020-12-11 00:00:00-05:00,83.66689,85.83185,83.43699,84.81643,121600,0.0,0.0
2020-12-14 00:00:00-05:00,86.20547,86.20547,83.54238,84.08841,161300,0.0,0.0
2020-12-15 00:00:00-05:00,84.89308,86.09051,84.33747,86.01387,119400,0.0,0.0
2020-12-16 00:00:00-05:00,86.50243,86.83771,84.12673,85.0272,168100,0.0,0.0
2020-12-17 00:00:00-05:00,85.851,86.30123,84.58652,85.44866,124200,0.0,0.0
2020-12-18 00:00:00-05:00,85.95637,87.37412,85.73604,86.97179,659800,0.0,0.0
2020-12-21 00:00:00-05:00,85.65941,86.52156,84.7781,86.33955,132400,0.0,0.0
2020-12-22 00:00:00-05:00,86.53117,87.92977,85.38163,87.65196,134600,0.0,0.0
2020-12-23 00:00:00-05:00,88.38955,90.08511,87.39329,89.31876,108000,0.0,0.0
2020-12-24 00:00:00-05:00,89.51994,90.35336,88.74401,89.76901,67300,0.0,0.0
2020-12-28 00:00:00-05:00,91.11972,91.96271,89.79775,90.40126,182500,0.0,0.0
2020-12-29 00:00:00-05:00,90.5162,90.74611,88.23629,88.70568,120600,0.0,0.0
2020-12-30 00:00:00-05:00,88.84938,90.48746,88.84938,89.44331,117500,0.0,0.0
2020-12-31 00:00:00-05:00,89.38582,91.0718,88.99307,90.10428,200200,0.0,0.0
2021-01-04 00:00:00-05:00,89.90311,90.3725,85.23792,87.05801,229300,0.0,0.0
2021-01-05 00:00:00-05:00,86.99096,89.43372,86.99096,88.35124,160200,0.0,0.0
2021-01-06 00:00:00-05:00,89.36665,93.43792,88.78231,93.11221,267800,0.0,0.0
2021-01-07 00:00:00-05:00,93.13138,97.60498,92.02974,97.58582,264600,0.0,0.0
2021-01-08 00:00:00-05:00,98.22763,100.79492,97.84445,100.41174,269800,0.0,0.0
2021-01-11 00:00:00-05:00,99.13771,100.27767,98.37136,99.69332,170600,0.0,0.0
2021-01-12 00:00:00-05:00,99.68372,101.68582,99.68372,101.48466,140000,0.0,0.0
2021-01-13 00:00:00-05:00,101.27392,103.59214,101.27392,102.10732,175800,0.0,0.0
2021-01-14 00:00:00-05:00,102.37555,104.59798,102.17438,102.26059,245000,0.0,0.0
2021-01-15 00:00:00-05:00,100.86201,101.36972,93.81154,94.28093,306100,0.0,0.0
2021-01-19 00:00:00-05:00,95.19096,97.51877,95.19096,96.60872,310600,0.0,0.0
2021-01-20 00:00:00-05:00,96.88653,99.0419,93.06433,94.5204,240800,0.0,0.0
2021-01-21 00:00:00-05:00,94.6641,94.87485,91.0718,92.90148,248500,0.0,0.0
2021-01-22 00:00:00-05:00,92.48957,95.87111,92.48957,95.87111,212100,0.0,0.0
2021-01-25 00:00:00-05:00,95.76573,98.72577,95.07601,97.83488,366100,0.0,0.0
2021-01-26 00:00:00-05:00,98.01692,99.19519,96.73327,96.9536,205300,0.0,0.0
2021-01-27 00:00:00-05:00,94.72158,98.74495,93.70616,95.66037,283300,0.0,0.0
2021-01-28 00:00:00-05:00,96.89614,97.34638,92.58539,92.58539,280400,0.0,0.0
2021-01-29 00:00:00-05:00,92.32671,94.27135,87.40288,87.85311,1013800,0.0,0.0
2021-02-01 00:00:00-05:00,88.0926,90.26714,86.21503,90.08513,254000,0.0,0.0
2021-02-02 00:00:00-05:00,91.25381,93.45707,90.57367,93.04516,199900,0.0,0.0
2021-02-03 00:00:00-05:00,92.46082,92.662,90.91854,92.20218,151700,0.0,0.0
2021-02-04 00:00:00-05:00,93.01643,94.96106,92.46082,94.88443,146900,0.0,0.0
2021-02-05 00:00:00-05:00,95.95733,96.34051,93.3613,95.47836,108600,0.0,0.0
2021-02-08 00:00:00-05:00,96.12017,100.71831,95.89985,100.6321,227600,0.0,0.0
2021-02-09 00:00:00-05:00,100.66085,102.61506,99.11856,102.06903,206000,0.0,0.0
2021-02-10 00:00:00-05:00,102.93117,103.54426,98.25641,99.40594,286700,0.0,0.0
2021-02-11 00:00:00-05:00,100.20101,101.95405,99.70288,101.65709,143900,0.0,0.0
2021-02-12 00:00:00-05:00,101.341,102.95993,99.16646,102.95993,112100,0.0,0.0
2021-02-16 00:00:00-05:00,103.43887,103.79331,101.29307,102.02111,123000,0.0,0.0
2021-02-17 00:00:00-05:00,100.78536,101.64751,99.15686,100.67999,153900,0.0,0.0
2021-02-18 00:00:00-05:00,100.27766,101.71458,98.98444,100.47883,80700,0.0,0.0
2021-02-19 00:00:00-05:00,101.10149,102.33724,99.03233,101.54214,116000,0.0,0.0
2021-02-22 00:00:00-05:00,100.75662,102.09775,100.45966,101.86784,132800,0.0,0.0
2021-02-23 00:00:00-05:00,99.7891,101.15897,97.80616,100.61294,131100,0.0,0.0
2021-02-24 00:00:00-05:00,101.18771,105.07697,100.61294,104.94286,255100,0.0,0.0
2021-02-25 00:00:00-05:00,104.32874,105.01959,102.1986,102.1986,147100,0.18,0.0
2021-02-26 00:00:00-05:00,103.00462,105.31707,100.8553,104.19443,293800,0.0,0.0
2021-03-01 00:00:00-05:00,105.36503,107.24569,101.26788,101.36383,290000,0.0,0.0
2021-03-02 00:00:00-05:00,101.54614,101.54614,98.98422,99.93414,143500,0.0,0.0
2021-03-03 00:00:00-05:00,101.00881,101.15274,97.8424,97.98633,190900,0.0,0.0
2021-03-04 00:00:00-05:00,97.2187,97.4202,93.419,93.90836,214300,0.0,0.0
2021-03-05 00:00:00-05:00,95.74104,96.51825,92.2004,96.30716,204800,0.0,0.0
2021-03-08 00:00:00-05:00,96.47027,98.35093,95.03098,96.4127,141400,0.0,0.0
2021-03-09 00:00:00-05:00,97.95753,100.40431,97.4202,98.38932,153500,0.0,0.0
2021-03-10 00:00:00-05:00,98.69636,99.89576,98.38931,99.32964,101200,0.0,0.0
2021-03-11 00:00:00-05:00,100.84568,101.12394,99.63668,99.92454,153200,0.0,0.0
2021-03-12 00:00:00-05:00,99.64628,100.98961,99.51195,100.39471,107900,0.0,0.0
2021-03-15 00:00:00-04:00,100.13563,100.13563,96.4031,98.20699,208600,0.0,0.0
2021-03-16 00:00:00-04:00,98.54285,98.54285,95.76024,96.05769,179300,0.0,0.0
2021-03-17 00:00:00-04:00,95.69305,96.33593,93.70684,95.84657,201500,0.0,0.0
2021-03-18 00:00:00-04:00,94.90626,96.27837,92.31554,92.84328,154600,0.0,0.0
2021-03-19 00:00:00-04:00,92.66099,93.39023,90.79951,91.13535,835100,0.0,0.0
2021-03-22 00:00:00-04:00,91.40401,92.51705,89.29306,91.15453,273800,0.0,0.0
2021-03-23 00:00:00-04:00,90.68435,92.10443,89.27385,89.95511,217100,0.0,0.0
2021-03-24 00:00:00-04:00,90.81869,91.82619,89.12034,89.22588,202100,0.0,0.0
2021-03-25 00:00:00-04:00,88.33355,91.17373,88.06488,90.8475,143600,0.0,0.0
2021-03-26 00:00:00-04:00,91.64389,92.21001,90.54044,92.19082,192000,0.0,0.0
2021-03-29 00:00:00-04:00,91.75902,92.77612,88.69816,88.83249,248600,0.0,0.0
2021-03-30 00:00:00-04:00,88.7845,90.78031,87.47955,90.4061,207800,0.0,0.0
2021-03-31 00:00:00-04:00,90.64598,92.28676,89.30265,89.30265,295700,0.0,0.0
2021-04-01 00:00:00-04:00,90.14703,92.47867,90.14703,92.04689,175500,0.0,0.0
2021-04-05 00:00:00-04:00,92.68977,93.88917,91.67268,92.98723,127100,0.0,0.0
2021-04-06 00:00:00-04:00,93.51496,94.61841,93.36144,94.25379,138100,0.0,0.0
2021-04-07 00:00:00-04:00,93.89875,94.04268,91.92213,92.61298,262700,0.0,0.0
2021-04-08 00:00:00-04:00,93.17911,93.39979,89.9743,90.7899,194600,0.0,0.0
2021-04-09 00:00:00-04:00,91.19292,92.37312,90.55963,91.49996,144300,0.0,0.0
2021-04-12 00:00:00-04:00,91.2217,91.94134,90.38691,90.96263,134100,0.0,0.0
2021-04-13 00:00:00-04:00,90.70355,91.15453,89.50415,90.67477,119200,0.0,0.0
2021-04-14 00:00:00-04:00,91.29845,92.86247,91.16412,91.29845,122200,0.0,0.0
2021-04-15 00:00:00-04:00,92.10444,92.76651,90.95302,91.99889,80200,0.0,0.0
2021-04-16 00:00:00-04:00,92.41149,93.03518,91.62469,91.97012,143300,0.0,0.0
2021-04-19 00:00:00-04:00,91.68226,92.84328,89.94552,92.69935,172500,0.0,0.0
2021-04-20 00:00:00-04:00,88.6022,90.62679,86.36652,86.90385,314800,0.0,0.0
2021-04-21 00:00:00-04:00,87.33563,91.64389,87.26847,90.95303,169100,0.0,0.0
2021-04-22 00:00:00-04:00,91.68227,92.32515,90.71315,91.75903,128300,0.0,0.0
2021-04-23 00:00:00-04:00,92.14283,94.32094,91.74943,93.59171,150300,0.0,0.0
2021-04-26 00:00:00-04:00,94.5704,95.42438,91.89334,92.31553,151800,0.0,0.0
2021-04-27 00:00:00-04:00,92.30596,92.95843,90.75154,91.72065,157800,0.0,0.0
2021-04-28 00:00:00-04:00,91.1929,92.23878,90.95302,91.06817,118000,0.0,0.0
2021-04-29 00:00:00-04:00,91.62467,91.62467,89.54251,90.05106,95300,0.0,0.0
2021-04-30 00:00:00-04:00,89.48495,90.50204,88.73652,89.60968,363500,0.0,0.0
2021-05-03 00:00:00-04:00,90.30056,90.40611,87.98811,88.65978,205100,0.0,0.0
2021-05-04 00:00:00-04:00,88.06485,89.21628,87.30683,88.9764,133900,0.0,0.0
2021-05-05 00:00:00-04:00,89.28347,90.243,87.4316,88.17043,282700,0.0,0.0
2021-05-06 00:00:00-04:00,87.84417,88.86126,87.40278,88.03607,208900,0.0,0.0
2021-05-07 00:00:00-04:00,88.30474,89.04358,87.5851,88.15122,218200,0.0,0.0
2021-05-10 00:00:00-04:00,88.00729,88.69815,87.10534,87.61388,202400,0.0,0.0
2021-05-11 00:00:00-04:00,86.14583,89.63848,85.91554,88.8037,336300,0.0,0.0
2021-05-12 00:00:00-04:00,87.85376,88.31433,85.67565,86.28014,163900,0.0,0.0
2021-05-13 00:00:00-04:00,86.67357,89.14914,86.67357,88.54463,127300,0.0,0.0
2021-05-14 00:00:00-04:00,89.70563,90.18539,89.12032,89.83997,109500,0.0,0.0
2021-05-17 00:00:00-04:00,89.55213,91.6055,88.77491,90.99141,146500,0.0,0.0
2021-05-18 00:00:00-04:00,90.9722,91.66306,88.96681,88.9764,104400,0.0,0.0
2021-05-19 00:00:00-04:00,87.84418,88.90925,86.97102,88.66937,65800,0.0,0.0
2021-05-20 00:00:00-04:00,88.74612,89.5809,88.45826,89.24507,96000,0.0,0.0
2021-05-21 00:00:00-04:00,90.12784,91.08736,88.85168,88.85168,97300,0.0,0.0
2021-05-24 00:00:00-04:00,89.13954,89.75363,88.58301,88.86127,63500,0.0,0.0
2021-05-25 00:00:00-04:00,89.03398,90.11823,88.73653,89.5905,142900,0.0,0.0
2021-05-26 00:00:00-04:00,89.86876,91.54793,89.86876,91.02019,124900,0.0,0.0
2021-05-27 00:00:00-04:00,91.70273,92.73137,91.24129,91.79887,173700,0.18,0.0
2021-05-28 00:00:00-04:00,92.05844,93.07746,91.85655,91.87578,90000,0.0,0.0
2021-06-01 00:00:00-04:00,92.04883,92.9525,90.72217,91.96231,207300,0.0,0.0
2021-06-02 00:00:00-04:00,92.35647,92.96212,91.41435,91.71237,368300,0.0,0.0
2021-06-03 00:00:00-04:00,91.4528,91.4528,88.51109,88.85717,177700,0.0,0.0
2021-06-04 00:00:00-04:00,89.20325,90.85676,88.95329,89.86658,80900,0.0,0.0
2021-06-07 00:00:00-04:00,89.82812,90.51068,89.43397,90.43377,145100,0.0,0.0
2021-06-08 00:00:00-04:00,90.96249,91.25089,89.53008,90.55872,147100,0.0,0.0
2021-06-09 00:00:00-04:00,91.12594,92.03922,89.58779,89.83774,114200,0.0,0.0
2021-06-10 00:00:00-04:00,90.06846,90.12613,89.39551,89.73198,55600,0.0,0.0
2021-06-11 00:00:00-04:00,90.23189,90.8856,89.83773,90.8856,48500,0.0,0.0
2021-06-14 00:00:00-04:00,91.09711,91.49126,90.74141,91.01059,84600,0.0,0.0
2021-06-15 00:00:00-04:00,91.36627,91.53932,90.51068,91.41434,288300,0.0,0.0
2021-06-16 00:00:00-04:00,91.29898,92.90442,90.94328,92.72176,103900,0.0,0.0
2021-06-17 00:00:00-04:00,92.63526,92.76985,91.07788,91.43358,105700,0.0,0.0
2021-06-18 00:00:00-04:00,89.62625,90.69333,88.65529,88.78026,257600,0.0,0.0
2021-06-21 00:00:00-04:00,89.05905,91.75082,88.79949,91.12595,117800,0.0,0.0
2021-06-22 00:00:00-04:00,90.92406,92.08728,89.65508,91.96231,92700,0.0,0.0
2021-06-23 00:00:00-04:00,91.98154,92.76984,91.02019,91.26053,108200,0.0,0.0
2021-06-24 00:00:00-04:00,91.75083,92.0873,91.13557,91.81812,72400,0.0,0.0
2021-06-25 00:00:00-04:00,91.81813,92.91406,91.81813,92.25073,313600,0.0,0.0
2021-06-28 00:00:00-04:00,92.28917,94.58679,92.04884,94.31761,125200,0.0,0.0
2021-06-29 00:00:00-04:00,94.70215,96.14417,94.21186,95.42316,116900,0.0,0.0
2021-06-30 00:00:00-04:00,94.98094,95.23088,93.44278,94.32722,118300,0.0,0.0
2021-07-01 00:00:00-04:00,95.06746,95.11553,94.27916,94.85596,90400,0.0,0.0
2021-07-02 00:00:00-04:00,95.40394,95.40394,93.72159,94.50028,69500,0.0,0.0
2021-07-06 00:00:00-04:00,95.06745,96.45179,93.89461,96.16338,139500,0.0,0.0
2021-07-07 00:00:00-04:00,96.23067,96.59598,95.09628,95.59618,111800,0.0,0.0
2021-07-08 00:00:00-04:00,94.0965,96.01919,93.76964,94.98094,67400,0.0,0.0
2021-07-09 00:00:00-04:00,95.83654,96.76904,95.28857,96.22107,71300,0.0,0.0
2021-07-12 00:00:00-04:00,95.91344,97.03822,95.75001,96.8844,76200,0.0,0.0
2021-07-13 00:00:00-04:00,96.74021,97.07669,94.98096,95.06747,80500,0.0,0.0
2021-07-14 00:00:00-04:00,95.41352,95.69232,94.01958,94.36566,66300,0.0,0.0
2021-07-15 00:00:00-04:00,94.05805,94.53873,92.75063,93.97153,91900,0.0,0.0
2021-07-16 00:00:00-04:00,95.08669,95.08669,92.31801,92.4526,110900,0.0,0.0
2021-07-19 00:00:00-04:00,91.14516,91.97192,90.25111,90.57797,128300,0.0,0.0
2021-07-20 00:00:00-04:00,92.71217,98.05724,90.91445,96.64407,241200,0.0,0.0
2021-07-21 00:00:00-04:00,96.76905,97.1632,93.67352,94.77906,149800,0.0,0.0
2021-07-22 00:00:00-04:00,95.00977,95.00977,93.5293,93.94268,78600,0.0,0.0
2021-07-23 00:00:00-04:00,94.55794,96.20184,93.6735,95.88459,71700,0.0,0.0
2021-07-26 00:00:00-04:00,96.47103,97.07668,95.47123,95.9519,86700,0.0,0.0
2021-07-27 00:00:00-04:00,94.82711,94.93286,92.86597,94.35606,73700,0.0,0.0
2021-07-28 00:00:00-04:00,94.35608,95.76926,93.62545,94.81752,60900,0.0,0.0
2021-07-29 00:00:00-04:00,95.7404,96.53832,94.8848,96.13455,76800,0.0,0.0
2021-07-30 00:00:00-04:00,95.90383,97.23049,95.90383,97.12474,138900,0.0,0.0
2021-08-02 00:00:00-04:00,98.3168,99.25892,96.0288,96.11533,112200,0.0,0.0
2021-08-03 00:00:00-04:00,96.3172,98.55712,95.94227,97.97071,107100,0.0,0.0
2021-08-04 00:00:00-04:00,96.79788,98.19183,96.4518,96.7402,72400,0.0,0.0
2021-08-05 00:00:00-04:00,96.75943,97.23048,96.0288,97.08628,60400,0.0,0.0
2021-08-06 00:00:00-04:00,97.12472,98.72056,97.12472,98.5379,93600,0.0,0.0
2021-08-09 00:00:00-04:00,98.84554,98.84554,97.42274,97.83612,68700,0.0,0.0
2021-08-10 00:00:00-04:00,98.3168,98.44178,97.08628,97.82652,134700,0.0,0.0
2021-08-11 00:00:00-04:00,98.51869,99.84534,97.49005,99.83572,76500,0.0,0.0
2021-08-12 00:00:00-04:00,100.37409,100.67211,99.40313,100.57597,73300,0.0,0.0
2021-08-13 00:00:00-04:00,100.65287,100.92205,100.07606,100.47983,56900,0.0,0.0
2021-08-16 00:00:00-04:00,100.43176,101.95068,99.23969,101.95068,75700,0.0,0.0
2021-08-17 00:00:00-04:00,100.96049,101.91223,99.26853,99.29737,91300,0.0,0.0
2021-08-18 00:00:00-04:00,99.11473,99.97994,97.65349,97.85537,98800,0.0,0.0
2021-08-19 00:00:00-04:00,97.08627,98.23989,97.08627,97.98032,91300,0.0,0.0
2021-08-20 00:00:00-04:00,98.63406,101.1624,97.99957,100.60482,151600,0.0,0.0
2021-08-23 00:00:00-04:00,101.1047,103.11392,101.1047,102.70054,86000,0.0,0.0
2021-08-24 00:00:00-04:00,103.05624,103.13315,100.72979,102.8063,95000,0.0,0.0
2021-08-25 00:00:00-04:00,102.79668,103.46961,101.7488,101.85455,68600,0.0,0.0
2021-08-26 00:00:00-04:00,101.57525,101.69083,100.81435,100.96846,40100,0.2,0.0
2021-08-27 00:00:00-04:00,101.18034,103.99278,101.18034,103.23188,133600,0.0,0.0
2021-08-30 00:00:00-04:00,103.31855,103.93499,102.21092,103.16445,87700,0.0,0.0
2021-08-31 00:00:00-04:00,103.85794,103.85794,102.36503,103.1452,80000,0.0,0.0
2021-09-01 00:00:00-04:00,103.4534,103.83866,101.43075,102.6347,84800,0.0,0.0
2021-09-02 00:00:00-04:00,102.97182,104.26246,101.80639,102.17239,88000,0.0,0.0
2021-09-03 00:00:00-04:00,102.25907,102.4806,101.44038,101.73896,64500,0.0,0.0
2021-09-07 00:00:00-04:00,101.80641,101.80641,99.81266,100.07272,81500,0.0,0.0
2021-09-08 00:00:00-04:00,99.78375,100.74691,98.89764,100.59281,83600,0.0,0.0
2021-09-09 00:00:00-04:00,100.21719,100.66024,98.43533,98.58944,83100,0.0,0.0
2021-09-10 00:00:00-04:00,98.92652,99.88005,98.20415,98.34863,82200,0.0,0.0
2021-09-13 00:00:00-04:00,99.26363,99.26363,96.81719,98.34863,103800,0.0,0.0
2021-09-14 00:00:00-04:00,99.04211,99.19621,97.51067,98.66647,138600,0.0,0.0
2021-09-15 00:00:00-04:00,98.59907,99.99565,98.59907,99.58149,117000,0.0,0.0
2021-09-16 00:00:00-04:00,99.67781,100.21719,97.99227,99.43702,111100,0.0,0.0
2021-09-17 00:00:00-04:00,100.09196,100.09196,98.04042,98.86874,547100,0.0,0.0
2021-09-20 00:00:00-04:00,97.10614,97.63588,95.30502,96.87498,130300,0.0,0.0
2021-09-21 00:00:00-04:00,98.07896,98.07896,95.99852,96.93279,65600,0.0,0.0
2021-09-22 00:00:00-04:00,97.5492,99.10953,96.71125,98.66647,81300,0.0,0.0
2021-09-23 00:00:00-04:00,99.5237,101.45003,99.49481,101.12255,59800,0.0,0.0
2021-09-24 00:00:00-04:00,101.12254,103.25113,100.45796,102.83697,75000,0.0,0.0
2021-09-27 00:00:00-04:00,102.57693,104.21431,102.11461,103.44378,75400,0.0,0.0
2021-09-28 00:00:00-04:00,103.28967,103.28967,101.10329,101.20924,101300,0.0,0.0
2021-09-29 00:00:00-04:00,101.63303,103.10668,100.45798,102.43246,123000,0.0,0.0
2021-09-30 00:00:00-04:00,103.0874,103.0874,97.41437,97.41437,141600,0.0,0.0
2021-10-01 00:00:00-04:00,98.12711,99.70669,96.92315,98.3968,143700,0.0,0.0
2021-10-04 00:00:00-04:00,97.74185,98.55091,95.86368,98.29086,89200,0.0,0.0
2021-10-05 00:00:00-04:00,98.96507,100.81435,98.48349,99.92824,76000,0.0,0.0
2021-10-06 00:00:00-04:00,98.84947,99.47553,97.23136,99.23474,89600,0.0,0.0
2021-10-07 00:00:00-04:00,100.41944,102.27835,100.41944,101.48856,92200,0.0,0.0
2021-10-08 00:00:00-04:00,102.00867,102.45172,101.18997,101.28629,48000,0.0,0.0
2021-10-11 00:00:00-04:00,100.66987,100.66987,96.78832,96.80759,105800,0.0,0.0
2021-10-12 00:00:00-04:00,96.85573,97.607,95.52657,96.76905,77300,0.0,0.0
2021-10-13 00:00:00-04:00,96.45121,97.43364,95.47841,97.06763,93300,0.0,0.0
2021-10-14 00:00:00-04:00,98.38716,99.88006,98.19452,99.0999,109100,0.0,0.0
2021-10-15 00:00:00-04:00,103.10666,103.10666,97.30841,99.8319,213900,0.0,0.0
2021-10-18 00:00:00-04:00,98.98431,100.00527,98.07895,98.47384,96500,0.0,0.0
2021-10-19 00:00:00-04:00,98.66651,99.58151,98.1175,98.67613,89600,0.0,0.0
2021-10-20 00:00:00-04:00,98.37754,100.30387,98.22344,100.23645,85300,0.0,0.0
2021-10-21 00:00:00-04:00,100.28461,100.98772,99.3696,100.6795,97100,0.0,0.0
2021-10-22 00:00:00-04:00,100.34238,102.19165,100.33275,100.63133,68500,0.0,0.0
2021-10-25 00:00:00-04:00,100.36165,101.16108,98.85912,100.01492,78900,0.0,0.0
2021-10-26 00:00:00-04:00,100.7084,101.05514,99.33107,99.51408,104700,0.0,0.0
2021-10-27 00:00:00-04:00,99.33107,100.60245,97.59738,97.73222,94500,0.0,0.0
2021-10-28 00:00:00-04:00,98.10786,99.67782,97.73223,98.30049,97200,0.0,0.0
2021-10-29 00:00:00-04:00,98.24269,99.95712,98.24269,98.48348,175300,0.0,0.0
2021-11-01 00:00:00-04:00,99.06136,100.20753,98.38715,98.81094,182800,0.0,0.0
2021-11-02 00:00:00-04:00,98.90728,101.11293,98.54128,99.40813,122500,0.0,0.0
2021-11-03 00:00:00-04:00,99.32143,100.55428,98.522,99.4659,105400,0.0,0.0
2021-11-04 00:00:00-04:00,99.65854,101.42113,98.83022,100.90102,102400,0.0,0.0
2021-11-05 00:00:00-04:00,102.42284,105.21601,102.42284,104.87891,100200,0.0,0.0
2021-11-08 00:00:00-05:00,105.78428,106.43923,104.28174,105.83244,118200,0.0,0.0
2021-11-09 00:00:00-05:00,105.94802,106.32365,104.53217,105.83244,66300,0.0,0.0
2021-11-10 00:00:00-05:00,105.77462,105.77462,104.63809,105.09077,97000,0.0,0.0
2021-11-11 00:00:00-05:00,105.28341,105.85168,104.54177,105.78426,47300,0.0,0.0
2021-11-12 00:00:00-05:00,106.8052,106.8052,104.97519,105.37972,73200,0.0,0.0
2021-11-15 00:00:00-05:00,104.88851,105.47604,104.17577,104.62845,85600,0.0,0.0
2021-11-16 00:00:00-05:00,104.02166,105.40862,103.96387,104.70551,92700,0.0,0.0
2021-11-17 00:00:00-05:00,104.80185,104.80185,103.752,104.24322,111000,0.0,0.0
2021-11-18 00:00:00-05:00,104.53215,104.53215,102.07609,103.35709,85800,0.0,0.0
2021-11-19 00:00:00-05:00,103.01998,104.89816,103.01998,104.4262,61600,0.0,0.0
2021-11-22 00:00:00-05:00,104.95593,106.91115,104.10834,105.53383,77500,0.0,0.0
2021-11-23 00:00:00-05:00,105.49532,106.82449,104.52252,106.09248,131100,0.0,0.0
2021-11-24 00:00:00-05:00,105.58107,106.31441,101.76001,103.13019,97200,0.2,0.0
2021-11-26 00:00:00-05:00,100.19683,100.89157,98.47928,99.52139,128600,0.0,0.0
2021-11-29 00:00:00-05:00,101.31613,101.48981,99.90735,101.12315,101700,0.0,0.0
2021-11-30 00:00:00-05:00,100.44772,101.34509,98.63368,98.76877,103500,0.0,0.0
2021-12-01 00:00:00-05:00,100.73721,101.60563,97.64947,97.71702,99600,0.0,0.0
2021-12-02 00:00:00-05:00,97.94859,101.76965,97.94859,101.28719,86300,0.0,0.0
2021-12-03 00:00:00-05:00,102.07843,102.07843,98.34421,99.25123,93300,0.0,0.0
2021-12-06 00:00:00-05:00,100.68895,103.80563,99.87843,103.12054,139500,0.0,0.0
2021-12-07 00:00:00-05:00,104.91527,106.7486,104.54859,105.6293,80300,0.0,0.0
2021-12-08 00:00:00-05:00,105.64861,108.41793,105.2916,106.87406,121500,0.0,0.0
2021-12-09 00:00:00-05:00,106.24685,107.72317,105.1758,105.1758,73200,0.0,0.0
2021-12-10 00:00:00-05:00,106.20827,106.20827,104.29773,104.51002,110700,0.0,0.0
2021-12-13 00:00:00-05:00,104.20124,105.18546,103.05299,104.30738,123500,0.0,0.0
2021-12-14 00:00:00-05:00,103.68982,104.44245,100.97841,102.13631,175900,0.0,0.0
2021-12-15 00:00:00-05:00,102.36791,103.78634,100.69861,103.59336,181400,0.0,0.0
2021-12-16 00:00:00-05:00,104.27843,104.90563,100.86263,100.98808,138400,0.0,0.0
2021-12-17 00:00:00-05:00,100.68895,102.24247,98.77843,100.24509,620700,0.0,0.0
2021-12-20 00:00:00-05:00,99.13544,99.13544,96.11525,97.89069,154700,0.0,0.0
2021-12-21 00:00:00-05:00,98.75912,100.05211,98.16088,99.83983,101500,0.0,0.0
2021-12-22 00:00:00-05:00,100.01351,102.04948,99.45385,101.84685,105500,0.0,0.0
2021-12-23 00:00:00-05:00,102.55123,102.95649,101.1714,101.49947,74800,0.0,0.0
2021-12-27 00:00:00-05:00,102.16527,103.17843,101.46088,102.79247,87500,0.0,0.0
2021-12-28 00:00:00-05:00,102.58982,103.98894,102.06876,102.74421,73900,0.0,0.0
2021-12-29 00:00:00-05:00,103.45824,103.45824,102.18456,102.83105,127800,0.0,0.0
2021-12-30 00:00:00-05:00,103.15914,103.72844,101.82755,101.93369,68100,0.0,0.0
2021-12-31 00:00:00-05:00,101.66351,103.37141,101.43193,102.8214,63600,0.0,0.0
2022-01-03 00:00:00-05:00,103.56437,104.9442,102.23278,102.7056,108800,0.0,0.0
2022-01-04 00:00:00-05:00,103.25562,103.69948,97.93893,98.41174,147100,0.0,0.0
2022-01-05 00:00:00-05:00,98.41174,100.01351,97.45648,97.59157,129500,0.0,0.0
2022-01-06 00:00:00-05:00,97.59155,98.18014,96.66523,96.86786,92100,0.0,0.0
2022-01-07 00:00:00-05:00,96.50122,96.50122,94.20472,94.33981,68600,0.0,0.0
2022-01-10 00:00:00-05:00,93.69328,93.93451,92.13977,93.93451,85900,0.0,0.0
2022-01-11 00:00:00-05:00,94.34944,94.34944,91.77312,93.78014,95800,0.0,0.0
2022-01-12 00:00:00-05:00,94.76437,95.72928,92.82489,93.95384,83100,0.0,0.0
2022-01-13 00:00:00-05:00,94.53278,95.05383,92.32312,92.5161,63700,0.0,0.0
2022-01-14 00:00:00-05:00,91.83103,93.21086,90.92401,91.71524,91500,0.0,0.0
2022-01-18 00:00:00-05:00,89.73717,90.43191,87.86523,88.43453,141900,0.0,0.0
2022-01-19 00:00:00-05:00,88.55995,90.36434,87.18977,87.72047,101800,0.0,0.0
2022-01-20 00:00:00-05:00,88.18362,90.17134,86.52396,86.67835,91400,0.0,0.0
2022-01-21 00:00:00-05:00,86.22484,88.29941,85.25993,86.35993,190200,0.0,0.0
2022-01-24 00:00:00-05:00,86.35995,90.52839,85.31784,89.83365,188100,0.0,0.0
2022-01-25 00:00:00-05:00,88.75293,89.23538,86.02221,86.35993,152400,0.0,0.0
2022-01-26 00:00:00-05:00,87.96171,88.0968,83.90906,84.6617,141600,0.0,0.0
2022-01-27 00:00:00-05:00,85.04766,86.35994,82.54853,83.24326,146400,0.0,0.0
2022-01-28 00:00:00-05:00,85.46259,91.29068,84.42048,91.13629,240800,0.0,0.0
2022-01-31 00:00:00-05:00,91.87926,97.89068,91.30996,97.62051,438500,0.0,0.0
2022-02-01 00:00:00-05:00,97.57227,100.22579,96.92577,98.55648,264300,0.0,0.0
2022-02-02 00:00:00-05:00,98.62401,99.87841,97.66875,99.64682,175100,0.0,0.0
2022-02-03 00:00:00-05:00,98.23805,99.30911,96.33717,96.84858,107300,0.0,0.0
2022-02-04 00:00:00-05:00,96.19243,97.45647,94.90909,96.43366,95800,0.0,0.0
2022-02-07 00:00:00-05:00,96.34681,97.45647,94.78365,96.05734,83200,0.0,0.0
2022-02-08 00:00:00-05:00,96.1442,98.78807,96.07666,98.39246,89700,0.0,0.0
2022-02-09 00:00:00-05:00,99.62753,100.35121,97.68804,99.56963,105100,0.0,0.0
2022-02-10 00:00:00-05:00,97.45649,99.78194,96.91614,97.67842,145700,0.0,0.0
2022-02-11 00:00:00-05:00,98.46965,99.67579,96.80034,98.11263,140400,0.0,0.0
2022-02-14 00:00:00-05:00,98.54684,100.98808,98.31526,99.07755,159500,0.0,0.0
2022-02-15 00:00:00-05:00,100.67931,101.25826,98.46001,100.39949,118200,0.0,0.0
2022-02-16 00:00:00-05:00,99.92665,101.63456,98.44068,100.95911,123200,0.0,0.0
2022-02-17 00:00:00-05:00,99.51177,99.60827,98.38282,98.85563,95800,0.0,0.0
2022-02-18 00:00:00-05:00,97.99682,98.92314,97.22489,97.87138,291900,0.0,0.0
2022-02-22 00:00:00-05:00,97.28279,98.16087,94.91875,95.69068,138800,0.0,0.0
2022-02-23 00:00:00-05:00,96.6942,96.88719,93.70296,93.95384,99800,0.0,0.0
2022-02-24 00:00:00-05:00,91.32385,96.16803,91.00478,95.97466,115500,0.2,0.0
2022-02-25 00:00:00-05:00,96.27439,97.03825,95.12378,96.75784,129900,0.0,0.0
2022-02-28 00:00:00-05:00,95.45254,96.39044,94.97876,96.11971,170600,0.0,0.0
2022-03-01 00:00:00-05:00,96.1197,96.87389,94.45663,94.52431,184900,0.0,0.0
2022-03-02 00:00:00-05:00,95.46221,96.56447,94.65968,95.42353,117500,0.0,0.0
2022-03-03 00:00:00-05:00,96.23573,96.60316,94.39861,96.11971,75900,0.0,0.0
2022-03-04 00:00:00-05:00,94.84337,95.39451,93.8378,94.38893,90200,0.0,0.0
2022-03-07 00:00:00-05:00,94.53396,94.53396,91.36253,91.41087,119800,0.0,0.0
2022-03-08 00:00:00-05:00,90.73405,93.33502,90.26994,91.20784,138600,0.0,0.0
2022-03-09 00:00:00-05:00,93.27701,94.53398,92.58084,93.18999,123800,0.0,0.0
2022-03-10 00:00:00-05:00,91.57526,92.18441,90.55035,91.33353,92900,0.0,0.0
2022-03-11 00:00:00-05:00,91.91367,92.66785,90.00887,90.00887,81200,0.0,0.0
2022-03-14 00:00:00-04:00,90.45366,91.14016,89.50609,90.70505,124900,0.0,0.0
2022-03-15 00:00:00-04:00,91.57527,92.52283,89.93154,91.83633,92500,0.0,0.0
2022-03-16 00:00:00-04:00,92.79355,94.2149,91.57526,93.64442,128400,0.0,0.0
2022-03-17 00:00:00-04:00,93.51872,95.13345,92.93858,94.28258,106000,0.0,0.0
2022-03-18 00:00:00-04:00,94.8047,96.64181,94.13754,96.60314,279300,0.0,0.0
2022-03-21 00:00:00-04:00,95.84895,96.73851,95.34617,96.32274,74000,0.0,0.0
2022-03-22 00:00:00-04:00,96.8642,98.42091,95.76193,96.47744,108200,0.0,0.0
2022-03-23 00:00:00-04:00,95.67492,96.31308,94.621,94.75636,87300,0.0,0.0
2022-03-24 00:00:00-04:00,95.10445,95.7426,94.54365,95.59757,81100,0.0,0.0
2022-03-25 00:00:00-04:00,95.84896,96.4291,95.19146,96.39043,83000,0.0,0.0
2022-03-28 00:00:00-04:00,96.05201,97.27031,95.16246,96.28407,92500,0.0,0.0
2022-03-29 00:00:00-04:00,97.72473,98.94303,96.67081,97.67638,103500,0.0,0.0
2022-03-30 00:00:00-04:00,97.86979,97.86979,95.92631,96.30341,88300,0.0,0.0
2022-03-31 00:00:00-04:00,96.01333,97.78276,96.01333,96.40976,108100,0.0,0.0
2022-04-01 00:00:00-04:00,96.35175,99.27179,96.35175,98.94305,154900,0.0,0.0
2022-04-04 00:00:00-04:00,98.50793,98.87536,97.30898,98.83669,80800,0.0,0.0
2022-04-05 00:00:00-04:00,98.42092,98.43059,95.71359,96.13903,79600,0.0,0.0
2022-04-06 00:00:00-04:00,94.95941,95.93599,94.2149,94.94008,113900,0.0,0.0
2022-04-07 00:00:00-04:00,94.75636,95.75227,94.62099,95.27849,114600,0.0,0.0
2022-04-08 00:00:00-04:00,95.11412,95.81028,92.8419,92.8419,118400,0.0,0.0
2022-04-11 00:00:00-04:00,92.47449,93.10298,90.60837,90.79208,94600,0.0,0.0
2022-04-12 00:00:00-04:00,92.0297,93.01593,91.16915,91.38187,123500,0.0,0.0
2022-04-13 00:00:00-04:00,91.86533,92.66785,91.25618,92.58083,87200,0.0,0.0
2022-04-14 00:00:00-04:00,93.07396,93.0933,90.68571,90.70505,116100,0.0,0.0
2022-04-18 00:00:00-04:00,89.83484,91.91367,89.83484,91.07247,134100,0.0,0.0
2022-04-19 00:00:00-04:00,87.99773,88.36515,84.30417,84.66192,227300,0.0,0.0
2022-04-20 00:00:00-04:00,85.5998,85.88021,83.84004,84.62323,198900,0.0,0.0
2022-04-21 00:00:00-04:00,85.36774,86.12192,81.8869,82.45737,239900,0.0,0.0
2022-04-22 00:00:00-04:00,82.46705,83.16323,80.77498,80.79431,161300,0.0,0.0
2022-04-25 00:00:00-04:00,80.52357,81.87723,79.06354,81.43246,196900,0.0,0.0
2022-04-26 00:00:00-04:00,80.52358,81.58717,78.51242,78.77349,176400,0.0,0.0
2022-04-27 00:00:00-04:00,79.00554,80.37854,78.34804,78.64778,195400,0.0,0.0
2022-04-28 00:00:00-04:00,79.67271,80.26252,78.26103,79.42131,140000,0.0,0.0
2022-04-29 00:00:00-04:00,78.8315,80.14648,77.8936,78.0193,284900,0.0,0.0
2022-05-02 00:00:00-04:00,78.25136,78.62845,75.8051,77.77758,128300,0.0,0.0
2022-05-03 00:00:00-04:00,77.34245,78.3287,76.64628,77.76789,134700,0.0,0.0
2022-05-04 00:00:00-04:00,77.76791,81.7032,77.59386,81.66452,133100,0.0,0.0
2022-05-05 00:00:00-04:00,80.35922,80.46558,77.13943,77.99031,132500,0.0,0.0
2022-05-06 00:00:00-04:00,77.62285,77.93226,75.91144,76.93636,97100,0.0,0.0
2022-05-09 00:00:00-04:00,76.08549,76.12417,74.27738,74.75116,112000,0.0,0.0
2022-05-10 00:00:00-04:00,75.71806,76.56894,74.30639,75.06057,89900,0.0,0.0
2022-05-11 00:00:00-04:00,75.13793,76.1145,73.44585,73.79394,70600,0.0,0.0
2022-05-12 00:00:00-04:00,73.1171,75.04123,72.87538,74.95421,141400,0.0,0.0
2022-05-13 00:00:00-04:00,76.00814,76.65596,75.1766,75.87277,101300,0.0,0.0
2022-05-16 00:00:00-04:00,75.46667,75.60203,74.35473,74.96387,81900,0.0,0.0
2022-05-17 00:00:00-04:00,76.29821,76.85901,75.36032,76.83968,92200,0.0,0.0
2022-05-18 00:00:00-04:00,75.34098,76.41424,74.17103,74.64481,150000,0.0,0.0
2022-05-19 00:00:00-04:00,74.55779,76.14351,74.12269,74.8962,101700,0.0,0.0
2022-05-20 00:00:00-04:00,75.41834,75.64073,72.34359,74.78985,158500,0.0,0.0
2022-05-23 00:00:00-04:00,76.00814,76.00814,74.19036,74.98322,99900,0.0,0.0
2022-05-24 00:00:00-04:00,74.64479,75.12824,73.22345,74.67381,88900,0.0,0.0
2022-05-25 00:00:00-04:00,74.42242,75.13792,73.74558,74.37407,87500,0.0,0.0
2022-05-26 00:00:00-04:00,75.1496,76.36138,73.55006,74.05415,203600,0.2,0.0
2022-05-27 00:00:00-04:00,74.97512,77.41807,74.97512,76.82672,160400,0.0,0.0
2022-05-31 00:00:00-04:00,76.1869,77.21449,74.60674,76.72009,195900,0.0,0.0
2022-06-01 00:00:00-04:00,76.98182,77.85429,76.10934,77.3502,141900,0.0,0.0
2022-06-02 00:00:00-04:00,77.75738,79.79316,77.60227,79.735,89900,0.0,0.0
2022-06-03 00:00:00-04:00,79.16301,79.16301,78.06755,78.62012,84900,0.0,0.0
2022-06-06 00:00:00-04:00,79.56048,79.56048,78.10634,78.55228,82700,0.0,0.0
2022-06-07 00:00:00-04:00,77.62163,79.49262,77.20478,79.44415,68800,0.0,0.0
2022-06-08 00:00:00-04:00,79.30844,79.43447,77.84462,78.30024,69900,0.0,0.0
2022-06-09 00:00:00-04:00,77.71859,78.3681,76.50681,76.96244,85400,0.0,0.0
2022-06-10 00:00:00-04:00,75.80881,75.92514,74.20927,75.4986,145900,0.0,0.0
2022-06-13 00:00:00-04:00,73.54037,74.73276,72.65819,72.87147,147300,0.0,0.0
2022-06-14 00:00:00-04:00,72.90056,73.33681,71.34949,71.96023,98900,0.0,0.0
2022-06-15 00:00:00-04:00,72.89086,74.40315,72.43523,73.07504,106200,0.0,0.0
2022-06-16 00:00:00-04:00,71.81482,72.27045,70.96172,71.40766,176700,0.0,0.0
2022-06-17 00:00:00-04:00,72.22195,73.51129,71.9796,72.8036,228000,0.0,0.0
2022-06-21 00:00:00-04:00,73.71488,74.89758,72.81332,74.21898,142400,0.0,0.0
2022-06-22 00:00:00-04:00,73.26892,75.37257,72.78421,75.05266,110700,0.0,0.0
2022-06-23 00:00:00-04:00,75.31442,76.64253,74.87818,76.5262,111800,0.0,0.0
2022-06-24 00:00:00-04:00,77.08845,79.28905,76.99151,79.25996,227900,0.0,0.0
2022-06-27 00:00:00-04:00,80.03549,80.03549,78.14512,78.24206,128300,0.0,0.0
2022-06-28 00:00:00-04:00,78.63954,79.01761,76.8655,77.01091,78300,0.0,0.0
2022-06-29 00:00:00-04:00,77.35991,77.75736,75.26595,77.30173,105200,0.0,0.0
2022-06-30 00:00:00-04:00,76.55527,78.99821,76.29352,78.41656,122400,0.0,0.0
2022-07-01 00:00:00-04:00,78.47473,79.42477,77.1951,78.12574,115900,0.0,0.0
2022-07-05 00:00:00-04:00,76.8558,78.46504,74.81032,78.45535,165000,0.0,0.0
2022-07-06 00:00:00-04:00,77.98031,79.70588,77.88336,78.91096,74700,0.0,0.0
2022-07-07 00:00:00-04:00,79.32784,80.53961,78.49413,79.35692,114200,0.0,0.0
2022-07-08 00:00:00-04:00,78.73649,80.00643,77.52471,78.66863,68200,0.0,0.0
2022-07-11 00:00:00-04:00,78.30994,78.60076,77.45685,77.67012,67200,0.0,0.0
2022-07-12 00:00:00-04:00,77.93186,78.47474,75.66342,76.00272,79700,0.0,0.0
2022-07-13 00:00:00-04:00,75.1981,76.75887,74.88789,76.48743,60400,0.0,0.0
2022-07-14 00:00:00-04:00,75.61495,76.75887,74.52919,76.55529,93700,0.0,0.0
2022-07-15 00:00:00-04:00,77.97061,79.53138,77.20477,79.11453,118500,0.0,0.0
2022-07-18 00:00:00-04:00,79.74469,80.09368,77.48593,77.90279,110300,0.0,0.0
2022-07-19 00:00:00-04:00,78.99824,80.16155,78.38751,80.16155,123100,0.0,0.0
2022-07-20 00:00:00-04:00,83.37032,85.19283,81.68352,84.59179,290300,0.0,0.0
2022-07-21 00:00:00-04:00,84.91169,87.99445,84.91169,87.79087,224700,0.0,0.0
2022-07-22 00:00:00-04:00,88.29498,88.74091,84.78567,86.38522,156600,0.0,0.0
2022-07-25 00:00:00-04:00,86.61788,86.85053,85.51273,86.51124,120500,0.0,0.0
2022-07-26 00:00:00-04:00,85.88112,87.37403,85.43518,87.30617,119300,0.0,0.0
2022-07-27 00:00:00-04:00,87.51943,89.01234,86.84083,88.51793,104500,0.0,0.0
2022-07-28 00:00:00-04:00,88.59552,90.95121,88.14958,90.89305,95800,0.0,0.0
2022-07-29 00:00:00-04:00,91.01907,93.31661,91.01907,93.24875,216600,0.0,0.0
2022-08-01 00:00:00-04:00,92.25992,93.68498,91.56194,93.33598,153000,0.0,0.0
2022-08-02 00:00:00-04:00,93.17118,93.17118,92.03695,93.11301,130300,0.0,0.0
2022-08-03 00:00:00-04:00,93.30689,94.83858,93.07423,94.49928,107700,0.0,0.0
2022-08-04 00:00:00-04:00,94.66408,95.18757,92.99668,93.77222,97700,0.0,0.0
2022-08-05 00:00:00-04:00,92.73494,93.25842,91.98848,93.20026,85300,0.0,0.0
2022-08-08 00:00:00-04:00,93.39414,94.50897,93.21965,94.15029,97400,0.0,0.0
2022-08-09 00:00:00-04:00,93.93702,94.26662,92.99668,94.00488,101700,0.0,0.0
2022-08-10 00:00:00-04:00,95.77892,96.61262,94.47989,96.24424,108500,0.0,0.0
2022-08-11 00:00:00-04:00,96.94222,96.94222,95.42022,95.74982,62600,0.0,0.0
2022-08-12 00:00:00-04:00,96.39936,97.679,95.21666,97.34939,72400,0.0,0.0
2022-08-15 00:00:00-04:00,98.1637,99.31731,98.1637,98.53208,102600,0.0,0.0
2022-08-16 00:00:00-04:00,97.62082,99.58876,97.21367,99.28823,78000,0.0,0.0
2022-08-17 00:00:00-04:00,98.35758,99.76324,97.71776,99.47241,68900,0.0,0.0
2022-08-18 00:00:00-04:00,99.1816,100.14134,98.14432,99.31732,79900,0.0,0.0
2022-08-19 00:00:00-04:00,98.4836,98.93923,97.63051,98.08614,90200,0.0,0.0
2022-08-22 00:00:00-04:00,97.10703,97.87288,96.07945,96.35088,97200,0.0,0.0
2022-08-23 00:00:00-04:00,96.14731,97.23307,94.46052,94.84828,89600,0.0,0.0
2022-08-24 00:00:00-04:00,94.84828,95.84679,94.12121,95.16819,117300,0.0,0.0
2022-08-25 00:00:00-04:00,95.49367,97.08718,95.24104,96.99001,64500,0.225,0.0
2022-08-26 00:00:00-04:00,96.99003,97.40784,94.13338,94.31799,55600,0.0,0.0
2022-08-29 00:00:00-04:00,93.51152,94.47346,93.01599,94.06536,80300,0.0,0.0
2022-08-30 00:00:00-04:00,94.43458,94.49288,91.4419,91.92773,108700,0.0,0.0
2022-08-31 00:00:00-04:00,92.28724,93.00626,91.5002,92.00546,217900,0.0,0.0
2022-09-01 00:00:00-04:00,91.56822,92.23866,90.34395,92.14149,92000,0.0,0.0
2022-09-02 00:00:00-04:00,93.2103,93.59896,90.98522,91.34473,83000,0.0,0.0
2022-09-06 00:00:00-04:00,91.33504,91.33504,89.5472,90.52856,100600,0.0,0.0
2022-09-07 00:00:00-04:00,90.9075,94.10422,90.9075,93.7933,106000,0.0,0.0
2022-09-08 00:00:00-04:00,93.28803,94.8621,92.80221,93.75442,64100,0.0,0.0
2022-09-09 00:00:00-04:00,94.318,95.64916,94.2597,94.33743,70300,0.0,0.0
2022-09-12 00:00:00-04:00,95.27993,96.07668,94.75524,95.54228,79000,0.0,0.0
2022-09-13 00:00:00-04:00,93.63784,93.89047,91.58766,92.01518,95000,0.0,0.0
2022-09-14 00:00:00-04:00,92.19007,92.19007,90.43139,91.57793,217300,0.0,0.0
2022-09-15 00:00:00-04:00,91.0824,91.61681,89.07109,89.64436,90700,0.0,0.0
2022-09-16 00:00:00-04:00,89.50834,90.6063,87.53589,90.56744,313700,0.0,0.0
2022-09-19 00:00:00-04:00,89.93585,92.68562,89.93585,92.51073,94900,0.0,0.0
2022-09-20 00:00:00-04:00,92.10261,92.6856,90.08158,91.41274,118900,0.0,0.0
2022-09-21 00:00:00-04:00,92.2484,93.67672,90.88809,91.10185,90400,0.0,0.0
2022-09-22 00:00:00-04:00,90.53827,90.65487,89.30428,90.14961,91400,0.0,0.0
2022-09-23 00:00:00-04:00,89.39172,90.63543,88.27432,89.76094,157200,0.0,0.0
2022-09-26 00:00:00-04:00,89.55691,91.62652,89.0808,89.60549,136200,0.0,0.0
2022-09-27 00:00:00-04:00,90.36338,91.37389,89.38201,90.27593,131300,0.0,0.0
2022-09-28 00:00:00-04:00,90.57713,92.53015,89.65406,92.02489,112600,0.0,0.0
2022-09-29 00:00:00-04:00,91.34473,91.53906,89.82895,91.44189,109200,0.0,0.0
2022-09-30 00:00:00-04:00,91.4419,92.94796,89.73179,89.77066,150400,0.0,0.0
2022-10-03 00:00:00-04:00,90.36337,92.66618,90.23706,92.45242,114100,0.0,0.0
2022-10-04 00:00:00-04:00,94.04592,95.26049,92.82164,93.40463,212800,0.0,0.0
2022-10-05 00:00:00-04:00,92.28725,94.37629,92.28725,93.87103,91500,0.0,0.0
2022-10-06 00:00:00-04:00,93.51151,94.72607,93.23945,93.78357,70300,0.0,0.0
2022-10-07 00:00:00-04:00,92.53988,92.53988,89.5472,90.75204,100600,0.0,0.0
2022-10-10 00:00:00-04:00,91.4322,91.4322,89.4306,90.82006,72900,0.0,0.0
2022-10-11 00:00:00-04:00,90.27593,90.94636,88.70185,89.6735,150100,0.0,0.0
2022-10-12 00:00:00-04:00,89.81926,89.81926,88.03142,88.03142,91700,0.0,0.0
2022-10-13 00:00:00-04:00,86.58366,89.65407,85.6606,89.36258,119400,0.0,0.0
2022-10-14 00:00:00-04:00,90.42168,90.42168,87.85653,88.46867,102400,0.0,0.0
2022-10-17 00:00:00-04:00,89.92614,94.38601,89.92614,93.81274,237700,0.0,0.0
2022-10-18 00:00:00-04:00,94.85239,95.68801,93.27832,94.22082,179600,0.0,0.0
2022-10-19 00:00:00-04:00,93.48237,98.58353,93.084,97.51472,247800,0.0,0.0
2022-10-20 00:00:00-04:00,97.64101,98.67096,93.60866,94.91068,165100,0.0,0.0
2022-10-21 00:00:00-04:00,96.13497,98.70012,94.93983,98.64182,402600,0.0,0.0
2022-10-24 00:00:00-04:00,98.84589,101.76084,98.66127,100.98351,151200,0.0,0.0
2022-10-25 00:00:00-04:00,101.38188,108.89273,101.38188,108.73727,396000,0.0,0.0
2022-10-26 00:00:00-04:00,108.70811,109.80607,104.80208,104.93811,356900,0.0,0.0
2022-10-27 00:00:00-04:00,106.04581,108.25146,104.94785,107.91138,219800,0.0,0.0
2022-10-28 00:00:00-04:00,108.29031,108.71784,106.76482,108.56238,183200,0.0,0.0
2022-10-31 00:00:00-04:00,111.91456,111.91456,108.4652,109.29111,482300,0.0,0.0
2022-11-01 00:00:00-04:00,110.18503,112.41982,109.65062,111.83683,277600,0.0,0.0
2022-11-02 00:00:00-04:00,111.04978,111.72994,107.03688,107.54213,208800,0.0,0.0
2022-11-03 00:00:00-04:00,106.26928,106.93,105.32678,106.19154,131200,0.0,0.0
2022-11-04 00:00:00-04:00,107.57128,108.30001,105.13243,105.82231,159300,0.0,0.0
2022-11-07 00:00:00-05:00,105.60855,109.78664,105.53082,109.41741,203900,0.0,0.0
2022-11-08 00:00:00-05:00,109.76722,109.76722,106.31786,106.5219,120900,0.0,0.0
2022-11-09 00:00:00-05:00,105.36564,106.91056,104.88953,105.21017,111100,0.0,0.0
2022-11-10 00:00:00-05:00,109.24253,110.67086,108.0474,110.63199,147300,0.0,0.0
2022-11-11 00:00:00-05:00,111.49675,111.49675,107.95023,108.1057,118100,0.0,0.0
2022-11-14 00:00:00-05:00,107.06602,109.50486,107.06602,107.54213,86900,0.0,0.0
2022-11-15 00:00:00-05:00,108.78584,112.93479,108.47491,112.72102,199800,0.0,0.0
2022-11-16 00:00:00-05:00,112.71131,114.0036,111.61334,112.36151,111600,0.0,0.0
2022-11-17 00:00:00-05:00,110.68059,112.58502,110.20447,112.49757,68000,0.0,0.0
2022-11-18 00:00:00-05:00,114.62545,114.62545,111.85625,112.8862,114700,0.0,0.0
2022-11-21 00:00:00-05:00,112.80849,113.2263,112.00202,112.57529,90000,0.0,0.0
2022-11-22 00:00:00-05:00,113.35261,113.97447,112.55585,113.79957,67200,0.0,0.0
2022-11-23 00:00:00-05:00,114.15487,114.62216,112.96718,113.69732,50800,0.225,0.0
2022-11-25 00:00:00-05:00,113.80444,114.35935,113.33715,113.64867,32600,0.0,0.0
2022-11-28 00:00:00-05:00,113.14243,113.14243,109.61829,110.5334,98400,0.0,0.0
2022-11-29 00:00:00-05:00,110.40686,113.32741,109.33598,109.49174,87200,0.0,0.0
2022-11-30 00:00:00-05:00,109.43333,112.82117,108.12881,112.75303,155100,0.0,0.0
2022-12-01 00:00:00-05:00,112.98667,113.22032,111.49719,111.90607,92200,0.0,0.0
2022-12-02 00:00:00-05:00,110.27054,113.15217,109.92981,112.21758,85400,0.0,0.0
2022-12-05 00:00:00-05:00,111.00069,111.69189,108.91736,111.0591,126300,0.0,0.0
2022-12-06 00:00:00-05:00,111.5556,111.60428,109.31651,109.63777,111700,0.0,0.0
2022-12-07 00:00:00-05:00,108.9563,111.14672,108.66425,111.01043,91200,0.0,0.0
2022-12-08 00:00:00-05:00,111.85738,114.14515,111.49717,113.96017,110300,0.0,0.0
2022-12-09 00:00:00-05:00,113.67786,115.24523,113.18137,113.44422,282300,0.0,0.0
2022-12-12 00:00:00-05:00,112.91854,114.90452,112.91854,114.21332,120600,0.0,0.0
2022-12-13 00:00:00-05:00,116.43293,117.34804,114.36908,114.61246,131800,0.0,0.0
2022-12-14 00:00:00-05:00,114.23277,115.22576,111.83791,113.34687,104600,0.0,0.0
2022-12-15 00:00:00-05:00,112.41228,112.41228,108.489,109.7351,160000,0.0,0.0
2022-12-16 00:00:00-05:00,108.57663,109.29703,105.76316,107.2137,613000,0.0,0.0
2022-12-19 00:00:00-05:00,107.53496,108.46954,105.94812,106.53223,130700,0.0,0.0
2022-12-20 00:00:00-05:00,106.09414,108.96602,106.026,108.42085,114000,0.0,0.0
2022-12-21 00:00:00-05:00,108.90763,110.30949,108.0996,109.89088,96400,0.0,0.0
2022-12-22 00:00:00-05:00,108.67399,108.67399,105.88,107.22345,76700,0.0,0.0
2022-12-23 00:00:00-05:00,107.42785,107.71991,106.68797,106.71719,67600,0.0,0.0
2022-12-27 00:00:00-05:00,106.86322,107.6615,105.93838,107.40839,84600,0.0,0.0
2022-12-28 00:00:00-05:00,107.47655,108.33325,105.31534,105.42242,79400,0.0,0.0
2022-12-29 00:00:00-05:00,106.5809,108.10933,106.5809,107.74912,57300,0.0,0.0
2022-12-30 00:00:00-05:00,106.93137,106.93137,105.48083,106.14282,70500,0.0,0.0
2023-01-03 00:00:00-05:00,106.00653,108.29429,105.23744,106.76587,134100,0.0,0.0
2023-01-04 00:00:00-05:00,107.74912,108.11906,105.56844,106.15255,87000,0.0,0.0
2023-01-05 00:00:00-05:00,105.59766,105.94813,104.34182,104.52679,71100,0.0,0.0
2023-01-06 00:00:00-05:00,105.81183,106.53223,104.88698,105.1401,142800,0.0,0.0
2023-01-09 00:00:00-05:00,105.51004,106.9898,102.63816,102.93022,133100,0.0,0.0
2023-01-10 00:00:00-05:00,103.03729,107.34998,103.03729,107.26237,261000,0.0,0.0
2023-01-11 00:00:00-05:00,107.34026,111.93527,106.61985,110.26082,210200,0.0,0.0
2023-01-12 00:00:00-05:00,110.27055,111.7211,108.93683,111.26354,97200,0.0,0.0
2023-01-13 00:00:00-05:00,111.36089,113.4637,110.65996,112.99641,78500,0.0,0.0
2023-01-17 00:00:00-05:00,112.99641,114.8169,112.49992,113.33714,109500,0.0,0.0
2023-01-18 00:00:00-05:00,113.97967,115.14789,112.06183,112.87959,174400,0.0,0.0
2023-01-19 00:00:00-05:00,112.69461,112.69461,108.94657,109.00497,160200,0.0,0.0
2023-01-20 00:00:00-05:00,110.09531,112.13971,109.23862,111.97421,182900,0.0,0.0
2023-01-23 00:00:00-05:00,111.74057,112.86985,110.77678,111.59454,188400,0.0,0.0
2023-01-24 00:00:00-05:00,111.11752,113.35661,110.6697,111.11752,85200,0.0,0.0
2023-01-25 00:00:00-05:00,109.85194,112.37336,109.21916,112.36362,124400,0.0,0.0
2023-01-26 00:00:00-05:00,113.06454,113.20083,111.5848,113.07428,128700,0.0,0.0
2023-01-27 00:00:00-05:00,102.22928,112.91852,101.17788,108.96603,293100,0.0,0.0
2023-01-30 00:00:00-05:00,109.53067,111.25379,108.46953,109.44305,135700,0.0,0.0
2023-01-31 00:00:00-05:00,109.76433,113.89205,109.15101,112.83092,329000,0.0,0.0
2023-02-01 00:00:00-05:00,112.85039,116.92944,112.5194,115.87804,132300,0.0,0.0
2023-02-02 00:00:00-05:00,117.12413,117.12413,113.57079,114.97265,178400,0.0,0.0
2023-02-03 00:00:00-05:00,114.24252,118.3021,114.24252,117.84455,176000,0.0,0.0
2023-02-06 00:00:00-05:00,116.85154,118.48705,115.91696,117.68877,98600,0.0,0.0
2023-02-07 00:00:00-05:00,117.91268,120.14204,116.22849,119.60661,116500,0.0,0.0
2023-02-08 00:00:00-05:00,119.04197,120.01549,116.2577,117.22149,89400,0.0,0.0
2023-02-09 00:00:00-05:00,118.42864,119.15878,115.73199,116.71525,90000,0.0,0.0
2023-02-10 00:00:00-05:00,116.26742,117.59141,114.58323,115.60543,90000,0.0,0.0
2023-02-13 00:00:00-05:00,115.75149,118.14635,115.75149,118.049,102200,0.0,0.0
2023-02-14 00:00:00-05:00,118.01004,119.03223,116.59843,117.87375,76200,0.0,0.0
2023-02-15 00:00:00-05:00,117.51353,120.31726,117.51353,118.00029,97100,0.0,0.0
2023-02-16 00:00:00-05:00,116.73473,118.76938,116.50108,116.91969,101300,0.0,0.0
2023-02-17 00:00:00-05:00,117.31883,118.26314,116.27716,117.10465,200200,0.0,0.0
2023-02-21 00:00:00-05:00,115.67357,115.96563,114.45667,114.90449,87700,0.0,0.0
2023-02-22 00:00:00-05:00,115.04079,115.78067,113.59999,114.97265,116100,0.0,0.0
2023-02-23 00:00:00-05:00,115.67979,116.43084,114.02165,115.56275,87200,0.225,0.0
2023-02-24 00:00:00-05:00,114.44107,114.78245,112.61711,114.49959,100000,0.0,0.0
2023-02-27 00:00:00-05:00,115.81635,117.1136,115.52374,116.01143,93800,0.0,0.0
2023-02-28 00:00:00-05:00,116.19675,120.63473,115.97242,118.62545,286400,0.0,0.0
2023-03-01 00:00:00-05:00,118.0207,118.59617,116.10897,117.08434,177500,0.0,0.0
2023-03-02 00:00:00-05:00,116.6454,118.78148,116.48935,118.46936,78900,0.0,0.0
2023-03-03 00:00:00-05:00,119.0546,121.28822,118.33282,120.7225,97500,0.0,0.0
2023-03-06 00:00:00-05:00,120.91757,120.91757,115.91388,116.81123,169100,0.0,0.0
2023-03-07 00:00:00-05:00,117.02582,117.28917,114.49959,115.43595,93200,0.0,0.0
2023-03-08 00:00:00-05:00,115.64078,116.99655,114.29476,116.14798,88500,0.0,0.0
2023-03-09 00:00:00-05:00,116.55763,116.94778,114.6654,115.58225,81300,0.0,0.0
2023-03-10 00:00:00-05:00,115.0263,115.0263,112.14894,112.66589,86400,0.0,0.0
2023-03-13 00:00:00-04:00,111.19305,113.70953,110.39324,112.11966,99100,0.0,0.0
2023-03-14 00:00:00-04:00,114.59711,116.27476,113.40715,116.16747,122000,0.0,0.0
2023-03-15 00:00:00-04:00,113.62176,113.91438,109.69099,111.44667,157200,0.0,0.0
2023-03-16 00:00:00-04:00,110.09088,113.53396,110.09088,113.33888,118300,0.0,0.0
2023-03-17 00:00:00-04:00,112.7244,115.48472,111.10527,111.66124,478500,0.0,0.0
2023-03-20 00:00:00-04:00,112.28548,115.09456,112.19769,114.68491,121100,0.0,0.0
2023-03-21 00:00:00-04:00,116.45034,117.71834,113.22184,114.24599,124200,0.0,0.0
2023-03-22 00:00:00-04:00,113.91437,115.67005,113.18284,113.32915,111300,0.0,0.0
2023-03-23 00:00:00-04:00,113.98264,115.23112,111.91484,113.03652,109000,0.0,0.0
2023-03-24 00:00:00-04:00,112.51957,114.60688,111.92459,114.08993,79000,0.0,0.0
2023-03-27 00:00:00-04:00,115.14334,115.6993,114.34353,115.1726,49900,0.0,0.0
2023-03-28 00:00:00-04:00,114.40205,115.93339,114.18746,115.80659,63400,0.0,0.0
2023-03-29 00:00:00-04:00,117.16236,117.79635,115.49446,116.92826,88800,0.0,0.0
2023-03-30 00:00:00-04:00,117.67933,117.96219,116.05045,116.80149,58100,0.0,0.0
2023-03-31 00:00:00-04:00,117.53302,119.46427,117.33795,118.82052,110000,0.0,0.0
2023-04-03 00:00:00-04:00,118.5279,120.92733,117.25016,120.55669,137700,0.0,0.0
2023-04-04 00:00:00-04:00,120.58596,121.07365,116.87952,117.99146,107400,0.0,0.0
2023-04-05 00:00:00-04:00,117.13311,117.13311,115.23112,116.14798,82500,0.0,0.0
2023-04-06 00:00:00-04:00,115.64078,116.55764,114.63614,116.01143,92600,0.0,0.0
2023-04-10 00:00:00-04:00,115.27014,118.20603,115.27014,117.70859,184900,0.0,0.0
2023-04-11 00:00:00-04:00,118.11824,118.96683,116.61616,117.70859,121600,0.0,0.0
2023-04-12 00:00:00-04:00,118.50838,119.76662,117.63054,119.16188,85600,0.0,0.0
2023-04-13 00:00:00-04:00,119.64958,119.69835,116.57714,119.42525,96400,0.0,0.0
2023-04-14 00:00:00-04:00,119.07412,120.62497,117.73785,118.33283,107100,0.0,0.0
2023-04-17 00:00:00-04:00,118.16702,118.72299,116.3138,117.94268,125300,0.0,0.0
2023-04-18 00:00:00-04:00,118.77175,118.80102,116.59666,117.8744,130600,0.0,0.0
2023-04-19 00:00:00-04:00,117.30868,119.29845,116.08946,117.53302,193700,0.0,0.0
2023-04-20 00:00:00-04:00,123.92176,134.71919,123.54137,130.05688,480800,0.0,0.0
2023-04-21 00:00:00-04:00,130.63231,133.98762,130.14463,132.30022,614900,0.0,0.0
2023-04-24 00:00:00-04:00,132.80743,135.89937,130.73962,130.99323,250400,0.0,0.0
2023-04-25 00:00:00-04:00,130.57384,131.17858,128.77914,129.49117,186200,0.0,0.0
2023-04-26 00:00:00-04:00,128.96443,129.33508,125.76519,126.9649,201600,0.0,0.0
2023-04-27 00:00:00-04:00,127.53065,130.14465,127.53065,129.55943,137900,0.0,0.0
2023-04-28 00:00:00-04:00,129.2668,130.35922,128.25242,129.07173,380600,0.0,0.0
2023-05-01 00:00:00-04:00,129.71548,134.36802,129.71548,133.18782,163400,0.0,0.0
2023-05-02 00:00:00-04:00,132.84642,135.27511,131.99785,134.27048,152400,0.0,0.0
2023-05-03 00:00:00-04:00,134.69965,135.17758,130.66159,132.37825,259500,0.0,0.0
2023-05-04 00:00:00-04:00,131.83208,134.70944,131.77356,133.99742,178600,0.0,0.0
2023-05-05 00:00:00-04:00,134.75818,136.42607,133.59748,135.83109,135500,0.0,0.0
2023-05-08 00:00:00-04:00,135.52872,136.10418,133.4219,134.37778,132100,0.0,0.0
2023-05-09 00:00:00-04:00,134.04615,135.96765,133.83158,134.66064,174000,0.0,0.0
2023-05-10 00:00:00-04:00,135.65555,136.38708,133.37317,135.65555,131000,0.0,0.0
2023-05-11 00:00:00-04:00,135.3239,135.3239,133.37314,134.25098,106600,0.0,0.0
2023-05-12 00:00:00-04:00,134.47532,136.06519,132.75866,134.28999,154900,0.0,0.0
2023-05-15 00:00:00-04:00,134.28997,134.50456,132.74889,134.20219,122300,0.0,0.0
2023-05-16 00:00:00-04:00,133.44141,134.84595,132.53431,133.93886,76500,0.0,0.0
2023-05-17 00:00:00-04:00,134.17292,136.35777,133.58771,135.50919,104700,0.0,0.0
2023-05-18 00:00:00-04:00,135.76286,137.41125,135.40198,137.1869,94000,0.0,0.0
2023-05-19 00:00:00-04:00,138.5914,139.83988,138.25977,138.8645,183500,0.0,0.0
2023-05-22 00:00:00-04:00,138.34754,139.43021,137.18684,137.44044,75800,0.0,0.0
2023-05-23 00:00:00-04:00,136.93326,139.05959,136.29927,136.49434,104300,0.0,0.0
2023-05-24 00:00:00-04:00,135.5385,135.9384,133.31463,134.99228,134600,0.0,0.0
2023-05-25 00:00:00-04:00,135.8569,135.87645,133.18003,133.70758,194700,0.225,0.0
2023-05-26 00:00:00-04:00,133.86389,136.15975,133.86389,135.9839,117000,0.0,0.0
2023-05-30 00:00:00-04:00,136.09137,138.64125,135.9839,136.47238,123400,0.0,0.0
2023-05-31 00:00:00-04:00,135.82757,136.67753,133.58055,134.69429,381100,0.0,0.0
2023-06-01 00:00:00-04:00,135.2121,138.91481,134.12767,138.79758,188800,0.0,0.0
2023-06-02 00:00:00-04:00,138.79758,141.95317,136.96088,141.66008,139900,0.0,0.0
2023-06-05 00:00:00-04:00,140.14577,141.44513,137.41026,140.44862,149600,0.0,0.0
2023-06-06 00:00:00-04:00,139.99922,143.60423,138.77801,142.95943,138200,0.0,0.0
2023-06-07 00:00:00-04:00,143.3893,147.60979,143.3893,147.29716,270200,0.0,0.0
2023-06-08 00:00:00-04:00,146.6035,148.97754,145.23576,147.55116,202600,0.0,0.0
2023-06-09 00:00:00-04:00,148.19595,149.77863,146.68165,148.99706,163800,0.0,0.0
2023-06-12 00:00:00-04:00,149.44647,151.67395,147.95172,150.06197,162900,0.0,0.0
2023-06-13 00:00:00-04:00,150.06198,152.55323,147.6684,148.52814,197700,0.0,0.0
2023-06-14 00:00:00-04:00,148.4988,148.93843,146.35924,146.77934,157500,0.0,0.0
2023-06-15 00:00:00-04:00,146.19318,147.25806,144.69842,146.08571,178200,0.0,0.0
2023-06-16 00:00:00-04:00,147.39483,147.39483,144.42487,146.0564,447700,0.0,0.0
2023-06-20 00:00:00-04:00,146.05644,148.42069,145.45072,145.9099,144800,0.0,0.0
2023-06-21 00:00:00-04:00,145.23576,149.20224,144.70819,147.47301,130800,0.0,0.0
2023-06-22 00:00:00-04:00,147.05293,147.32648,142.94968,143.66286,163700,0.0,0.0
2023-06-23 00:00:00-04:00,142.28533,143.75077,140.24347,140.35094,212300,0.0,0.0
2023-06-26 00:00:00-04:00,140.86874,142.41235,139.85269,140.86874,167100,0.0,0.0
2023-06-27 00:00:00-04:00,141.56235,142.18761,140.56586,141.37674,124000,0.0,0.0
2023-06-28 00:00:00-04:00,141.08365,142.20716,139.95037,140.99573,195900,0.0,0.0
2023-06-29 00:00:00-04:00,140.57565,145.23578,140.12624,143.91687,152200,0.0,0.0
2023-06-30 00:00:00-04:00,144.70819,145.8024,143.4186,144.16109,151500,0.0,0.0
2023-07-03 00:00:00-04:00,143.53585,144.20996,142.44165,143.59447,64700,0.0,0.0
2023-07-05 00:00:00-04:00,142.57841,143.07666,137.31256,138.35791,200500,0.0,0.0
2023-07-06 00:00:00-04:00,136.89245,138.08435,135.51494,137.06831,149600,0.0,0.0
2023-07-07 00:00:00-04:00,137.08787,139.31535,136.70684,136.85339,179600,0.0,0.0
2023-07-10 00:00:00-04:00,136.17931,140.72219,136.17931,140.39003,155200,0.0,0.0
2023-07-11 00:00:00-04:00,140.93709,143.33067,140.67332,143.1255,232900,0.0,0.0
2023-07-12 00:00:00-04:00,144.79614,144.79614,140.52679,140.5854,161000,0.0,0.0
2023-07-13 00:00:00-04:00,140.42911,141.33768,139.26652,139.72569,174400,0.0,0.0
2023-07-14 00:00:00-04:00,139.2079,140.80034,138.85619,139.10043,96900,0.0,0.0
2023-07-17 00:00:00-04:00,139.58892,145.17717,139.58892,143.02783,193100,0.0,0.0
2023-07-18 00:00:00-04:00,142.63701,143.7996,141.59165,143.68237,177600,0.0,0.0
2023-07-19 00:00:00-04:00,144.11223,144.11223,140.73194,142.29507,203200,0.0,0.0
2023-07-20 00:00:00-04:00,154.36064,154.36064,145.74379,153.42274,291700,0.0,0.0
2023-07-21 00:00:00-04:00,155.32783,160.80861,154.71234,160.22243,580500,0.0,0.0
2023-07-24 00:00:00-04:00,161.19938,163.15331,158.52249,159.7437,389300,0.0,0.0
2023-07-25 00:00:00-04:00,159.85116,163.11423,159.85116,161.01375,188200,0.0,0.0
2023-07-26 00:00:00-04:00,161.1994,162.27407,158.54205,159.44086,170800,0.0,0.0
2023-07-27 00:00:00-04:00,159.32362,160.29082,157.05705,158.77652,145300,0.0,0.0
2023-07-28 00:00:00-04:00,160.42759,161.3557,157.79955,158.52249,107100,0.0,0.0
2023-07-31 00:00:00-04:00,159.23567,161.69761,158.41501,160.84766,267800,0.0,0.0
2023-08-01 00:00:00-04:00,160.18334,162.52805,157.7116,158.88397,114300,0.0,0.0
2023-08-02 00:00:00-04:00,158.5909,161.35571,157.86794,159.7144,117700,0.0,0.0
2023-08-03 00:00:00-04:00,158.33688,160.4862,158.03401,159.8414,103100,0.0,0.0
2023-08-04 00:00:00-04:00,159.03053,163.09471,157.37945,161.43387,284400,0.0,0.0
2023-08-07 00:00:00-04:00,162.74301,164.08145,160.92585,161.48271,102800,0.0,0.0
2023-08-08 00:00:00-04:00,161.10168,161.10168,155.88469,158.73743,176400,0.0,0.0
2023-08-09 00:00:00-04:00,158.34668,158.52252,155.34738,158.31737,167600,0.0,0.0
2023-08-10 00:00:00-04:00,158.72768,161.31663,158.67883,160.36897,136300,0.0,0.0
2023-08-11 00:00:00-04:00,160.37872,163.05559,159.76322,162.98721,169100,0.0,0.0
2023-08-14 00:00:00-04:00,164.22796,165.82041,163.32914,165.63478,157900,0.0,0.0
2023-08-15 00:00:00-04:00,165.6153,166.92443,163.46598,164.4234,166200,0.0,0.0
2023-08-16 00:00:00-04:00,164.54061,165.64459,159.98794,160.18335,146700,0.0,0.0
2023-08-17 00:00:00-04:00,159.9782,161.35572,156.03126,156.20711,125300,0.0,0.0
2023-08-18 00:00:00-04:00,155.1031,157.24266,152.68023,155.8163,152600,0.0,0.0
2023-08-21 00:00:00-04:00,155.81629,157.81906,155.44504,156.56854,105500,0.0,0.0
2023-08-22 00:00:00-04:00,156.31456,157.83863,154.64394,156.33411,81200,0.0,0.0
2023-08-23 00:00:00-04:00,157.05704,160.29081,155.4255,159.08913,111500,0.0,0.0
2023-08-24 00:00:00-04:00,159.08914,160.87995,157.15153,157.62126,96500,0.27,0.0
2023-08-25 00:00:00-04:00,159.10871,160.28301,157.65062,159.21635,72400,0.0,0.0
2023-08-28 00:00:00-04:00,159.735,162.54356,159.735,162.15211,77200,0.0,0.0
2023-08-29 00:00:00-04:00,161.81942,162.44572,160.97783,162.30872,276200,0.0,0.0
2023-08-30 00:00:00-04:00,162.30871,165.0879,162.30871,162.56314,91200,0.0,0.0
2023-08-31 00:00:00-04:00,162.89587,164.69647,162.31849,162.524,128500,0.0,0.0
2023-09-01 00:00:00-04:00,163.57107,164.89217,163.13071,164.0408,97300,0.0,0.0
2023-09-05 00:00:00-04:00,163.2188,163.3558,154.19623,158.48244,135400,0.0,0.0
2023-09-06 00:00:00-04:00,158.95213,161.2616,158.53135,160.16559,116400,0.0,0.0
2023-09-07 00:00:00-04:00,160.04815,161.14417,157.67997,159.04021,121500,0.0,0.0
2023-09-08 00:00:00-04:00,159.29465,159.29465,156.56439,157.19069,108100,0.0,0.0
2023-09-11 00:00:00-04:00,158.35519,159.09891,156.01635,158.32582,116700,0.0,0.0
2023-09-12 00:00:00-04:00,156.79925,159.10872,156.79925,157.01454,98900,0.0,0.0
2023-09-13 00:00:00-04:00,157.01452,158.01268,155.11605,155.34114,109200,0.0,0.0
2023-09-14 00:00:00-04:00,156.04573,157.26896,155.03777,155.94786,121100,0.0,0.0
2023-09-15 00:00:00-04:00,155.9185,158.50197,154.2549,157.38638,571700,0.0,0.0
2023-09-18 00:00:00-04:00,157.75826,160.22429,156.77967,158.2084,114300,0.0,0.0
2023-09-19 00:00:00-04:00,158.46281,158.46281,154.76375,155.4292,120800,0.0,0.0
2023-09-20 00:00:00-04:00,156.07508,157.25916,154.38211,154.39191,69500,0.0,0.0
2023-09-21 00:00:00-04:00,153.19806,153.19806,149.33264,149.33264,153800,0.0,0.0
2023-09-22 00:00:00-04:00,149.39133,150.11547,148.79439,149.09775,99800,0.0,0.0
2023-09-25 00:00:00-04:00,148.19747,150.13508,148.14854,148.71613,105100,0.0,0.0
2023-09-26 00:00:00-04:00,148.19744,149.23474,146.80785,147.1797,98200,0.0,0.0
2023-09-27 00:00:00-04:00,148.2366,149.91977,147.82559,149.07819,111500,0.0,0.0
2023-09-28 00:00:00-04:00,149.22497,154.05919,149.22497,152.16074,154000,0.0,0.0
2023-09-29 00:00:00-04:00,144.84086,145.37909,136.03356,140.78951,466000,0.0,0.0
2023-10-02 00:00:00-04:00,139.83055,140.04584,138.03973,139.85013,280100,0.0,0.0
2023-10-03 00:00:00-04:00,139.18467,139.62503,138.06907,139.25317,138300,0.0,0.0
2023-10-04 00:00:00-04:00,139.04766,140.70147,137.4917,139.42931,110300,0.0,0.0
2023-10-05 00:00:00-04:00,139.30206,140.65251,137.73632,139.31184,138000,0.0,0.0
2023-10-06 00:00:00-04:00,139.06723,141.68984,137.87335,139.92839,113500,0.0,0.0
2023-10-09 00:00:00-04:00,139.3902,140.65257,138.02016,139.96756,67600,0.0,0.0
2023-10-10 00:00:00-04:00,140.38829,142.67819,139.06719,140.14365,98200,0.0,0.0
2023-10-11 00:00:00-04:00,139.60543,141.03416,137.28617,138.30391,130800,0.0,0.0
2023-10-12 00:00:00-04:00,139.06723,140.07517,136.0336,136.90454,200500,0.0,0.0
2023-10-13 00:00:00-04:00,136.82628,136.90455,132.42263,133.10764,176500,0.0,0.0
2023-10-16 00:00:00-04:00,133.48925,134.83969,131.77672,134.23297,183300,0.0,0.0
2023-10-17 00:00:00-04:00,133.57734,137.65805,133.54799,136.82626,207100,0.0,0.0
2023-10-18 00:00:00-04:00,135.69109,136.01403,131.75716,131.90395,172700,0.0,0.0
2023-10-19 00:00:00-04:00,137.29598,141.89534,134.32106,135.85745,417000,0.0,0.0
2023-10-20 00:00:00-04:00,137.72657,138.7443,132.7749,134.00793,539200,0.0,0.0
2023-10-23 00:00:00-04:00,134.0079,134.78098,131.18956,132.70638,256000,0.0,0.0
2023-10-24 00:00:00-04:00,134.02748,134.1449,132.1388,133.97855,155300,0.0,0.0
2023-10-25 00:00:00-04:00,134.14489,137.05129,132.37364,134.21338,198300,0.0,0.0
2023-10-26 00:00:00-04:00,135.92593,137.4721,133.97855,134.68314,128800,0.0,0.0
2023-10-27 00:00:00-04:00,134.12535,135.8183,132.47153,134.93758,124100,0.0,0.0
2023-10-30 00:00:00-04:00,136.43482,136.43482,134.24277,134.66357,85400,0.0,0.0
2023-10-31 00:00:00-04:00,135.24095,136.43483,134.22323,135.58347,132200,0.0,0.0
2023-11-01 00:00:00-04:00,135.07456,135.89657,133.39139,135.79872,135700,0.0,0.0
2023-11-02 00:00:00-04:00,137.00239,139.40973,135.00608,139.351,170000,0.0,0.0
2023-11-03 00:00:00-04:00,141.78768,143.85251,139.4195,139.85986,149900,0.0,0.0
2023-11-06 00:00:00-05:00,139.3608,139.3608,137.0024,138.93022,153500,0.0,0.0
2023-11-07 00:00:00-05:00,138.96936,142.56078,137.61892,140.52533,175500,0.0,0.0
2023-11-08 00:00:00-05:00,140.7993,140.8678,136.96324,138.70512,165300,0.0,0.0
2023-11-09 00:00:00-05:00,140.02624,141.08311,138.0397,138.61707,162700,0.0,0.0
2023-11-10 00:00:00-05:00,139.95774,140.03603,137.16876,139.27274,120900,0.0,0.0
2023-11-13 00:00:00-05:00,140.78954,145.1247,140.48618,141.53328,186600,0.0,0.0
2023-11-14 00:00:00-05:00,145.1051,147.62008,143.05986,147.23843,156100,0.0,0.0
2023-11-15 00:00:00-05:00,147.17969,150.12525,144.97786,145.04637,114100,0.0,0.0
2023-11-16 00:00:00-05:00,144.56688,145.83905,143.6568,144.93875,88300,0.0,0.0
2023-11-17 00:00:00-05:00,145.67271,146.18158,144.99748,145.21277,96600,0.0,0.0
2023-11-20 00:00:00-05:00,145.08554,145.33998,143.28494,143.52959,85100,0.0,0.0
2023-11-21 00:00:00-05:00,143.1675,144.18523,142.27698,144.18523,89800,0.0,0.0
2023-11-22 00:00:00-05:00,146.34207,148.12636,145.40089,145.94991,112500,0.27,0.0
2023-11-24 00:00:00-05:00,146.36171,147.28328,146.06761,146.61662,44500,0.0,0.0
2023-11-27 00:00:00-05:00,146.56758,148.34207,146.07739,146.50876,121200,0.0,0.0
2023-11-28 00:00:00-05:00,145.69503,146.03817,143.35191,144.03818,108500,0.0,0.0
2023-11-29 00:00:00-05:00,145.41074,147.08719,142.69507,143.92055,133800,0.0,0.0
2023-11-30 00:00:00-05:00,144.0578,144.55779,143.13623,144.47935,118200,0.0,0.0
2023-12-01 00:00:00-05:00,143.82248,146.36167,142.50877,146.18521,152400,0.0,0.0
2023-12-04 00:00:00-05:00,144.8617,148.17541,144.8617,147.94992,96000,0.0,0.0
2023-12-05 00:00:00-05:00,147.82246,147.84208,146.17542,146.53816,80800,0.0,0.0
2023-12-06 00:00:00-05:00,147.44992,149.57737,147.24405,147.25385,99200,0.0,0.0
2023-12-07 00:00:00-05:00,147.18523,147.76365,145.16564,145.43033,121500,0.0,0.0
2023-12-08 00:00:00-05:00,145.80287,148.39109,145.63621,147.76364,89300,0.0,0.0
2023-12-11 00:00:00-05:00,147.55776,148.60678,146.6166,148.40089,110400,0.0,0.0
2023-12-12 00:00:00-05:00,148.49896,149.94013,146.98916,148.76367,76300,0.0,0.0
2023-12-13 00:00:00-05:00,148.56754,152.7832,148.20481,151.84204,182900,0.0,0.0
2023-12-14 00:00:00-05:00,154.47928,155.36162,152.92045,154.01849,198100,0.0,0.0
2023-12-15 00:00:00-05:00,154.61652,155.27337,149.61655,149.744,431400,0.0,0.0
2023-12-18 00:00:00-05:00,149.55773,149.85185,145.57737,149.52832,149800,0.0,0.0
2023-12-19 00:00:00-05:00,150.49891,153.61654,150.28323,151.53813,178400,0.0,0.0
2023-12-20 00:00:00-05:00,151.20481,152.70479,147.79307,148.01855,133100,0.0,0.0
2023-12-21 00:00:00-05:00,148.99891,150.57733,148.25382,149.37146,80200,0.0,0.0
2023-12-22 00:00:00-05:00,150.73421,152.31263,150.1852,151.51852,100600,0.0,0.0
2023-12-26 00:00:00-05:00,151.52833,153.26362,150.96952,152.61656,87300,0.0,0.0
2023-12-27 00:00:00-05:00,152.9401,153.87146,152.22442,152.92049,79900,0.0,0.0
2023-12-28 00:00:00-05:00,152.2636,153.67536,151.2636,152.24399,107000,0.0,0.0
2023-12-29 00:00:00-05:00,152.54794,153.28323,151.2048,151.34206,107900,0.0,0.0
2024-01-02 00:00:00-05:00,149.58715,154.74397,148.64598,153.32242,283500,0.0,0.0
2024-01-03 00:00:00-05:00,153.57733,153.57733,148.19502,149.13618,248700,0.0,0.0
2024-01-04 00:00:00-05:00,151.38125,152.36163,149.67537,150.26361,307100,0.0,0.0
2024-01-05 00:00:00-05:00,149.03813,150.36164,145.77345,146.19501,243900,0.0,0.0
2024-01-08 00:00:00-05:00,146.31269,150.27344,146.31269,150.27344,120300,0.0,0.0
2024-01-09 00:00:00-05:00,148.61658,148.61658,144.72445,147.40091,150000,0.0,0.0
2024-01-10 00:00:00-05:00,147.35187,148.37146,145.94011,148.37146,96200,0.0,0.0
2024-01-11 00:00:00-05:00,148.03815,148.75383,145.75385,147.75385,112600,0.0,0.0
2024-01-12 00:00:00-05:00,149.6852,149.6852,147.56757,148.74403,122100,0.0,0.0
2024-01-16 00:00:00-05:00,148.60676,149.60676,147.23422,148.27344,140100,0.0,0.0
2024-01-17 00:00:00-05:00,147.05776,147.4009,145.6068,146.28326,104800,0.0,0.0
2024-01-18 00:00:00-05:00,146.82247,148.6558,146.26366,148.146,167800,0.0,0.0
2024-01-19 00:00:00-05:00,148.93029,149.19498,146.44011,148.75381,320800,0.0,0.0
2024-01-22 00:00:00-05:00,150.04795,153.20479,150.04795,152.50871,246600,0.0,0.0
2024-01-23 00:00:00-05:00,153.87141,154.77337,151.25379,151.30281,134700,0.0,0.0
2024-01-24 00:00:00-05:00,153.02828,153.02828,147.7048,147.7146,140500,0.0,0.0
2024-01-25 00:00:00-05:00,149.3519,150.07739,147.63623,149.33231,193200,0.0,0.0
2024-01-26 00:00:00-05:00,148.72443,148.99894,137.25393,140.94998,484100,0.0,0.0
2024-01-29 00:00:00-05:00,141.55781,143.53819,140.44017,143.53819,266600,0.0,0.0
2024-01-30 00:00:00-05:00,143.73428,143.73428,139.93038,143.0284,221500,0.0,0.0
2024-01-31 00:00:00-05:00,143.51857,143.51857,140.10683,141.16565,320900,0.0,0.0
2024-02-01 00:00:00-05:00,142.54797,144.1558,141.97936,142.49896,210600,0.0,0.0
2024-02-02 00:00:00-05:00,141.08724,143.14604,140.10686,140.85194,213400,0.0,0.0
2024-02-05 00:00:00-05:00,139.62646,139.94999,136.86178,137.15588,264200,0.0,0.0
2024-02-06 00:00:00-05:00,137.00882,138.92057,136.76372,137.95,242300,0.0,0.0
2024-02-07 00:00:00-05:00,138.05785,141.28331,137.07747,140.33234,215600,0.0,0.0
2024-02-08 00:00:00-05:00,141.3029,143.96954,140.79309,143.55777,235300,0.0,0.0
2024-02-09 00:00:00-05:00,144.03818,148.1754,143.90092,146.94012,199200,0.0,0.0
2024-02-12 00:00:00-05:00,146.97935,149.58717,145.68525,149.24403,187900,0.0,0.0
2024-02-13 00:00:00-05:00,145.88132,148.59699,145.0578,146.95973,304700,0.0,0.0
2024-02-14 00:00:00-05:00,149.18521,150.52834,147.45974,150.45972,239700,0.0,0.0
2024-02-15 00:00:00-05:00,151.4401,153.26362,151.01853,153.03813,223700,0.0,0.0
2024-02-16 00:00:00-05:00,152.84201,156.30277,152.33222,154.3224,188000,0.0,0.0
2024-02-20 00:00:00-05:00,152.94009,154.66557,152.4499,153.75381,127500,0.0,0.0
2024-02-21 00:00:00-05:00,154.20478,154.20478,151.9597,152.63617,138300,0.0,0.0
2024-02-22 00:00:00-05:00,153.27452,153.9718,151.04518,153.27452,188000,0.27,0.0
2024-02-23 00:00:00-05:00,154.21733,154.35482,152.4594,153.76558,134200,0.0,0.0
2024-02-26 00:00:00-05:00,154.23698,154.47267,152.96026,154.16823,153700,0.0,0.0
2024-02-27 00:00:00-05:00,155.43513,155.48423,154.0111,154.6691,92000,0.0,0.0
2024-02-28 00:00:00-05:00,153.49055,156.23058,153.49055,154.97351,83800,0.0,0.0
2024-02-29 00:00:00-05:00,155.16994,156.13238,154.75746,155.84758,253300,0.0,0.0
2024-03-01 00:00:00-05:00,156.41721,157.72339,155.56278,157.05556,116500,0.0,0.0
2024-03-04 00:00:00-05:00,157.30109,159.80542,156.30919,158.87244,116900,0.0,0.0
2024-03-05 00:00:00-05:00,157.78229,161.42583,157.29124,158.45993,170300,0.0,0.0
2024-03-06 00:00:00-05:00,159.39294,161.67138,158.44032,159.69739,130300,0.0,0.0
2024-03-07 00:00:00-05:00,160.67946,161.85796,159.39292,159.85451,140900,0.0,0.0
2024-03-08 00:00:00-05:00,161.25889,161.25889,158.12603,158.15549,119600,0.0,0.0
2024-03-11 00:00:00-04:00,158.06711,158.06711,154.44321,154.89497,115200,0.0,0.0
2024-03-12 00:00:00-04:00,154.18786,155.3762,153.18613,155.13068,89900,0.0,0.0
2024-03-13 00:00:00-04:00,154.52175,155.09136,150.66215,151.09427,174300,0.0,0.0
2024-03-14 00:00:00-04:00,150.8684,151.65408,148.16766,149.45419,140100,0.0,0.0
2024-03-15 00:00:00-04:00,148.45247,151.48712,148.45247,151.08446,332600,0.0,0.0
2024-03-18 00:00:00-04:00,151.33982,153.39238,150.84877,151.63443,137000,0.0,0.0
2024-03-19 00:00:00-04:00,151.41836,153.84412,150.99607,153.07809,122500,0.0,0.0
2024-03-20 00:00:00-04:00,153.1665,156.1324,151.8996,154.63963,112300,0.0,0.0
2024-03-21 00:00:00-04:00,155.49402,158.48939,154.72799,156.20113,143200,0.0,0.0
2024-03-22 00:00:00-04:00,156.68237,157.55643,155.35656,157.36984,87700,0.0,0.0
2024-03-25 00:00:00-04:00,157.4091,157.98853,155.62171,155.72974,64400,0.0,0.0
2024-03-26 00:00:00-04:00,156.65289,156.65289,154.42356,154.67889,114200,0.0,0.0
2024-03-27 00:00:00-04:00,156.23059,158.29296,155.99488,158.1162,98500,0.0,0.0
2024-03-28 00:00:00-04:00,158.90187,161.35709,157.77246,158.91168,198700,0.0,0.0
2024-04-01 00:00:00-04:00,159.5795,159.89376,155.74935,156.82965,97000,0.0,0.0
2024-04-02 00:00:00-04:00,155.11103,155.11103,152.92098,154.90479,176200,0.0,0.0
2024-04-03 00:00:00-04:00,153.9227,156.34846,153.75575,154.13876,127000,0.0,0.0
2024-04-04 00:00:00-04:00,155.5726,156.15203,152.45938,153.02899,116400,0.0,0.0
2024-04-05 00:00:00-04:00,152.96023,157.03589,152.96023,156.27969,140400,0.0,0.0
2024-04-08 00:00:00-04:00,156.77076,157.72338,154.81639,155.03246,84700,0.0,0.0
2024-04-09 00:00:00-04:00,155.71009,155.71009,153.1763,155.2485,60900,0.0,0.0
2024-04-10 00:00:00-04:00,151.93886,152.5674,150.05324,151.21211,147700,0.0,0.0
2024-04-11 00:00:00-04:00,151.02553,151.87994,148.4721,151.46747,176600,0.0,0.0
2024-04-12 00:00:00-04:00,150.2104,151.055,148.87476,150.17113,118600,0.0,0.0
2024-04-15 00:00:00-04:00,150.48539,152.15494,148.93369,150.42647,202800,0.0,0.0
2024-04-16 00:00:00-04:00,149.68987,152.95041,148.78635,151.32996,128000,0.0,0.0
2024-04-17 00:00:00-04:00,152.12548,152.52814,149.78812,150.25952,181000,0.0,0.0
2024-04-18 00:00:00-04:00,161.51426,176.29468,161.51426,175.28313,696400,0.0,0.0
2024-04-19 00:00:00-04:00,174.18318,177.75799,171.66904,173.61357,545400,0.0,0.0
2024-04-22 00:00:00-04:00,175.28309,179.52572,175.28309,177.89545,303100,0.0,0.0
2024-04-23 00:00:00-04:00,178.61239,183.43445,178.61239,183.06125,225500,0.0,0.0
2024-04-24 00:00:00-04:00,182.78625,184.05316,179.77125,179.85963,258200,0.0,0.0
2024-04-25 00:00:00-04:00,179.82035,181.83362,178.19008,180.48816,246800,0.0,0.0
2024-04-26 00:00:00-04:00,180.3998,184.00406,180.3998,182.19702,158200,0.0,0.0
2024-04-29 00:00:00-04:00,182.6586,184.36742,182.34432,182.43271,147800,0.0,0.0
2024-04-30 00:00:00-04:00,182.09879,184.76026,179.49626,179.64357,343700,0.0,0.0
2024-05-01 00:00:00-04:00,180.13462,180.83191,178.78917,179.25075,224000,0.0,0.0
2024-05-02 00:00:00-04:00,181.08725,184.46563,179.15253,183.91566,239900,0.0,0.0
2024-05-03 00:00:00-04:00,185.79145,186.97979,184.17101,185.61469,185300,0.0,0.0
2024-05-06 00:00:00-04:00,187.04853,188.06989,186.28248,187.30386,127600,0.0,0.0
2024-05-07 00:00:00-04:00,188.51182,191.12418,186.84228,188.21719,328900,0.0,0.0
2024-05-08 00:00:00-04:00,188.12883,190.98671,187.12709,190.80011,243300,0.0,0.0
2024-05-09 00:00:00-04:00,191.39917,194.5615,190.82956,194.16867,239300,0.0,0.0
2024-05-10 00:00:00-04:00,195.43555,195.82838,191.77237,192.86249,185000,0.0,0.0
2024-05-13 00:00:00-04:00,193.7169,194.92486,190.10282,190.72153,188400,0.0,0.0
2024-05-14 00:00:00-04:00,191.39916,191.83128,188.21719,190.74117,186200,0.0,0.0
2024-05-15 00:00:00-04:00,191.68401,193.933,189.90643,192.46968,147700,0.0,0.0
2024-05-16 00:00:00-04:00,192.12593,193.72672,190.41709,192.81339,185300,0.0,0.0
2024-05-17 00:00:00-04:00,193.70707,194.83647,191.93931,193.67761,132400,0.0,0.0
2024-05-20 00:00:00-04:00,193.1473,195.21951,192.8625,193.12766,93500,0.0,0.0
2024-05-21 00:00:00-04:00,193.07856,195.98553,191.52686,194.74811,150600,0.0,0.0
2024-05-22 00:00:00-04:00,195.28824,198.25414,194.85612,195.80875,154400,0.0,0.0
2024-05-23 00:00:00-04:00,197.37239,199.44741,194.80567,196.3398,195600,0.27,0.0
2024-05-24 00:00:00-04:00,197.29371,199.0442,195.34655,197.31339,125800,0.0,0.0
2024-05-28 00:00:00-04:00,197.32321,197.32321,191.108,192.77982,236700,0.0,0.0
2024-05-29 00:00:00-04:00,190.37045,190.6163,186.88913,187.45952,215600,0.0,0.0
2024-05-30 00:00:00-04:00,187.78406,189.84924,187.02682,188.96416,138200,0.0,0.0
2024-05-31 00:00:00-04:00,188.45279,190.30161,188.23644,189.76074,178400,0.0,0.0
2024-06-03 00:00:00-04:00,189.24936,189.60339,184.87314,185.50253,138900,0.0,0.0
2024-06-04 00:00:00-04:00,184.46009,185.41399,182.91611,184.06671,104500,0.0,0.0
2024-06-05 00:00:00-04:00,185.46316,187.30217,183.89953,186.00404,92000,0.0,0.0
2024-06-06 00:00:00-04:00,185.09933,186.78097,184.39127,184.39127,103700,0.0,0.0
2024-06-07 00:00:00-04:00,183.40783,185.11899,181.48032,182.24741,122900,0.0,0.0
2024-06-10 00:00:00-04:00,180.74278,183.23085,180.74278,182.88664,134000,0.0,0.0
2024-06-11 00:00:00-04:00,182.18839,183.13248,180.74276,182.89645,125300,0.0,0.0
2024-06-12 00:00:00-04:00,186.7023,188.58062,185.75821,185.97456,151300,0.0,0.0
2024-06-13 00:00:00-04:00,185.43368,186.42694,183.8307,185.68938,130400,0.0,0.0
2024-06-14 00:00:00-04:00,184.0569,184.16508,181.68686,183.37834,100200,0.0,0.0
2024-06-17 00:00:00-04:00,182.87682,186.72198,181.42134,185.87624,105300,0.0,0.0
2024-06-18 00:00:00-04:00,186.04339,188.36426,185.36484,187.39069,117000,0.0,0.0
2024-06-20 00:00:00-04:00,186.61381,188.05944,183.32919,183.78157,100900,0.0,0.0
2024-06-21 00:00:00-04:00,184.15521,185.30581,180.90009,185.28615,447800,0.0,0.0
2024-06-24 00:00:00-04:00,185.58118,186.05322,183.43732,183.95853,140900,0.0,0.0
2024-06-25 00:00:00-04:00,184.36177,184.36177,182.51293,183.14232,124400,0.0,0.0
2024-06-26 00:00:00-04:00,182.29653,183.19145,180.51654,181.24428,154700,0.0,0.0
2024-06-27 00:00:00-04:00,181.59833,183.77168,181.59833,183.05379,115000,0.0,0.0
2024-06-28 00:00:00-04:00,185.237,185.51236,181.48033,183.26033,326700,0.0,0.0
2024-07-01 00:00:00-04:00,183.65368,183.65368,180.11336,181.70651,184000,0.0,0.0
2024-07-02 00:00:00-04:00,182.04087,184.37157,181.82452,183.75203,147200,0.0,0.0
2024-07-03 00:00:00-04:00,184.55843,186.03356,183.59469,185.55168,103200,0.0,0.0
2024-07-05 00:00:00-04:00,185.7484,185.7484,182.31626,184.27327,115200,0.0,0.0
2024-07-08 00:00:00-04:00,185.9057,187.17432,184.65677,184.6666,141800,0.0,0.0
2024-07-09 00:00:00-04:00,184.20439,184.73544,182.38507,182.38507,99300,0.0,0.0
2024-07-10 00:00:00-04:00,183.26031,185.61068,182.69975,185.41399,95700,0.0,0.0
2024-07-11 00:00:00-04:00,189.04283,192.11111,188.27577,189.47554,124600,0.0,0.0
2024-07-12 00:00:00-04:00,191.13752,192.60282,189.69189,189.79024,109300,0.0,0.0
2024-07-15 00:00:00-04:00,191.51121,193.76323,191.4817,192.94699,203500,0.0,0.0
2024-07-16 00:00:00-04:00,194.83516,198.80818,193.77306,198.07062,230400,0.0,0.0
2024-07-17 00:00:00-04:00,195.9661,198.47382,193.26169,193.59605,238500,0.0,0.0
2024-07-18 00:00:00-04:00,193.56658,194.727,190.08526,190.77367,280700,0.0,0.0
2024-07-19 00:00:00-04:00,191.36369,191.36369,177.99902,187.40051,373800,0.0,0.0
2024-07-22 00:00:00-04:00,189.05265,198.22796,189.05265,198.17879,266400,0.0,0.0
2024-07-23 00:00:00-04:00,198.89668,203.14506,196.62499,201.02087,250700,0.0,0.0
2024-07-24 00:00:00-04:00,200.06696,202.99755,197.59857,197.77559,197500,0.0,0.0
2024-07-25 00:00:00-04:00,197.52974,202.52551,195.16954,198.18863,160600,0.0,0.0
2024-07-26 00:00:00-04:00,201.77811,203.19424,199.11305,202.86971,115700,0.0,0.0
2024-07-29 00:00:00-04:00,204.3547,206.81325,199.67361,201.98465,269000,0.0,0.0
2024-07-30 00:00:00-04:00,203.78431,203.78431,197.30357,198.70985,123800,0.0,0.0
2024-07-31 00:00:00-04:00,200.95204,204.92506,198.03128,202.74187,330600,0.0,0.0
2024-08-01 00:00:00-04:00,203.35157,206.51818,195.55306,198.69016,192000,0.0,0.0
2024-08-02 00:00:00-04:00,191.59972,193.48788,187.85289,192.1111,172000,0.0,0.0
2024-08-05 00:00:00-04:00,184.39126,187.38085,182.75878,184.71579,215800,0.0,0.0
2024-08-06 00:00:00-04:00,185.85654,188.43309,185.52216,186.14172,136900,0.0,0.0
2024-08-07 00:00:00-04:00,189.08217,189.35753,184.2339,184.38142,101500,0.0,0.0
2024-08-08 00:00:00-04:00,186.9383,189.77055,185.80737,189.11166,114300,0.0,0.0
2024-08-09 00:00:00-04:00,188.8068,191.08832,187.28249,188.27574,104300,0.0,0.0
2024-08-12 00:00:00-04:00,188.27577,188.98383,185.70904,187.55788,83800,0.0,0.0
2024-08-13 00:00:00-04:00,189.5149,192.24881,188.27578,191.31454,93000,0.0,0.0
2024-08-14 00:00:00-04:00,192.51431,194.60899,191.14735,193.5764,129000,0.0,0.0
2024-08-15 00:00:00-04:00,197.66741,200.05712,196.15295,198.27713,203700,0.0,0.0
2024-08-16 00:00:00-04:00,197.56907,199.17205,195.35637,196.66432,171600,0.0,0.0
2024-08-19 00:00:00-04:00,196.45781,200.55867,196.37913,200.13579,86200,0.0,0.0
2024-08-20 00:00:00-04:00,199.95877,200.11612,197.41172,198.12961,84400,0.0,0.0
2024-08-21 00:00:00-04:00,199.96861,202.33865,198.3853,201.38474,95300,0.0,0.0
2024-08-22 00:00:00-04:00,201.65028,202.62385,199.08355,199.92929,100000,0.0,0.0
2024-08-23 00:00:00-04:00,200.95376,203.35733,199.80123,199.90959,142300,0.34,0.0
2024-08-26 00:00:00-04:00,201.81076,204.40149,201.01286,201.82062,131400,0.0,0.0
2024-08-27 00:00:00-04:00,200.95374,203.2588,199.63376,201.71225,122900,0.0,0.0
2024-08-28 00:00:00-04:00,202.16538,203.29822,200.59913,200.9045,109000,0.0,0.0
2024-08-29 00:00:00-04:00,202.02748,203.63314,200.806,201.17047,118400,0.0,0.0
2024-08-30 00:00:00-04:00,202.22448,204.86447,200.47106,203.84985,284300,0.0,0.0
2024-09-03 00:00:00-04:00,202.54956,203.50508,193.12248,194.52127,158600,0.0,0.0
2024-09-04 00:00:00-04:00,193.21113,194.70844,191.70398,192.34427,150700,0.0,0.0
2024-09-05 00:00:00-04:00,192.08814,192.08814,188.61086,189.43831,140000,0.0,0.0
2024-09-06 00:00:00-04:00,189.16251,190.01952,187.24163,187.76372,106500,0.0,0.0
2024-09-09 00:00:00-04:00,188.45324,190.48248,187.03474,189.2019,172900,0.0,0.0
2024-09-10 00:00:00-04:00,189.89145,193.09292,188.19714,192.27531,136800,0.0,0.0
2024-09-11 00:00:00-04:00,193.59529,197.59467,189.62547,197.18094,142500,0.0,0.0
2024-09-12 00:00:00-04:00,197.65377,201.07196,195.80186,200.75674,128700,0.0,0.0
2024-09-13 00:00:00-04:00,202.03734,206.41102,199.28899,205.9579,121500,0.0,0.0
2024-09-16 00:00:00-04:00,205.96772,208.7653,203.14058,208.6274,131300,0.0,0.0
2024-09-17 00:00:00-04:00,209.19874,212.71544,208.83427,210.40053,138900,0.0,0.0
2024-09-18 00:00:00-04:00,210.9325,214.42948,208.21371,208.657,307200,0.0,0.0
2024-09-19 00:00:00-04:00,213.91724,216.42916,210.63696,216.35036,158600,0.0,0.0
2024-09-20 00:00:00-04:00,215.58203,215.58203,208.76535,213.82861,630800,0.0,0.0
2024-09-23 00:00:00-04:00,214.74471,216.96111,213.63158,215.88739,114900,0.0,0.0
2024-09-24 00:00:00-04:00,215.33573,215.75931,214.25215,215.44409,115200,0.0,0.0
2024-09-25 00:00:00-04:00,216.23216,216.23216,210.81429,211.95697,137600,0.0,0.0
2024-09-26 00:00:00-04:00,214.70531,214.70531,211.72054,212.31158,94500,0.0,0.0
2024-09-27 00:00:00-04:00,213.05038,214.97126,211.48413,213.01099,106000,0.0,0.0
2024-09-30 00:00:00-04:00,213.07991,215.25692,211.63186,215.14856,127400,0.0,0.0
2024-10-01 00:00:00-04:00,214.74469,215.71991,210.98172,214.70529,122000,0.0,0.0
2024-10-02 00:00:00-04:00,213.20801,217.47335,212.59727,216.61633,119000,0.0,0.0
2024-10-03 00:00:00-04:00,216.37005,217.61125,214.54769,215.59186,100800,0.0,0.0
2024-10-04 00:00:00-04:00,219.0002,220.39899,217.23692,220.24138,125800,0.0,0.0
2024-10-07 00:00:00-04:00,219.80796,222.6154,217.95602,221.55153,104200,0.0,0.0
2024-10-08 00:00:00-04:00,222.52671,223.52164,220.32017,222.72374,90200,0.0,0.0
2024-10-09 00:00:00-04:00,222.67449,227.31415,221.30524,226.26013,111100,0.0,0.0
2024-10-10 00:00:00-04:00,223.65959,224.16197,221.67959,223.25571,200800,0.0,0.0
2024-10-11 00:00:00-04:00,223.03897,223.42314,219.38437,222.82225,144700,0.0,0.0
2024-10-14 00:00:00-04:00,222.99958,223.66942,221.06884,221.86674,148400,0.0,0.0
2024-10-15 00:00:00-04:00,221.2363,222.26078,218.46826,218.74408,164100,0.0,0.0
2024-10-16 00:00:00-04:00,218.88197,220.33002,216.19274,216.48827,459600,0.0,0.0
2024-10-17 00:00:00-04:00,198.74721,204.70688,190.11803,202.87465,658500,0.0,0.0
2024-10-18 00:00:00-04:00,204.80538,209.05102,202.89435,204.55911,454900,0.0,0.0
2024-10-21 00:00:00-04:00,204.39166,205.0221,199.69288,201.09167,256500,0.0,0.0
2024-10-22 00:00:00-04:00,199.54511,199.92929,195.92005,196.02841,228200,0.0,0.0
2024-10-23 00:00:00-04:00,195.99887,199.74213,195.93977,199.64362,214000,0.0,0.0
2024-10-24 00:00:00-04:00,199.90957,199.90957,196.98392,198.1857,150100,0.0,0.0
2024-10-25 00:00:00-04:00,199.53525,201.38718,197.97884,199.01317,145000,0.0,0.0
2024-10-28 00:00:00-04:00,201.05227,202.39196,199.59436,201.29854,153800,0.0,0.0
2024-10-29 00:00:00-04:00,201.03258,201.30839,198.14632,200.94392,171600,0.0,0.0
2024-10-30 00:00:00-04:00,201.94867,202.87464,200.7272,201.89943,177900,0.0,0.0
2024-10-31 00:00:00-04:00,201.23944,202.27376,196.69827,197.06276,292400,0.0,0.0
2024-11-01 00:00:00-04:00,199.81107,200.1657,197.79168,198.96391,138200,0.0,0.0
2024-11-04 00:00:00-05:00,197.48633,201.52512,197.14157,199.82095,159300,0.0,0.0
2024-11-05 00:00:00-05:00,199.21017,204.19461,199.21017,203.51492,134900,0.0,0.0
2024-11-06 00:00:00-05:00,216.08438,221.77807,214.09454,220.32018,316200,0.0,0.0
2024-11-07 00:00:00-05:00,221.07866,221.73867,217.07929,219.91629,253000,0.0,0.0
2024-11-08 00:00:00-05:00,220.62554,221.62046,218.74406,220.13301,205300,0.0,0.0
2024-11-11 00:00:00-05:00,222.0145,224.02403,220.99988,223.48224,114200,0.0,0.0
2024-11-12 00:00:00-05:00,223.65958,225.70852,221.47273,221.6599,158600,0.0,0.0
2024-11-13 00:00:00-05:00,223.52166,225.89568,219.76856,220.35959,149400,0.0,0.0
2024-11-14 00:00:00-05:00,221.30525,222.72375,214.64619,216.37006,123900,0.0,0.0
2024-11-15 00:00:00-05:00,217.18766,217.18766,211.76979,212.10472,160200,0.0,0.0
2024-11-18 00:00:00-05:00,211.7107,212.53816,209.19878,209.78983,154600,0.0,0.0
2024-11-19 00:00:00-05:00,207.85907,208.81458,206.59818,207.91818,109800,0.0,0.0
2024-11-20 00:00:00-05:00,208.06594,213.73008,207.81968,213.51337,280000,0.0,0.0
2024-11-21 00:00:00-05:00,214.8432,218.38943,213.59216,215.95631,189500,0.0,0.0
2024-11-22 00:00:00-05:00,216.83441,219.08385,215.99579,218.03806,184500,0.34,0.0
2024-11-25 00:00:00-05:00,220.28749,221.40235,217.08105,217.28824,262600,0.0,0.0
2024-11-26 00:00:00-05:00,217.28824,217.2981,212.49337,213.10506,205600,0.0,0.0
2024-11-27 00:00:00-05:00,213.8746,214.74282,213.10506,213.46024,126100,0.0,0.0
2024-11-29 00:00:00-05:00,215.7491,215.7491,212.64133,213.91405,110200,0.0,0.0
2024-12-02 00:00:00-05:00,215.02892,217.87033,213.78582,217.60394,253200,0.0,0.0
2024-12-03 00:00:00-05:00,217.35729,218.86678,214.76254,216.01552,277900,0.0,0.0
2024-12-04 00:00:00-05:00,217.69272,218.0183,214.73293,217.87032,143600,0.0,0.0
2024-12-05 00:00:00-05:00,217.19943,223.51366,214.31857,221.17542,243900,0.0,0.0
2024-12-06 00:00:00-05:00,222.78358,223.00064,218.99505,221.37276,200500,0.0,0.0
2024-12-09 00:00:00-05:00,221.92524,225.04289,220.95837,225.01329,181100,0.0,0.0
2024-12-10 00:00:00-05:00,226.36495,234.86941,222.12257,231.55444,309100,0.0,0.0
2024-12-11 00:00:00-05:00,233.07379,235.53041,230.47904,234.48462,319700,0.0,0.0
2024-12-12 00:00:00-05:00,233.63612,235.9053,225.83213,227.53896,256900,0.0,0.0
2024-12-13 00:00:00-05:00,226.17747,227.44031,221.99429,223.27687,174000,0.0,0.0
2024-12-16 00:00:00-05:00,222.47772,227.29232,222.31,227.28244,138000,0.0,0.0
2024-12-17 00:00:00-05:00,225.68416,226.89767,222.86249,224.13519,240200,0.0,0.0
2024-12-18 00:00:00-05:00,225.8519,228.2296,216.26217,216.50882,334800,0.0,0.0
2024-12-19 00:00:00-05:00,218.63,221.19515,213.45037,215.53209,216000,0.0,0.0
2024-12-20 00:00:00-05:00,211.59558,219.44888,209.90849,214.80202,455500,0.0,0.0
2024-12-23 00:00:00-05:00,213.32211,215.12759,211.79288,213.96339,168800,0.0,0.0
2024-12-24 00:00:00-05:00,213.23333,217.36717,212.05927,217.05145,68500,0.0,0.0
2024-12-26 00:00:00-05:00,215.25584,217.77167,214.07193,217.00212,74200,0.0,0.0
2024-12-27 00:00:00-05:00,214.76253,217.89006,210.11567,212.56242,126100,0.0,0.0
2024-12-30 00:00:00-05:00,211.64491,213.89435,208.32007,211.37852,104300,0.0,0.0
2024-12-31 00:00:00-05:00,211.70411,213.02614,209.12909,209.27707,117800,0.0,0.0
2025-01-02 00:00:00-05:00,210.68789,213.33196,207.22492,208.84294,221600,0.0,0.0
2025-01-03 00:00:00-05:00,208.84296,210.86549,208.17208,210.52019,150700,0.0,0.0
2025-01-06 00:00:00-05:00,210.76682,212.71042,209.04027,210.57936,180700,0.0,0.0
2025-01-07 00:00:00-05:00,211.30943,212.11845,206.79083,209.0304,223100,0.0,0.0
2025-01-08 00:00:00-05:00,207.56038,212.04939,205.82396,211.69423,167800,0.0,0.0
2025-01-10 00:00:00-05:00,207.30386,208.62591,203.95929,204.8571,188300,0.0,0.0
2025-01-13 00:00:00-05:00,200.30887,204.31446,195.74092,203.93956,213700,0.0,0.0
2025-01-14 00:00:00-05:00,204.88669,207.42226,204.29474,206.96841,263300,0.0,0.0
2025-01-15 00:00:00-05:00,212.02966,212.64135,208.39897,210.9444,131600,0.0,0.0
2025-01-16 00:00:00-05:00,211.56595,213.37143,209.9282,211.09239,151000,0.0,0.0
2025-01-17 00:00:00-05:00,213.40105,213.97328,211.25026,212.28619,132100,0.0,0.0
2025-01-21 00:00:00-05:00,214.61455,216.55815,212.66109,216.46936,135200,0.0,0.0
2025-01-22 00:00:00-05:00,216.93306,218.13671,214.99933,215.55182,157600,0.0,0.0
2025-01-23 00:00:00-05:00,214.66388,216.33123,213.64768,216.08458,117700,0.0,0.0
2025-01-24 00:00:00-05:00,215.0684,215.0684,205.528,207.60971,197200,0.0,0.0
2025-01-27 00:00:00-05:00,205.95222,208.32005,200.40755,204.8275,395300,0.0,0.0
2025-01-28 00:00:00-05:00,204.79789,205.32079,201.48292,204.63017,177600,0.0,0.0
2025-01-29 00:00:00-05:00,205.13333,209.35597,205.05441,205.71542,212600,0.0,0.0
2025-01-30 00:00:00-05:00,208.94162,209.65198,204.81765,205.78452,252700,0.0,0.0
2025-01-31 00:00:00-05:00,213.68715,219.02465,204.61046,211.04308,640900,0.0,0.0
2025-02-03 00:00:00-05:00,204.33418,213.35168,201.01922,212.80905,242900,0.0,0.0
2025-02-04 00:00:00-05:00,213.76607,217.2093,213.12479,213.89433,317300,0.0,0.0
2025-02-05 00:00:00-05:00,216.08458,218.5708,214.44683,218.5412,262100,0.0,0.0
2025-02-06 00:00:00-05:00,218.75827,218.75827,212.21714,213.01628,209500,0.0,0.0
2025-02-07 00:00:00-05:00,213.01626,214.79213,210.53003,210.99373,140200,0.0,0.0
2025-02-10 00:00:00-05:00,212.00995,212.71044,209.31654,212.61177,144200,0.0,0.0
2025-02-11 00:00:00-05:00,211.05293,214.92039,210.45111,213.74634,187900,0.0,0.0
2025-02-12 00:00:00-05:00,210.08606,213.08531,209.74075,211.85207,124300,0.0,0.0
2025-02-13 00:00:00-05:00,212.72028,216.92318,211.08253,216.34109,134200,0.0,0.0
2025-02-14 00:00:00-05:00,217.47567,217.53488,212.74001,214.39749,177000,0.0,0.0
2025-02-18 00:00:00-05:00,215.40383,217.28823,214.48628,217.13037,140300,0.0,0.0
2025-02-19 00:00:00-05:00,216.31151,218.82734,215.55183,217.3869,128900,0.0,0.0
2025-02-20 00:00:00-05:00,217.59409,218.12685,213.43065,215.24599,169500,0.0,0.0
2025-02-21 00:00:00-05:00,217.31782,217.31782,206.86975,207.43211,265800,0.0,0.0
2025-02-24 00:00:00-05:00,207.5801,209.04028,202.29194,203.44627,459000,0.0,0.0
2025-02-25 00:00:00-05:00,203.15029,207.66891,203.15029,204.80777,205600,0.0,0.0
2025-02-26 00:00:00-05:00,204.1862,207.64915,203.83102,205.42931,228300,0.0,0.0
2025-02-27 00:00:00-05:00,205.98183,207.85636,204.15662,205.25174,179100,0.0,0.0
2025-02-28 00:00:00-05:00,204.63905,207.85074,203.58165,207.85074,213800,0.34,0.0
2025-03-03 00:00:00-05:00,207.94956,212.021,205.26163,207.22816,263500,0.0,0.0
2025-03-04 00:00:00-05:00,204.54022,209.45164,204.54022,207.20839,160400,0.0,0.0
2025-03-05 00:00:00-05:00,207.65309,208.27565,204.63903,207.70248,351100,0.0,0.0
2025-03-06 00:00:00-05:00,204.89598,208.54248,203.30495,206.66489,276900,0.0,0.0
2025-03-07 00:00:00-05:00,206.85264,210.72643,204.51056,209.57022,235700,0.0,0.0
2025-03-10 00:00:00-04:00,205.3308,211.18102,205.3308,206.89218,232300,0.0,0.0
2025-03-11 00:00:00-04:00,207.69262,208.51284,203.81883,204.15482,216100,0.0,0.0
2025-03-12 00:00:00-04:00,205.6569,206.89217,194.37152,195.28067,264900,0.0,0.0
2025-03-13 00:00:00-04:00,194.15412,195.08304,190.35939,192.81015,212700,0.0,0.0
2025-03-14 00:00:00-04:00,194.08492,196.38746,192.56308,195.76489,274000,0.0,0.0
2025-03-17 00:00:00-04:00,194.72728,198.49237,194.63834,197.38557,242900,0.0,0.0
2025-03-18 00:00:00-04:00,195.40915,197.19781,194.30234,194.6581,190800,0.0,0.0
2025-03-19 00:00:00-04:00,195.10279,200.66643,194.68775,199.60905,241200,0.0,0.0
2025-03-20 00:00:00-04:00,197.44484,199.21374,193.53151,194.31221,206900,0.0,0.0
2025-03-21 00:00:00-04:00,191.8911,192.94849,185.45784,187.25639,918500,0.0,0.0
2025-03-24 00:00:00-04:00,190.55704,192.76075,189.92458,191.89111,323900,0.0,0.0
2025-03-25 00:00:00-04:00,191.14007,193.80825,188.92647,193.44261,252200,0.0,0.0
2025-03-26 00:00:00-04:00,194.37154,195.03365,188.27427,190.11235,179600,0.0,0.0
2025-03-27 00:00:00-04:00,192.40497,193.92683,188.53118,190.92265,293800,0.0,0.0
2025-03-28 00:00:00-04:00,190.47796,191.36735,184.92421,187.96791,209700,0.0,0.0
2025-03-31 00:00:00-04:00,185.82349,189.25259,185.36892,188.00745,272300,0.0,0.0
2025-04-01 00:00:00-04:00,187.81968,191.98993,186.367,190.39891,178300,0.0,0.0
2025-04-02 00:00:00-04:00,188.56085,193.64026,188.56085,193.46239,194100,0.0,0.0
2025-04-03 00:00:00-04:00,185.32938,186.99946,180.4575,182.74026,267300,0.0,0.0
2025-04-04 00:00:00-04:00,175.5856,175.5856,167.42297,170.73349,447300,0.0,0.0
2025-04-07 00:00:00-04:00,164.4682,176.89004,160.25842,170.83229,426000,0.0,0.0
2025-04-08 00:00:00-04:00,175.65474,178.1055,166.79048,168.70761,344100,0.0,0.0
2025-04-09 00:00:00-04:00,167.64038,185.06258,165.71337,182.51299,318400,0.0,0.0
2025-04-10 00:00:00-04:00,177.7992,183.23437,175.51643,180.02267,297700,0.0,0.0
2025-04-11 00:00:00-04:00,180.24997,182.62168,176.87028,181.33701,262800,0.0,0.0
2025-04-14 00:00:00-04:00,185.68514,185.84325,178.31308,181.1196,230800,0.0,0.0
2025-04-15 00:00:00-04:00,181.51487,184.82539,179.02458,183.61977,273300,0.0,0.0
2025-04-16 00:00:00-04:00,179.98314,184.65738,179.98314,181.73227,321000,0.0,0.0
2025-04-17 00:00:00-04:00,181.50499,201.31866,181.50499,199.2533,635000,0.0,0.0
2025-04-21 00:00:00-04:00,197.00017,200.90361,196.90134,197.46463,428100,0.0,0.0
2025-04-22 00:00:00-04:00,199.42129,207.61357,198.81848,206.07196,319200,0.0,0.0
2025-04-23 00:00:00-04:00,208.07803,216.34936,206.43759,207.94955,489100,0.0,0.0
2025-04-24 00:00:00-04:00,207.62345,215.58844,206.54628,214.91644,344300,0.0,0.0
2025-04-25 00:00:00-04:00,213.69108,214.81764,210.94385,213.80966,152800,0.0,0.0
2025-04-28 00:00:00-04:00,213.78002,215.97385,212.46569,213.2365,227900,0.0,0.0
2025-04-29 00:00:00-04:00,212.78192,215.56867,212.44592,214.72868,182300,0.0,0.0
2025-04-30 00:00:00-04:00,212.72263,219.56106,211.23043,218.2171,370200,0.0,0.0
2025-05-01 00:00:00-04:00,218.58273,222.31817,217.20911,221.57701,241200,0.0,0.0
2025-05-02 00:00:00-04:00,223.95861,227.96086,222.72334,226.93312,271300,0.0,0.0
2025-05-05 00:00:00-04:00,227.03195,228.92931,225.05552,225.89549,187000,0.0,0.0
2025-05-06 00:00:00-04:00,223.82025,226.92324,221.31019,221.65607,206800,0.0,0.0
2025-05-07 00:00:00-04:00,223.39533,225.13459,221.16197,223.20757,170800,0.0,0.0
2025-05-08 00:00:00-04:00,225.96468,229.67048,223.60286,226.5576,174600,0.0,0.0
2025-05-09 00:00:00-04:00,227.99051,228.72178,226.10302,228.15851,115000,0.0,0.0
2025-05-12 00:00:00-04:00,238.01099,238.01099,228.60321,232.67464,202600,0.0,0.0
2025-05-13 00:00:00-04:00,234.0285,246.70725,232.80311,244.54308,854100,0.0,0.0
2025-05-14 00:00:00-04:00,241.38079,244.57273,238.35686,238.74226,268800,0.0,0.0
2025-05-15 00:00:00-04:00,237.96158,242.62594,236.96347,241.30173,172400,0.0,0.0
2025-05-16 00:00:00-04:00,242.11207,242.39865,239.88859,242.08243,206100,0.0,0.0
2025-05-19 00:00:00-04:00,238.62369,241.19305,238.62369,240.48154,184200,0.0,0.0
2025-05-20 00:00:00-04:00,244.85928,244.85928,240.24433,244.32565,274300,0.0,0.0
2025-05-21 00:00:00-04:00,240.56058,243.53511,238.59405,240.80763,225700,0.0,0.0
2025-05-22 00:00:00-04:00,238.4359,241.60807,238.21849,240.79773,260800,0.0,0.0
2025-05-23 00:00:00-04:00,236.17636,241.48058,236.17636,240.92641,158100,0.34,0.0
2025-05-27 00:00:00-04:00,243.83579,247.80407,242.32172,247.21031,217600,0.0,0.0
2025-05-28 00:00:00-04:00,247.41813,247.4973,241.94568,243.21236,215400,0.0,0.0
2025-05-29 00:00:00-04:00,245.14206,246.58686,242.72745,245.89415,190000,0.0,0.0
2025-05-30 00:00:00-04:00,244.90455,246.70562,242.71756,245.63686,339000,0.0,0.0
2025-06-02 00:00:00-04:00,244.91445,250.42648,243.3311,249.12022,328700,0.0,0.0
2025-06-03 00:00:00-04:00,249.62492,253.41504,248.90252,251.52493,261900,0.0,0.0
2025-06-04 00:00:00-04:00,251.80202,253.23692,246.35925,246.46811,191400,0.0,0.0
2025-06-05 00:00:00-04:00,246.57697,248.83324,243.64778,245.58737,224200,0.0,0.0
2025-06-06 00:00:00-04:00,249.902,249.902,242.59879,244.33058,215600,0.0,0.0
2025-06-09 00:00:00-04:00,245.53789,246.60665,242.65819,245.25092,168600,0.0,0.0
2025-06-10 00:00:00-04:00,245.57749,247.24,243.64779,244.89467,144600,0.0,0.0
2025-06-11 00:00:00-04:00,245.89414,246.88374,241.35191,242.77693,162200,0.0,0.0
2025-06-12 00:00:00-04:00,240.54045,244.18215,240.54045,242.08421,137400,0.0,0.0
2025-06-13 00:00:00-04:00,240.4415,244.93424,238.60085,240.22379,165200,0.0,0.0
2025-06-16 00:00:00-04:00,242.56911,244.46913,240.32274,240.91649,181800,0.0,0.0
2025-06-17 00:00:00-04:00,239.98627,242.04462,239.31335,240.03575,131500,0.0,0.0
2025-06-18 00:00:00-04:00,240.41183,242.60872,238.9967,239.12535,138200,0.0,0.0
2025-06-20 00:00:00-04:00,240.2238,241.77747,238.64045,241.04517,266200,0.0,0.0
2025-06-23 00:00:00-04:00,241.54984,244.02382,240.51076,244.02382,185300,0.0,0.0
2025-06-24 00:00:00-04:00,245.40926,248.9223,242.95506,244.62747,189000,0.0,0.0
2025-06-25 00:00:00-04:00,245.24102,245.49831,239.42221,239.86752,147100,0.0,0.0
2025-06-26 00:00:00-04:00,240.94618,245.22123,238.90762,244.37018,212400,0.0,0.0
2025-06-27 00:00:00-04:00,245.66654,246.40874,242.28213,243.49933,289800,0.0,0.0
2025-06-30 00:00:00-04:00,244.11287,246.45822,241.78734,242.40088,222200,0.0,0.0
2025-07-01 00:00:00-04:00,241.10452,243.42017,237.9774,238.07637,214500,0.0,0.0
2025-07-02 00:00:00-04:00,237.4628,239.8972,234.70183,237.82895,268900,0.0,0.0
2025-07-03 00:00:00-04:00,239.2045,240.26335,237.52219,240.09512,145000,0.0,0.0
2025-07-07 00:00:00-04:00,239.917,240.67899,234.94924,237.01749,288300,0.0,0.0
2025-07-08 00:00:00-04:00,237.40344,238.10606,233.78154,235.48364,239000,0.0,0.0
2025-07-09 00:00:00-04:00,235.23622,237.75967,233.62318,237.32426,212900,0.0,0.0
2025-07-10 00:00:00-04:00,237.95762,239.27377,235.08779,237.19563,186500,0.0,0.0
2025-07-11 00:00:00-04:00,235.94872,237.38365,234.3159,236.52269,159100,0.0,0.0
2025-07-14 00:00:00-04:00,236.04769,238.44251,234.90967,236.88885,157000,0.0,0.0
2025-07-15 00:00:00-04:00,237.18573,238.85814,235.20654,235.20654,215500,0.0,0.0
2025-07-16 00:00:00-04:00,235.58259,238.95711,233.35601,238.40294,216700,0.0,0.0
2025-07-17 00:00:00-04:00,237.71022,244.36028,235.72113,243.25194,296200,0.0,0.0
2025-07-18 00:00:00-04:00,245.41916,246.96293,239.20452,241.82693,236000,0.0,0.0
2025-07-21 00:00:00-04:00,243.18267,244.71653,241.02535,242.66808,268000,0.0,0.0
2025-07-22 00:00:00-04:00,223.96477,226.28041,202.42132,202.66872,1336100,0.0,0.0
2025-07-23 00:00:00-04:00,202.56975,204.1432,188.52742,190.01181,1265000,0.0,0.0
2025-07-24 00:00:00-04:00,188.84409,190.9915,184.96488,187.8446,714800,0.0,0.0
2025-07-25 00:00:00-04:00,186.78576,193.30717,186.78576,191.00142,501800,0.0,0.0
2025-07-28 00:00:00-04:00,190.15035,196.26604,190.15035,190.57588,754700,0.0,0.0
2025-07-29 00:00:00-04:00,190.40764,191.81286,184.55914,186.04353,911700,0.0,0.0
2025-07-30 00:00:00-04:00,187.08262,191.20922,185.47947,189.3092,660700,0.0,0.0
2025-07-31 00:00:00-04:00,188.87378,192.97069,186.24145,186.79562,473000,0.0,0.0
2025-08-01 00:00:00-04:00,185.1628,185.33103,179.06691,179.41327,554700,0.0,0.0
2025-08-04 00:00:00-04:00,181.95652,184.10393,179.87838,183.92581,344500,0.0,0.0
2025-08-05 00:00:00-04:00,183.83674,185.43988,180.77889,182.31276,376500,0.0,0.0
2025-08-06 00:00:00-04:00,181.89714,186.41959,180.75911,186.19197,488700,0.0,0.0
2025-08-07 00:00:00-04:00,187.80503,187.80503,184.00499,186.85503,306600,0.0,0.0
2025-08-08 00:00:00-04:00,188.25034,188.96285,185.20239,186.21178,238100,0.0,0.0
2025-08-11 00:00:00-04:00,187.72586,188.45816,186.14252,186.9045,312700,0.0,0.0
2025-08-12 00:00:00-04:00,188.1019,190.7936,186.50866,190.28889,206600,0.0,0.0
2025-08-13 00:00:00-04:00,190.86285,191.86235,188.00293,191.08057,262900,0.0,0.0
2025-08-14 00:00:00-04:00,190.51652,191.44674,188.01285,189.09151,209200,0.0,0.0
2025-08-15 00:00:00-04:00,188.98265,188.98265,184.65813,184.87584,304900,0.0,0.0
2025-08-18 00:00:00-04:00,184.95498,186.57791,184.39092,184.75706,133800,0.0,0.0
2025-08-19 00:00:00-04:00,184.91541,186.99357,183.92582,185.70709,159600,0.0,0.0
2025-08-20 00:00:00-04:00,185.57843,186.55813,183.6883,185.64771,220900,0.0,0.0
2025-08-21 00:00:00-04:00,185.05395,185.05395,179.64088,181.54089,333200,0.0,0.0
2025-08-22 00:00:00-04:00,183.39549,189.2171,183.35583,187.72946,297500,0.4,0.0
2025-08-25 00:00:00-04:00,188.33443,190.33778,183.39549,183.54427,235600,0.0,0.0
2025-08-26 00:00:00-04:00,183.42524,186.09307,183.39549,183.66327,611500,0.0,0.0
2025-08-27 00:00:00-04:00,183.13763,187.12448,183.13763,186.84679,361000,0.0,0.0
2025-08-28 00:00:00-04:00,187.16416,187.16416,182.43348,184.95255,253700,0.0,0.0
2025-08-29 00:00:00-04:00,184.71452,185.2699,180.39046,181.41197,413000,0.0,0.0
2025-09-02 00:00:00-04:00,180.10286,180.99543,176.74081,179.45821,312400,0.0,0.0
2025-09-03 00:00:00-04:00,178.51604,180.91608,178.41685,180.26152,222600,0.0,0.0
2025-09-04 00:00:00-04:00,180.90619,181.73926,178.4863,181.73926,243000,0.0,0.0
2025-09-05 00:00:00-04:00,182.48306,183.51448,179.2301,181.32271,269900,0.0,0.0
2025-09-08 00:00:00-04:00,181.83843,182.30455,179.6268,181.2037,255200,0.0,0.0
2025-09-09 00:00:00-04:00,181.74916,181.74916,172.81345,177.96066,461900,0.0,0.0
2025-09-10 00:00:00-04:00,177.94082,180.15244,173.5771,176.01682,379500,0.0,0.0
2025-09-11 00:00:00-04:00,175.90773,180.4599,175.07466,179.79541,323400,0.0,0.0
2025-09-12 00:00:00-04:00,178.26812,178.69457,174.46969,176.3342,315300,0.0,0.0
2025-09-15 00:00:00-04:00,175.997,179.19044,175.997,178.27803,369300,0.0,0.0
2025-09-16 00:00:00-04:00,178.57556,179.38881,174.81681,175.78873,448200,0.0,0.0
2025-09-17 00:00:00-04:00,176.49287,176.93916,169.96712,171.24648,790500,0.0,0.0
2025-09-18 00:00:00-04:00,172.96222,177.06808,170.93904,176.86974,628800,0.0,0.0
2025-09-19 00:00:00-04:00,178.59538,180.10286,175.18374,175.62012,912800,0.0,0.0
2025-09-22 00:00:00-04:00,174.85646,177.50445,173.94405,175.76888,263400,0.0,0.0
2025-09-23 00:00:00-04:00,175.77881,176.24494,172.20848,173.98372,392000,0.0,0.0
2025-09-24 00:00:00-04:00,172.70437,172.86306,170.01671,170.89938,346000,0.0,0.0
2025-09-25 00:00:00-04:00,170.02662,175.61021,169.3919,173.51761,366700,0.0,0.0
2025-09-26 00:00:00-04:00,173.5176,176.66147,172.76386,174.93581,307000,0.0,0.0
2025-09-29 00:00:00-04:00,175.23335,175.82839,173.74571,175.57054,238900,0.0,0.0
2025-09-30 00:00:00-04:00,175.76888,177.14742,173.43826,177.10776,281700,0.0,0.0
2025-10-01 00:00:00-04:00,175.26309,176.93916,174.0829,175.2135,239100,0.0,0.0
2025-10-02 00:00:00-04:00,176.4532,179.49789,175.81847,178.26811,286300,0.0,0.0
2025-10-03 00:00:00-04:00,179.00201,182.13595,177.52429,179.51772,272800,0.0,0.0
2025-10-06 00:00:00-04:00,181.01528,183.55417,178.41687,179.4483,341300,0.0,0.0
2025-10-07 00:00:00-04:00,180.50948,183.15746,176.40361,177.38545,361000,0.0,0.0
2025-10-08 00:00:00-04:00,177.73257,179.50781,175.54078,177.7524,197700,0.0,0.0
2025-10-09 00:00:00-04:00,177.79206,178.17884,171.24646,172.18863,400300,0.0,0.0
2025-10-10 00:00:00-04:00,172.7837,174.8168,170.48282,171.49442,490300,0.0,0.0
2025-10-13 00:00:00-04:00,173.12088,176.07631,171.57375,175.75896,291500,0.0,0.0
2025-10-14 00:00:00-04:00,174.82672,179.14086,173.55727,177.50446,332700,0.0,0.0
2025-10-15 00:00:00-04:00,179.01193,180.78716,177.69289,178.75407,335700,0.0,0.0
2025-10-16 00:00:00-04:00,179.82518,180.32105,176.42345,176.42345,418700,0.0,0.0
2025-10-17 00:00:00-04:00,176.36394,179.25986,175.83831,178.45654,296300,0.0,0.0
2025-10-20 00:00:00-04:00,180.83675,186.67819,180.83675,185.86496,578000,0.0,0.0
2025-10-21 00:00:00-04:00,187.92781,202.31818,174.58868,175.88789,1209500,0.0,0.0
2025-10-22 00:00:00-04:00,181.07478,191.46838,180.65824,181.09462,824700,0.0,0.0
2025-10-23 00:00:00-04:00,180.99544,186.63853,179.95409,185.08147,520500,0.0,0.0
2025-10-24 00:00:00-04:00,187.45176,187.45176,184.56576,185.74594,206200,0.0,0.0
2025-10-27 00:00:00-04:00,186.84678,187.66993,180.90617,181.6599,373800,0.0,0.0
2025-10-28 00:00:00-04:00,180.99544,184.23848,178.51605,183.9707,254800,0.0,0.0
2025-10-29 00:00:00-04:00,183.99055,184.99221,180.48965,181.49132,210700,0.0,0.0
2025-10-30 00:00:00-04:00,181.74918,184.09965,178.69457,179.63675,239100,0.0,0.0
2025-10-31 00:00:00-04:00,178.87309,181.21363,178.51605,178.96234,433200,0.0,0.0
2025-11-03 00:00:00-05:00,178.51605,181.17395,175.43169,180.43013,316800,0.0,0.0
2025-11-04 00:00:00-05:00,178.10943,182.11613,175.54079,181.57066,240100,0.0,0.0
2025-11-05 00:00:00-05:00,183.2368,185.69636,181.6004,184.65501,190600,0.0,0.0
2025-11-06 00:00:00-05:00,185.08146,187.11457,183.05829,185.20049,330900,0.0,0.0
2025-11-07 00:00:00-05:00,183.47482,186.91621,180.926,186.32115,234600,0.0,0.0
2025-11-10 00:00:00-05:00,190.41711,190.6948,185.45833,185.95421,353900,0.0,0.0
2025-11-11 00:00:00-05:00,184.95255,186.53935,183.24673,183.98062,262600,0.0,0.0
2025-11-12 00:00:00-05:00,182.81035,185.50793,182.81035,184.28807,289300,0.0,0.0
2025-11-13 00:00:00-05:00,182.50292,184.83354,175.82839,176.3342,348000,0.0,0.0
2025-11-14 00:00:00-05:00,173.65645,176.24494,171.67294,174.44984,310100,0.0,0.0
2025-11-17 00:00:00-05:00,174.05315,175.22342,172.33742,173.15065,261900,0.0,0.0
2025-11-18 00:00:00-05:00,172.62502,172.8333,168.76709,170.62167,266800,0.0,0.0
2025-11-19 00:00:00-05:00,170.95888,172.40683,167.30921,167.65633,185300,0.0,0.0
2025-11-20 00:00:00-05:00,170.30431,172.75395,165.64307,166.77367,313000,0.0,0.0
2025-11-21 00:00:00-05:00,167.76778,178.46453,167.26078,176.41664,541600,0.4,0.0
2025-11-24 00:00:00-05:00,175.97922,178.45457,174.00092,176.77452,323600,0.0,0.0
2025-11-25 00:00:00-05:00,178.34522,183.32577,177.76864,181.52641,272100,0.0,0.0
2025-11-26 00:00:00-05:00,180.51241,181.32759,175.86987,175.86987,446700,0.0,0.0
2025-11-28 00:00:00-05:00,176.45639,177.5698,174.96521,177.49026,135600,0.0,0.0
2025-12-01 00:00:00-05:00,174.72661,176.21779,171.79396,172.27113,265100,0.0,0.0
2025-12-02 00:00:00-05:00,174.35881,174.94533,172.31092,173.56351,189900,0.0,0.0
2025-12-03 00:00:00-05:00,174.09038,177.45051,172.27114,177.25169,260000,0.0,0.0
2025-12-04 00:00:00-05:00,175.81022,178.34522,173.85181,176.76457,158400,0.0,0.0
2025-12-05 00:00:00-05:00,177.21192,180.40305,175.80027,179.08087,237200,0.0,0.0
2025-12-08 00:00:00-05:00,179.17033,180.93986,175.53186,176.3371,168000,0.0,0.0
2025-12-09 00:00:00-05:00,175.89969,179.42882,174.31904,174.96521,202800,0.0,0.0
2025-12-10 00:00:00-05:00,175.44238,178.21599,173.50385,176.39674,265500,0.0,0.0
2025-12-11 00:00:00-05:00,177.2318,185.32394,175.69091,181.29774,308400,0.0,0.0
2025-12-12 00:00:00-05:00,180.46271,184.38948,178.44464,183.71349,328600,0.0,0.0
2025-12-15 00:00:00-05:00,185.65201,185.66195,179.75688,182.45094,305500,0.0,0.0
2025-12-16 00:00:00-05:00,183.53452,184.73742,181.15858,182.95793,207200,0.0,0.0
2025-12-17 00:00:00-05:00,182.06324,183.73337,178.34522,179.80658,173200,0.0,0.0
2025-12-18 00:00:00-05:00,181.8843,185.15495,181.10887,181.58606,250800,0.0,0.0
2025-12-19 00:00:00-05:00,180.11475,182.56029,179.74693,180.57205,510400,0.0,0.0
2025-12-22 00:00:00-05:00,181.76501,184.49884,178.94171,182.06325,126700,0.0,0.0
2025-12-23 00:00:00-05:00,181.79481,183.18659,178.94169,180.19427,215900,0.0,0.0
2025-12-24 00:00:00-05:00,179.40893,182.29187,178.48439,181.4767,74800,0.0,0.0
2025-12-26 00:00:00-05:00,181.60593,182.20241,179.11069,179.68729,94000,0.0,0.0
2025-12-29 00:00:00-05:00,179.58787,180.79076,178.59375,178.68323,126600,0.0,0.0
2025-12-30 00:00:00-05:00,178.54405,179.91593,176.8441,177.1821,124800,0.0,0.0
2025-12-31 00:00:00-05:00,177.41076,177.99729,172.98691,173.38457,162600,0.0,0.0
2026-01-02 00:00:00-05:00,174.07051,176.95346,173.9015,175.35292,129200,0.0,0.0
2026-01-05 00:00:00-05:00,174.82605,178.0967,174.82605,175.98917,188900,0.0,0.0
2026-01-06 00:00:00-05:00,174.44827,181.15858,173.58339,180.76094,281100,0.0,0.0
2026-01-07 00:00:00-05:00,177.24175,178.91188,163.65212,165.70996,596300,0.0,0.0
2026-01-08 00:00:00-05:00,165.38189,173.08632,165.38189,173.07639,216800,0.0,0.0
2026-01-09 00:00:00-05:00,173.62315,174.9851,169.49755,173.58339,214000,0.0,0.0
2026-01-12 00:00:00-05:00,172.67873,174.64709,170.04432,170.62091,235900,0.0,0.0
2026-01-13 00:00:00-05:00,170.82968,174.61727,167.74791,170.78992,373000,0.0,0.0
2026-01-14 00:00:00-05:00,170.3525,172.47992,166.83332,169.99461,334000,0.0,0.0
2026-01-15 00:00:00-05:00,171.56532,171.56532,166.4953,169.55719,395100,0.0,0.0
2026-01-16 00:00:00-05:00,169.47767,171.04838,166.46548,170.67061,337400,0.0,0.0
2026-01-20 00:00:00-05:00,167.14149,168.28472,162.93635,164.78542,290400,0.0,0.0
2026-01-21 00:00:00-05:00,165.72984,171.32673,162.43929,169.13966,424100,0.0,0.0
2026-01-22 00:00:00-05:00,170.88931,172.47991,168.33443,171.11797,251300,0.0,0.0
2026-01-23 00:00:00-05:00,170.14372,172.11209,167.05201,168.52332,211900,0.0,0.0
2026-01-26 00:00:00-05:00,169.71626,173.96116,169.59697,172.57933,261000,0.0,0.0
2026-01-27 00:00:00-05:00,173.06644,173.06644,162.73753,163.44336,672600,0.0,0.0
2026-01-28 00:00:00-05:00,143.41183,149.84379,138.32194,145.45973,1482100,0.0,0.0
2026-01-29 00:00:00-05:00,146.13571,147.12983,140.3201,143.57088,841000,0.0,0.0
2026-01-30 00:00:00-05:00,141.87094,147.3883,141.87094,145.71819,603600,0.0,0.0
2026-02-02 00:00:00-05:00,144.15742,151.00691,143.72002,150.93733,580400,0.0,0.0
2026-02-03 00:00:00-05:00,150.70868,152.39868,143.80948,146.56319,694400,0.0,0.0
2026-02-04 00:00:00-05:00,148.76019,150.54961,145.28077,145.44977,359500,0.0,0.0
2026-02-05 00:00:00-05:00,145.08195,150.32097,143.65042,145.02231,601000,0.0,0.0
2026-02-06 00:00:00-05:00,147.13977,150.96714,146.28482,150.34084,481700,0.0,0.0
2026-02-09 00:00:00-05:00,149.71456,152.2098,148.44209,149.69467,447800,0.0,0.0
2026-02-10 00:00:00-05:00,151.0268,157.94589,150.8578,152.15016,569800,0.0,0.0
2026-02-11 00:00:00-05:00,153.51209,159.91423,150.6192,155.99739,577800,0.0,0.0
2026-02-12 00:00:00-05:00,159.18853,161.49488,155.18222,157.47864,495400,0.0,0.0
2026-02-13 00:00:00-05:00,158.27393,159.04935,153.77055,153.96939,469600,0.0,0.0
2026-02-17 00:00:00-05:00,158.21427,160.12299,155.8781,158.25404,469200,0.0,0.0
2026-02-18 00:00:00-05:00,157.66752,160.85864,154.68516,157.26987,568200,0.0,0.0
2026-02-19 00:00:00-05:00,156.58392,161.47499,156.57398,160.93817,304200,0.0,0.0
2026-02-20 00:00:00-05:00,161.17677,162.20071,157.75699,158.43298,201200,0.0,0.0
2026-02-23 00:00:00-05:00,157.63771,158.58212,152.55775,155.28163,304000,0.0,0.0
2026-02-24 00:00:00-05:00,156.80263,158.91017,156.65352,157.40904,228200,0.0,0.0
2026-02-25 00:00:00-05:00,158.56222,160.10311,153.39279,154.87402,308100,0.0,0.0
2026-02-26 00:00:00-05:00,157.11082,157.11082,153.16417,155.25182,337400,0.0,0.0
2026-02-27 00:00:00-05:00,153.27839,154.92291,149.2917,151.92291,471400,0.4,0.0
2026-03-02 00:00:00-05:00,147.46779,152.83986,143.77013,151.69368,445600,0.0,0.0
2026-03-03 00:00:00-05:00,147.02926,149.501,143.6605,148.26512,606300,0.0,0.0
2026-03-04 00:00:00-05:00,148.60401,149.88971,145.91298,148.61397,242600,0.0,0.0
2026-03-05 00:00:00-05:00,146.38141,148.04586,143.40137,145.51431,356700,0.0,0.0
2026-03-06 00:00:00-05:00,143.08242,148.604,142.77345,148.35483,356400,0.0,0.0
2026-03-09 00:00:00-04:00,145.06581,150.35814,142.92295,149.04253,353700,0.0,0.0
2026-03-10 00:00:00-04:00,148.47443,149.45116,145.58408,146.71031,170800,0.0,0.0
2026-03-11 00:00:00-04:00,146.71032,148.53423,143.91963,146.35152,219300,0.0,0.0
2026-03-12 00:00:00-04:00,144.83657,146.01264,142.68375,143.81996,183300,0.0,0.0
2026-03-13 00:00:00-04:00,145.45451,147.97609,143.511,146.10234,486000,0.0,0.0
2026-03-16 00:00:00-04:00,148.28506,152.74019,145.59404,151.35481,446500,0.0,0.0
2026-03-17 00:00:00-04:00,151.99269,155.19202,145.55417,149.50101,378600,0.0,0.0
2026-03-18 00:00:00-04:00,150.27841,151.43456,147.22859,147.39803,269400,0.0,0.0
2026-03-19 00:00:00-04:00,145.56414,149.15216,145.52427,147.91629,292200,0.0,0.0
2026-03-20 00:00:00-04:00,147.8565,149.13224,146.28175,147.44786,875900,0.0,0.0
2026-03-23 00:00:00-04:00,150.04918,155.22192,147.99604,153.31827,539200,0.0,0.0
2026-03-24 00:00:00-04:00,152.10232,152.88968,149.5309,150.13887,242500,0.0,0.0
2026-03-25 00:00:00-04:00,152.39135,153.34816,148.41463,152.85979,244600,0.0,0.0
2026-03-26 00:00:00-04:00,151.97274,155.0126,150.22856,150.67706,249300,0.0,0.0
2026-03-27 00:00:00-04:00,149.77011,151.32491,145.2153,145.32494,375900,0.0,0.0
2026-03-30 00:00:00-04:00,150.89634,154.16543,147.20865,147.60733,494600,0.0,0.0
2026-03-31 00:00:00-04:00,149.24187,152.09235,145.80333,151.84319,324300,0.0,0.0
2026-04-01 00:00:00-04:00,152.99932,156.54749,152.51096,153.69701,179300,0.0,0.0
2026-04-02 00:00:00-04:00,151.45448,156.99598,151.45448,156.2086,251600,0.0,0.0
2026-04-06 00:00:00-04:00,156.27838,158.18203,152.76013,154.90297,261000,0.0,0.0
2026-04-07 00:00:00-04:00,153.24849,155.18204,149.9794,151.42458,326200,0.0,0.0
2026-04-08 00:00:00-04:00,156.37805,157.12555,152.40133,153.75681,289200,0.0,0.0
2026-04-09 00:00:00-04:00,153.32822,155.82988,152.51096,154.89301,283800,0.0,0.0
2026-04-10 00:00:00-04:00,155.53087,155.53087,153.24848,154.71359,418600,0.0,0.0
2026-04-13 00:00:00-04:00,153.62722,161.88964,153.62722,160.4644,432300,0.0,0.0
2026-04-14 00:00:00-04:00,161.30161,161.89962,159.66706,160.81325,343800,0.0,0.0
2026-04-15 00:00:00-04:00,159.76674,160.74347,156.11891,156.49765,257700,0.0,0.0
2026-04-16 00:00:00-04:00,157.28501,158.62055,151.77341,151.78337,615400,0.0,0.0
2026-04-17 00:00:00-04:00,121.03601,128.04263,114.72707,115.15564,4169200,0.0,0.0
2026-04-20 00:00:00-04:00,116.09252,116.60081,111.71711,113.03273,2462500,0.0,0.0
2026-04-21 00:00:00-04:00,113.22209,120.62737,112.48455,120.48784,1732200,0.0,0.0
2026-04-22 00:00:00-04:00,120.91641,125.39147,120.84664,123.14896,1217000,0.0,0.0
2026-04-23 00:00:00-04:00,121.94298,123.18882,118.99283,122.59082,727200,0.0,0.0
2026-04-24 00:00:00-04:00,122.25195,123.86656,119.9596,121.42471,1139900,0.0,0.0
2026-04-27 00:00:00-04:00,121.80345,123.83667,119.87987,122.55096,566100,0.0,0.0
2026-04-28 00:00:00-04:00,122.88983,123.16889,117.02938,118.02605,505300,0.0,0.0
2026-04-29 00:00:00-04:00,117.96626,119.84,117.11908,117.46792,562600,0.0,0.0
2026-04-30 00:00:00-04:00,116.61078,121.58418,116.58088,120.50777,835100,0.0,0.0
2026-05-01 00:00:00-04:00,122.54099,123.9463,120.30844,121.57422,608200,0.0,0.0
2026-05-04 00:00:00-04:00,121.60412,122.95959,119.1822,119.6307,617100,0.0,0.0
2026-05-05 00:00:00-04:00,120.71708,123.48783,119.89981,120.68717,356300,0.0,0.0
2026-05-06 00:00:00-04:00,121.53435,124.35493,120.55761,123.33833,530500,0.0,0.0
2026-05-07 00:00:00-04:00,123.02936,125.0825,121.39482,122.15228,466700,0.0,0.0
2026-05-08 00:00:00-04:00,122.05262,122.43135,116.34169,118.12572,737500,0.0,0.0
2026-05-11 00:00:00-04:00,118.32506,121.49448,116.13237,116.28188,551900,0.0,0.0
2026-05-12 00:00:00-04:00,116.15231,117.22872,114.61744,114.6573,401600,0.0,0.0
2026-05-13 00:00:00-04:00,114.13903,116.33172,114.1191,115.68388,421600,0.0,0.0
2026-05-14 00:00:00-04:00,116.72042,118.38486,114.93637,117.14899,508700,0.0,0.0
2026-05-15 00:00:00-04:00,116.65065,118.90313,113.66063,113.85,535700,0.0,0.0
2026-05-18 00:00:00-04:00,115.12574,118.8234,114.69717,118.56426,572400,0.0,0.0
2026-05-19 00:00:00-04:00,119.82007,122.29182,118.6141,118.7636,776300,0.0,0.0
2026-05-20 00:00:00-04:00,117.51776,119.83004,114.04933,117.66725,579300,0.0,0.0
2026-05-21 00:00:00-04:00,119.3018,121.04598,116.07258,119.84,460800,0.0,0.0
2026-05-22 00:00:00-04:00,119.95,125.89,119.5,125.84,521000,0.4,0.0
2026-05-26 00:00:00-04:00,125.23,129.37,124.09,127.2,515600,0.0,0.0
2026-05-27 00:00:00-04:00,125.88,128.49001,124.8,125.53,354400,0.0,0.0
2026-05-28 00:00:00-04:00,125.4,128.38,124.02,124.74,262800,0.0,0.0
2026-05-29 00:00:00-04:00,124.21,126.04,123.01,123.9,443600,0.0,0.0
2026-06-01 00:00:00-04:00,123.17,124.07,120.33,122.54,370700,0.0,0.0
2026-06-02 00:00:00-04:00,122.76,126.2,122.76,125.63,333800,0.0,0.0
2026-06-03 00:00:00-04:00,125.29,130.28,124.45,129.8,496700,0.0,0.0
2026-06-04 00:00:00-04:00,128.99001,130.13,126.45,127.97,374300,0.0,0.0
2026-06-05 00:00:00-04:00,128.58,130.5,125.6,126.53,308100,0.0,0.0
2026-06-08 00:00:00-04:00,126.44,131.69,126.0,130.34,430200,0.0,0.0
2026-06-09 00:00:00-04:00,131.96001,133.98,129.10001,130.53,337500,0.0,0.0
2026-06-10 00:00:00-04:00,131.12,132.42999,126.16,128.42999,567500,0.0,0.0
2026-06-11 00:00:00-04:00,128.81,132.00999,126.98,130.52,361600,0.0,0.0
2026-06-12 00:00:00-04:00,130.00999,135.17,130.0,131.73,415500,0.0,0.0
2026-06-15 00:00:00-04:00,133.16,134.52,131.89999,134.39999,514000,0.0,0.0
2026-06-16 00:00:00-04:00,134.97,137.52,134.50999,135.38,350500,0.0,0.0
2026-06-17 00:00:00-04:00,136.77,138.22,133.24001,134.64999,621300,0.0,0.0
2026-06-18 00:00:00-04:00,134.81,136.5,131.7,135.5,821300,0.0,0.0
2026-06-22 00:00:00-04:00,135.81,137.36,132.23,134.82001,614900,0.0,0.0
2026-06-23 00:00:00-04:00,133.28999,134.78999,127.34,127.81,594600,0.0,0.0
2026-06-24 00:00:00-04:00,128.48,135.89,128.48,133.58,802400,0.0,0.0
2026-06-25 00:00:00-04:00,134.5,141.5,132.69,140.89999,488900,0.0,0.0
2026-06-26 00:00:00-04:00,139.94,142.28,139.16,140.88,722200,0.0,0.0
2026-06-29 00:00:00-04:00,138.77,142.0,135.0,138.67,552400,0.0,0.0
2026-06-30 00:00:00-04:00,139.45,148.99001,139.0,148.38,513500,0.0,0.0
2026-07-01 00:00:00-04:00,149.03,151.52,145.95,146.23,742100,0.0,0.0
2026-07-02 00:00:00-04:00,146.03999,147.22,144.0,145.87,314000,0.0,0.0
2026-07-06 00:00:00-04:00,147.02,150.09,145.74001,149.78999,299500,0.0,0.0
2026-07-07 00:00:00-04:00,148.11,148.28,144.91,147.08,346200,0.0,0.0
2026-07-08 00:00:00-04:00,144.87,146.86,142.31,144.45,338600,0.0,0.0
2026-07-09 00:00:00-04:00,144.81,147.74001,142.98,144.97,249800,0.0,0.0
2026-07-10 00:00:00-04:00,145.64999,145.89,143.85001,144.17999,236000,0.0,0.0
2026-07-13 00:00:00-04:00,142.94,144.53999,139.66,140.12,324600,0.0,0.0
2026-07-14 00:00:00-04:00,141.13,144.39999,138.02,141.46001,471500,0.0,0.0
2026-07-15 00:00:00-04:00,141.21001,144.25,139.98,144.17999,329800,0.0,0.0
2026-07-16 00:00:00-04:00,143.8,151.35001,142.75,151.16,575000,0.0,0.0
2026-07-17 00:00:00-04:00,147.74001,155.17999,147.66,149.48,479400,0.0,0.0
2026-07-20 00:00:00-04:00,150.74001,150.74001,147.32001,148.3,509200,0.0,0.0
2026-07-21 00:00:00-04:00,149.25999,150.14,144.59,145.87,663700,0.0,0.0
2026-07-22 00:00:00-04:00,149.25999,144.64,139.12,140.10001,17875,0.0,0.0
