Date,Open,High,Low,Close,Volume,Dividends,Stock Splits
2024-12-18 00:00:00-05:00,22.56705,22.75571,22.56705,22.68384,132400,0.0,0.0
2024-12-19 00:00:00-05:00,22.68384,22.77368,22.56705,22.63892,68800,0.0,0.0
2024-12-20 00:00:00-05:00,22.68384,22.77368,22.63892,22.76469,34400,0.0,0.0
2024-12-23 00:00:00-05:00,22.76469,22.81859,22.61197,22.63443,22200,0.0,0.0
2024-12-24 00:00:00-05:00,22.68384,22.68384,22.5401,22.61197,10600,0.0,0.0
2024-12-26 00:00:00-05:00,22.594,22.69282,22.594,22.66587,11000,0.0,0.0
2024-12-27 00:00:00-05:00,22.63353,22.66587,22.57603,22.6479,17600,0.0,0.0
2024-12-30 00:00:00-05:00,22.66587,22.71079,22.594,22.71079,87300,0.0,0.0
2024-12-31 00:00:00-05:00,22.72876,22.80961,22.54908,22.79165,862900,0.0,0.0
2025-01-02 00:00:00-05:00,22.79164,22.79164,22.63892,22.73774,60700,0.0,0.0
2025-01-03 00:00:00-05:00,22.72876,22.81859,22.68384,22.75571,40800,0.0,0.0
2025-01-06 00:00:00-05:00,22.80063,22.8186,22.74673,22.79165,93000,0.0,0.0
2025-01-07 00:00:00-05:00,22.79165,22.8186,22.72876,22.77368,32800,0.0,0.0
2025-01-08 00:00:00-05:00,22.79164,22.80961,22.72876,22.75571,38700,0.0,0.0
2025-01-10 00:00:00-05:00,22.72876,22.78715,22.71079,22.72876,42700,0.0,0.0
2025-01-13 00:00:00-05:00,22.72876,22.79164,22.62095,22.68384,45200,0.0,0.0
2025-01-14 00:00:00-05:00,22.72876,22.72876,22.71079,22.71079,9600,0.0,0.0
2025-01-15 00:00:00-05:00,22.89767,22.98839,22.89767,22.92489,36200,0.246,0.0
2025-01-16 00:00:00-05:00,22.98839,22.98839,22.92489,22.92489,21000,0.0,0.0
2025-01-17 00:00:00-05:00,23.01561,23.01561,22.92489,23.00653,14600,0.0,0.0
2025-01-21 00:00:00-05:00,23.01561,23.03375,22.93396,22.99747,19200,0.0,0.0
2025-01-22 00:00:00-05:00,22.98839,22.99565,22.93396,22.9893,19900,0.0,0.0
2025-01-23 00:00:00-05:00,22.97025,22.98839,22.94303,22.9521,18000,0.0,0.0
2025-01-24 00:00:00-05:00,22.96117,22.99746,22.9521,22.96117,12400,0.0,0.0
2025-01-27 00:00:00-05:00,22.99747,23.02468,22.98839,23.01561,10000,0.0,0.0
2025-01-28 00:00:00-05:00,23.01561,23.06097,23.01561,23.04282,19900,0.0,0.0
2025-01-29 00:00:00-05:00,23.06097,23.06097,23.01561,23.06097,6900,0.0,0.0
2025-01-30 00:00:00-05:00,23.01561,23.07004,23.01561,23.07004,10600,0.0,0.0
2025-01-31 00:00:00-05:00,23.02468,23.07004,23.01561,23.02468,17500,0.0,0.0
2025-02-03 00:00:00-05:00,23.07911,23.13355,23.04283,23.08819,32400,0.0,0.0
2025-02-04 00:00:00-05:00,23.10633,23.10633,23.01561,23.01561,26500,0.0,0.0
2025-02-05 00:00:00-05:00,23.0519,23.07004,22.97932,23.06097,24700,0.0,0.0
2025-02-06 00:00:00-05:00,23.04283,23.07911,22.97932,23.07004,40100,0.0,0.0
2025-02-07 00:00:00-05:00,23.07004,23.07911,22.94303,22.97025,36100,0.0,0.0
2025-02-10 00:00:00-05:00,23.08818,23.08818,22.90674,22.9521,46300,0.0,0.0
2025-02-11 00:00:00-05:00,22.9521,22.99746,22.89767,22.97932,29200,0.0,0.0
2025-02-12 00:00:00-05:00,22.97932,22.99746,22.8886,22.91582,30300,0.0,0.0
2025-02-13 00:00:00-05:00,22.96118,22.98839,22.92489,22.98839,18000,0.0,0.0
2025-02-14 00:00:00-05:00,22.99746,22.99746,22.94303,22.94303,15000,0.0,0.0
2025-02-18 00:00:00-05:00,22.98839,22.98839,22.89767,22.96117,46200,0.0,0.0
2025-02-19 00:00:00-05:00,22.9521,22.99746,22.92489,22.97025,26900,0.0,0.0
2025-02-20 00:00:00-05:00,22.97025,23.01561,22.91581,22.96117,35100,0.0,0.0
2025-02-21 00:00:00-05:00,22.98839,23.00654,22.9521,22.99747,34300,0.0,0.0
2025-02-24 00:00:00-05:00,22.9521,23.00654,22.94757,22.99747,31100,0.0,0.0
2025-02-25 00:00:00-05:00,22.99747,23.02468,22.94303,22.99747,36000,0.0,0.0
2025-02-26 00:00:00-05:00,22.99746,23.02468,22.96117,22.97932,35300,0.0,0.0
2025-02-27 00:00:00-05:00,22.99747,22.99747,22.97751,22.99747,11700,0.0,0.0
2025-02-28 00:00:00-05:00,23.03375,23.04282,23.01017,23.01561,10900,0.0,0.0
2025-03-03 00:00:00-05:00,23.04282,23.09725,22.97932,23.0519,37400,0.0,0.0
2025-03-04 00:00:00-05:00,23.12447,23.12447,22.96118,23.08819,35100,0.0,0.0
2025-03-05 00:00:00-05:00,23.08818,23.15169,23.02468,23.13626,44800,0.0,0.0
2025-03-06 00:00:00-05:00,23.09726,23.15169,23.04283,23.07004,4400,0.0,0.0
2025-03-07 00:00:00-05:00,23.15169,23.15169,23.08818,23.10633,10800,0.0,0.0
2025-03-10 00:00:00-04:00,23.16076,23.16076,22.92489,22.99747,73600,0.0,0.0
2025-03-11 00:00:00-04:00,23.04282,23.04282,22.92489,22.9521,29300,0.0,0.0
2025-03-12 00:00:00-04:00,22.9521,23.02468,22.90675,22.99747,62500,0.0,0.0
2025-03-13 00:00:00-04:00,23.07004,23.07004,22.9521,22.9521,36500,0.0,0.0
2025-03-14 00:00:00-04:00,23.04282,23.04282,22.93396,22.93396,48500,0.0,0.0
2025-03-17 00:00:00-04:00,23.03375,23.03375,22.98839,22.99747,44000,0.0,0.0
2025-03-18 00:00:00-04:00,23.09726,23.09726,23.04283,23.07004,25600,0.0,0.0
2025-03-19 00:00:00-04:00,23.16076,23.16076,22.99746,23.06097,31800,0.0,0.0
2025-03-20 00:00:00-04:00,23.08818,23.08818,22.97932,23.04282,58800,0.0,0.0
2025-03-21 00:00:00-04:00,22.94303,23.04282,22.94303,23.01561,21800,0.0,0.0
2025-03-24 00:00:00-04:00,23.04282,23.04282,22.94303,22.96117,38900,0.0,0.0
2025-03-25 00:00:00-04:00,22.98839,23.00654,22.97025,22.98839,22400,0.0,0.0
2025-03-26 00:00:00-04:00,22.98839,23.03375,22.94303,23.02468,21300,0.0,0.0
2025-03-27 00:00:00-04:00,23.03375,23.07004,22.9521,23.00653,8000,0.0,0.0
2025-03-28 00:00:00-04:00,22.9521,23.0782,22.9521,23.0519,4400,0.0,0.0
2025-03-31 00:00:00-04:00,22.97025,23.07911,22.97025,23.04282,11200,0.0,0.0
2025-04-01 00:00:00-04:00,23.03375,23.1408,23.03375,23.07911,8100,0.0,0.0
2025-04-02 00:00:00-04:00,23.07004,23.13354,23.06097,23.12447,8500,0.0,0.0
2025-04-03 00:00:00-04:00,23.06097,23.07004,22.97025,23.03375,33400,0.0,0.0
2025-04-04 00:00:00-04:00,23.00654,23.00654,22.7253,22.80695,63100,0.0,0.0
2025-04-07 00:00:00-04:00,22.72531,22.8251,22.68902,22.70716,33600,0.0,0.0
2025-04-08 00:00:00-04:00,22.71623,22.92489,22.70716,22.7253,21500,0.0,0.0
2025-04-09 00:00:00-04:00,22.68902,22.8251,22.48036,22.75252,82500,0.0,0.0
2025-04-10 00:00:00-04:00,22.77974,22.80604,22.70716,22.7253,17900,0.0,0.0
2025-04-11 00:00:00-04:00,22.75252,22.79607,22.45315,22.78699,23500,0.0,0.0
2025-04-14 00:00:00-04:00,22.78881,22.8886,22.67813,22.84324,27000,0.0,0.0
2025-04-15 00:00:00-04:00,23.00239,23.02089,22.85989,22.98388,45000,0.492,0.0
2025-04-16 00:00:00-04:00,23.01164,23.09491,22.76182,23.08566,25500,0.0,0.0
2025-04-17 00:00:00-04:00,23.0579,23.13193,23.04403,23.11342,33000,0.0,0.0
2025-04-21 00:00:00-04:00,23.14118,23.15043,22.99314,23.14118,23700,0.0,0.0
2025-04-22 00:00:00-04:00,23.17819,23.17819,22.94687,23.02089,23000,0.0,0.0
2025-04-23 00:00:00-04:00,23.02089,23.12267,23.02089,23.10417,19400,0.0,0.0
2025-04-24 00:00:00-04:00,23.14118,23.14118,23.07641,23.13193,10200,0.0,0.0
2025-04-25 00:00:00-04:00,23.13193,23.14118,23.11342,23.13193,12900,0.0,0.0
2025-04-28 00:00:00-04:00,23.14118,23.22445,23.14118,23.2152,17300,0.0,0.0
2025-04-29 00:00:00-04:00,23.2152,23.38175,23.18744,23.22445,11100,0.0,0.0
2025-04-30 00:00:00-04:00,23.18744,23.35399,23.17819,23.27997,22600,0.0,0.0
2025-05-01 00:00:00-04:00,23.25221,23.32623,23.24296,23.30773,3400,0.0,0.0
2025-05-02 00:00:00-04:00,23.38175,23.38175,23.26146,23.27072,2100,0.0,0.0
2025-05-05 00:00:00-04:00,23.32623,23.35399,23.26147,23.32623,8600,0.0,0.0
2025-05-06 00:00:00-04:00,23.31698,23.391,23.31698,23.38175,8200,0.0,0.0
2025-05-07 00:00:00-04:00,23.391,23.40951,23.36324,23.3725,3400,0.0,0.0
2025-05-08 00:00:00-04:00,23.41414,23.41414,23.20595,23.23371,8500,0.0,0.0
2025-05-09 00:00:00-04:00,23.27072,23.38175,23.27072,23.28922,4800,0.0,0.0
2025-05-12 00:00:00-04:00,23.27997,23.40026,23.27072,23.38175,5300,0.0,0.0
2025-05-13 00:00:00-04:00,23.33549,23.44652,23.31698,23.43357,10100,0.0,0.0
2025-05-14 00:00:00-04:00,23.3725,23.40026,23.36324,23.3725,8200,0.0,0.0
2025-05-15 00:00:00-04:00,23.41876,23.44652,23.31698,23.31698,13500,0.0,0.0
2025-05-16 00:00:00-04:00,23.31698,23.42801,23.29847,23.30773,11700,0.0,0.0
2025-05-19 00:00:00-04:00,23.40951,23.50204,23.31698,23.42801,25800,0.0,0.0
2025-05-20 00:00:00-04:00,23.45577,23.50204,23.36324,23.41876,7200,0.0,0.0
2025-05-21 00:00:00-04:00,23.43727,23.45577,23.31698,23.36325,10100,0.0,0.0
2025-05-22 00:00:00-04:00,23.36325,23.40026,23.31698,23.32623,10100,0.0,0.0
2025-05-23 00:00:00-04:00,23.36325,23.40951,23.31698,23.36325,6900,0.0,0.0
2025-05-27 00:00:00-04:00,23.40026,23.40026,23.31698,23.32623,13000,0.0,0.0
2025-05-28 00:00:00-04:00,23.33549,23.37157,23.33549,23.33549,9900,0.0,0.0
2025-05-29 00:00:00-04:00,23.31698,23.3725,23.2152,23.30773,20900,0.0,0.0
2025-05-30 00:00:00-04:00,23.33549,23.36325,23.18744,23.18744,39500,0.0,0.0
2025-06-02 00:00:00-04:00,23.23371,23.32623,23.22445,23.27072,10600,0.0,0.0
2025-06-03 00:00:00-04:00,23.31698,23.32623,23.27072,23.27072,15300,0.0,0.0
2025-06-04 00:00:00-04:00,23.32623,23.391,23.27072,23.34474,10000,0.0,0.0
2025-06-05 00:00:00-04:00,23.36787,23.3725,23.34474,23.34474,7200,0.0,0.0
2025-06-06 00:00:00-04:00,23.3725,23.40026,23.33179,23.34474,5200,0.0,0.0
2025-06-09 00:00:00-04:00,23.33549,23.40026,23.27997,23.40026,7100,0.0,0.0
2025-06-10 00:00:00-04:00,23.391,23.43727,23.3725,23.42801,8100,0.0,0.0
2025-06-11 00:00:00-04:00,23.41876,23.43727,23.36324,23.41876,7000,0.0,0.0
2025-06-12 00:00:00-04:00,23.42801,23.43727,23.32623,23.36325,16200,0.0,0.0
2025-06-13 00:00:00-04:00,23.36325,23.48353,23.2994,23.38175,12100,0.0,0.0
2025-06-16 00:00:00-04:00,23.391,23.40951,23.33456,23.35399,6800,0.0,0.0
2025-06-17 00:00:00-04:00,23.40303,23.43727,23.38175,23.38175,3000,0.0,0.0
2025-06-18 00:00:00-04:00,23.42802,23.50204,23.42802,23.45577,25900,0.0,0.0
2025-06-20 00:00:00-04:00,23.4789,23.50204,23.40951,23.48353,17400,0.0,0.0
2025-06-23 00:00:00-04:00,23.41876,23.52054,23.41876,23.47428,5200,0.0,0.0
2025-06-24 00:00:00-04:00,23.48816,23.50204,23.46503,23.46503,9200,0.0,0.0
2025-06-25 00:00:00-04:00,23.48353,23.53905,23.46503,23.46503,5900,0.0,0.0
2025-06-26 00:00:00-04:00,23.52054,23.53905,23.48353,23.52054,5400,0.0,0.0
2025-06-27 00:00:00-04:00,23.47428,23.5483,23.47428,23.52794,2500,0.0,0.0
2025-06-30 00:00:00-04:00,23.53905,23.5483,23.31698,23.31698,54400,0.0,0.0
2025-07-01 00:00:00-04:00,23.47428,23.53905,23.40951,23.49278,13800,0.0,0.0
2025-07-02 00:00:00-04:00,23.49278,23.5483,23.41876,23.50204,19500,0.0,0.0
2025-07-03 00:00:00-04:00,23.51129,23.57606,23.50204,23.5483,4300,0.0,0.0
2025-07-07 00:00:00-04:00,23.52054,23.58531,23.50204,23.52054,20500,0.0,0.0
2025-07-08 00:00:00-04:00,23.53905,23.56681,23.46595,23.5409,16400,0.0,0.0
2025-07-09 00:00:00-04:00,23.5483,23.59457,23.5483,23.57606,9200,0.0,0.0
2025-07-10 00:00:00-04:00,23.57976,23.60382,23.55755,23.55755,10000,0.0,0.0
2025-07-11 00:00:00-04:00,23.57513,23.63158,23.55755,23.55755,22000,0.0,0.0
2025-07-14 00:00:00-04:00,23.61307,23.61307,23.56681,23.61307,12200,0.0,0.0
2025-07-15 00:00:00-04:00,23.71874,23.77535,23.681,23.72817,19000,0.492,0.0
2025-07-16 00:00:00-04:00,23.72817,23.86026,23.72817,23.76591,7000,0.0,0.0
2025-07-17 00:00:00-04:00,23.80365,23.85082,23.78478,23.80365,14000,0.0,0.0
2025-07-18 00:00:00-04:00,23.84516,23.85082,23.81025,23.81308,7600,0.0,0.0
2025-07-21 00:00:00-04:00,23.83573,23.83667,23.75648,23.78478,20200,0.0,0.0
2025-07-22 00:00:00-04:00,23.88856,23.88856,23.79421,23.7961,9600,0.0,0.0
2025-07-23 00:00:00-04:00,23.86026,23.86026,23.79421,23.82252,3200,0.0,0.0
2025-07-24 00:00:00-04:00,23.80365,23.86026,23.79422,23.80365,5000,0.0,0.0
2025-07-25 00:00:00-04:00,23.73761,23.88856,23.73761,23.84139,4100,0.0,0.0
2025-07-28 00:00:00-04:00,23.86969,23.86969,23.81308,23.85082,6100,0.0,0.0
2025-07-29 00:00:00-04:00,23.80365,23.90743,23.80365,23.85082,2600,0.0,0.0
2025-07-30 00:00:00-04:00,23.86969,23.86969,23.82252,23.85271,3200,0.0,0.0
2025-07-31 00:00:00-04:00,23.87158,23.91687,23.82252,23.86969,5100,0.0,0.0
2025-08-01 00:00:00-04:00,23.89328,23.93574,23.89328,23.93574,5900,0.0,0.0
2025-08-04 00:00:00-04:00,23.9263,23.98291,23.88385,23.94517,18500,0.0,0.0
2025-08-05 00:00:00-04:00,23.98291,23.99235,23.95461,23.96404,5800,0.0,0.0
2025-08-06 00:00:00-04:00,23.94328,24.02631,23.91687,23.98291,4600,0.0,0.0
2025-08-07 00:00:00-04:00,24.00178,24.05839,23.96404,24.01121,2700,0.0,0.0
2025-08-08 00:00:00-04:00,24.00744,24.03008,24.00744,24.03008,4100,0.0,0.0
2025-08-11 00:00:00-04:00,23.99706,24.03008,23.99706,24.03008,2600,0.0,0.0
2025-08-12 00:00:00-04:00,24.02065,24.05839,24.02065,24.04895,6700,0.0,0.0
2025-08-13 00:00:00-04:00,24.03952,24.10556,24.03952,24.08669,10600,0.0,0.0
2025-08-14 00:00:00-04:00,24.08197,24.15273,24.08009,24.15273,6900,0.0,0.0
2025-08-15 00:00:00-04:00,24.10556,24.21123,24.03952,24.1716,5300,0.0,0.0
2025-08-18 00:00:00-04:00,24.14141,24.19991,23.98291,24.12443,2600,0.0,0.0
2025-08-19 00:00:00-04:00,24.12443,24.18764,24.08669,24.15273,4800,0.0,0.0
2025-08-20 00:00:00-04:00,24.15273,24.19991,24.15273,24.1716,1800,0.0,0.0
2025-08-21 00:00:00-04:00,24.15273,24.1716,24.01122,24.10556,4100,0.0,0.0
2025-08-22 00:00:00-04:00,24.08197,24.15273,24.06782,24.11499,3800,0.0,0.0
2025-08-25 00:00:00-04:00,24.15273,24.15273,24.11499,24.11499,2200,0.0,0.0
2025-08-26 00:00:00-04:00,24.13858,24.16217,24.09613,24.1433,4000,0.0,0.0
2025-08-27 00:00:00-04:00,24.115,24.15273,24.10556,24.10556,2400,0.0,0.0
2025-08-28 00:00:00-04:00,24.12443,24.22821,24.115,24.15273,4000,0.0,0.0
2025-08-29 00:00:00-04:00,24.11216,24.1433,24.11216,24.1433,1300,0.0,0.0
2025-09-02 00:00:00-04:00,24.06782,24.11499,24.06782,24.09613,6000,0.0,0.0
2025-09-03 00:00:00-04:00,24.11499,24.18104,24.06782,24.1433,10600,0.0,0.0
2025-09-04 00:00:00-04:00,24.16217,24.16217,24.115,24.15273,1800,0.0,0.0
2025-09-05 00:00:00-04:00,24.16217,24.1716,24.12537,24.1716,4700,0.0,0.0
2025-09-08 00:00:00-04:00,24.1716,24.24708,24.08669,24.13386,10900,0.0,0.0
2025-09-09 00:00:00-04:00,24.17632,24.22821,24.11688,24.15273,3500,0.0,0.0
2025-09-10 00:00:00-04:00,24.12443,24.16217,24.12443,24.12443,1300,0.0,0.0
2025-09-11 00:00:00-04:00,24.11688,24.23765,24.11499,24.16217,4000,0.0,0.0
2025-09-12 00:00:00-04:00,24.13386,24.22821,24.11499,24.16217,5100,0.0,0.0
2025-09-15 00:00:00-04:00,24.23765,24.23765,24.19991,24.19991,900,0.0,0.0
2025-09-16 00:00:00-04:00,24.17821,24.17821,24.10179,24.10556,6200,0.0,0.0
2025-09-17 00:00:00-04:00,24.11499,24.13669,24.08669,24.13669,5400,0.0,0.0
2025-09-18 00:00:00-04:00,24.18104,24.22632,24.1716,24.22632,1200,0.0,0.0
2025-09-19 00:00:00-04:00,24.27538,24.27538,24.11499,24.18104,5400,0.0,0.0
2025-09-22 00:00:00-04:00,24.1716,24.24708,24.1716,24.24708,3400,0.0,0.0
2025-09-23 00:00:00-04:00,24.23765,24.23765,24.1716,24.1716,1300,0.0,0.0
2025-09-24 00:00:00-04:00,24.23576,24.28482,24.10556,24.18104,7100,0.0,0.0
2025-09-25 00:00:00-04:00,24.16217,24.21878,24.10556,24.21878,3200,0.0,0.0
2025-09-26 00:00:00-04:00,24.26501,24.26595,24.20934,24.20934,4600,0.0,0.0
2025-09-29 00:00:00-04:00,24.2518,24.28482,24.19991,24.27538,10600,0.0,0.0
2025-09-30 00:00:00-04:00,24.29425,24.29425,24.01121,24.08669,23200,0.0,0.0
2025-10-01 00:00:00-04:00,24.22821,24.29425,24.115,24.19991,8100,0.0,0.0
2025-10-02 00:00:00-04:00,24.17255,24.29425,24.17255,24.21878,3600,0.0,0.0
2025-10-03 00:00:00-04:00,24.24708,24.24708,24.19991,24.19991,3100,0.0,0.0
2025-10-06 00:00:00-04:00,24.1999,24.22821,24.1999,24.22821,5100,0.0,0.0
2025-10-07 00:00:00-04:00,24.22821,24.29425,24.21877,24.22821,7900,0.0,0.0
2025-10-08 00:00:00-04:00,24.20934,24.26595,24.15273,24.20934,4900,0.0,0.0
2025-10-09 00:00:00-04:00,24.16217,24.18104,24.09801,24.09801,3100,0.0,0.0
2025-10-10 00:00:00-04:00,24.19991,24.30369,24.19047,24.30369,2200,0.0,0.0
2025-10-13 00:00:00-04:00,24.27255,24.31312,24.15273,24.19613,4300,0.0,0.0
2025-10-14 00:00:00-04:00,24.1716,24.24708,24.11499,24.12443,11300,0.0,0.0
2025-10-15 00:00:00-04:00,24.15521,24.33799,24.15521,24.31875,34900,0.492,0.0
2025-10-16 00:00:00-04:00,24.30913,24.3476,24.23217,24.3476,4900,0.0,0.0
2025-10-17 00:00:00-04:00,24.30913,24.40533,24.26295,24.40533,6500,0.0,0.0
2025-10-20 00:00:00-04:00,24.37647,24.37647,24.25141,24.33799,6100,0.0,0.0
2025-10-21 00:00:00-04:00,24.30913,24.40533,24.30913,24.40533,6100,0.0,0.0
2025-10-22 00:00:00-04:00,24.4919,24.62177,24.48228,24.48228,14000,0.0,0.0
2025-10-23 00:00:00-04:00,24.61696,24.61696,24.52846,24.52846,3100,0.0,0.0
2025-10-24 00:00:00-04:00,24.53327,24.53327,24.53327,24.53327,600,0.0,0.0
2025-10-27 00:00:00-04:00,24.54866,24.55924,24.43419,24.43419,9200,0.0,0.0
2025-10-28 00:00:00-04:00,24.48228,24.60734,24.4438,24.44958,10100,0.0,0.0
2025-10-29 00:00:00-04:00,24.45342,24.50152,24.45342,24.4919,3400,0.0,0.0
2025-10-30 00:00:00-04:00,24.43418,24.55924,24.43418,24.55924,15400,0.0,0.0
2025-10-31 00:00:00-04:00,24.53038,24.59772,24.41494,24.51114,7100,0.0,0.0
2025-11-03 00:00:00-05:00,24.57848,24.57848,24.41494,24.4919,8600,0.0,0.0
2025-11-04 00:00:00-05:00,24.46785,24.50152,24.40533,24.4236,41000,0.0,0.0
2025-11-05 00:00:00-05:00,24.42456,24.45342,24.40533,24.40533,12400,0.0,0.0
2025-11-06 00:00:00-05:00,24.40533,24.4919,24.40533,24.43419,4300,0.0,0.0
2025-11-07 00:00:00-05:00,24.46305,24.4919,24.46016,24.46016,4700,0.0,0.0
2025-11-10 00:00:00-05:00,24.46304,24.48228,24.40533,24.48228,8100,0.0,0.0
2025-11-11 00:00:00-05:00,24.44765,24.53038,24.44765,24.53038,15900,0.0,0.0
2025-11-12 00:00:00-05:00,24.53038,24.62658,24.51114,24.57848,5400,0.0,0.0
2025-11-13 00:00:00-05:00,24.55924,24.57848,24.55155,24.55155,1000,0.0,0.0
2025-11-14 00:00:00-05:00,24.56886,24.59387,24.56886,24.59002,1900,0.0,0.0
2025-11-17 00:00:00-05:00,24.53038,24.53038,24.45343,24.50633,3300,0.0,0.0
2025-11-18 00:00:00-05:00,24.54,24.54962,24.46304,24.54962,2600,0.0,0.0
2025-11-19 00:00:00-05:00,24.54962,24.57367,24.42456,24.53038,15100,0.0,0.0
2025-11-20 00:00:00-05:00,24.4438,24.57848,24.42938,24.48325,2800,0.0,0.0
2025-11-21 00:00:00-05:00,24.54,24.54,24.4438,24.4438,13200,0.0,0.0
2025-11-24 00:00:00-05:00,24.54,24.57848,24.47266,24.48228,7300,0.0,0.0
2025-11-25 00:00:00-05:00,24.52557,24.56886,24.4919,24.56694,9200,0.0,0.0
2025-11-26 00:00:00-05:00,24.54962,24.58137,24.54962,24.57848,5400,0.0,0.0
2025-11-28 00:00:00-05:00,24.54962,24.57848,24.54962,24.57848,700,0.0,0.0
2025-12-01 00:00:00-05:00,24.55924,24.58041,24.55924,24.57848,4400,0.0,0.0
2025-12-02 00:00:00-05:00,24.59772,24.67468,24.48228,24.67468,58100,0.0,0.0
2025-12-03 00:00:00-05:00,24.65544,24.66506,24.53038,24.65544,20100,0.0,0.0
2025-12-04 00:00:00-05:00,24.61696,24.64582,24.53038,24.62658,26700,0.0,0.0
2025-12-05 00:00:00-05:00,24.54962,24.71316,24.54962,24.66506,28700,0.0,0.0
2025-12-08 00:00:00-05:00,24.66506,24.74009,24.57848,24.6843,7700,0.0,0.0
2025-12-09 00:00:00-05:00,24.67468,24.72278,24.64582,24.6843,26400,0.0,0.0
2025-12-10 00:00:00-05:00,24.6843,24.74202,24.6843,24.72182,18700,0.0,0.0
2025-12-11 00:00:00-05:00,24.72278,24.79974,24.71797,24.79974,31200,0.0,0.0
2025-12-12 00:00:00-05:00,24.72759,24.75164,24.6362,24.74202,6600,0.0,0.0
2025-12-15 00:00:00-05:00,24.72278,24.83725,24.67468,24.81897,16700,0.0,0.0
2025-12-16 00:00:00-05:00,24.78434,24.81897,24.7805,24.7805,7400,0.0,0.0
2025-12-17 00:00:00-05:00,24.7805,24.80936,24.72278,24.72278,43500,0.0,0.0
2025-12-18 00:00:00-05:00,24.77088,24.81897,24.70835,24.81897,10500,0.0,0.0
2025-12-19 00:00:00-05:00,24.72278,24.81897,24.62658,24.81897,20400,0.0,0.0
2025-12-22 00:00:00-05:00,24.77087,24.84014,24.67468,24.74875,13700,0.0,0.0
2025-12-23 00:00:00-05:00,24.81897,24.83821,24.76126,24.83821,21300,0.0,0.0
2025-12-24 00:00:00-05:00,24.75164,24.86707,24.74202,24.86707,15500,0.0,0.0
2025-12-26 00:00:00-05:00,24.81609,24.86707,24.81609,24.86611,1900,0.0,0.0
2025-12-29 00:00:00-05:00,24.84783,24.85745,24.77088,24.77088,11200,0.0,0.0
2025-12-30 00:00:00-05:00,24.76607,24.79492,24.76125,24.79492,8100,0.0,0.0
2025-12-31 00:00:00-05:00,24.81897,24.84783,24.65544,24.66506,15400,0.0,0.0
2026-01-02 00:00:00-05:00,24.67564,24.85745,24.67564,24.75164,13500,0.0,0.0
2026-01-05 00:00:00-05:00,24.79204,24.81898,24.79012,24.79012,8800,0.0,0.0
2026-01-06 00:00:00-05:00,24.76126,24.82859,24.74683,24.77088,14200,0.0,0.0
2026-01-07 00:00:00-05:00,24.81897,24.84783,24.77088,24.79685,12700,0.0,0.0
2026-01-08 00:00:00-05:00,24.83822,24.83822,24.75164,24.76126,6200,0.0,0.0
2026-01-09 00:00:00-05:00,24.82859,24.86707,24.8007,24.81897,11600,0.0,0.0
2026-01-12 00:00:00-05:00,24.81897,24.85745,24.81897,24.85361,10900,0.0,0.0
2026-01-13 00:00:00-05:00,24.86707,24.88631,24.86323,24.87188,7500,0.0,0.0
2026-01-14 00:00:00-05:00,24.81897,24.86707,24.81897,24.85745,3100,0.0,0.0
2026-01-15 00:00:00-05:00,24.80936,24.80936,24.44381,24.46305,21100,0.0,0.0
2026-01-16 00:00:00-05:00,24.48228,24.4919,24.45342,24.4919,6700,0.0,0.0
2026-01-20 00:00:00-05:00,24.48228,24.48228,24.4438,24.4438,11600,0.0,0.0
2026-01-21 00:00:00-05:00,24.44381,24.51114,24.33799,24.50633,32000,0.0,0.0
2026-01-22 00:00:00-05:00,24.70354,24.70354,24.53038,24.56886,28400,0.0,0.0
2026-01-23 00:00:00-05:00,24.64582,24.67468,24.56886,24.58714,5900,0.0,0.0
2026-01-26 00:00:00-05:00,24.7324,24.7324,24.53038,24.54962,18700,0.0,0.0
2026-01-27 00:00:00-05:00,24.56694,24.6362,24.56694,24.6362,4200,0.0,0.0
2026-01-28 00:00:00-05:00,24.5881,24.64582,24.5881,24.64582,4800,0.0,0.0
2026-01-29 00:00:00-05:00,24.64582,24.72278,24.56886,24.5881,10700,0.0,0.0
2026-01-30 00:00:00-05:00,24.62658,24.66506,24.45342,24.63331,11200,0.0,0.0
2026-02-02 00:00:00-05:00,24.79012,24.79012,24.55924,24.66506,15900,0.0,0.0
2026-02-03 00:00:00-05:00,24.5881,24.72278,24.5881,24.71605,13000,0.0,0.0
2026-02-04 00:00:00-05:00,24.69392,24.72278,24.65544,24.71316,25900,0.0,0.0
2026-02-05 00:00:00-05:00,24.69392,24.72278,24.6843,24.68911,6200,0.0,0.0
2026-02-06 00:00:00-05:00,24.67468,24.77087,24.67468,24.70354,2800,0.0,0.0
2026-02-09 00:00:00-05:00,24.65544,24.75164,24.65544,24.70835,12300,0.0,0.0
2026-02-10 00:00:00-05:00,24.75164,24.75164,24.51114,24.53038,44600,0.0,0.0
2026-02-11 00:00:00-05:00,24.62658,24.65544,24.56886,24.5881,11900,0.0,0.0
2026-02-12 00:00:00-05:00,24.6843,24.6843,24.38609,24.39571,81400,0.0,0.0
2026-02-13 00:00:00-05:00,24.46304,24.52076,24.41494,24.47266,11700,0.0,0.0
2026-02-17 00:00:00-05:00,24.52076,24.6362,24.50152,24.60253,15000,0.0,0.0
2026-02-18 00:00:00-05:00,24.5881,24.64582,24.56886,24.6439,9000,0.0,0.0
2026-02-19 00:00:00-05:00,24.66506,24.66506,24.50152,24.50152,12800,0.0,0.0
2026-02-20 00:00:00-05:00,24.50152,24.5881,24.4919,24.51114,14500,0.0,0.0
2026-02-23 00:00:00-05:00,24.54,24.54962,24.50152,24.50152,17000,0.0,0.0
2026-02-24 00:00:00-05:00,24.54962,24.57848,24.4438,24.45342,21500,0.0,0.0
2026-02-25 00:00:00-05:00,24.47267,24.62658,24.46305,24.57848,11100,0.0,0.0
2026-02-26 00:00:00-05:00,24.52076,24.66506,24.52076,24.61696,12700,0.0,0.0
2026-02-27 00:00:00-05:00,24.67468,24.67468,24.46305,24.59772,33900,0.0,0.0
2026-03-02 00:00:00-05:00,24.56886,24.5958,24.55924,24.5881,4900,0.0,0.0
2026-03-03 00:00:00-05:00,24.57848,24.57848,24.4919,24.53423,8300,0.0,0.0
2026-03-04 00:00:00-05:00,24.46305,24.67468,24.43419,24.59772,26800,0.0,0.0
2026-03-05 00:00:00-05:00,24.67468,24.67468,24.54962,24.56405,6400,0.0,0.0
2026-03-06 00:00:00-05:00,24.55924,24.6362,24.4919,24.61696,2400,0.0,0.0
2026-03-09 00:00:00-04:00,24.52076,24.57848,24.45342,24.4919,12500,0.0,0.0
2026-03-10 00:00:00-04:00,24.54962,24.57848,24.48228,24.51114,10800,0.0,0.0
2026-03-11 00:00:00-04:00,24.5602,24.60734,24.51114,24.53519,6300,0.0,0.0
2026-03-12 00:00:00-04:00,24.48421,24.57848,24.48228,24.48228,14700,0.0,0.0
2026-03-13 00:00:00-04:00,24.61696,24.62658,24.4438,24.4919,13100,0.0,0.0
2026-03-16 00:00:00-04:00,24.45343,24.54,24.45343,24.46305,11400,0.0,0.0
2026-03-17 00:00:00-04:00,24.59772,24.59772,24.48228,24.4919,9700,0.0,0.0
2026-03-18 00:00:00-04:00,24.56886,24.56886,24.45342,24.49286,5600,0.0,0.0
2026-03-19 00:00:00-04:00,24.45342,24.56886,24.38609,24.43419,17700,0.0,0.0
2026-03-20 00:00:00-04:00,24.55924,24.57848,24.34953,24.51114,13500,0.0,0.0
2026-03-23 00:00:00-04:00,24.42938,24.56886,24.40533,24.51114,21400,0.0,0.0
2026-03-24 00:00:00-04:00,24.54962,24.54962,24.41494,24.51114,14900,0.0,0.0
2026-03-25 00:00:00-04:00,24.53038,24.54962,24.48228,24.4919,44200,0.0,0.0
2026-03-26 00:00:00-04:00,24.57848,24.57848,24.45343,24.47747,15600,0.0,0.0
2026-03-27 00:00:00-04:00,24.45342,24.51595,24.45342,24.50152,14900,0.0,0.0
2026-03-30 00:00:00-04:00,24.48228,24.54962,24.48228,24.4919,10800,0.0,0.0
2026-03-31 00:00:00-04:00,24.52076,24.53038,24.37647,24.37647,46100,0.0,0.0
2026-04-01 00:00:00-04:00,24.42456,24.54962,24.42456,24.54,10000,0.0,0.0
2026-04-02 00:00:00-04:00,24.46304,24.54962,24.46304,24.54962,3400,0.0,0.0
2026-04-06 00:00:00-04:00,24.56886,24.57848,24.53038,24.54,8500,0.0,0.0
2026-04-07 00:00:00-04:00,24.56886,24.59772,24.48228,24.48228,9900,0.0,0.0
2026-04-08 00:00:00-04:00,24.5881,24.5881,24.48228,24.4919,21200,0.0,0.0
2026-04-09 00:00:00-04:00,24.54962,24.5602,24.4919,24.4919,24300,0.0,0.0
2026-04-10 00:00:00-04:00,24.53134,24.56886,24.4919,24.53038,20000,0.0,0.0
2026-04-13 00:00:00-04:00,24.51114,24.54,24.50152,24.51114,56600,0.0,0.0
2026-04-14 00:00:00-04:00,24.54,24.60734,24.4919,24.59772,39000,0.0,0.0
2026-04-15 00:00:00-04:00,24.70758,24.74681,24.58006,24.68796,26600,0.492,0.0
2026-04-16 00:00:00-04:00,24.71738,24.737,24.64872,24.65853,14000,0.0,0.0
2026-04-17 00:00:00-04:00,24.737,24.8547,24.71738,24.78604,23200,0.0,0.0
2026-04-20 00:00:00-04:00,24.82528,24.84293,24.76643,24.80762,18100,0.0,0.0
2026-04-21 00:00:00-04:00,24.81547,24.8547,24.76643,24.79585,20800,0.0,0.0
2026-04-22 00:00:00-04:00,24.83508,24.86451,24.83508,24.83508,3800,0.0,0.0
2026-04-23 00:00:00-04:00,24.84686,24.85568,24.84686,24.8498,2700,0.0,0.0
2026-04-24 00:00:00-04:00,24.86451,24.89393,24.83508,24.8547,14100,0.0,0.0
2026-04-27 00:00:00-04:00,24.90374,24.91355,24.86451,24.91355,9800,0.0,0.0
2026-04-28 00:00:00-04:00,24.8547,24.91355,24.83509,24.89394,1700,0.0,0.0
2026-04-29 00:00:00-04:00,24.86451,24.9724,24.86451,24.90963,10500,0.0,0.0
2026-04-30 00:00:00-04:00,24.94298,24.94298,24.87432,24.94298,18900,0.0,0.0
2026-05-01 00:00:00-04:00,25.03126,25.03126,24.92532,24.99202,6700,0.0,0.0
2026-05-04 00:00:00-04:00,24.93317,24.99202,24.89394,24.98221,5800,0.0,0.0
2026-05-05 00:00:00-04:00,24.98221,24.99202,24.95279,24.9724,9500,0.0,0.0
2026-05-06 00:00:00-04:00,24.9626,25.11953,24.93807,25.11953,14900,0.0,0.0
2026-05-07 00:00:00-04:00,25.10972,25.14896,25.02145,25.14896,17600,0.0,0.0
2026-05-08 00:00:00-04:00,25.10972,25.10972,25.01164,25.09011,7600,0.0,0.0
2026-05-11 00:00:00-04:00,25.01164,25.15876,25.01164,25.07049,7200,0.0,0.0
2026-05-12 00:00:00-04:00,25.01164,25.10972,25.01164,25.0852,4800,0.0,0.0
2026-05-13 00:00:00-04:00,25.10972,25.10972,24.89393,25.01654,6900,0.0,0.0
2026-05-14 00:00:00-04:00,25.06068,25.06068,24.93317,25.06068,11100,0.0,0.0
2026-05-15 00:00:00-04:00,24.94298,24.9626,24.94298,24.9626,600,0.0,0.0
2026-05-18 00:00:00-04:00,25.0803,25.0803,25.0803,25.0803,400,0.0,0.0
2026-05-19 00:00:00-04:00,25.06068,25.06068,24.93317,25.06068,5200,0.0,0.0
2026-05-20 00:00:00-04:00,25.03616,25.06068,25.01164,25.02047,7400,0.0,0.0
2026-05-21 00:00:00-04:00,25.01164,25.07049,25.01164,25.06068,4300,0.0,0.0
2026-05-22 00:00:00-04:00,25.06068,25.15877,25.06068,25.15877,9700,0.0,0.0
2026-05-26 00:00:00-04:00,25.15877,25.16857,25.01164,25.12934,7000,0.0,0.0
2026-05-27 00:00:00-04:00,25.11953,25.11953,25.0852,25.0852,1200,0.0,0.0
2026-05-28 00:00:00-04:00,25.02145,25.15877,25.01164,25.10972,15900,0.0,0.0
2026-05-29 00:00:00-04:00,25.14896,25.15877,24.9626,24.9626,15200,0.0,0.0
2026-06-01 00:00:00-04:00,24.9626,25.01654,24.92336,25.01654,5200,0.0,0.0
2026-06-02 00:00:00-04:00,24.99693,25.05087,24.91355,25.05087,7100,0.0,0.0
2026-06-03 00:00:00-04:00,24.95279,25.09991,24.91355,25.09011,8400,0.0,0.0
2026-06-04 00:00:00-04:00,25.13915,25.13915,25.02145,25.02145,1300,0.0,0.0
2026-06-05 00:00:00-04:00,25.10972,25.10972,24.9626,24.9626,7500,0.0,0.0
2026-06-08 00:00:00-04:00,25.09011,25.15876,24.93317,25.05087,14600,0.0,0.0
2026-06-09 00:00:00-04:00,25.01164,25.15877,25.01164,25.06068,3400,0.0,0.0
2026-06-10 00:00:00-04:00,25.10972,25.10972,24.98221,25.03126,2100,0.0,0.0
2026-06-11 00:00:00-04:00,25.15877,25.15877,25.01164,25.14896,10700,0.0,0.0
2026-06-12 00:00:00-04:00,25.05087,25.14896,25.05087,25.11953,3800,0.0,0.0
2026-06-15 00:00:00-04:00,25.07049,25.15876,25.03126,25.09991,1500,0.0,0.0
2026-06-16 00:00:00-04:00,25.14896,25.15877,25.04106,25.10972,5200,0.0,0.0
2026-06-17 00:00:00-04:00,25.09991,25.10482,25.04106,25.0803,6600,0.0,0.0
2026-06-18 00:00:00-04:00,25.07049,25.10972,25.05087,25.10972,8700,0.0,0.0
2026-06-22 00:00:00-04:00,25.14896,25.14896,25.01164,25.0803,18000,0.0,0.0
2026-06-23 00:00:00-04:00,25.05087,25.15386,25.05087,25.07049,9000,0.0,0.0
2026-06-24 00:00:00-04:00,25.06068,25.10972,25.06068,25.06068,6300,0.0,0.0
2026-06-25 00:00:00-04:00,25.07441,25.07441,24.9724,24.99202,8500,0.0,0.0
2026-06-26 00:00:00-04:00,24.99202,25.09991,24.98221,25.06853,5100,0.0,0.0
2026-06-29 00:00:00-04:00,25.07049,25.15877,25.03616,25.15877,16400,0.0,0.0
2026-06-30 00:00:00-04:00,25.15877,25.17838,24.98221,24.99202,39600,0.0,0.0
2026-07-01 00:00:00-04:00,25.01164,25.09501,25.01164,25.06068,4400,0.0,0.0
2026-07-02 00:00:00-04:00,25.21762,25.21762,25.09991,25.14896,9500,0.0,0.0
2026-07-06 00:00:00-04:00,25.17838,25.17838,25.04106,25.15386,5700,0.0,0.0
2026-07-07 00:00:00-04:00,25.15876,25.15876,25.06068,25.11953,17000,0.0,0.0
2026-07-08 00:00:00-04:00,25.13424,25.18819,25.10972,25.14896,9100,0.0,0.0
2026-07-09 00:00:00-04:00,25.09011,25.15877,25.0803,25.10972,22100,0.0,0.0
2026-07-10 00:00:00-04:00,25.12934,25.20781,25.12934,25.15877,4400,0.0,0.0
2026-07-13 00:00:00-04:00,25.10972,25.15386,25.06657,25.10972,6200,0.0,0.0
2026-07-14 00:00:00-04:00,25.15877,25.198,25.14798,25.198,9200,0.0,0.0
2026-07-15 00:00:00-04:00,25.21,25.275,25.21,25.275,15500,0.492,0.0
2026-07-16 00:00:00-04:00,25.3,25.3,25.222,25.26,4500,0.0,0.0
2026-07-17 00:00:00-04:00,25.26,25.266,25.26,25.26,4300,0.0,0.0
2026-07-20 00:00:00-04:00,25.275,25.29,25.25,25.28,7000,0.0,0.0
2026-07-21 00:00:00-04:00,25.28,25.29,25.255,25.255,11100,0.0,0.0
