Date,Open,High,Low,Close,Volume,Dividends,Stock Splits
2021-02-24 00:00:00-05:00,13.4965,13.51675,13.48975,13.51,1438700,0.0,0.0
2021-02-25 00:00:00-05:00,13.50325,13.51,13.4965,13.51,169000,0.0,0.0
2021-02-26 00:00:00-05:00,13.4965,13.6922,13.4965,13.6922,54400,0.0,0.0
2021-03-01 00:00:00-05:00,13.63147,13.77183,13.58423,13.73269,54900,0.0,0.0
2021-03-02 00:00:00-05:00,13.69894,13.69894,13.53698,13.67195,52900,0.0,0.0
2021-03-03 00:00:00-05:00,13.67196,13.67196,13.50325,13.53024,28100,0.0,0.0
2021-03-04 00:00:00-05:00,13.50999,13.56398,13.4965,13.51674,23600,0.0,0.0
2021-03-05 00:00:00-05:00,13.53024,13.56398,13.4965,13.51674,37300,0.0,0.0
2021-03-08 00:00:00-05:00,13.51675,13.57073,13.51,13.51,30800,0.0,0.0
2021-03-09 00:00:00-05:00,13.54374,13.58423,13.50325,13.51,11500,0.0,0.0
2021-03-10 00:00:00-05:00,13.51,13.51,13.4965,13.4965,17400,0.0,0.0
2021-03-11 00:00:00-05:00,13.50325,13.50325,13.4965,13.50258,35200,0.0,0.0
2021-03-12 00:00:00-05:00,13.4965,13.50325,13.4965,13.4965,6600,0.0,0.0
2021-03-15 00:00:00-04:00,13.4965,13.52349,13.4965,13.4965,4100,0.0,0.0
2021-03-16 00:00:00-04:00,13.4965,13.50325,13.4965,13.50325,25900,0.0,0.0
2021-03-17 00:00:00-04:00,13.52349,13.52349,13.4965,13.4965,26200,0.0,0.0
2021-03-18 00:00:00-04:00,13.4965,13.50325,13.4965,13.4965,125700,0.0,0.0
2021-03-19 00:00:00-04:00,13.4965,13.50325,13.4965,13.4965,10000,0.0,0.0
2021-03-22 00:00:00-04:00,13.4965,13.50325,13.4965,13.50325,11400,0.0,0.0
2021-03-23 00:00:00-04:00,13.4965,13.50325,13.4965,13.4965,73000,0.0,0.0
2021-03-24 00:00:00-04:00,13.4965,13.50325,13.4965,13.4965,19900,0.0,0.0
2021-03-25 00:00:00-04:00,13.4965,13.50325,13.4965,13.50325,6900,0.0,0.0
2021-03-26 00:00:00-04:00,13.4965,13.50325,13.4965,13.49718,10200,0.0,0.0
2021-03-29 00:00:00-04:00,13.4965,13.50325,13.4965,13.49987,9500,0.0,0.0
2021-03-30 00:00:00-04:00,13.4965,13.50325,13.4965,13.50325,11000,0.0,0.0
2021-03-31 00:00:00-04:00,13.50324,13.52147,13.50324,13.51674,6500,0.0,0.0
2021-04-01 00:00:00-04:00,13.50324,13.64293,13.50324,13.5741,8500,0.0,0.0
2021-04-05 00:00:00-04:00,13.59773,13.61662,13.51675,13.53024,27500,0.0,0.0
2021-04-06 00:00:00-04:00,13.5235,13.58423,13.4965,13.49718,102100,0.0,0.0
2021-04-07 00:00:00-04:00,13.4965,13.53024,13.4965,13.51674,37600,0.0,0.0
2021-04-08 00:00:00-04:00,13.52349,13.54373,13.4965,13.52349,32200,0.0,0.0
2021-04-09 00:00:00-04:00,13.50325,13.51607,13.4965,13.4965,23400,0.0,0.0
2021-04-12 00:00:00-04:00,13.49988,13.51,13.44252,13.51,26300,0.0,0.0
2021-04-13 00:00:00-04:00,13.53024,13.53024,13.4965,13.4965,22200,0.0,0.0
2021-04-14 00:00:00-04:00,13.50325,13.58423,13.50325,13.50325,51300,0.0,0.0
2021-04-15 00:00:00-04:00,13.62533,13.62533,13.55751,13.5982,41900,0.1,0.0
2021-04-16 00:00:00-04:00,13.57785,13.63889,13.56429,13.57107,24400,0.0,0.0
2021-04-19 00:00:00-04:00,13.59142,13.59142,13.53038,13.53716,76700,0.0,0.0
2021-04-20 00:00:00-04:00,13.53716,13.56429,13.53716,13.55072,16800,0.0,0.0
2021-04-21 00:00:00-04:00,13.55073,13.56429,13.50325,13.54395,29200,0.0,0.0
2021-04-22 00:00:00-04:00,13.56429,13.57107,13.55004,13.56429,36000,0.0,0.0
2021-04-23 00:00:00-04:00,13.57107,13.64567,13.57107,13.58463,43200,0.0,0.0
2021-04-26 00:00:00-04:00,13.58463,13.61176,13.56429,13.57107,64200,0.0,0.0
2021-04-27 00:00:00-04:00,13.58463,13.69857,13.55751,13.58463,52900,0.0,0.0
2021-04-28 00:00:00-04:00,13.60498,13.60498,13.54597,13.57107,69000,0.0,0.0
2021-04-29 00:00:00-04:00,13.57107,13.58124,13.5236,13.52427,27400,0.0,0.0
2021-04-30 00:00:00-04:00,13.53038,13.65924,13.53038,13.6389,28000,0.0,0.0
2021-05-03 00:00:00-04:00,13.63889,13.71078,13.57107,13.58463,43600,0.0,0.0
2021-05-04 00:00:00-04:00,13.69993,13.7881,13.5575,13.5575,77400,0.0,0.0
2021-05-05 00:00:00-04:00,14.57483,14.57483,13.59142,13.63211,38400,0.0,0.0
2021-05-06 00:00:00-04:00,13.9373,14.07362,13.64567,13.65923,46800,0.0,0.0
2021-05-07 00:00:00-04:00,13.72028,13.8505,13.72028,13.7881,28100,0.0,0.0
2021-05-10 00:00:00-04:00,13.89661,13.95087,13.7881,13.83557,48900,0.0,0.0
2021-05-11 00:00:00-04:00,13.83557,13.94341,13.69993,13.76097,90000,0.0,0.0
2021-05-12 00:00:00-04:00,13.76097,13.78132,13.61855,13.61855,42800,0.0,0.0
2021-05-13 00:00:00-04:00,13.70034,13.71329,13.63218,13.68671,53500,0.1,0.0
2021-05-14 00:00:00-04:00,13.67308,13.79577,13.66626,13.72079,48700,0.0,0.0
2021-05-17 00:00:00-04:00,13.72078,13.7685,13.67989,13.7685,13600,0.0,0.0
2021-05-18 00:00:00-04:00,13.74806,13.91164,13.74806,13.80258,51500,0.0,0.0
2021-05-19 00:00:00-04:00,13.78213,13.91164,13.70716,13.8503,21000,0.0,0.0
2021-05-20 00:00:00-04:00,13.80939,13.95934,13.72078,13.7276,83400,0.0,0.0
2021-05-21 00:00:00-04:00,13.81621,13.81621,13.69352,13.73442,51300,0.0,0.0
2021-05-24 00:00:00-04:00,13.74124,13.81622,13.69353,13.78213,43200,0.0,0.0
2021-05-25 00:00:00-04:00,13.78214,13.86393,13.70716,13.80258,107400,0.0,0.0
2021-05-26 00:00:00-04:00,13.81622,13.93209,13.78895,13.87074,32600,0.0,0.0
2021-05-27 00:00:00-04:00,13.85711,13.87075,13.73442,13.80258,34200,0.0,0.0
2021-05-28 00:00:00-04:00,13.83666,13.89119,13.75487,13.89119,30600,0.0,0.0
2021-06-01 00:00:00-04:00,13.89119,13.9389,13.84689,13.9389,20700,0.0,0.0
2021-06-02 00:00:00-04:00,13.9389,13.9389,13.85711,13.91845,28700,0.0,0.0
2021-06-03 00:00:00-04:00,13.9798,13.9798,13.87756,13.9389,21200,0.0,0.0
2021-06-04 00:00:00-04:00,13.9389,13.95935,13.90482,13.90482,38700,0.0,0.0
2021-06-07 00:00:00-04:00,13.88437,13.94571,13.83666,13.94571,44700,0.0,0.0
2021-06-08 00:00:00-04:00,13.9389,13.98662,13.87756,13.98662,32700,0.0,0.0
2021-06-09 00:00:00-04:00,13.95935,13.99343,13.95935,13.99343,14000,0.0,0.0
2021-06-10 00:00:00-04:00,13.95935,13.98661,13.89119,13.94571,27400,0.0,0.0
2021-06-11 00:00:00-04:00,13.98661,13.99343,13.9798,13.99139,8200,0.0,0.0
2021-06-14 00:00:00-04:00,14.06159,14.17065,14.00707,14.17065,26100,0.0,0.0
2021-06-15 00:00:00-04:00,14.1501,14.34461,13.93778,13.96517,50400,0.1,0.0
2021-06-16 00:00:00-04:00,13.97888,14.10901,13.97888,14.01997,42700,0.0,0.0
2021-06-17 00:00:00-04:00,13.97203,14.02682,13.97203,13.996,24800,0.0,0.0
2021-06-18 00:00:00-04:00,13.90353,14.05421,13.90353,14.05421,39500,0.0,0.0
2021-06-21 00:00:00-04:00,14.05422,14.05422,13.87614,13.91039,61500,0.0,0.0
2021-06-22 00:00:00-04:00,13.96518,14.04737,13.96518,14.00627,28500,0.0,0.0
2021-06-23 00:00:00-04:00,13.97888,14.05422,13.8282,13.96929,132100,0.0,0.0
2021-06-24 00:00:00-04:00,13.93093,14.03367,13.8145,13.88299,140300,0.0,0.0
2021-06-25 00:00:00-04:00,13.90422,13.92408,13.8282,13.88299,57500,0.0,0.0
2021-06-28 00:00:00-04:00,13.85559,14.00627,13.85559,13.99257,59800,0.0,0.0
2021-06-29 00:00:00-04:00,14.02066,14.04052,13.88984,13.95148,40700,0.0,0.0
2021-06-30 00:00:00-04:00,14.07476,14.07476,13.90354,13.97888,36700,0.0,0.0
2021-07-01 00:00:00-04:00,13.95148,14.08024,13.95148,14.06107,35400,0.0,0.0
2021-07-02 00:00:00-04:00,14.05421,14.1775,14.04736,14.1638,31600,0.0,0.0
2021-07-06 00:00:00-04:00,14.11586,14.1912,13.97888,14.08846,51500,0.0,0.0
2021-07-07 00:00:00-04:00,14.17065,14.22544,14.06449,14.21174,39800,0.0,0.0
2021-07-08 00:00:00-04:00,14.20489,14.41036,14.13092,14.25284,76000,0.0,0.0
2021-07-09 00:00:00-04:00,14.41722,14.41722,14.25969,14.36242,80500,0.0,0.0
2021-07-12 00:00:00-04:00,14.64323,14.64323,14.30078,14.36927,39400,0.0,0.0
2021-07-13 00:00:00-04:00,14.36242,14.4857,14.27338,14.34872,55600,0.0,0.0
2021-07-14 00:00:00-04:00,14.32132,14.81445,14.32132,14.58844,91700,0.0,0.0
2021-07-15 00:00:00-04:00,14.6022,14.65037,14.31869,14.39576,46500,0.1,0.0
2021-07-16 00:00:00-04:00,14.32695,14.51274,14.32695,14.4921,28000,0.0,0.0
2021-07-19 00:00:00-04:00,14.47834,14.48522,14.31318,14.36135,49900,0.0,0.0
2021-07-20 00:00:00-04:00,14.41642,14.51964,14.41642,14.48523,40900,0.0,0.0
2021-07-21 00:00:00-04:00,14.41641,14.61941,14.41641,14.45701,69500,0.0,0.0
2021-07-22 00:00:00-04:00,14.52651,14.62973,14.43705,14.60908,116100,0.0,0.0
2021-07-23 00:00:00-04:00,14.60908,14.62285,14.4921,14.57468,32000,0.0,0.0
2021-07-26 00:00:00-04:00,14.52651,14.69854,14.09298,14.29254,188200,0.0,0.0
2021-07-27 00:00:00-04:00,14.25125,14.29942,14.03793,14.20996,219000,0.0,0.0
2021-07-28 00:00:00-04:00,14.1618,14.35448,14.1618,14.28222,94800,0.0,0.0
2021-07-29 00:00:00-04:00,14.30631,14.31319,14.20309,14.25814,69400,0.0,0.0
2021-07-30 00:00:00-04:00,14.25814,14.31319,14.18244,14.25814,45700,0.0,0.0
2021-08-02 00:00:00-04:00,14.29254,14.31318,14.21134,14.28566,53300,0.0,0.0
2021-08-03 00:00:00-04:00,14.27878,14.51274,14.24437,14.51274,57300,0.0,0.0
2021-08-04 00:00:00-04:00,14.51962,14.56848,14.45081,14.49898,27200,0.0,0.0
2021-08-05 00:00:00-04:00,14.4921,14.58844,14.34966,14.50586,55200,0.0,0.0
2021-08-06 00:00:00-04:00,14.55954,14.55954,14.45701,14.53339,24900,0.0,0.0
2021-08-09 00:00:00-04:00,14.52651,14.57468,14.45081,14.51963,80400,0.0,0.0
2021-08-10 00:00:00-04:00,14.49898,14.60908,14.48522,14.49898,37500,0.0,0.0
2021-08-11 00:00:00-04:00,14.51275,14.68271,14.51275,14.6779,35800,0.0,0.0
2021-08-12 00:00:00-04:00,14.71919,14.788,14.7068,14.72607,94000,0.0,0.0
2021-08-13 00:00:00-04:00,14.78112,14.79488,14.62285,14.73983,51500,0.0,0.0
2021-08-16 00:00:00-04:00,14.71217,14.76748,14.48402,14.76748,75700,0.1,0.0
2021-08-17 00:00:00-04:00,14.76057,14.76057,14.5186,14.61539,41200,0.0,0.0
2021-08-18 00:00:00-04:00,14.58773,14.7744,14.55316,14.63612,30600,0.0,0.0
2021-08-19 00:00:00-04:00,14.58773,14.70457,14.56007,14.60156,45400,0.0,0.0
2021-08-20 00:00:00-04:00,14.71909,14.76749,14.63613,14.67761,53600,0.0,0.0
2021-08-23 00:00:00-04:00,14.71909,14.88501,14.55454,14.69835,57000,0.0,0.0
2021-08-24 00:00:00-04:00,14.81588,15.16156,14.69144,14.86428,111000,0.0,0.0
2021-08-25 00:00:00-04:00,14.74675,14.86289,14.61539,14.70526,100000,0.0,0.0
2021-08-26 00:00:00-04:00,14.63613,14.83662,14.6223,14.69144,48600,0.0,0.0
2021-08-27 00:00:00-04:00,14.72601,14.81589,14.65687,14.74675,67400,0.0,0.0
2021-08-30 00:00:00-04:00,14.67761,14.81588,14.67761,14.81588,35100,0.0,0.0
2021-08-31 00:00:00-04:00,14.86427,14.86427,14.79513,14.8297,53500,0.0,0.0
2021-09-01 00:00:00-04:00,15.00255,15.15465,14.79514,15.10625,129200,0.0,0.0
2021-09-02 00:00:00-04:00,15.03712,15.03712,14.73983,14.82279,83100,0.0,0.0
2021-09-03 00:00:00-04:00,14.93341,15.07168,14.76886,15.05094,94300,0.0,0.0
2021-09-07 00:00:00-04:00,14.9749,15.03712,14.86428,14.96107,31200,0.0,0.0
2021-09-08 00:00:00-04:00,14.89885,15.01638,14.84354,14.85045,33700,0.0,0.0
2021-09-09 00:00:00-04:00,14.85045,15.00255,14.79514,14.82279,43000,0.0,0.0
2021-09-10 00:00:00-04:00,14.9424,15.00186,14.8228,14.96798,17900,0.0,0.0
2021-09-13 00:00:00-04:00,14.95138,15.00116,14.86427,14.87119,33300,0.0,0.0
2021-09-14 00:00:00-04:00,14.87119,14.93341,14.82279,14.92995,28700,0.0,0.0
2021-09-15 00:00:00-04:00,14.93343,15.12791,14.93343,15.03762,40800,0.1,0.0
2021-09-16 00:00:00-04:00,15.09317,15.09317,14.97232,14.98204,23100,0.0,0.0
2021-09-17 00:00:00-04:00,14.94732,14.98899,14.8987,14.92648,23900,0.0,0.0
2021-09-20 00:00:00-04:00,14.73199,14.91675,14.72505,14.76672,40300,0.0,0.0
2021-09-21 00:00:00-04:00,14.78062,14.84313,14.616,14.70422,26500,0.0,0.0
2021-09-22 00:00:00-04:00,14.6556,14.8084,14.61045,14.64865,55500,0.0,0.0
2021-09-23 00:00:00-04:00,14.62781,14.78756,14.60002,14.61392,51600,0.0,0.0
2021-09-24 00:00:00-04:00,14.60003,14.69102,14.08604,14.1555,151500,0.0,0.0
2021-09-27 00:00:00-04:00,14.19718,14.26663,14.06521,14.09299,75400,0.0,0.0
2021-09-28 00:00:00-04:00,14.0027,14.18329,13.87767,14.05826,98000,0.0,0.0
2021-09-29 00:00:00-04:00,13.99574,14.22218,13.94018,14.01658,35900,0.0,0.0
2021-09-30 00:00:00-04:00,14.16939,14.24579,14.01658,14.07215,54900,0.0,0.0
2021-10-01 00:00:00-04:00,14.09994,14.30137,14.03048,14.27358,33500,0.0,0.0
2021-10-04 00:00:00-04:00,14.25274,14.25274,14.00269,14.07215,90000,0.0,0.0
2021-10-05 00:00:00-04:00,14.14161,14.18328,14.00269,14.07909,31600,0.0,0.0
2021-10-06 00:00:00-04:00,14.03048,14.16939,14.03048,14.09993,30000,0.0,0.0
2021-10-07 00:00:00-04:00,14.11383,14.20412,13.97491,14.05826,25200,0.0,0.0
2021-10-08 00:00:00-04:00,14.0652,14.16939,14.03047,14.13466,22300,0.0,0.0
2021-10-11 00:00:00-04:00,14.14856,14.16245,14.03742,14.08605,44600,0.0,0.0
2021-10-12 00:00:00-04:00,14.06521,14.14856,14.04437,14.09993,57400,0.0,0.0
2021-10-13 00:00:00-04:00,14.08604,14.28747,14.06659,14.19717,35300,0.0,0.0
2021-10-14 00:00:00-04:00,14.26698,14.41356,14.23557,14.35074,41500,0.1,0.0
2021-10-15 00:00:00-04:00,14.34376,14.65716,14.34376,14.63342,41600,0.0,0.0
2021-10-18 00:00:00-04:00,14.47637,14.69903,14.46939,14.62295,31300,0.0,0.0
2021-10-19 00:00:00-04:00,14.61597,14.69275,14.41355,14.48335,53200,0.0,0.0
2021-10-20 00:00:00-04:00,14.50429,14.6753,14.30885,14.30885,54900,0.0,0.0
2021-10-21 00:00:00-04:00,14.30885,14.50429,14.09247,14.21811,75000,0.0,0.0
2021-10-22 00:00:00-04:00,14.17623,14.22509,13.99476,14.08549,39700,0.0,0.0
2021-10-25 00:00:00-04:00,14.03664,14.09946,13.98778,13.99476,37300,0.0,0.0
2021-10-26 00:00:00-04:00,14.00871,14.07851,13.94589,14.02965,40600,0.0,0.0
2021-10-27 00:00:00-04:00,14.05059,14.13365,13.90401,14.02965,61300,0.0,0.0
2021-10-28 00:00:00-04:00,13.99476,14.02268,13.91101,13.96684,29900,0.0,0.0
2021-10-29 00:00:00-04:00,13.95985,14.12737,13.94589,14.06455,46500,0.0,0.0
2021-11-01 00:00:00-04:00,14.04362,14.10644,13.95288,14.00872,61000,0.0,0.0
2021-11-02 00:00:00-04:00,14.02966,14.11691,13.95288,13.99476,40100,0.0,0.0
2021-11-03 00:00:00-04:00,14.05758,14.09946,13.95986,14.09946,69300,0.0,0.0
2021-11-04 00:00:00-04:00,14.06456,14.2935,14.06456,14.27396,50500,0.0,0.0
2021-11-05 00:00:00-04:00,14.23906,14.40657,14.20765,14.38564,59000,0.0,0.0
2021-11-08 00:00:00-05:00,14.30885,14.48335,14.30885,14.44845,35000,0.0,0.0
2021-11-09 00:00:00-05:00,14.44147,14.48335,14.28791,14.39959,69900,0.0,0.0
2021-11-10 00:00:00-05:00,14.43466,14.49779,14.2032,14.32945,32000,0.1,0.0
2021-11-11 00:00:00-05:00,14.47674,14.47674,14.21723,14.28736,56000,0.0,0.0
2021-11-12 00:00:00-05:00,14.36453,14.37855,14.29439,14.32244,20900,0.0,0.0
2021-11-15 00:00:00-05:00,14.31542,14.32945,14.11202,14.21021,58600,0.0,0.0
2021-11-16 00:00:00-05:00,14.19618,14.41151,14.16111,14.21723,27200,0.0,0.0
2021-11-17 00:00:00-05:00,14.16813,14.39959,14.09799,14.36452,47200,0.0,0.0
2021-11-18 00:00:00-05:00,14.31542,14.39748,14.22284,14.26632,11700,0.0,0.0
2021-11-19 00:00:00-05:00,14.25931,14.29929,14.2032,14.2032,15400,0.0,0.0
2021-11-22 00:00:00-05:00,14.24529,14.30701,14.16813,14.23827,3600,0.0,0.0
2021-11-23 00:00:00-05:00,14.29438,14.29438,13.95771,14.00681,89500,0.0,0.0
2021-11-24 00:00:00-05:00,13.96473,14.1541,13.95771,14.03136,36000,0.0,0.0
2021-11-26 00:00:00-05:00,14.03487,14.09799,13.9507,14.09799,26400,0.0,0.0
2021-11-29 00:00:00-05:00,14.07696,14.199,14.01383,14.0489,29900,0.0,0.0
2021-11-30 00:00:00-05:00,14.21723,14.22424,14.0489,14.2032,34900,0.0,0.0
2021-12-01 00:00:00-05:00,14.2032,14.3505,14.19058,14.30841,29800,0.0,0.0
2021-12-02 00:00:00-05:00,14.30841,14.34348,14.11974,14.15761,23200,0.0,0.0
2021-12-03 00:00:00-05:00,14.23125,14.3056,14.03486,14.16111,20500,0.0,0.0
2021-12-06 00:00:00-05:00,14.2523,14.58195,14.09448,14.4066,52200,0.0,0.0
2021-12-07 00:00:00-05:00,14.49077,14.5539,14.35751,14.35751,21000,0.0,0.0
2021-12-08 00:00:00-05:00,14.17514,14.37153,14.17514,14.22073,18100,0.0,0.0
2021-12-09 00:00:00-05:00,14.3014,14.48165,14.17585,14.25931,38500,0.0,0.0
2021-12-10 00:00:00-05:00,14.35049,14.52163,14.31542,14.4066,10300,0.0,0.0
2021-12-13 00:00:00-05:00,14.38556,14.5048,14.09799,14.16813,56000,0.0,0.0
2021-12-14 00:00:00-05:00,14.17515,14.36452,14.13306,14.17515,44900,0.0,0.0
2021-12-15 00:00:00-05:00,14.15399,14.17514,13.99187,14.0835,76000,0.1,0.0
2021-12-16 00:00:00-05:00,14.08351,14.21744,13.95663,14.03417,58500,0.0,0.0
2021-12-17 00:00:00-05:00,14.04121,14.04121,13.92138,14.01301,90200,0.0,0.0
2021-12-20 00:00:00-05:00,13.95663,13.95663,13.69583,13.73812,154700,0.0,0.0
2021-12-21 00:00:00-05:00,13.80156,13.82975,13.56895,13.75927,88900,0.0,0.0
2021-12-22 00:00:00-05:00,13.78746,13.94254,13.70993,13.92139,55400,0.0,0.0
2021-12-23 00:00:00-05:00,13.865,14.05531,13.865,13.97073,35800,0.0,0.0
2021-12-27 00:00:00-05:00,13.92139,13.97073,13.77336,13.85795,89200,0.0,0.0
2021-12-28 00:00:00-05:00,13.91434,13.91434,13.60419,13.66058,198200,0.0,0.0
2021-12-29 00:00:00-05:00,13.67468,13.73107,13.60419,13.66763,127000,0.0,0.0
2021-12-30 00:00:00-05:00,13.70288,13.75927,13.63239,13.73812,71800,0.0,0.0
2021-12-31 00:00:00-05:00,13.8086,14.00597,13.76279,13.99892,167500,0.0,0.0
2022-01-03 00:00:00-05:00,13.99188,14.02713,13.90659,13.97779,58200,0.0,0.0
2022-01-04 00:00:00-05:00,13.87205,13.94183,13.78747,13.82271,80400,0.0,0.0
2022-01-05 00:00:00-05:00,13.93548,13.93548,13.73107,13.73107,54800,0.0,0.0
2022-01-06 00:00:00-05:00,13.78041,13.87909,13.71697,13.80861,37900,0.0,0.0
2022-01-07 00:00:00-05:00,13.81566,13.81566,13.73812,13.76632,46100,0.0,0.0
2022-01-10 00:00:00-05:00,13.70992,13.73812,13.65353,13.70287,66400,0.0,0.0
2022-01-11 00:00:00-05:00,13.80156,13.8368,13.68878,13.70499,61300,0.0,0.0
2022-01-12 00:00:00-05:00,13.76631,13.8227,13.70287,13.80861,49400,0.0,0.0
2022-01-13 00:00:00-05:00,13.75407,13.7824,13.65138,13.71158,48200,0.093,0.0
2022-01-14 00:00:00-05:00,13.66909,13.66909,13.49203,13.49203,41100,0.0,0.0
2022-01-18 00:00:00-05:00,13.35745,13.56284,13.2158,13.22997,61500,0.0,0.0
2022-01-19 00:00:00-05:00,13.22289,13.31496,12.92543,12.94668,85500,0.0,0.0
2022-01-20 00:00:00-05:00,12.99625,13.10249,12.72004,12.72004,75900,0.0,0.0
2022-01-21 00:00:00-05:00,12.6138,12.98917,12.42966,12.42966,102600,0.0,0.0
2022-01-24 00:00:00-05:00,12.06137,12.373,12.06137,12.32342,139500,0.0,0.0
2022-01-25 00:00:00-05:00,12.38008,12.5713,12.31634,12.4934,140100,0.0,0.0
2022-01-26 00:00:00-05:00,12.59964,12.79441,12.48774,12.6138,69700,0.0,0.0
2022-01-27 00:00:00-05:00,12.70587,12.8546,12.46507,12.58547,120800,0.0,0.0
2022-01-28 00:00:00-05:00,12.57131,12.64213,12.41549,12.53589,54500,0.0,0.0
2022-01-31 00:00:00-05:00,12.59964,12.74837,12.51819,12.74837,83300,0.0,0.0
2022-02-01 00:00:00-05:00,12.69171,12.89781,12.60672,12.82627,51300,0.0,0.0
2022-02-02 00:00:00-05:00,12.86169,12.96084,12.78378,12.84752,40900,0.0,0.0
2022-02-03 00:00:00-05:00,12.75828,12.90418,12.69171,12.7767,39300,0.0,0.0
2022-02-04 00:00:00-05:00,12.76962,12.78733,12.5359,12.54298,58200,0.0,0.0
2022-02-07 00:00:00-05:00,12.56423,12.75545,12.41549,12.51465,53400,0.0,0.0
2022-02-08 00:00:00-05:00,12.53589,12.7342,12.50048,12.59255,42900,0.0,0.0
2022-02-09 00:00:00-05:00,12.67754,12.76962,12.52881,12.57131,85800,0.0,0.0
2022-02-10 00:00:00-05:00,12.63752,12.70017,12.27441,12.45953,137300,0.093,0.0
2022-02-11 00:00:00-05:00,12.43105,12.45953,12.28866,12.39545,125300,0.0,0.0
2022-02-14 00:00:00-05:00,12.50937,12.50937,12.15338,12.21034,31700,0.0,0.0
2022-02-15 00:00:00-05:00,12.22458,12.22458,11.96826,11.96826,142100,0.0,0.0
2022-02-16 00:00:00-05:00,12.02523,12.1605,11.97539,12.01811,86100,0.0,0.0
2022-02-17 00:00:00-05:00,12.0893,12.37409,12.0893,12.25305,66700,0.0,0.0
2022-02-18 00:00:00-05:00,12.23882,12.40257,12.07506,12.11778,43400,0.0,0.0
2022-02-22 00:00:00-05:00,12.09643,12.13202,11.99675,12.01099,61600,0.0,0.0
2022-02-23 00:00:00-05:00,12.03946,12.24593,11.99674,11.99674,59200,0.0,0.0
2022-02-24 00:00:00-05:00,11.99675,12.21746,11.81875,12.13914,77700,0.0,0.0
2022-02-25 00:00:00-05:00,12.13202,12.29577,12.10354,12.25305,71600,0.0,0.0
2022-02-28 00:00:00-05:00,12.39545,12.44529,12.21034,12.23882,105600,0.0,0.0
2022-03-01 00:00:00-05:00,12.44529,12.44529,12.30645,12.31001,31500,0.0,0.0
2022-03-02 00:00:00-05:00,12.30289,12.31001,12.1605,12.18898,54300,0.0,0.0
2022-03-03 00:00:00-05:00,12.21746,12.33209,12.19254,12.27442,37700,0.0,0.0
2022-03-04 00:00:00-05:00,12.25305,12.29933,12.0893,12.09642,71900,0.0,0.0
2022-03-07 00:00:00-05:00,12.09642,12.17474,11.86859,11.86859,59900,0.0,0.0
2022-03-08 00:00:00-05:00,11.92555,12.03235,11.85435,11.85435,94500,0.0,0.0
2022-03-09 00:00:00-05:00,11.85435,11.89351,11.77105,11.88995,84900,0.0,0.0
2022-03-10 00:00:00-05:00,11.86147,11.86147,11.71196,11.73331,54600,0.0,0.0
2022-03-11 00:00:00-05:00,11.73332,11.79028,11.63364,11.655,50000,0.0,0.0
2022-03-14 00:00:00-04:00,11.53396,11.68063,11.32037,11.42005,95700,0.0,0.0
2022-03-15 00:00:00-04:00,11.5838,11.65429,11.19934,11.39157,177100,0.0,0.0
2022-03-16 00:00:00-04:00,11.45817,11.67301,11.35791,11.51546,79700,0.093,0.0
2022-03-17 00:00:00-04:00,11.52262,11.69449,11.40088,11.5083,67000,0.0,0.0
2022-03-18 00:00:00-04:00,11.70165,11.73746,11.44384,11.56559,65200,0.0,0.0
2022-03-21 00:00:00-04:00,11.55843,11.55843,11.38656,11.40804,75500,0.0,0.0
2022-03-22 00:00:00-04:00,11.45817,11.56559,11.45817,11.5083,77200,0.0,0.0
2022-03-23 00:00:00-04:00,11.55127,11.88069,11.49398,11.83056,80200,0.0,0.0
2022-03-24 00:00:00-04:00,11.79475,11.83056,11.66585,11.78043,100400,0.0,0.0
2022-03-25 00:00:00-04:00,11.79475,11.79475,11.56559,11.67301,83000,0.0,0.0
2022-03-28 00:00:00-04:00,11.6014,11.70166,11.31494,11.35075,148300,0.0,0.0
2022-03-29 00:00:00-04:00,11.35075,11.56774,11.30062,11.53695,156100,0.0,0.0
2022-03-30 00:00:00-04:00,11.45101,11.77327,11.45101,11.62288,133800,0.0,0.0
2022-03-31 00:00:00-04:00,11.73746,11.88785,11.6014,11.74462,251700,0.0,0.0
2022-04-01 00:00:00-04:00,11.80191,11.81624,11.65869,11.74462,153000,0.0,0.0
2022-04-04 00:00:00-04:00,11.7303,11.86636,11.65152,11.81624,106100,0.0,0.0
2022-04-05 00:00:00-04:00,11.74462,12.53237,11.74462,12.0633,119900,0.0,0.0
2022-04-06 00:00:00-04:00,11.97379,11.97379,11.63004,11.66585,82100,0.0,0.0
2022-04-07 00:00:00-04:00,11.62288,11.83056,11.40088,11.52262,119600,0.0,0.0
2022-04-08 00:00:00-04:00,11.47965,11.61572,11.39372,11.49397,77500,0.0,0.0
2022-04-11 00:00:00-04:00,11.47965,11.57132,11.30778,11.37223,87100,0.0,0.0
2022-04-12 00:00:00-04:00,11.40804,11.50114,11.27914,11.31494,92500,0.0,0.0
2022-04-13 00:00:00-04:00,11.34592,11.43957,11.20184,11.3027,100600,0.093,0.0
2022-04-14 00:00:00-04:00,11.25227,11.46118,11.1082,11.3099,124800,0.0,0.0
2022-04-18 00:00:00-04:00,11.16582,11.29405,11.00734,11.07938,147300,0.0,0.0
2022-04-19 00:00:00-04:00,10.98573,11.27388,10.95692,11.15142,203600,0.0,0.0
2022-04-20 00:00:00-04:00,11.17303,11.65568,11.12116,11.38194,70800,0.0,0.0
2022-04-21 00:00:00-04:00,11.38194,11.52602,11.20185,11.43597,99500,0.0,0.0
2022-04-22 00:00:00-04:00,11.41795,11.50152,11.20184,11.27028,45900,0.0,0.0
2022-04-25 00:00:00-04:00,11.38194,11.38914,11.05777,11.08658,78200,0.0,0.0
2022-04-26 00:00:00-04:00,11.10819,11.27316,11.07938,11.13701,97500,0.0,0.0
2022-04-27 00:00:00-04:00,11.15142,11.23066,10.81572,10.93531,129300,0.0,0.0
2022-04-28 00:00:00-04:00,10.94971,11.04336,10.83445,10.96412,75800,0.0,0.0
2022-04-29 00:00:00-04:00,10.95691,11.09883,10.66156,10.80563,97200,0.0,0.0
2022-05-02 00:00:00-04:00,10.66156,10.9281,10.58952,10.68317,99300,0.0,0.0
2022-05-03 00:00:00-04:00,10.68317,10.84166,10.63275,10.71199,108200,0.0,0.0
2022-05-04 00:00:00-04:00,10.7264,10.75521,10.56936,10.7264,71300,0.0,0.0
2022-05-05 00:00:00-04:00,10.65436,10.92089,10.47426,10.58952,147600,0.0,0.0
2022-05-06 00:00:00-04:00,10.57511,10.7336,10.48146,10.51028,111600,0.0,0.0
2022-05-09 00:00:00-04:00,10.49587,10.58232,10.44545,10.44545,81700,0.0,0.0
2022-05-10 00:00:00-04:00,10.48147,10.56792,10.42384,10.50308,87300,0.0,0.0
2022-05-11 00:00:00-04:00,10.56791,10.748,10.53189,10.58952,118900,0.0,0.0
2022-05-12 00:00:00-04:00,10.6497,10.6497,10.49383,10.5917,98600,0.093,0.0
2022-05-13 00:00:00-04:00,10.59895,10.59895,10.21472,10.40321,218400,0.0,0.0
2022-05-16 00:00:00-04:00,10.4757,10.48295,10.25097,10.29446,106600,0.0,0.0
2022-05-17 00:00:00-04:00,10.29446,10.40248,10.21472,10.25097,104300,0.0,0.0
2022-05-18 00:00:00-04:00,10.21472,10.25097,10.09873,10.13497,98900,0.0,0.0
2022-05-19 00:00:00-04:00,10.05523,10.25531,10.05523,10.18572,68500,0.0,0.0
2022-05-20 00:00:00-04:00,10.17847,10.30171,10.0922,10.29446,80800,0.0,0.0
2022-05-23 00:00:00-04:00,10.14947,10.32346,10.14947,10.25821,106100,0.0,0.0
2022-05-24 00:00:00-04:00,10.25821,10.41046,10.22922,10.38871,160400,0.0,0.0
2022-05-25 00:00:00-04:00,10.39596,10.68595,10.39596,10.6787,192700,0.0,0.0
2022-05-26 00:00:00-04:00,10.71494,10.93243,10.71494,10.93243,187900,0.0,0.0
2022-05-27 00:00:00-04:00,10.96868,11.27316,10.9288,11.26591,89700,0.0,0.0
2022-05-31 00:00:00-04:00,11.23692,11.29492,11.03465,11.16442,91600,0.0,0.0
2022-06-01 00:00:00-04:00,11.18617,11.30941,11.15717,11.30941,61300,0.0,0.0
2022-06-02 00:00:00-04:00,11.30216,11.44716,11.26954,11.42541,60400,0.0,0.0
2022-06-03 00:00:00-04:00,11.30216,11.38191,11.27316,11.28041,41000,0.0,0.0
2022-06-06 00:00:00-04:00,11.29491,11.40365,11.17167,11.23691,51900,0.0,0.0
2022-06-07 00:00:00-04:00,11.14267,11.33841,11.14267,11.17167,86800,0.0,0.0
2022-06-08 00:00:00-04:00,11.12817,11.20067,11.12817,11.19342,64900,0.0,0.0
2022-06-09 00:00:00-04:00,11.16442,11.27969,11.12817,11.14267,47800,0.0,0.0
2022-06-10 00:00:00-04:00,11.12817,11.13179,10.98318,11.01943,80000,0.0,0.0
2022-06-13 00:00:00-04:00,11.04118,11.04118,10.5917,10.70044,61500,0.0,0.0
2022-06-14 00:00:00-04:00,10.70044,10.77294,10.5192,10.5772,133100,0.0,0.0
2022-06-15 00:00:00-04:00,10.66694,10.69612,10.36999,10.48454,84200,0.093,0.0
2022-06-16 00:00:00-04:00,10.39698,10.39698,10.21604,10.25106,53600,0.0,0.0
2022-06-17 00:00:00-04:00,10.46265,10.46265,10.22188,10.3678,78700,0.0,0.0
2022-06-21 00:00:00-04:00,10.42617,10.45535,10.22188,10.32402,54400,0.0,0.0
2022-06-22 00:00:00-04:00,10.33132,10.53561,10.29484,10.46994,99200,0.0,0.0
2022-06-23 00:00:00-04:00,10.49183,10.54364,10.3678,10.46994,58100,0.0,0.0
2022-06-24 00:00:00-04:00,10.44076,10.67424,10.40428,10.67424,56100,0.0,0.0
2022-06-27 00:00:00-04:00,10.63776,10.72531,10.45535,10.65235,70300,0.0,0.0
2022-06-28 00:00:00-04:00,10.65235,10.74355,10.49184,10.65965,112600,0.0,0.0
2022-06-29 00:00:00-04:00,10.66694,10.7326,10.5575,10.64505,92200,0.0,0.0
2022-06-30 00:00:00-04:00,10.68883,10.71291,10.59544,10.60857,129200,0.0,0.0
2022-07-01 00:00:00-04:00,10.63776,10.76909,10.5648,10.63776,101700,0.0,0.0
2022-07-05 00:00:00-04:00,10.65235,10.79827,10.58668,10.7545,61400,0.0,0.0
2022-07-06 00:00:00-04:00,10.76909,10.83329,10.72531,10.79827,63700,0.0,0.0
2022-07-07 00:00:00-04:00,10.81286,10.87853,10.67424,10.79827,79100,0.0,0.0
2022-07-08 00:00:00-04:00,10.81287,10.9442,10.7472,10.84935,127900,0.0,0.0
2022-07-11 00:00:00-04:00,10.87853,11.02445,10.85883,10.90771,97500,0.0,0.0
2022-07-12 00:00:00-04:00,10.91501,10.99527,10.84205,10.84935,58800,0.0,0.0
2022-07-13 00:00:00-04:00,10.7399,10.92231,10.7399,10.87853,87500,0.0,0.0
2022-07-14 00:00:00-04:00,10.79263,10.9615,10.76326,10.83668,70900,0.093,0.0
2022-07-15 00:00:00-04:00,10.89541,10.94681,10.86605,10.9101,21300,0.0,0.0
2022-07-18 00:00:00-04:00,10.94681,10.96883,10.83668,10.85136,34100,0.0,0.0
2022-07-19 00:00:00-04:00,10.83668,10.88734,10.80731,10.822,68300,0.0,0.0
2022-07-20 00:00:00-04:00,10.85136,10.96883,10.82934,10.87339,28400,0.0,0.0
2022-07-21 00:00:00-04:00,10.89542,10.99086,10.87339,10.93947,119100,0.0,0.0
2022-07-22 00:00:00-04:00,10.93947,11.02757,10.88807,10.93947,121600,0.0,0.0
2022-07-25 00:00:00-04:00,10.9101,10.94681,10.79263,10.80731,51700,0.0,0.0
2022-07-26 00:00:00-04:00,10.82934,10.90276,10.80731,10.83668,25400,0.0,0.0
2022-07-27 00:00:00-04:00,10.84402,10.94681,10.80731,10.87339,88000,0.0,0.0
2022-07-28 00:00:00-04:00,10.89542,11.10099,10.89542,11.0496,84700,0.0,0.0
2022-07-29 00:00:00-04:00,11.08631,11.18175,11.04225,11.0496,111800,0.0,0.0
2022-08-01 00:00:00-04:00,11.0496,11.16707,11.01289,11.07162,152000,0.0,0.0
2022-08-02 00:00:00-04:00,11.09365,11.12302,10.89542,10.94681,207100,0.0,0.0
2022-08-03 00:00:00-04:00,10.99086,11.03491,10.9101,10.98352,182400,0.0,0.0
2022-08-04 00:00:00-04:00,10.9982,11.07529,10.93947,10.96884,199900,0.0,0.0
2022-08-05 00:00:00-04:00,10.90276,10.93947,10.84402,10.88073,118100,0.0,0.0
2022-08-08 00:00:00-04:00,10.93946,11.01288,10.92184,10.96149,29000,0.0,0.0
2022-08-09 00:00:00-04:00,10.93947,11.03491,10.89468,10.92478,40600,0.0,0.0
2022-08-10 00:00:00-04:00,10.98352,11.0863,10.93359,11.01289,118600,0.0,0.0
2022-08-11 00:00:00-04:00,11.0496,11.10833,10.94681,10.97618,88500,0.0,0.0
2022-08-12 00:00:00-04:00,10.98352,11.08631,10.98352,11.06428,88000,0.0,0.0
2022-08-15 00:00:00-04:00,11.07896,11.09365,11.04225,11.07162,58400,0.0,0.0
2022-08-16 00:00:00-04:00,11.0369,11.08787,10.9778,10.9778,67300,0.093,0.0
2022-08-17 00:00:00-04:00,10.93348,10.96303,10.86699,10.92609,93500,0.0,0.0
2022-08-18 00:00:00-04:00,10.93717,10.98519,10.87438,10.93348,54800,0.0,0.0
2022-08-19 00:00:00-04:00,10.88176,10.88176,10.77834,10.80789,78900,0.0,0.0
2022-08-22 00:00:00-04:00,10.78572,10.78572,10.66014,10.72662,120700,0.0,0.0
2022-08-23 00:00:00-04:00,10.7414,10.8005,10.70446,10.78573,105400,0.0,0.0
2022-08-24 00:00:00-04:00,10.73401,10.89654,10.73401,10.89654,80700,0.0,0.0
2022-08-25 00:00:00-04:00,10.87438,10.9187,10.82267,10.85222,94700,0.0,0.0
2022-08-26 00:00:00-04:00,10.8596,10.88915,10.81528,10.85222,96700,0.0,0.0
2022-08-29 00:00:00-04:00,10.84483,10.84483,10.7414,10.77834,56400,0.0,0.0
2022-08-30 00:00:00-04:00,10.82266,10.83005,10.7414,10.77834,49400,0.0,0.0
2022-08-31 00:00:00-04:00,10.83005,10.84483,10.71185,10.74879,61600,0.0,0.0
2022-09-01 00:00:00-04:00,10.68969,10.73402,10.58627,10.65275,65300,0.0,0.0
2022-09-02 00:00:00-04:00,10.74141,10.81528,10.68969,10.68969,30400,0.0,0.0
2022-09-06 00:00:00-04:00,10.73402,10.73402,10.54194,10.59365,33700,0.0,0.0
2022-09-07 00:00:00-04:00,10.60104,10.76356,10.60104,10.69708,41600,0.0,0.0
2022-09-08 00:00:00-04:00,10.67492,10.84483,10.64537,10.76357,147500,0.0,0.0
2022-09-09 00:00:00-04:00,10.77095,10.83744,10.72663,10.74879,41800,0.0,0.0
2022-09-12 00:00:00-04:00,10.7414,10.77834,10.61581,10.6823,68600,0.0,0.0
2022-09-13 00:00:00-04:00,10.6232,10.63059,10.505,10.54933,63400,0.0,0.0
2022-09-14 00:00:00-04:00,10.45329,10.63059,10.45329,10.52716,52000,0.0,0.0
2022-09-15 00:00:00-04:00,10.52196,10.53311,10.43273,10.44016,39600,0.093,0.0
2022-09-16 00:00:00-04:00,10.49965,10.49965,10.41042,10.43273,93600,0.0,0.0
2022-09-19 00:00:00-04:00,10.41042,10.45355,10.30483,10.33457,34800,0.0,0.0
2022-09-20 00:00:00-04:00,10.29888,10.32119,10.23196,10.26914,64900,0.0,0.0
2022-09-21 00:00:00-04:00,10.20221,10.33606,10.14272,10.2617,83000,0.0,0.0
2022-09-22 00:00:00-04:00,10.20965,10.23716,9.95682,10.02375,96800,0.0,0.0
2022-09-23 00:00:00-04:00,9.94195,10.10554,9.94195,9.94939,52000,0.0,0.0
2022-09-26 00:00:00-04:00,9.96426,10.02375,9.68913,9.79323,189100,0.0,0.0
2022-09-27 00:00:00-04:00,9.87503,9.96426,9.791,9.91221,102500,0.0,0.0
2022-09-28 00:00:00-04:00,9.89733,10.2617,9.89733,10.12041,178700,0.0,0.0
2022-09-29 00:00:00-04:00,10.11298,10.15016,9.89734,9.95682,140200,0.0,0.0
2022-09-30 00:00:00-04:00,10.03862,10.03862,9.77836,9.85272,191000,0.0,0.0
2022-10-03 00:00:00-04:00,9.85272,10.16503,9.85272,10.03118,56800,0.0,0.0
2022-10-04 00:00:00-04:00,10.06836,10.19106,10.05349,10.11298,111100,0.0,0.0
2022-10-05 00:00:00-04:00,10.15313,10.15313,9.96426,10.01631,69900,0.0,0.0
2022-10-06 00:00:00-04:00,10.02375,10.11298,9.98285,10.00144,84600,0.0,0.0
2022-10-07 00:00:00-04:00,9.89733,9.994,9.84528,9.92708,44100,0.0,0.0
2022-10-10 00:00:00-04:00,9.86015,10.04606,9.86015,9.86759,47500,0.0,0.0
2022-10-11 00:00:00-04:00,9.85272,10.03118,9.84677,10.00888,20100,0.0,0.0
2022-10-12 00:00:00-04:00,10.03862,10.06093,9.96426,10.04606,33300,0.0,0.0
2022-10-13 00:00:00-04:00,10.01835,10.01835,9.88357,9.93599,127500,0.093,0.0
2022-10-14 00:00:00-04:00,9.95845,10.0483,9.81619,9.83865,53500,0.0,0.0
2022-10-17 00:00:00-04:00,9.88357,9.98091,9.82367,9.83865,94700,0.0,0.0
2022-10-18 00:00:00-04:00,9.85362,9.92326,9.84614,9.89106,29000,0.0,0.0
2022-10-19 00:00:00-04:00,9.92101,9.92101,9.80121,9.8686,60100,0.0,0.0
2022-10-20 00:00:00-04:00,9.84614,10.02584,9.84614,9.95845,67800,0.0,0.0
2022-10-21 00:00:00-04:00,9.99214,10.00038,9.84614,9.89855,124600,0.0,0.0
2022-10-24 00:00:00-04:00,9.85362,9.85362,9.64397,9.64397,113500,0.0,0.0
2022-10-25 00:00:00-04:00,9.65895,9.72634,9.60279,9.60653,162100,0.0,0.0
2022-10-26 00:00:00-04:00,9.63724,9.71885,9.5691,9.59905,97600,0.0,0.0
2022-10-27 00:00:00-04:00,9.59905,9.67392,9.54663,9.54663,67100,0.0,0.0
2022-10-28 00:00:00-04:00,9.54664,9.57659,9.44181,9.56161,52400,0.0,0.0
2022-10-31 00:00:00-04:00,9.64397,9.67392,9.57659,9.59905,114100,0.0,0.0
2022-11-01 00:00:00-04:00,9.629,10.01086,9.59755,9.61402,59800,0.0,0.0
2022-11-02 00:00:00-04:00,9.65146,9.84614,9.65146,9.71136,109500,0.0,0.0
2022-11-03 00:00:00-04:00,9.74131,9.92026,9.6859,9.72634,69500,0.0,0.0
2022-11-04 00:00:00-04:00,9.76377,9.85363,9.72634,9.72634,40300,0.0,0.0
2022-11-07 00:00:00-05:00,9.70387,9.98091,9.70387,9.76377,62600,0.0,0.0
2022-11-08 00:00:00-05:00,9.8686,10.08574,9.8087,10.01086,87600,0.0,0.0
2022-11-09 00:00:00-05:00,9.91352,10.13141,9.8087,9.8087,81300,0.0,0.0
2022-11-10 00:00:00-05:00,9.93599,10.1082,9.90604,10.01835,65300,0.0,0.0
2022-11-11 00:00:00-05:00,10.02584,10.17559,9.89855,9.92101,63300,0.0,0.0
2022-11-14 00:00:00-05:00,9.91573,9.9459,9.81017,9.89311,77900,0.093,0.0
2022-11-15 00:00:00-05:00,9.93082,10.22867,9.93082,10.14949,84500,0.0,0.0
2022-11-16 00:00:00-05:00,10.14949,10.27768,10.10425,10.17965,89300,0.0,0.0
2022-11-17 00:00:00-05:00,10.09671,10.15703,10.03638,10.06654,184800,0.0,0.0
2022-11-18 00:00:00-05:00,10.11179,10.25506,10.06655,10.23998,118600,0.0,0.0
2022-11-21 00:00:00-05:00,10.17965,10.51747,10.17965,10.2249,136700,0.0,0.0
2022-11-22 00:00:00-05:00,10.23998,10.44357,10.23998,10.39833,98600,0.0,0.0
2022-11-23 00:00:00-05:00,10.39079,10.62907,10.39079,10.5416,76500,0.0,0.0
2022-11-25 00:00:00-05:00,10.53405,10.64113,10.44357,10.58684,30800,0.0,0.0
2022-11-28 00:00:00-05:00,10.51897,10.58684,10.41341,10.45865,239800,0.0,0.0
2022-11-29 00:00:00-05:00,10.42095,10.54159,10.35308,10.47373,207500,0.0,0.0
2022-11-30 00:00:00-05:00,10.51897,10.617,10.46996,10.56422,142600,0.0,0.0
2022-12-01 00:00:00-05:00,10.68486,10.80928,10.58684,10.73765,132200,0.0,0.0
2022-12-02 00:00:00-05:00,10.6547,10.73689,10.59438,10.69994,116000,0.0,0.0
2022-12-05 00:00:00-05:00,10.63208,10.63962,10.47373,10.52651,66900,0.0,0.0
2022-12-06 00:00:00-05:00,10.55667,10.55667,10.40586,10.48127,87200,0.0,0.0
2022-12-07 00:00:00-05:00,10.43603,10.58684,10.43603,10.48881,66600,0.0,0.0
2022-12-08 00:00:00-05:00,10.48881,10.48881,10.26259,10.338,96600,0.0,0.0
2022-12-09 00:00:00-05:00,10.27768,10.41265,10.22489,10.28522,131600,0.0,0.0
2022-12-12 00:00:00-05:00,10.25506,10.3757,10.21735,10.2626,148400,0.0,0.0
2022-12-13 00:00:00-05:00,10.41341,10.44432,10.27014,10.31538,261700,0.0,0.0
2022-12-14 00:00:00-05:00,10.35562,10.35562,10.21288,10.31766,137000,0.093,0.0
2022-12-15 00:00:00-05:00,10.22655,10.31007,10.21896,10.2797,86700,0.0,0.0
2022-12-16 00:00:00-05:00,10.24174,10.24933,10.10584,10.18859,66800,0.0,0.0
2022-12-19 00:00:00-05:00,10.181,10.19618,10.12026,10.15822,193000,0.0,0.0
2022-12-20 00:00:00-05:00,10.12026,10.20378,10.11267,10.17341,217800,0.0,0.0
2022-12-21 00:00:00-05:00,10.17341,10.3131,10.13545,10.20378,172900,0.0,0.0
2022-12-22 00:00:00-05:00,10.23424,10.27231,10.20378,10.27231,142600,0.04,0.0
2022-12-23 00:00:00-05:00,10.23423,10.29515,10.20378,10.22662,118100,0.0,0.0
2022-12-27 00:00:00-05:00,10.22662,10.2685,10.17332,10.19616,286000,0.0,0.0
2022-12-28 00:00:00-05:00,10.21901,10.28754,10.1619,10.18093,202200,0.0,0.0
2022-12-29 00:00:00-05:00,10.19616,10.32561,10.18093,10.24946,249000,0.0,0.0
2022-12-30 00:00:00-05:00,10.30277,10.34084,10.24185,10.30277,212100,0.0,0.0
2023-01-03 00:00:00-05:00,10.39414,10.57385,10.34084,10.41699,55700,0.0,0.0
2023-01-04 00:00:00-05:00,10.49314,10.6302,10.43298,10.58451,97700,0.0,0.0
2023-01-05 00:00:00-05:00,10.54644,10.54644,10.4444,10.49314,69100,0.0,0.0
2023-01-06 00:00:00-05:00,10.51598,10.66066,10.45811,10.54644,87700,0.0,0.0
2023-01-09 00:00:00-05:00,10.56167,10.66066,10.53882,10.61497,47900,0.0,0.0
2023-01-10 00:00:00-05:00,10.59213,10.75204,10.53882,10.65304,48200,0.0,0.0
2023-01-11 00:00:00-05:00,10.66066,10.75965,10.63782,10.72158,64000,0.0,0.0
2023-01-12 00:00:00-05:00,10.77292,10.91084,10.71928,10.84188,82200,0.087,0.0
2023-01-13 00:00:00-05:00,10.81889,10.97213,10.81889,10.87253,59100,0.0,0.0
2023-01-17 00:00:00-05:00,10.94148,11.01044,10.82655,10.91849,82900,0.0,0.0
2023-01-18 00:00:00-05:00,10.9185,11.0794,10.9185,10.96447,70500,0.0,0.0
2023-01-19 00:00:00-05:00,10.9185,10.94914,10.84187,10.8572,45100,0.0,0.0
2023-01-20 00:00:00-05:00,10.84188,11.11005,10.84188,11.10239,58400,0.0,0.0
2023-01-23 00:00:00-05:00,11.00278,11.22498,11.00278,11.20199,64800,0.0,0.0
2023-01-24 00:00:00-05:00,11.1407,11.26329,11.06408,11.07174,118900,0.0,0.0
2023-01-25 00:00:00-05:00,10.97213,11.18667,10.91467,10.93382,101700,0.0,0.0
2023-01-26 00:00:00-05:00,10.93382,10.97979,10.8572,10.88019,86700,0.0,0.0
2023-01-27 00:00:00-05:00,10.90317,11.11005,10.88019,11.11005,53900,0.0,0.0
2023-01-30 00:00:00-05:00,11.14836,11.17134,11.06484,11.17134,33800,0.0,0.0
2023-01-31 00:00:00-05:00,11.20966,11.3016,11.0181,11.08706,78500,0.0,0.0
2023-02-01 00:00:00-05:00,11.14836,11.29394,11.08706,11.29394,25600,0.0,0.0
2023-02-02 00:00:00-05:00,11.31693,11.43952,11.31693,11.40887,65600,0.0,0.0
2023-02-03 00:00:00-05:00,11.37056,11.38588,11.22498,11.3016,52900,0.0,0.0
2023-02-06 00:00:00-05:00,11.25563,11.29394,11.11925,11.17901,38300,0.0,0.0
2023-02-07 00:00:00-05:00,11.16369,11.24797,11.02194,11.17901,68600,0.0,0.0
2023-02-08 00:00:00-05:00,11.21732,11.21732,11.10622,11.1407,59000,0.0,0.0
2023-02-09 00:00:00-05:00,11.18667,11.21732,11.05641,11.05641,46100,0.0,0.0
2023-02-10 00:00:00-05:00,11.11771,11.14836,11.01044,11.05641,31000,0.0,0.0
2023-02-13 00:00:00-05:00,11.03343,11.18667,11.03343,11.11005,57100,0.0,0.0
2023-02-14 00:00:00-05:00,11.05377,11.21565,11.00752,11.05377,41000,0.087,0.0
2023-02-15 00:00:00-05:00,11.08076,11.10003,10.96128,10.9844,29400,0.0,0.0
2023-02-16 00:00:00-05:00,10.99982,10.99982,10.83795,10.86107,55600,0.0,0.0
2023-02-17 00:00:00-05:00,10.82253,10.85336,10.78167,10.79169,45700,0.0,0.0
2023-02-21 00:00:00-05:00,10.83794,11.05378,10.60669,10.64524,78700,0.0,0.0
2023-02-22 00:00:00-05:00,10.63753,10.74159,10.63753,10.71461,17300,0.0,0.0
2023-02-23 00:00:00-05:00,10.72232,10.77628,10.61517,10.69148,36600,0.0,0.0
2023-02-24 00:00:00-05:00,10.59899,10.90732,10.59899,10.77628,30900,0.0,0.0
2023-02-27 00:00:00-05:00,10.83024,10.83024,10.6144,10.66065,61300,0.0,0.0
2023-02-28 00:00:00-05:00,10.66836,10.75315,10.64138,10.7069,45100,0.0,0.0
2023-03-01 00:00:00-05:00,10.75315,10.76086,10.56044,10.59128,79800,0.0,0.0
2023-03-02 00:00:00-05:00,10.64524,10.66836,10.56815,10.59899,45700,0.0,0.0
2023-03-03 00:00:00-05:00,10.65294,10.83794,10.6144,10.66065,43500,0.0,0.0
2023-03-06 00:00:00-05:00,10.66065,10.66065,10.49877,10.5219,44000,0.0,0.0
2023-03-07 00:00:00-05:00,10.57586,10.58742,10.43711,10.47565,50800,0.0,0.0
2023-03-08 00:00:00-05:00,10.59128,10.59128,10.42169,10.44482,56600,0.0,0.0
2023-03-09 00:00:00-05:00,10.50649,10.5219,10.39857,10.39857,58200,0.0,0.0
2023-03-10 00:00:00-05:00,10.44482,10.50648,10.34461,10.36773,66000,0.0,0.0
2023-03-13 00:00:00-04:00,10.34461,10.39086,10.1519,10.26752,58200,0.0,0.0
2023-03-14 00:00:00-04:00,10.49021,10.50573,10.23106,10.24192,67000,0.087,0.0
2023-03-15 00:00:00-04:00,10.24968,10.28071,10.17519,10.25744,43300,0.0,0.0
2023-03-16 00:00:00-04:00,10.29546,10.3583,10.21864,10.23416,66600,0.0,0.0
2023-03-17 00:00:00-04:00,10.24192,10.46693,10.21476,10.4359,92400,0.0,0.0
2023-03-20 00:00:00-04:00,10.50573,10.50573,10.24968,10.27295,19100,0.0,0.0
2023-03-21 00:00:00-04:00,10.2264,10.47857,10.18373,10.21864,50800,0.0,0.0
2023-03-22 00:00:00-04:00,10.15657,10.46693,10.14881,10.16433,102600,0.0,0.0
2023-03-23 00:00:00-04:00,10.16433,10.20312,10.14105,10.16433,55900,0.0,0.0
2023-03-24 00:00:00-04:00,10.16433,10.30399,10.0945,10.18761,85900,0.0,0.0
2023-03-27 00:00:00-04:00,10.24968,10.24968,10.0945,10.11777,32200,0.0,0.0
2023-03-28 00:00:00-04:00,10.20313,10.24968,10.12554,10.21089,34100,0.0,0.0
2023-03-29 00:00:00-04:00,10.30399,10.35055,10.18761,10.20313,42300,0.0,0.0
2023-03-30 00:00:00-04:00,10.2652,10.38236,10.2652,10.33503,25800,0.0,0.0
2023-03-31 00:00:00-04:00,10.41262,10.48245,10.30787,10.47469,146100,0.0,0.0
2023-04-03 00:00:00-04:00,10.46693,10.55228,10.36995,10.3971,57700,0.0,0.0
2023-04-04 00:00:00-04:00,10.40486,10.50573,10.31175,10.41262,47300,0.0,0.0
2023-04-05 00:00:00-04:00,10.49021,10.54452,10.42038,10.47469,51200,0.0,0.0
2023-04-06 00:00:00-04:00,10.48245,10.5872,10.47469,10.54452,42500,0.0,0.0
2023-04-10 00:00:00-04:00,10.44366,10.55461,10.33503,10.3971,53700,0.0,0.0
2023-04-11 00:00:00-04:00,10.42813,10.529,10.40486,10.529,34400,0.0,0.0
2023-04-12 00:00:00-04:00,10.52901,10.66867,10.47469,10.62987,71100,0.0,0.0
2023-04-13 00:00:00-04:00,10.68219,10.76808,10.61972,10.76808,48700,0.087,0.0
2023-04-14 00:00:00-04:00,10.6978,10.75871,10.61972,10.63533,31700,0.0,0.0
2023-04-17 00:00:00-04:00,10.66657,10.71108,10.54164,10.58849,47000,0.0,0.0
2023-04-18 00:00:00-04:00,10.62753,10.62753,10.44012,10.5104,53700,0.0,0.0
2023-04-19 00:00:00-04:00,10.51821,10.61972,10.4206,10.54944,123100,0.0,0.0
2023-04-20 00:00:00-04:00,10.54944,10.63924,10.41904,10.49478,52100,0.0,0.0
2023-04-21 00:00:00-04:00,10.46277,10.55647,10.44793,10.50259,15900,0.0,0.0
2023-04-24 00:00:00-04:00,10.50259,10.56116,10.44012,10.46355,32300,0.0,0.0
2023-04-25 00:00:00-04:00,10.44793,10.47058,10.35423,10.40108,53300,0.0,0.0
2023-04-26 00:00:00-04:00,10.42451,10.45574,10.32299,10.34642,72500,0.0,0.0
2023-04-27 00:00:00-04:00,10.34642,10.4167,10.30738,10.34642,36500,0.0,0.0
2023-04-28 00:00:00-04:00,10.36204,10.5065,10.35423,10.43231,56400,0.0,0.0
2023-05-01 00:00:00-04:00,10.4167,10.44012,10.34642,10.37765,62900,0.0,0.0
2023-05-02 00:00:00-04:00,10.4167,10.44012,10.35891,10.37765,64500,0.0,0.0
2023-05-03 00:00:00-04:00,10.36204,10.40108,10.31518,10.3308,42900,0.0,0.0
2023-05-04 00:00:00-04:00,10.33861,10.33861,10.28395,10.31909,33400,0.0,0.0
2023-05-05 00:00:00-04:00,10.3308,10.43231,10.3308,10.41669,21300,0.0,0.0
2023-05-08 00:00:00-04:00,10.45574,10.47916,10.36984,10.4206,26200,0.0,0.0
2023-05-09 00:00:00-04:00,10.42451,10.51821,10.39327,10.51821,45300,0.0,0.0
2023-05-10 00:00:00-04:00,10.5065,10.54164,10.44012,10.49478,41800,0.0,0.0
2023-05-11 00:00:00-04:00,10.5026,10.56507,10.46355,10.56507,24700,0.0,0.0
2023-05-12 00:00:00-04:00,10.52341,10.61379,10.50612,10.5627,27000,0.087,0.0
2023-05-15 00:00:00-04:00,10.60986,10.60986,10.38194,10.40552,28000,0.0,0.0
2023-05-16 00:00:00-04:00,10.3898,10.44482,10.34265,10.36622,28800,0.0,0.0
2023-05-17 00:00:00-04:00,10.3898,10.80634,10.37409,10.57057,89000,0.0,0.0
2023-05-18 00:00:00-04:00,10.64129,10.68059,10.51555,10.54698,11000,0.0,0.0
2023-05-19 00:00:00-04:00,10.5627,10.75918,10.51555,10.69631,65500,0.0,0.0
2023-05-22 00:00:00-04:00,10.71988,10.75918,10.64915,10.68059,73800,0.0,0.0
2023-05-23 00:00:00-04:00,10.53912,10.62557,10.41338,10.41338,96500,0.0,0.0
2023-05-24 00:00:00-04:00,10.41338,10.57056,10.33478,10.4291,71600,0.0,0.0
2023-05-25 00:00:00-04:00,10.41338,10.44482,10.30335,10.37408,44600,0.0,0.0
2023-05-26 00:00:00-04:00,10.45268,10.49197,10.32693,10.47625,21300,0.0,0.0
2023-05-30 00:00:00-04:00,10.49197,10.58628,10.4291,10.58628,63700,0.0,0.0
2023-05-31 00:00:00-04:00,10.67273,10.76704,10.42124,10.46839,77400,0.0,0.0
2023-06-01 00:00:00-04:00,10.53913,10.62558,10.43696,10.46839,72700,0.0,0.0
2023-06-02 00:00:00-04:00,10.64129,10.64129,10.46839,10.49983,40100,0.0,0.0
2023-06-05 00:00:00-04:00,10.46054,10.69631,10.46054,10.6413,36500,0.0,0.0
2023-06-06 00:00:00-04:00,10.71989,10.71989,10.63815,10.68845,24400,0.0,0.0
2023-06-07 00:00:00-04:00,10.69631,10.72775,10.57842,10.6413,17400,0.0,0.0
2023-06-08 00:00:00-04:00,10.59414,10.78276,10.59414,10.6413,68200,0.0,0.0
2023-06-09 00:00:00-04:00,10.69631,10.75918,10.60986,10.71989,28300,0.0,0.0
2023-06-12 00:00:00-04:00,10.7356,10.97138,10.71989,10.90065,88600,0.0,0.0
2023-06-13 00:00:00-04:00,11.00281,11.01853,10.881,11.00281,56600,0.0,0.0
2023-06-14 00:00:00-04:00,11.02417,11.13488,10.91899,11.12697,88500,0.087,0.0
2023-06-15 00:00:00-04:00,11.10325,11.10325,10.87391,10.87391,56700,0.0,0.0
2023-06-16 00:00:00-04:00,10.81855,10.92136,10.81855,10.866,45500,0.0,0.0
2023-06-20 00:00:00-04:00,10.88182,11.07162,10.83437,11.07162,75700,0.0,0.0
2023-06-21 00:00:00-04:00,10.95299,11.04789,10.87787,10.96881,34800,0.0,0.0
2023-06-22 00:00:00-04:00,11.00835,11.20606,10.866,11.11907,58400,0.0,0.0
2023-06-23 00:00:00-04:00,11.07162,11.15861,10.88973,10.99253,75600,0.0,0.0
2023-06-26 00:00:00-04:00,11.03208,11.07162,10.92927,11.03998,73900,0.0,0.0
2023-06-27 00:00:00-04:00,10.9609,11.11116,10.93085,11.0558,26300,0.0,0.0
2023-06-28 00:00:00-04:00,11.14279,11.25351,11.00835,11.22978,61900,0.0,0.0
2023-06-29 00:00:00-04:00,11.22188,11.46703,11.09534,11.46703,61900,0.0,0.0
2023-06-30 00:00:00-04:00,11.46703,11.47494,11.28514,11.37213,84700,0.0,0.0
2023-07-03 00:00:00-04:00,11.31677,11.44331,11.29305,11.38004,11100,0.0,0.0
2023-07-05 00:00:00-04:00,11.38004,11.44331,11.23769,11.2456,28300,0.0,0.0
2023-07-06 00:00:00-04:00,11.22188,11.22188,11.07953,11.13489,36700,0.0,0.0
2023-07-07 00:00:00-04:00,11.13489,11.29938,11.03999,11.0558,60400,0.0,0.0
2023-07-10 00:00:00-04:00,11.07952,11.17442,11.04394,11.17442,80300,0.0,0.0
2023-07-11 00:00:00-04:00,11.04789,11.52239,11.04789,11.23769,73000,0.0,0.0
2023-07-12 00:00:00-04:00,11.32468,11.38795,11.2456,11.25351,20400,0.0,0.0
2023-07-13 00:00:00-04:00,11.29091,11.31478,11.06811,11.29886,53600,0.087,0.0
2023-07-14 00:00:00-04:00,11.22725,11.23919,11.1079,11.15564,12900,0.0,0.0
2023-07-17 00:00:00-04:00,11.29886,11.29886,11.15564,11.21133,23500,0.0,0.0
2023-07-18 00:00:00-04:00,11.22725,11.31478,11.1636,11.25112,44100,0.0,0.0
2023-07-19 00:00:00-04:00,11.25908,11.38639,11.20736,11.25908,46200,0.0,0.0
2023-07-20 00:00:00-04:00,11.25907,11.25907,11.13972,11.13972,37100,0.0,0.0
2023-07-21 00:00:00-04:00,11.21134,11.22725,11.17951,11.18747,7000,0.0,0.0
2023-07-24 00:00:00-04:00,11.22725,11.25908,11.09994,11.10789,55100,0.0,0.0
2023-07-25 00:00:00-04:00,11.11585,11.13972,11.06015,11.09994,62800,0.0,0.0
2023-07-26 00:00:00-04:00,11.09994,11.17155,11.06811,11.09198,29900,0.0,0.0
2023-07-27 00:00:00-04:00,11.13177,11.28295,11.09198,11.09994,127100,0.0,0.0
2023-07-28 00:00:00-04:00,11.09994,11.25112,11.09994,11.23521,50800,0.0,0.0
2023-07-31 00:00:00-04:00,11.29091,11.33865,11.17951,11.25112,70600,0.0,0.0
2023-08-01 00:00:00-04:00,11.23521,11.32273,11.21929,11.23521,51600,0.0,0.0
2023-08-02 00:00:00-04:00,11.21133,11.41822,11.21133,11.36252,50300,0.0,0.0
2023-08-03 00:00:00-04:00,11.28295,11.38639,11.19542,11.25112,40500,0.0,0.0
2023-08-04 00:00:00-04:00,11.22725,11.41026,11.22725,11.32273,25000,0.0,0.0
2023-08-07 00:00:00-04:00,11.29886,11.3665,11.17951,11.17951,50000,0.0,0.0
2023-08-08 00:00:00-04:00,11.17951,11.2909,11.13972,11.24316,45300,0.0,0.0
2023-08-09 00:00:00-04:00,11.26703,11.37047,11.23521,11.37047,46300,0.0,0.0
2023-08-10 00:00:00-04:00,11.31159,11.37047,11.27499,11.33865,30100,0.0,0.0
2023-08-11 00:00:00-04:00,11.33865,11.3466,11.17951,11.33865,20500,0.0,0.0
2023-08-14 00:00:00-04:00,11.36827,11.36827,11.22416,11.24818,29400,0.087,0.0
2023-08-15 00:00:00-04:00,11.32824,11.32824,11.10407,11.10407,62000,0.0,0.0
2023-08-16 00:00:00-04:00,11.16012,11.18414,11.08006,11.11208,20700,0.0,0.0
2023-08-17 00:00:00-04:00,11.10488,11.20014,11.07205,11.10407,28900,0.0,0.0
2023-08-18 00:00:00-04:00,11.10408,11.10408,11.04803,11.09607,26400,0.0,0.0
2023-08-21 00:00:00-04:00,11.08006,11.08806,10.91594,10.95196,86500,0.0,0.0
2023-08-22 00:00:00-04:00,10.95196,11.07205,10.89592,10.89592,39500,0.0,0.0
2023-08-23 00:00:00-04:00,10.95196,11.0,10.8599,10.89592,56000,0.0,0.0
2023-08-24 00:00:00-04:00,10.83588,10.83988,10.66376,10.69578,70200,0.0,0.0
2023-08-25 00:00:00-04:00,10.76783,11.00801,10.67016,10.75182,168600,0.0,0.0
2023-08-28 00:00:00-04:00,10.7278,10.90393,10.7278,10.80786,33400,0.0,0.0
2023-08-29 00:00:00-04:00,10.84789,10.95197,10.76783,10.8639,77900,0.0,0.0
2023-08-30 00:00:00-04:00,10.8639,10.92795,10.84789,10.88792,20400,0.0,0.0
2023-08-31 00:00:00-04:00,11.05604,11.05604,10.93595,11.0,39700,0.0,0.0
2023-09-01 00:00:00-04:00,11.00801,11.04804,10.91594,11.03202,59000,0.0,0.0
2023-09-05 00:00:00-04:00,11.04804,11.04804,10.95997,10.95997,31800,0.0,0.0
2023-09-06 00:00:00-04:00,10.95196,11.02402,10.88792,10.89592,17000,0.0,0.0
2023-09-07 00:00:00-04:00,10.84789,10.98799,10.84789,10.91994,29100,0.0,0.0
2023-09-08 00:00:00-04:00,10.93595,11.06405,10.88792,10.97598,25900,0.0,0.0
2023-09-11 00:00:00-04:00,11.04803,11.05604,10.88792,10.95196,39100,0.0,0.0
2023-09-12 00:00:00-04:00,10.92795,10.92795,10.75983,10.78384,60400,0.0,0.0
2023-09-13 00:00:00-04:00,10.76783,10.87991,10.68777,10.83988,44000,0.0,0.0
2023-09-14 00:00:00-04:00,10.84552,10.84552,10.64408,10.64408,73400,0.087,0.0
2023-09-15 00:00:00-04:00,10.68437,10.72466,10.67632,10.67632,16700,0.0,0.0
2023-09-18 00:00:00-04:00,10.68437,10.77784,10.46682,10.48293,104700,0.0,0.0
2023-09-19 00:00:00-04:00,10.51516,10.57962,10.44264,10.4507,56200,0.0,0.0
2023-09-20 00:00:00-04:00,10.49905,10.59171,10.48293,10.55545,37600,0.0,0.0
2023-09-21 00:00:00-04:00,10.58768,10.58768,10.42653,10.42653,24200,0.0,0.0
2023-09-22 00:00:00-04:00,10.49099,10.5071,10.35401,10.44264,84400,0.0,0.0
2023-09-25 00:00:00-04:00,10.46682,10.47487,10.31372,10.31372,82600,0.0,0.0
2023-09-26 00:00:00-04:00,10.31372,10.35401,10.09617,10.09617,100000,0.0,0.0
2023-09-27 00:00:00-04:00,10.08811,10.19044,9.89472,9.89472,134100,0.0,0.0
2023-09-28 00:00:00-04:00,9.95113,10.03976,9.87861,9.9753,54600,0.0,0.0
2023-09-29 00:00:00-04:00,10.20092,10.21703,9.91084,9.92696,105900,0.0,0.0
2023-10-02 00:00:00-04:00,10.00753,10.02365,9.89473,9.91084,42900,0.0,0.0
2023-10-03 00:00:00-04:00,9.95919,9.98336,9.74969,9.76581,166500,0.0,0.0
2023-10-04 00:00:00-04:00,9.84638,9.92696,9.83026,9.90278,50200,0.0,0.0
2023-10-05 00:00:00-04:00,9.88667,9.9463,9.81415,9.81415,90400,0.0,0.0
2023-10-06 00:00:00-04:00,9.79803,9.93501,9.74969,9.82221,105200,0.0,0.0
2023-10-09 00:00:00-04:00,9.85444,9.98336,9.75775,9.92696,35400,0.0,0.0
2023-10-10 00:00:00-04:00,9.93501,10.09617,9.84638,10.03171,72400,0.0,0.0
2023-10-11 00:00:00-04:00,10.11228,10.12034,10.04782,10.072,40400,0.0,0.0
2023-10-12 00:00:00-04:00,10.05334,10.06388,9.89105,9.92351,61900,0.087,0.0
2023-10-13 00:00:00-04:00,9.9803,10.07767,9.9803,10.00465,42900,0.0,0.0
2023-10-16 00:00:00-04:00,10.01276,10.02088,9.82614,9.85859,71700,0.0,0.0
2023-10-17 00:00:00-04:00,9.85859,9.85859,9.745,9.78557,45900,0.0,0.0
2023-10-18 00:00:00-04:00,9.82614,9.83425,9.72065,9.72877,34500,0.0,0.0
2023-10-19 00:00:00-04:00,9.73688,9.80991,9.72065,9.76122,42800,0.0,0.0
2023-10-20 00:00:00-04:00,9.77745,9.77745,9.61598,9.67197,61500,0.0,0.0
2023-10-23 00:00:00-04:00,9.62329,9.6882,9.58272,9.61517,78900,0.0,0.0
2023-10-24 00:00:00-04:00,9.6314,9.68008,9.5746,9.62329,42500,0.0,0.0
2023-10-25 00:00:00-04:00,9.59083,9.60706,9.42855,9.42855,53800,0.0,0.0
2023-10-26 00:00:00-04:00,9.44478,9.48372,9.37986,9.43666,81300,0.0,0.0
2023-10-27 00:00:00-04:00,9.41232,9.46182,9.15267,9.17701,334900,0.0,0.0
2023-10-30 00:00:00-04:00,9.21758,9.32307,9.18513,9.21758,157200,0.0,0.0
2023-10-31 00:00:00-04:00,9.23381,9.40421,9.23381,9.39609,156200,0.0,0.0
2023-11-01 00:00:00-04:00,9.39609,9.70443,9.38554,9.6314,130100,0.0,0.0
2023-11-02 00:00:00-04:00,9.72065,9.91539,9.72065,9.86671,133000,0.0,0.0
2023-11-03 00:00:00-04:00,9.96408,10.07768,9.93974,10.05333,86100,0.0,0.0
2023-11-06 00:00:00-05:00,10.02899,10.02899,9.89916,9.98031,68400,0.0,0.0
2023-11-07 00:00:00-05:00,9.99653,10.22373,9.99653,10.19938,69500,0.0,0.0
2023-11-08 00:00:00-05:00,10.27241,10.27647,10.2075,10.24807,33500,0.0,0.0
2023-11-09 00:00:00-05:00,10.22373,10.22373,10.08579,10.08579,71200,0.0,0.0
2023-11-10 00:00:00-05:00,10.14258,10.20344,10.12636,10.12636,42700,0.0,0.0
2023-11-13 00:00:00-05:00,10.10201,10.17829,10.10201,10.11824,31300,0.0,0.0
2023-11-14 00:00:00-05:00,10.20567,10.37808,10.1403,10.37727,184500,0.087,0.0
2023-11-15 00:00:00-05:00,10.44264,10.44264,10.30373,10.39361,69500,0.0,0.0
2023-11-16 00:00:00-05:00,10.45898,10.68777,10.45898,10.65509,141800,0.0,0.0
2023-11-17 00:00:00-05:00,10.6796,10.72045,10.63874,10.69594,58900,0.0,0.0
2023-11-20 00:00:00-05:00,10.75314,10.75314,10.67143,10.71228,77500,0.0,0.0
2023-11-21 00:00:00-05:00,10.75314,10.78582,10.63874,10.70411,95700,0.0,0.0
2023-11-22 00:00:00-05:00,10.66326,10.76948,10.66326,10.75314,34900,0.0,0.0
2023-11-24 00:00:00-05:00,10.70411,10.76948,10.68777,10.74497,41300,0.0,0.0
2023-11-27 00:00:00-05:00,10.75314,10.82668,10.71065,10.7368,66300,0.0,0.0
2023-11-28 00:00:00-05:00,10.69594,10.70002,10.58154,10.58154,93000,0.0,0.0
2023-11-29 00:00:00-05:00,10.58154,10.7368,10.58154,10.7368,81200,0.0,0.0
2023-11-30 00:00:00-05:00,10.85119,10.85119,10.63057,10.6796,84900,0.0,0.0
2023-12-01 00:00:00-05:00,10.69594,10.94924,10.69594,10.94924,82900,0.0,0.0
2023-12-04 00:00:00-05:00,10.82668,10.94516,10.81033,10.85119,71100,0.0,0.0
2023-12-05 00:00:00-05:00,10.90022,10.9329,10.87162,10.89205,43400,0.0,0.0
2023-12-06 00:00:00-05:00,10.85119,10.94924,10.81851,10.90022,89500,0.0,0.0
2023-12-07 00:00:00-05:00,10.90022,10.96559,10.85446,10.95742,61000,0.0,0.0
2023-12-08 00:00:00-05:00,10.99827,11.01052,10.86753,10.86753,74100,0.0,0.0
2023-12-11 00:00:00-05:00,10.91656,10.94924,10.82668,10.85119,92700,0.0,0.0
2023-12-12 00:00:00-05:00,10.81033,10.88387,10.76948,10.77765,96100,0.0,0.0
2023-12-13 00:00:00-05:00,10.84302,10.94107,10.48349,10.83485,275300,0.0,0.0
2023-12-14 00:00:00-05:00,10.97221,10.99688,10.85706,10.98043,203400,0.087,0.0
2023-12-15 00:00:00-05:00,10.96398,11.08736,10.96234,11.06268,133300,0.0,0.0
2023-12-18 00:00:00-05:00,11.02156,11.07091,10.91463,10.95576,108600,0.0,0.0
2023-12-19 00:00:00-05:00,10.97221,11.01333,10.86528,10.95576,213200,0.0,0.0
2023-12-20 00:00:00-05:00,10.94753,11.01333,10.90641,10.90641,166600,0.0,0.0
2023-12-21 00:00:00-05:00,10.92285,10.99688,10.8406,10.8406,121200,0.0,0.0
2023-12-22 00:00:00-05:00,10.93931,10.98043,10.83238,10.84883,180600,0.0,0.0
2023-12-26 00:00:00-05:00,10.89818,10.98043,10.84883,10.85706,176500,0.0,0.0
2023-12-27 00:00:00-05:00,10.90641,10.93108,10.81593,10.88995,195600,0.0,0.0
2023-12-28 00:00:00-05:00,10.84061,10.88996,10.76658,10.81593,223500,0.0,0.0
2023-12-29 00:00:00-05:00,10.77481,10.85706,10.73368,10.77481,266400,0.0,0.0
2024-01-02 00:00:00-05:00,10.73368,10.86528,10.72546,10.84883,119200,0.0,0.0
2024-01-03 00:00:00-05:00,10.82415,11.00511,10.82415,10.96398,135500,0.0,0.0
2024-01-04 00:00:00-05:00,10.88996,11.06268,10.86693,11.02978,62600,0.0,0.0
2024-01-05 00:00:00-05:00,11.08736,11.12848,11.03801,11.07091,52700,0.0,0.0
2024-01-08 00:00:00-05:00,11.11203,11.31766,11.11203,11.27653,91400,0.0,0.0
2024-01-09 00:00:00-05:00,11.35056,11.37523,11.2354,11.31766,69600,0.0,0.0
2024-01-10 00:00:00-05:00,11.38346,11.38346,11.25186,11.31766,65900,0.0,0.0
2024-01-11 00:00:00-05:00,11.41636,11.41636,11.29298,11.34233,81900,0.0,0.0
2024-01-12 00:00:00-05:00,11.34813,11.39034,11.29019,11.36468,105900,0.087,0.0
2024-01-16 00:00:00-05:00,11.36468,11.36468,11.23638,11.25708,65300,0.0,0.0
2024-01-17 00:00:00-05:00,11.25708,11.28191,11.1743,11.24052,84000,0.0,0.0
2024-01-18 00:00:00-05:00,11.24052,11.2488,11.04269,11.24052,90300,0.0,0.0
2024-01-19 00:00:00-05:00,11.23224,11.23224,11.11636,11.16603,38100,0.0,0.0
2024-01-22 00:00:00-05:00,11.21155,11.25708,11.09153,11.10809,75900,0.0,0.0
2024-01-23 00:00:00-05:00,11.02531,11.12961,10.96737,10.98393,66500,0.0,0.0
2024-01-24 00:00:00-05:00,11.01704,11.19086,10.99221,11.11636,63100,0.0,0.0
2024-01-25 00:00:00-05:00,11.14947,11.28191,11.14947,11.22397,47700,0.0,0.0
2024-01-26 00:00:00-05:00,11.16603,11.19914,11.10809,11.12464,49300,0.0,0.0
2024-01-29 00:00:00-05:00,11.1412,11.2488,11.1412,11.2488,64200,0.0,0.0
2024-01-30 00:00:00-05:00,11.2488,11.31502,11.23225,11.31502,38600,0.0,0.0
2024-01-31 00:00:00-05:00,11.38124,11.44746,11.33985,11.36468,69700,0.0,0.0
2024-02-01 00:00:00-05:00,11.42262,11.50539,11.40607,11.42262,41200,0.0,0.0
2024-02-02 00:00:00-05:00,11.38123,11.38123,11.29846,11.33985,40700,0.0,0.0
2024-02-05 00:00:00-05:00,11.30674,11.33985,11.25708,11.33157,66600,0.0,0.0
2024-02-06 00:00:00-05:00,11.38124,11.48056,11.38124,11.43918,30300,0.0,0.0
2024-02-07 00:00:00-05:00,11.42262,11.5054,11.42262,11.46401,62100,0.0,0.0
2024-02-08 00:00:00-05:00,11.45573,11.49712,11.42262,11.46401,37300,0.0,0.0
2024-02-09 00:00:00-05:00,11.49712,11.57989,11.48884,11.53023,44300,0.0,0.0
2024-02-12 00:00:00-05:00,11.49712,11.63783,11.49712,11.57989,74000,0.0,0.0
2024-02-13 00:00:00-05:00,11.48884,11.61383,11.48884,11.52195,58100,0.0,0.0
2024-02-14 00:00:00-05:00,11.56943,11.68604,11.56943,11.66105,40800,0.087,0.0
2024-02-15 00:00:00-05:00,11.68604,11.76267,11.68604,11.74435,49600,0.0,0.0
2024-02-16 00:00:00-05:00,11.72768,11.86012,11.72768,11.80265,36800,0.0,0.0
2024-02-20 00:00:00-05:00,11.761,11.86928,11.75267,11.81514,64200,0.0,0.0
2024-02-21 00:00:00-05:00,11.76933,11.86928,11.69437,11.77766,79100,0.0,0.0
2024-02-22 00:00:00-05:00,11.81931,11.92675,11.76933,11.83596,136300,0.0,0.0
2024-02-23 00:00:00-05:00,11.82764,11.82764,11.67771,11.7027,60900,0.0,0.0
2024-02-26 00:00:00-05:00,11.74434,11.74434,11.54444,11.54444,73600,0.0,0.0
2024-02-27 00:00:00-05:00,11.52778,11.58608,11.49446,11.51112,53700,0.0,0.0
2024-02-28 00:00:00-05:00,11.47197,11.54444,11.45282,11.53611,71000,0.0,0.0
2024-02-29 00:00:00-05:00,11.71936,11.71936,11.54444,11.63606,88500,0.0,0.0
2024-03-01 00:00:00-05:00,11.59441,11.78599,11.57775,11.75267,72500,0.0,0.0
2024-03-04 00:00:00-05:00,11.7027,11.7027,11.59442,11.61108,63200,0.0,0.0
2024-03-05 00:00:00-05:00,11.64439,11.69437,11.61107,11.66938,60100,0.0,0.0
2024-03-06 00:00:00-05:00,11.66938,11.77766,11.62773,11.7027,164500,0.0,0.0
2024-03-07 00:00:00-05:00,11.77766,11.82764,11.71936,11.82764,84500,0.0,0.0
2024-03-08 00:00:00-05:00,11.81931,11.86095,11.761,11.84429,61500,0.0,0.0
2024-03-11 00:00:00-04:00,11.81931,11.86928,11.78599,11.86096,57400,0.0,0.0
2024-03-12 00:00:00-04:00,11.81931,11.8976,11.80598,11.82347,48200,0.0,0.0
2024-03-13 00:00:00-04:00,11.86096,11.89427,11.77766,11.86096,47200,0.0,0.0
2024-03-14 00:00:00-04:00,11.9171,11.97577,11.85006,11.88358,63100,0.087,0.0
2024-03-15 00:00:00-04:00,11.79978,11.90872,11.79978,11.89196,35000,0.0,0.0
2024-03-18 00:00:00-04:00,11.90872,12.05957,11.8752,11.90872,68500,0.0,0.0
2024-03-19 00:00:00-04:00,11.95901,12.05957,11.79978,11.79978,48300,0.0,0.0
2024-03-20 00:00:00-04:00,11.75787,11.90034,11.7034,11.74111,48900,0.0,0.0
2024-03-21 00:00:00-04:00,11.76626,11.76626,11.66569,11.67407,67200,0.0,0.0
2024-03-22 00:00:00-04:00,11.69921,11.76458,11.69083,11.70759,60400,0.0,0.0
2024-03-25 00:00:00-04:00,11.73273,11.73273,11.64055,11.65731,32300,0.0,0.0
2024-03-26 00:00:00-04:00,11.69921,11.72435,11.64892,11.67574,48900,0.0,0.0
2024-03-27 00:00:00-04:00,11.76625,11.76625,11.66569,11.73273,56000,0.0,0.0
2024-03-28 00:00:00-04:00,11.85006,11.85006,11.71597,11.75787,63500,0.0,0.0
2024-04-01 00:00:00-04:00,11.72435,11.78301,11.70759,11.74111,57400,0.0,0.0
2024-04-02 00:00:00-04:00,11.75787,11.809,11.72435,11.7914,55300,0.0,0.0
2024-04-03 00:00:00-04:00,11.73273,11.90872,11.72351,11.88777,66500,0.0,0.0
2024-04-04 00:00:00-04:00,11.88358,11.92548,11.8333,11.86263,24400,0.0,0.0
2024-04-05 00:00:00-04:00,11.80816,11.90872,11.79978,11.86682,44900,0.0,0.0
2024-04-08 00:00:00-04:00,11.9171,11.94224,11.85928,11.90872,50500,0.0,0.0
2024-04-09 00:00:00-04:00,11.88358,11.9171,11.82492,11.82492,43000,0.0,0.0
2024-04-10 00:00:00-04:00,11.7914,11.89196,11.65731,11.65731,96100,0.0,0.0
2024-04-11 00:00:00-04:00,11.74111,11.74949,11.63217,11.65731,48900,0.0,0.0
2024-04-12 00:00:00-04:00,11.69694,11.72562,11.63791,11.66321,33600,0.087,0.0
2024-04-15 00:00:00-04:00,11.61261,11.72224,11.41443,11.41865,83700,0.0,0.0
2024-04-16 00:00:00-04:00,11.57044,11.57888,11.41864,11.54936,59500,0.0,0.0
2024-04-17 00:00:00-04:00,11.56201,11.60418,11.56201,11.59575,26100,0.0,0.0
2024-04-18 00:00:00-04:00,11.56201,11.57044,11.49454,11.49454,35600,0.0,0.0
2024-04-19 00:00:00-04:00,11.54093,11.55358,11.41949,11.51984,62200,0.0,0.0
2024-04-22 00:00:00-04:00,11.52828,11.53671,11.43551,11.51984,83000,0.0,0.0
2024-04-23 00:00:00-04:00,11.46925,11.59574,11.46925,11.49454,79600,0.0,0.0
2024-04-24 00:00:00-04:00,11.54514,11.54514,11.49454,11.49454,31200,0.0,0.0
2024-04-25 00:00:00-04:00,11.48611,11.49454,11.39334,11.43551,68600,0.0,0.0
2024-04-26 00:00:00-04:00,11.49454,11.49454,11.40178,11.46081,57200,0.0,0.0
2024-04-29 00:00:00-04:00,11.46081,11.46924,11.38491,11.43551,60700,0.0,0.0
2024-04-30 00:00:00-04:00,11.47768,11.47768,11.34275,11.37648,87900,0.0,0.0
2024-05-01 00:00:00-04:00,11.42708,11.49454,11.36804,11.43551,108800,0.0,0.0
2024-05-02 00:00:00-04:00,11.41021,11.47768,11.39334,11.47768,71500,0.0,0.0
2024-05-03 00:00:00-04:00,11.49454,11.56201,11.47768,11.51984,77400,0.0,0.0
2024-05-06 00:00:00-04:00,11.56201,11.63791,11.49454,11.61261,84400,0.0,0.0
2024-05-07 00:00:00-04:00,11.64634,11.74754,11.64634,11.72224,44800,0.0,0.0
2024-05-08 00:00:00-04:00,11.73911,11.76525,11.70538,11.74754,34300,0.0,0.0
2024-05-09 00:00:00-04:00,11.78128,11.83188,11.78128,11.80658,57800,0.0,0.0
2024-05-10 00:00:00-04:00,11.80658,11.80658,11.69694,11.73068,44100,0.0,0.0
2024-05-13 00:00:00-04:00,11.82344,11.82344,11.72224,11.72309,40000,0.0,0.0
2024-05-14 00:00:00-04:00,11.76212,11.77061,11.71121,11.73667,40400,0.087,0.0
2024-05-15 00:00:00-04:00,11.73666,11.78758,11.71969,11.75364,36300,0.0,0.0
2024-05-16 00:00:00-04:00,11.75364,11.77061,11.69423,11.74515,43100,0.0,0.0
2024-05-17 00:00:00-04:00,11.75364,11.83001,11.68574,11.76212,52000,0.0,0.0
2024-05-20 00:00:00-04:00,11.81304,11.85547,11.74939,11.77061,81100,0.0,0.0
2024-05-21 00:00:00-04:00,11.82153,11.87245,11.80031,11.84699,45400,0.0,0.0
2024-05-22 00:00:00-04:00,11.80456,11.93185,11.71969,11.93185,104600,0.0,0.0
2024-05-23 00:00:00-04:00,11.85547,11.94882,11.7112,11.77909,36900,0.0,0.0
2024-05-24 00:00:00-04:00,11.77909,11.78843,11.7112,11.77909,12400,0.0,0.0
2024-05-28 00:00:00-04:00,11.82153,11.82323,11.66877,11.75788,94600,0.0,0.0
2024-05-29 00:00:00-04:00,11.75364,11.77061,11.5924,11.60937,50100,0.0,0.0
2024-05-30 00:00:00-04:00,11.64331,11.66877,11.57542,11.59239,52900,0.0,0.0
2024-05-31 00:00:00-04:00,11.74515,11.74515,11.54996,11.6518,46100,0.0,0.0
2024-06-03 00:00:00-04:00,11.72818,11.72818,11.66877,11.7112,26200,0.0,0.0
2024-06-04 00:00:00-04:00,11.71121,11.82747,11.69423,11.72818,42100,0.0,0.0
2024-06-05 00:00:00-04:00,11.72818,12.0252,11.67726,11.73667,96300,0.0,0.0
2024-06-06 00:00:00-04:00,11.66877,11.99126,11.66877,11.92761,74600,0.0,0.0
2024-06-07 00:00:00-04:00,11.84699,12.0252,11.80456,11.97428,37200,0.0,0.0
2024-06-10 00:00:00-04:00,12.05066,12.17796,11.99126,12.0252,47400,0.0,0.0
2024-06-11 00:00:00-04:00,12.09309,12.09309,11.90639,11.92337,40900,0.0,0.0
2024-06-12 00:00:00-04:00,11.95392,11.99974,11.88093,11.88942,50400,0.0,0.0
2024-06-13 00:00:00-04:00,11.89791,11.93185,11.87245,11.88093,23000,0.0,0.0
2024-06-14 00:00:00-04:00,11.87837,12.10894,11.87837,12.04916,60300,0.087,0.0
2024-06-17 00:00:00-04:00,12.1004,12.21141,12.04062,12.18579,51600,0.0,0.0
2024-06-18 00:00:00-04:00,12.20287,12.3395,12.09186,12.24557,45500,0.0,0.0
2024-06-20 00:00:00-04:00,12.16871,12.59569,11.85275,12.15163,112500,0.0,0.0
2024-06-21 00:00:00-04:00,12.12601,12.39757,12.0577,12.0577,34100,0.0,0.0
2024-06-24 00:00:00-04:00,12.11321,12.17725,12.0577,12.11748,27100,0.0,0.0
2024-06-25 00:00:00-04:00,12.03208,12.18579,11.98938,12.03208,83100,0.0,0.0
2024-06-26 00:00:00-04:00,12.0577,12.0577,11.92961,11.95523,50700,0.0,0.0
2024-06-27 00:00:00-04:00,12.015,12.11748,11.94754,11.95523,97800,0.0,0.0
2024-06-28 00:00:00-04:00,12.09186,12.11748,12.015,12.07478,47100,0.0,0.0
2024-07-01 00:00:00-04:00,12.06624,12.14309,11.96377,12.015,108700,0.0,0.0
2024-07-02 00:00:00-04:00,12.0577,12.16871,12.0577,12.14309,44900,0.0,0.0
2024-07-03 00:00:00-04:00,12.16871,12.16871,12.11748,12.15163,28800,0.0,0.0
2024-07-05 00:00:00-04:00,12.21141,12.21141,12.04916,12.08332,36000,0.0,0.0
2024-07-08 00:00:00-04:00,12.0577,12.13199,11.95522,12.02354,69500,0.0,0.0
2024-07-09 00:00:00-04:00,12.02867,12.03208,11.98085,12.00646,31500,0.0,0.0
2024-07-10 00:00:00-04:00,12.08332,12.08332,11.98084,12.06624,62100,0.0,0.0
2024-07-11 00:00:00-04:00,12.10894,12.21995,12.07478,12.20287,69300,0.0,0.0
2024-07-12 00:00:00-04:00,12.18579,12.24557,12.1004,12.16018,97000,0.0,0.0
2024-07-15 00:00:00-04:00,12.19196,12.19196,12.09745,12.13182,61700,0.087,0.0
2024-07-16 00:00:00-04:00,12.17478,12.21774,12.14041,12.20056,18200,0.0,0.0
2024-07-17 00:00:00-04:00,12.22633,12.22633,12.07168,12.07168,41200,0.0,0.0
2024-07-18 00:00:00-04:00,12.08027,12.20055,11.99435,12.13182,94900,0.0,0.0
2024-07-19 00:00:00-04:00,12.08027,12.08027,12.01153,12.02871,11100,0.0,0.0
2024-07-22 00:00:00-04:00,12.10003,12.13869,12.07167,12.10604,13500,0.0,0.0
2024-07-23 00:00:00-04:00,12.12323,12.19196,12.11464,12.12323,22000,0.0,0.0
2024-07-24 00:00:00-04:00,12.16619,12.25898,12.03731,12.08027,72600,0.0,0.0
2024-07-25 00:00:00-04:00,12.15759,12.17478,12.07167,12.17478,23800,0.0,0.0
2024-07-26 00:00:00-04:00,12.24351,12.24351,12.09745,12.16619,46100,0.0,0.0
2024-07-29 00:00:00-04:00,12.1576,12.30366,12.06308,12.08886,66700,0.0,0.0
2024-07-30 00:00:00-04:00,12.10604,12.20055,12.06308,12.16619,36000,0.0,0.0
2024-07-31 00:00:00-04:00,12.31225,12.39817,12.14041,12.38098,48100,0.0,0.0
2024-08-01 00:00:00-04:00,12.38958,12.4669,12.31225,12.43254,52100,0.0,0.0
2024-08-02 00:00:00-04:00,12.44113,12.44886,12.22633,12.2607,55100,0.0,0.0
2024-08-05 00:00:00-04:00,12.26499,12.28561,11.91702,11.91702,89400,0.0,0.0
2024-08-06 00:00:00-04:00,12.02872,12.45831,11.96685,12.41535,135200,0.0,0.0
2024-08-07 00:00:00-04:00,12.43254,12.50986,12.28647,12.28647,45000,0.0,0.0
2024-08-08 00:00:00-04:00,12.41535,12.69889,12.32514,12.45831,86800,0.0,0.0
2024-08-09 00:00:00-04:00,12.50127,12.57173,12.45831,12.4669,26000,0.0,0.0
2024-08-12 00:00:00-04:00,12.4669,12.4669,12.18337,12.44113,38600,0.0,0.0
2024-08-13 00:00:00-04:00,12.45831,12.45831,12.41535,12.44972,34100,0.0,0.0
2024-08-14 00:00:00-04:00,12.40676,12.50127,12.38958,12.44972,24400,0.0,0.0
2024-08-15 00:00:00-04:00,12.44713,12.46442,12.40391,12.40391,36100,0.087,0.0
2024-08-16 00:00:00-04:00,12.2829,12.38662,12.27425,12.27425,125900,0.0,0.0
2024-08-19 00:00:00-04:00,12.27425,12.32179,12.21374,12.30018,27400,0.0,0.0
2024-08-20 00:00:00-04:00,12.29154,12.40391,12.22239,12.22239,70100,0.0,0.0
2024-08-21 00:00:00-04:00,12.23103,12.23967,12.16188,12.17917,106200,0.0,0.0
2024-08-22 00:00:00-04:00,12.25696,12.25696,12.11866,12.17052,72900,0.0,0.0
2024-08-23 00:00:00-04:00,12.24832,12.27425,12.12731,12.23968,53400,0.0,0.0
2024-08-26 00:00:00-04:00,12.32612,12.35118,12.2319,12.27425,74800,0.0,0.0
2024-08-27 00:00:00-04:00,12.26561,12.29154,12.22239,12.23968,27600,0.0,0.0
2024-08-28 00:00:00-04:00,12.27512,12.31747,12.23103,12.23968,20200,0.0,0.0
2024-08-29 00:00:00-04:00,12.2829,12.33476,12.25264,12.30883,47200,0.0,0.0
2024-08-30 00:00:00-04:00,12.32611,12.36069,12.27425,12.30018,31900,0.0,0.0
2024-09-03 00:00:00-04:00,12.30018,12.35637,12.30018,12.3434,50000,0.0,0.0
2024-09-04 00:00:00-04:00,12.30883,12.37798,12.29154,12.30018,81900,0.0,0.0
2024-09-05 00:00:00-04:00,12.30018,12.35204,12.23967,12.25264,93800,0.0,0.0
2024-09-06 00:00:00-04:00,12.27857,12.29154,12.24832,12.29154,34800,0.0,0.0
2024-09-09 00:00:00-04:00,12.30018,12.33476,12.25696,12.29154,52800,0.0,0.0
2024-09-10 00:00:00-04:00,12.3434,12.37798,12.30883,12.36069,21000,0.0,0.0
2024-09-11 00:00:00-04:00,12.36933,12.4817,12.36069,12.44713,36200,0.0,0.0
2024-09-12 00:00:00-04:00,12.4817,12.5595,12.47306,12.50764,74100,0.0,0.0
2024-09-13 00:00:00-04:00,12.5572,12.64416,12.54851,12.58329,41200,0.087,0.0
2024-09-16 00:00:00-04:00,12.5572,12.60938,12.5572,12.5659,40400,0.0,0.0
2024-09-17 00:00:00-04:00,12.5659,12.60938,12.53111,12.53981,54600,0.0,0.0
2024-09-18 00:00:00-04:00,12.53981,12.57025,12.48763,12.52242,71700,0.0,0.0
2024-09-19 00:00:00-04:00,12.53981,12.61807,12.53981,12.59198,29000,0.0,0.0
2024-09-20 00:00:00-04:00,12.63547,12.73982,12.61808,12.68764,53600,0.0,0.0
2024-09-23 00:00:00-04:00,12.73982,12.73982,12.5572,12.5746,55500,0.0,0.0
2024-09-24 00:00:00-04:00,12.54851,12.60068,12.53981,12.57025,33400,0.0,0.0
2024-09-25 00:00:00-04:00,12.57459,12.60677,12.53111,12.5572,25700,0.0,0.0
2024-09-26 00:00:00-04:00,12.60938,12.61373,12.5572,12.58329,76000,0.0,0.0
2024-09-27 00:00:00-04:00,12.61807,12.61807,12.5659,12.59198,37000,0.0,0.0
2024-09-30 00:00:00-04:00,12.59199,12.61373,12.57633,12.60938,54300,0.0,0.0
2024-10-01 00:00:00-04:00,12.61807,12.65286,12.60068,12.64416,104700,0.0,0.0
2024-10-02 00:00:00-04:00,12.61807,12.67025,12.61199,12.64416,102700,0.0,0.0
2024-10-03 00:00:00-04:00,12.61807,12.66242,12.60329,12.64416,37700,0.0,0.0
2024-10-04 00:00:00-04:00,12.62677,12.66156,12.61808,12.65286,67500,0.0,0.0
2024-10-07 00:00:00-04:00,12.62677,12.66155,12.61373,12.64416,64800,0.0,0.0
2024-10-08 00:00:00-04:00,12.61808,12.69634,12.61808,12.67025,43400,0.0,0.0
2024-10-09 00:00:00-04:00,12.69634,12.73113,12.66069,12.67895,68200,0.0,0.0
2024-10-10 00:00:00-04:00,12.70504,12.71808,12.62677,12.65286,100300,0.0,0.0
2024-10-11 00:00:00-04:00,12.68764,12.7033,12.66156,12.67025,69000,0.0,0.0
2024-10-14 00:00:00-04:00,12.67025,12.70069,12.60938,12.60938,37400,0.0,0.0
2024-10-15 00:00:00-04:00,12.633,12.72923,12.633,12.65925,54600,0.087,0.0
2024-10-16 00:00:00-04:00,12.6155,12.69162,12.6155,12.6155,26200,0.0,0.0
2024-10-17 00:00:00-04:00,12.65925,12.65925,12.57176,12.58051,57800,0.0,0.0
2024-10-18 00:00:00-04:00,12.6155,12.71174,12.6155,12.69424,46000,0.0,0.0
2024-10-21 00:00:00-04:00,12.633,12.68549,12.55426,12.56301,56500,0.0,0.0
2024-10-22 00:00:00-04:00,12.59801,12.6715,12.57176,12.59363,56900,0.0,0.0
2024-10-23 00:00:00-04:00,12.57176,12.61113,12.3443,12.37929,100400,0.0,0.0
2024-10-24 00:00:00-04:00,12.42303,12.42303,12.25681,12.29181,92300,0.0,0.0
2024-10-25 00:00:00-04:00,12.26556,12.3093,12.20432,12.22182,65400,0.0,0.0
2024-10-28 00:00:00-04:00,12.2918,12.32942,12.16932,12.20432,64200,0.0,0.0
2024-10-29 00:00:00-04:00,12.17807,12.17807,12.10808,12.12558,50000,0.0,0.0
2024-10-30 00:00:00-04:00,12.14308,12.23057,12.13433,12.18682,73600,0.0,0.0
2024-10-31 00:00:00-04:00,12.26556,12.26556,12.14308,12.25244,91200,0.0,0.0
2024-11-01 00:00:00-04:00,12.30055,12.35917,12.16057,12.20432,49700,0.0,0.0
2024-11-04 00:00:00-05:00,12.23056,12.33555,12.23056,12.27431,65100,0.0,0.0
2024-11-05 00:00:00-05:00,12.28306,12.37929,12.27606,12.3198,30300,0.0,0.0
2024-11-06 00:00:00-05:00,12.3093,12.3093,12.08184,12.12558,136500,0.0,0.0
2024-11-07 00:00:00-05:00,12.40554,12.40554,12.21307,12.33555,48100,0.0,0.0
2024-11-08 00:00:00-05:00,12.37929,12.42303,12.37929,12.39679,41100,0.0,0.0
2024-11-11 00:00:00-05:00,12.41428,12.45803,12.41428,12.43178,80500,0.0,0.0
2024-11-12 00:00:00-05:00,12.44053,12.46328,12.36179,12.39679,87700,0.0,0.0
2024-11-13 00:00:00-05:00,12.42304,12.51052,12.42304,12.42304,41600,0.0,0.0
2024-11-14 00:00:00-05:00,12.44928,12.47553,12.40991,12.44928,43600,0.0,0.0
2024-11-15 00:00:00-05:00,12.49945,12.49945,12.34981,12.39382,47900,0.087,0.0
2024-11-18 00:00:00-05:00,12.42903,12.51706,12.37534,12.44664,60700,0.0,0.0
2024-11-19 00:00:00-05:00,12.41143,12.42903,12.23626,12.3234,79600,0.0,0.0
2024-11-20 00:00:00-05:00,12.27939,12.34101,12.24418,12.27499,70700,0.0,0.0
2024-11-21 00:00:00-05:00,12.3058,12.42023,12.3058,12.3234,42000,0.0,0.0
2024-11-22 00:00:00-05:00,12.3146,12.37622,12.30228,12.30228,49500,0.0,0.0
2024-11-25 00:00:00-05:00,12.34981,12.41143,12.28819,12.3146,76800,0.0,0.0
2024-11-26 00:00:00-05:00,12.3058,12.3146,12.24418,12.26179,54000,0.0,0.0
2024-11-27 00:00:00-05:00,12.3146,12.46424,12.2882,12.46424,70400,0.0,0.0
2024-11-29 00:00:00-05:00,12.56987,12.57867,12.46424,12.50825,45300,0.0,0.0
2024-12-02 00:00:00-05:00,12.51706,12.59628,12.46424,12.56107,45900,0.0,0.0
2024-12-03 00:00:00-05:00,12.56107,12.61388,12.51706,12.57867,78200,0.0,0.0
2024-12-04 00:00:00-05:00,12.62269,12.63149,12.56107,12.57867,97400,0.0,0.0
2024-12-05 00:00:00-05:00,12.57868,12.58748,12.49065,12.51706,121500,0.0,0.0
2024-12-06 00:00:00-05:00,12.49945,12.56811,12.47305,12.53466,121500,0.0,0.0
2024-12-09 00:00:00-05:00,12.50826,12.53906,12.41143,12.42903,135400,0.0,0.0
2024-12-10 00:00:00-05:00,12.49065,12.52586,12.42023,12.49065,79500,0.0,0.0
2024-12-11 00:00:00-05:00,12.49945,12.59628,12.45544,12.55227,177600,0.0,0.0
2024-12-12 00:00:00-05:00,12.54347,12.55227,12.41143,12.42023,88400,0.0,0.0
2024-12-13 00:00:00-05:00,12.37329,12.46186,12.329,12.329,80600,0.087,0.0
2024-12-16 00:00:00-05:00,12.33786,12.41758,12.26701,12.30243,141500,0.0,0.0
2024-12-17 00:00:00-05:00,12.28472,12.31306,12.17046,12.17843,141200,0.0,0.0
2024-12-18 00:00:00-05:00,12.12529,12.21386,12.04558,12.04558,119500,0.0,0.0
2024-12-19 00:00:00-05:00,12.10758,12.10758,11.85072,11.8773,240200,0.0,0.0
2024-12-20 00:00:00-05:00,11.89501,11.99243,11.77986,11.82415,199200,0.0,0.0
2024-12-23 00:00:00-05:00,11.77101,11.84629,11.63815,11.79758,316200,0.0,0.0
2024-12-24 00:00:00-05:00,11.78872,11.88615,11.7533,11.85958,84000,0.0,0.0
2024-12-26 00:00:00-05:00,11.8153,11.93044,11.77987,11.88615,297400,0.0,0.0
2024-12-27 00:00:00-05:00,11.88615,11.92158,11.84187,11.88615,263500,0.0,0.0
2024-12-30 00:00:00-05:00,11.86844,12.03672,11.86844,11.94815,163900,0.0,0.0
2024-12-31 00:00:00-05:00,11.91272,12.01901,11.80644,11.86844,217600,0.0,0.0
2025-01-02 00:00:00-05:00,11.95701,12.02787,11.93044,12.00129,64700,0.0,0.0
2025-01-03 00:00:00-05:00,12.04558,12.143,12.04558,12.13415,59400,0.0,0.0
2025-01-06 00:00:00-05:00,12.12529,12.14301,12.06329,12.12529,52100,0.0,0.0
2025-01-07 00:00:00-05:00,12.13415,12.16072,12.04558,12.08544,77700,0.0,0.0
2025-01-08 00:00:00-05:00,12.08101,12.18729,12.01901,12.16072,66600,0.0,0.0
2025-01-10 00:00:00-05:00,12.08101,12.13415,11.99244,12.08986,96800,0.0,0.0
2025-01-13 00:00:00-05:00,12.07215,12.12529,12.00129,12.07658,55400,0.0,0.0
2025-01-14 00:00:00-05:00,12.03672,12.13415,12.03672,12.11644,25300,0.0,0.0
2025-01-15 00:00:00-05:00,12.15743,12.38917,12.15743,12.32678,158400,0.086,0.0
2025-01-16 00:00:00-05:00,12.32678,12.34461,12.202,12.31787,69700,0.0,0.0
2025-01-17 00:00:00-05:00,12.31787,12.36243,12.26439,12.32678,23000,0.0,0.0
2025-01-21 00:00:00-05:00,12.35352,12.38917,12.30004,12.31341,67600,0.0,0.0
2025-01-22 00:00:00-05:00,12.30896,12.45157,12.2947,12.45157,78000,0.0,0.0
2025-01-23 00:00:00-05:00,12.43374,12.44265,12.28222,12.37135,97800,0.0,0.0
2025-01-24 00:00:00-05:00,12.36244,12.46048,12.27509,12.36244,77400,0.0,0.0
2025-01-27 00:00:00-05:00,12.40967,12.40967,12.2733,12.33569,67800,0.0,0.0
2025-01-28 00:00:00-05:00,12.29113,12.36243,12.24656,12.32678,52900,0.0,0.0
2025-01-29 00:00:00-05:00,12.30004,12.39809,12.28222,12.35352,65200,0.0,0.0
2025-01-30 00:00:00-05:00,12.38026,12.46939,12.30004,12.44265,49200,0.0,0.0
2025-01-31 00:00:00-05:00,12.59417,12.59417,12.42483,12.4783,70100,0.0,0.0
2025-02-03 00:00:00-05:00,12.47831,12.56744,12.46048,12.55852,93700,0.0,0.0
2025-02-04 00:00:00-05:00,12.5407,12.70113,12.47028,12.70113,58200,0.0,0.0
2025-02-05 00:00:00-05:00,12.65657,12.84374,12.64498,12.83483,60000,0.0,0.0
2025-02-06 00:00:00-05:00,12.84374,12.84374,12.77066,12.82592,18500,0.0,0.0
2025-02-07 00:00:00-05:00,12.82591,12.91504,12.73678,12.85265,43800,0.0,0.0
2025-02-10 00:00:00-05:00,12.88831,13.03092,12.83483,12.90613,60400,0.0,0.0
2025-02-11 00:00:00-05:00,12.86157,12.96852,12.72787,12.73678,63000,0.0,0.0
2025-02-12 00:00:00-05:00,12.70113,12.70113,12.45157,12.57635,38000,0.0,0.0
2025-02-13 00:00:00-05:00,12.62091,12.66548,12.54961,12.66548,33700,0.0,0.0
2025-02-14 00:00:00-05:00,12.62602,12.70673,12.62602,12.67086,31000,0.086,0.0
2025-02-18 00:00:00-05:00,12.78744,12.9076,12.68879,12.78744,64400,0.0,0.0
2025-02-19 00:00:00-05:00,12.82331,12.90401,12.7426,12.7695,62800,0.0,0.0
2025-02-20 00:00:00-05:00,12.7695,12.84124,12.7695,12.78744,48200,0.0,0.0
2025-02-21 00:00:00-05:00,12.78744,12.80089,12.76053,12.77219,14400,0.0,0.0
2025-02-24 00:00:00-05:00,12.7426,12.7695,12.66189,12.66189,22100,0.0,0.0
2025-02-25 00:00:00-05:00,12.68879,12.72466,12.67086,12.70673,23200,0.0,0.0
2025-02-26 00:00:00-05:00,12.73363,12.77847,12.68879,12.75067,7200,0.0,0.0
2025-02-27 00:00:00-05:00,12.7157,12.89504,12.54532,12.60809,95300,0.0,0.0
2025-02-28 00:00:00-05:00,12.70673,12.92195,12.59016,12.66638,47900,0.0,0.0
2025-03-03 00:00:00-05:00,12.64396,12.80447,12.59912,12.60809,60000,0.0,0.0
2025-03-04 00:00:00-05:00,12.64396,12.79461,12.37942,12.43143,73600,0.0,0.0
2025-03-05 00:00:00-05:00,12.37494,12.52738,12.37494,12.50048,18600,0.0,0.0
2025-03-06 00:00:00-05:00,12.56325,12.58119,12.50048,12.5211,51900,0.0,0.0
2025-03-07 00:00:00-05:00,12.52738,12.57222,12.50048,12.50048,25400,0.0,0.0
2025-03-10 00:00:00-04:00,12.51841,12.51841,12.26733,12.32113,82800,0.0,0.0
2025-03-11 00:00:00-04:00,12.25836,12.40184,12.19559,12.2763,40000,0.0,0.0
2025-03-12 00:00:00-04:00,12.29423,12.38391,12.24043,12.2494,59700,0.0,0.0
2025-03-13 00:00:00-04:00,12.24939,12.41977,12.10592,12.10592,101400,0.0,0.0
2025-03-14 00:00:00-04:00,12.22866,12.22866,12.08426,12.09328,54300,0.086,0.0
2025-03-17 00:00:00-04:00,12.16548,12.16548,12.08426,12.09779,31600,0.0,0.0
2025-03-18 00:00:00-04:00,12.12036,12.13841,12.03462,12.08877,72300,0.0,0.0
2025-03-19 00:00:00-04:00,12.13841,12.13841,12.03011,12.10231,51300,0.0,0.0
2025-03-20 00:00:00-04:00,12.11133,12.20158,12.0978,12.17451,57300,0.0,0.0
2025-03-21 00:00:00-04:00,12.21061,12.26476,12.13841,12.20158,45600,0.0,0.0
2025-03-24 00:00:00-04:00,12.27378,12.32793,12.20158,12.22866,62100,0.0,0.0
2025-03-25 00:00:00-04:00,12.30086,12.30988,12.25573,12.27378,62000,0.0,0.0
2025-03-26 00:00:00-04:00,12.21963,12.21963,12.13389,12.13841,63100,0.0,0.0
2025-03-27 00:00:00-04:00,12.11133,12.13931,12.06621,12.10231,57100,0.0,0.0
2025-03-28 00:00:00-04:00,12.10231,12.17451,12.0644,12.13841,58700,0.0,0.0
2025-03-31 00:00:00-04:00,12.25573,12.25573,12.08426,12.11133,66700,0.0,0.0
2025-04-01 00:00:00-04:00,12.12938,12.2467,12.12938,12.18353,46700,0.0,0.0
2025-04-02 00:00:00-04:00,12.18353,12.22866,12.12938,12.16548,38400,0.0,0.0
2025-04-03 00:00:00-04:00,12.22866,12.25573,12.12036,12.13841,39500,0.0,0.0
2025-04-04 00:00:00-04:00,12.09328,12.09328,11.75034,11.76839,83400,0.0,0.0
2025-04-07 00:00:00-04:00,11.75936,11.80449,11.48862,11.51569,97600,0.0,0.0
2025-04-08 00:00:00-04:00,11.46154,11.64204,11.02835,11.02835,169900,0.0,0.0
2025-04-09 00:00:00-04:00,10.98323,11.24495,10.61321,11.1908,198900,0.0,0.0
2025-04-10 00:00:00-04:00,11.12763,11.46154,11.10055,11.17726,154700,0.0,0.0
2025-04-11 00:00:00-04:00,11.18178,11.20885,11.02023,11.13665,80700,0.0,0.0
2025-04-14 00:00:00-04:00,11.28105,11.38934,11.13665,11.2269,131800,0.0,0.0
2025-04-15 00:00:00-04:00,11.15056,11.41411,11.13239,11.2687,165800,0.086,0.0
2025-04-16 00:00:00-04:00,11.29597,11.37775,11.22326,11.25961,117000,0.0,0.0
2025-04-17 00:00:00-04:00,11.2687,11.35049,11.22326,11.25053,42800,0.0,0.0
2025-04-21 00:00:00-04:00,11.22327,11.29597,11.14148,11.1542,49100,0.0,0.0
2025-04-22 00:00:00-04:00,11.18691,11.25053,11.14511,11.15965,127900,0.0,0.0
2025-04-23 00:00:00-04:00,11.32323,11.38684,11.23235,11.2687,61200,0.0,0.0
2025-04-24 00:00:00-04:00,11.32323,11.39593,11.29597,11.37776,80400,0.0,0.0
2025-04-25 00:00:00-04:00,11.39593,11.45954,11.35958,11.44591,133400,0.0,0.0
2025-04-28 00:00:00-04:00,11.46863,11.46863,11.39593,11.45954,77900,0.0,0.0
2025-04-29 00:00:00-04:00,11.46863,11.53224,11.40683,11.52316,62700,0.0,0.0
2025-04-30 00:00:00-04:00,11.50498,11.58677,11.42319,11.56859,85900,0.0,0.0
2025-05-01 00:00:00-04:00,11.59586,11.65947,11.59586,11.60495,75700,0.0,0.0
2025-05-02 00:00:00-04:00,11.68673,11.69582,11.60495,11.67765,44500,0.0,0.0
2025-05-05 00:00:00-04:00,11.75943,11.75943,11.66856,11.66856,62400,0.0,0.0
2025-05-06 00:00:00-04:00,11.70491,11.77761,11.60494,11.76852,58600,0.0,0.0
2025-05-07 00:00:00-04:00,11.83214,11.84122,11.69219,11.77761,19100,0.0,0.0
2025-05-08 00:00:00-04:00,11.82305,11.82305,11.67764,11.69582,141400,0.0,0.0
2025-05-09 00:00:00-04:00,11.77761,11.85576,11.74944,11.84122,75100,0.0,0.0
2025-05-12 00:00:00-04:00,11.7867,11.89575,11.7867,11.85031,48500,0.0,0.0
2025-05-13 00:00:00-04:00,11.91393,11.94119,11.85031,11.88666,48200,0.0,0.0
2025-05-14 00:00:00-04:00,11.97754,11.97754,11.85031,11.85031,50300,0.0,0.0
2025-05-15 00:00:00-04:00,11.86495,12.04791,11.80091,11.97473,120200,0.086,0.0
2025-05-16 00:00:00-04:00,11.97472,12.04699,11.93813,11.93813,29400,0.0,0.0
2025-05-19 00:00:00-04:00,11.86495,11.91984,11.77621,11.86495,36700,0.0,0.0
2025-05-20 00:00:00-04:00,11.83751,11.94728,11.80091,11.80091,42200,0.0,0.0
2025-05-21 00:00:00-04:00,11.75151,11.78262,11.59966,11.59966,72200,0.0,0.0
2025-05-22 00:00:00-04:00,11.65454,11.8064,11.59966,11.63625,61900,0.0,0.0
2025-05-23 00:00:00-04:00,11.6271,11.85397,11.58136,11.61795,47000,0.0,0.0
2025-05-27 00:00:00-04:00,11.63625,11.68473,11.6088,11.6271,145200,0.0,0.0
2025-05-28 00:00:00-04:00,11.67284,11.67284,11.55392,11.57221,98300,0.0,0.0
2025-05-29 00:00:00-04:00,11.65454,11.66461,11.57221,11.65454,46900,0.0,0.0
2025-05-30 00:00:00-04:00,11.67284,11.80091,11.55392,11.6088,68500,0.0,0.0
2025-06-02 00:00:00-04:00,11.73688,11.87135,11.59051,11.61795,41800,0.0,0.0
2025-06-03 00:00:00-04:00,11.6454,11.70943,11.54477,11.61338,41200,0.0,0.0
2025-06-04 00:00:00-04:00,11.6454,11.67284,11.59051,11.61795,68700,0.0,0.0
2025-06-05 00:00:00-04:00,11.6271,11.6271,11.55392,11.58136,75600,0.0,0.0
2025-06-06 00:00:00-04:00,11.58136,11.6088,11.54477,11.56307,52400,0.0,0.0
2025-06-09 00:00:00-04:00,11.57221,11.6454,11.57221,11.61338,75900,0.0,0.0
2025-06-10 00:00:00-04:00,11.6271,11.65912,11.56307,11.58136,119600,0.0,0.0
2025-06-11 00:00:00-04:00,11.59051,11.67284,11.57587,11.6454,60700,0.0,0.0
2025-06-12 00:00:00-04:00,11.65454,11.70303,11.58136,11.67284,113400,0.0,0.0
2025-06-13 00:00:00-04:00,11.58627,11.68758,11.55864,11.57245,75000,0.086,0.0
2025-06-16 00:00:00-04:00,11.60469,11.65995,11.57706,11.63232,72400,0.0,0.0
2025-06-17 00:00:00-04:00,11.64152,11.64152,11.54021,11.6231,43000,0.0,0.0
2025-06-18 00:00:00-04:00,11.6139,11.62311,11.56324,11.59548,73300,0.0,0.0
2025-06-20 00:00:00-04:00,11.59548,11.62311,11.55864,11.59548,61600,0.0,0.0
2025-06-23 00:00:00-04:00,11.56785,11.6406,11.54942,11.56785,74500,0.0,0.0
2025-06-24 00:00:00-04:00,11.56785,11.58627,11.54943,11.55864,85700,0.0,0.0
2025-06-25 00:00:00-04:00,11.54943,11.57706,11.49417,11.51259,104100,0.0,0.0
2025-06-26 00:00:00-04:00,11.50338,11.54943,11.46654,11.51259,135400,0.0,0.0
2025-06-27 00:00:00-04:00,11.53101,11.54022,11.46654,11.5218,76200,0.0,0.0
2025-06-30 00:00:00-04:00,11.64153,11.65995,11.5218,11.64153,75400,0.0,0.0
2025-07-01 00:00:00-04:00,11.59547,11.75205,11.58626,11.67837,67800,0.0,0.0
2025-07-02 00:00:00-04:00,11.66916,11.73363,11.66916,11.706,50800,0.0,0.0
2025-07-03 00:00:00-04:00,11.73363,11.76126,11.71521,11.75205,69600,0.0,0.0
2025-07-07 00:00:00-04:00,11.78889,11.78889,11.706,11.73363,94200,0.0,0.0
2025-07-08 00:00:00-04:00,11.69679,11.74284,11.66916,11.74284,73900,0.0,0.0
2025-07-09 00:00:00-04:00,11.72442,11.82573,11.72442,11.77047,47000,0.0,0.0
2025-07-10 00:00:00-04:00,11.77968,11.7981,11.67837,11.70139,77600,0.0,0.0
2025-07-11 00:00:00-04:00,11.65995,11.68758,11.65073,11.67837,59400,0.0,0.0
2025-07-14 00:00:00-04:00,11.71521,11.77599,11.65074,11.71521,38700,0.0,0.0
2025-07-15 00:00:00-04:00,11.72077,11.86635,11.67441,11.74859,62400,0.086,0.0
2025-07-16 00:00:00-04:00,11.75786,11.78568,11.72077,11.75786,91500,0.0,0.0
2025-07-17 00:00:00-04:00,11.67441,11.74859,11.65586,11.65586,61900,0.0,0.0
2025-07-18 00:00:00-04:00,11.65586,11.7217,11.61413,11.66513,31600,0.0,0.0
2025-07-21 00:00:00-04:00,11.65586,11.72077,11.5177,11.56313,47600,0.0,0.0
2025-07-22 00:00:00-04:00,11.60023,11.60023,11.54459,11.58168,32000,0.0,0.0
2025-07-23 00:00:00-04:00,11.55386,11.60022,11.49822,11.5075,62200,0.0,0.0
2025-07-24 00:00:00-04:00,11.49822,11.54459,11.49822,11.51213,26400,0.0,0.0
2025-07-25 00:00:00-04:00,11.54459,11.61877,11.54459,11.61877,43500,0.0,0.0
2025-07-28 00:00:00-04:00,11.76713,11.76713,11.6095,11.61228,33700,0.0,0.0
2025-07-29 00:00:00-04:00,11.63732,11.68368,11.59095,11.59095,41000,0.0,0.0
2025-07-30 00:00:00-04:00,11.59095,11.63732,11.47968,11.52604,120200,0.0,0.0
2025-07-31 00:00:00-04:00,11.6095,11.6095,11.53532,11.57241,67300,0.0,0.0
2025-08-01 00:00:00-04:00,11.60022,11.76713,11.60022,11.68368,40500,0.0,0.0
2025-08-04 00:00:00-04:00,11.70223,11.75786,11.64659,11.67441,36200,0.0,0.0
2025-08-05 00:00:00-04:00,11.64659,11.72077,11.63731,11.70222,49700,0.0,0.0
2025-08-06 00:00:00-04:00,11.73004,11.78568,11.73004,11.75323,43000,0.0,0.0
2025-08-07 00:00:00-04:00,11.76713,11.8135,11.76528,11.79495,41300,0.0,0.0
2025-08-08 00:00:00-04:00,11.8135,11.84132,11.80423,11.81628,50300,0.0,0.0
2025-08-11 00:00:00-04:00,11.84132,11.98041,11.83761,11.90623,44500,0.0,0.0
2025-08-12 00:00:00-04:00,11.98968,12.00823,11.90623,11.9155,73300,0.0,0.0
2025-08-13 00:00:00-04:00,11.96186,12.0175,11.90623,11.98968,21300,0.0,0.0
2025-08-14 00:00:00-04:00,11.98041,12.02677,11.9665,11.98041,38300,0.0,0.0
2025-08-15 00:00:00-04:00,12.25672,12.25672,11.958,11.99534,29600,0.086,0.0
2025-08-18 00:00:00-04:00,12.06816,12.06816,11.85532,11.88799,88800,0.0,0.0
2025-08-19 00:00:00-04:00,11.902,11.902,11.7433,11.74797,87900,0.0,0.0
2025-08-20 00:00:00-04:00,11.75264,11.80398,11.62195,11.65275,127600,0.0,0.0
2025-08-21 00:00:00-04:00,11.69663,11.69663,11.62195,11.63128,101300,0.0,0.0
2025-08-22 00:00:00-04:00,11.64062,11.77131,11.64062,11.7153,78200,0.0,0.0
2025-08-25 00:00:00-04:00,11.68729,11.75077,11.66769,11.70596,111900,0.0,0.0
2025-08-26 00:00:00-04:00,11.73397,11.73397,11.67796,11.68729,72600,0.0,0.0
2025-08-27 00:00:00-04:00,11.73397,11.73397,11.62195,11.66862,69200,0.0,0.0
2025-08-28 00:00:00-04:00,11.67796,11.70596,11.64062,11.66862,74900,0.0,0.0
2025-08-29 00:00:00-04:00,11.68729,11.72463,11.64062,11.70596,75400,0.0,0.0
2025-09-02 00:00:00-04:00,11.65929,11.75264,11.65929,11.75264,72800,0.0,0.0
2025-09-03 00:00:00-04:00,11.77131,11.78064,11.73583,11.76197,94200,0.0,0.0
2025-09-04 00:00:00-04:00,11.7433,11.83665,11.7293,11.79931,99500,0.0,0.0
2025-09-05 00:00:00-04:00,11.84599,11.958,11.82265,11.91133,58700,0.0,0.0
2025-09-08 00:00:00-04:00,11.97667,12.01401,11.93747,12.00468,68600,0.0,0.0
2025-09-09 00:00:00-04:00,12.01401,12.02335,11.93933,11.98601,61100,0.0,0.0
2025-09-10 00:00:00-04:00,11.99535,12.09803,11.99535,12.07002,48700,0.0,0.0
2025-09-11 00:00:00-04:00,12.10736,12.20071,12.08869,12.16337,63700,0.0,0.0
2025-09-12 00:00:00-04:00,12.12603,12.19138,12.09056,12.15404,48100,0.0,0.0
2025-09-15 00:00:00-04:00,12.20666,12.25364,12.15498,12.25364,55000,0.086,0.0
2025-09-16 00:00:00-04:00,12.22545,12.32882,12.22545,12.31942,61400,0.0,0.0
2025-09-17 00:00:00-04:00,12.31942,12.34761,12.17847,12.26304,64000,0.0,0.0
2025-09-18 00:00:00-04:00,12.28184,12.29123,12.18787,12.25364,73000,0.0,0.0
2025-09-19 00:00:00-04:00,12.22545,12.24425,12.16907,12.21606,99500,0.0,0.0
2025-09-22 00:00:00-04:00,12.19726,12.21606,12.17847,12.19726,117300,0.0,0.0
2025-09-23 00:00:00-04:00,12.20666,12.30063,12.20666,12.30063,73500,0.0,0.0
2025-09-24 00:00:00-04:00,12.27244,12.2809,12.18787,12.22545,59700,0.0,0.0
2025-09-25 00:00:00-04:00,12.18787,12.21606,12.16907,12.20666,65300,0.0,0.0
2025-09-26 00:00:00-04:00,12.23485,12.25364,12.20666,12.23485,71000,0.0,0.0
2025-09-29 00:00:00-04:00,12.23485,12.28184,12.14088,12.18787,115100,0.0,0.0
2025-09-30 00:00:00-04:00,12.26304,12.2715,12.15967,12.26304,95700,0.0,0.0
2025-10-01 00:00:00-04:00,12.28184,12.31943,12.24425,12.27244,98300,0.0,0.0
2025-10-02 00:00:00-04:00,12.31003,12.33634,12.27244,12.30063,68000,0.0,0.0
2025-10-03 00:00:00-04:00,12.30063,12.30063,12.22076,12.23485,43500,0.0,0.0
2025-10-06 00:00:00-04:00,12.21606,12.24425,12.20666,12.23485,56300,0.0,0.0
2025-10-07 00:00:00-04:00,12.22545,12.32882,12.18787,12.24425,63300,0.0,0.0
2025-10-08 00:00:00-04:00,12.31942,12.43219,12.25177,12.34762,61200,0.0,0.0
2025-10-09 00:00:00-04:00,12.37581,12.3946,12.27244,12.3852,29800,0.0,0.0
2025-10-10 00:00:00-04:00,12.3946,12.43219,12.34386,12.42279,54500,0.0,0.0
2025-10-13 00:00:00-04:00,12.43219,12.45098,12.31003,12.3852,48700,0.0,0.0
2025-10-14 00:00:00-04:00,12.3852,12.42279,12.25365,12.34762,103700,0.0,0.0
2025-10-15 00:00:00-04:00,12.38167,12.50463,12.2587,12.31545,97900,0.086,0.0
2025-10-16 00:00:00-04:00,12.33437,12.42896,12.24924,12.27762,88800,0.0,0.0
2025-10-17 00:00:00-04:00,12.28708,12.31451,12.10736,12.11682,132800,0.0,0.0
2025-10-20 00:00:00-04:00,12.14519,12.21141,12.13574,12.21141,124100,0.0,0.0
2025-10-21 00:00:00-04:00,12.21141,12.37221,12.21141,12.34383,89500,0.0,0.0
2025-10-22 00:00:00-04:00,12.31545,12.37883,12.22087,12.29654,110400,0.0,0.0
2025-10-23 00:00:00-04:00,12.29654,12.31545,12.18303,12.21141,125300,0.0,0.0
2025-10-24 00:00:00-04:00,12.2587,12.27762,12.20195,12.20195,70400,0.0,0.0
2025-10-27 00:00:00-04:00,12.24924,12.24924,12.21141,12.23978,47900,0.0,0.0
2025-10-28 00:00:00-04:00,12.23978,12.32491,12.23032,12.2587,108500,0.0,0.0
2025-10-29 00:00:00-04:00,12.26816,12.306,12.18303,12.22087,105100,0.0,0.0
2025-10-30 00:00:00-04:00,12.23978,12.26816,12.19249,12.26816,146300,0.0,0.0
2025-10-31 00:00:00-04:00,12.29654,12.45734,12.26532,12.41004,106000,0.0,0.0
2025-11-03 00:00:00-05:00,12.41004,12.46207,12.36558,12.40058,58000,0.0,0.0
2025-11-04 00:00:00-05:00,12.40058,12.49517,12.306,12.4668,145000,0.0,0.0
2025-11-05 00:00:00-05:00,12.42896,12.43842,12.31545,12.34383,63300,0.0,0.0
2025-11-06 00:00:00-05:00,12.41004,12.41004,12.306,12.306,81700,0.0,0.0
2025-11-07 00:00:00-05:00,12.31545,12.35329,12.2587,12.29654,88200,0.0,0.0
2025-11-10 00:00:00-05:00,12.24924,12.35234,12.24924,12.31545,56800,0.0,0.0
2025-11-11 00:00:00-05:00,12.31546,12.35329,12.26816,12.35329,272300,0.0,0.0
2025-11-12 00:00:00-05:00,12.38167,12.38167,12.306,12.33437,112500,0.0,0.0
2025-11-13 00:00:00-05:00,12.29654,12.32491,12.21141,12.22087,158600,0.0,0.0
2025-11-14 00:00:00-05:00,12.2361,12.37893,12.20753,12.37893,146900,0.086,0.0
2025-11-17 00:00:00-05:00,12.42655,12.42655,12.24562,12.28371,292000,0.0,0.0
2025-11-18 00:00:00-05:00,12.34085,12.34085,12.16944,12.19801,140100,0.0,0.0
2025-11-19 00:00:00-05:00,12.25515,12.25515,12.1504,12.20753,106900,0.0,0.0
2025-11-20 00:00:00-05:00,12.33132,12.33132,12.14088,12.17897,200500,0.0,0.0
2025-11-21 00:00:00-05:00,12.13135,12.22658,12.0647,12.08374,152800,0.0,0.0
2025-11-24 00:00:00-05:00,12.12183,12.14088,12.07327,12.08374,222700,0.0,0.0
2025-11-25 00:00:00-05:00,12.12183,12.14088,12.08374,12.12183,128300,0.0,0.0
2025-11-26 00:00:00-05:00,12.14088,12.16945,12.10279,12.1504,95300,0.0,0.0
2025-11-28 00:00:00-05:00,12.17897,12.19801,12.11231,12.15992,83800,0.0,0.0
2025-12-01 00:00:00-05:00,12.12183,12.14088,12.02661,12.0647,151500,0.0,0.0
2025-12-02 00:00:00-05:00,12.07422,12.08374,11.99804,12.08374,161800,0.0,0.0
2025-12-03 00:00:00-05:00,12.07422,12.20753,12.07422,12.20753,155500,0.0,0.0
2025-12-04 00:00:00-05:00,12.17897,12.27419,12.1504,12.27419,88200,0.0,0.0
2025-12-05 00:00:00-05:00,12.27419,12.35037,12.22658,12.3218,122300,0.0,0.0
2025-12-08 00:00:00-05:00,12.30276,12.37894,12.25515,12.3218,115400,0.0,0.0
2025-12-09 00:00:00-05:00,12.31228,12.42655,12.28371,12.39798,87800,0.0,0.0
2025-12-10 00:00:00-05:00,12.36941,12.48368,12.35989,12.45511,96600,0.0,0.0
2025-12-11 00:00:00-05:00,12.42655,12.52177,12.35989,12.46464,93200,0.0,0.0
2025-12-12 00:00:00-05:00,12.44559,12.55034,12.36941,12.52177,121500,0.0,0.0
2025-12-15 00:00:00-05:00,12.49877,12.49877,12.33582,12.42209,87500,0.086,0.0
2025-12-16 00:00:00-05:00,12.40292,12.46522,12.28119,12.40292,194200,0.0,0.0
2025-12-17 00:00:00-05:00,12.4125,12.43167,12.31665,12.37416,154000,0.0,0.0
2025-12-18 00:00:00-05:00,12.34541,12.44125,12.30707,12.35978,119400,0.0,0.0
2025-12-19 00:00:00-05:00,12.30707,12.36458,12.2879,12.36458,141500,0.0,0.0
2025-12-22 00:00:00-05:00,12.36458,12.38375,12.25914,12.25914,156400,0.0,0.0
2025-12-23 00:00:00-05:00,12.15371,12.23997,12.13454,12.17288,406000,0.0,0.0
2025-12-24 00:00:00-05:00,12.17288,12.21601,12.14412,12.17288,59000,0.0,0.0
2025-12-26 00:00:00-05:00,12.13454,12.13933,12.08661,12.12495,127700,0.0,0.0
2025-12-29 00:00:00-05:00,12.12495,12.16617,12.10578,12.12495,181600,0.0,0.0
2025-12-30 00:00:00-05:00,12.18246,12.20163,12.11537,12.16329,256100,0.0,0.0
2025-12-31 00:00:00-05:00,12.16329,12.23997,12.13262,12.13454,276200,0.0,0.0
2026-01-02 00:00:00-05:00,12.15371,12.21122,12.13454,12.21122,39800,0.0,0.0
2026-01-05 00:00:00-05:00,12.23039,12.26873,12.2208,12.26873,57900,0.0,0.0
2026-01-06 00:00:00-05:00,12.26873,12.31665,12.24956,12.25914,100700,0.0,0.0
2026-01-07 00:00:00-05:00,12.27831,12.3454,12.23039,12.31665,76900,0.0,0.0
2026-01-08 00:00:00-05:00,12.27831,12.34541,12.23997,12.29748,45700,0.0,0.0
2026-01-09 00:00:00-05:00,12.33582,12.46042,12.31665,12.44125,176600,0.0,0.0
2026-01-12 00:00:00-05:00,12.44126,12.47001,12.401,12.46043,50800,0.0,0.0
2026-01-13 00:00:00-05:00,12.47001,12.54669,12.44125,12.5371,101000,0.0,0.0
2026-01-14 00:00:00-05:00,12.54669,12.62337,12.47001,12.54669,60700,0.0,0.0
2026-01-15 00:00:00-05:00,12.55633,12.64795,12.54669,12.55633,46700,0.08,0.0
2026-01-16 00:00:00-05:00,12.70099,12.70099,12.48883,12.53705,52000,0.0,0.0
2026-01-20 00:00:00-05:00,12.49847,12.51776,12.42132,12.48883,57200,0.0,0.0
2026-01-21 00:00:00-05:00,12.53705,12.53705,12.46954,12.48883,33400,0.0,0.0
2026-01-22 00:00:00-05:00,12.53705,12.53705,12.40685,12.45025,68300,0.0,0.0
2026-01-23 00:00:00-05:00,12.48883,12.48883,12.39239,12.44061,79300,0.0,0.0
2026-01-26 00:00:00-05:00,12.47918,12.47918,12.34417,12.35381,76000,0.0,0.0
2026-01-27 00:00:00-05:00,12.38274,12.40203,12.30559,12.40203,55500,0.0,0.0
2026-01-28 00:00:00-05:00,12.43096,12.49847,12.41168,12.49847,50800,0.0,0.0
2026-01-29 00:00:00-05:00,12.53705,12.58527,12.44639,12.58527,47600,0.0,0.0
2026-01-30 00:00:00-05:00,12.67206,12.71835,12.51776,12.62384,74000,0.0,0.0
2026-02-02 00:00:00-05:00,12.63349,12.70292,12.56501,12.62384,50800,0.0,0.0
2026-02-03 00:00:00-05:00,12.62384,12.67206,12.60455,12.64313,103600,0.0,0.0
2026-02-04 00:00:00-05:00,12.59491,12.71064,12.59491,12.67206,80500,0.0,0.0
2026-02-05 00:00:00-05:00,12.67206,12.6817,12.63349,12.65277,77000,0.0,0.0
2026-02-06 00:00:00-05:00,12.65277,12.6817,12.56984,12.64313,71500,0.0,0.0
2026-02-09 00:00:00-05:00,12.6817,12.70485,12.64313,12.67206,45500,0.0,0.0
2026-02-10 00:00:00-05:00,12.72028,12.73957,12.68942,12.71064,62700,0.0,0.0
2026-02-11 00:00:00-05:00,12.71064,12.73957,12.66242,12.71064,43400,0.0,0.0
2026-02-12 00:00:00-05:00,12.74921,12.79743,12.71064,12.75885,66700,0.0,0.0
2026-02-13 00:00:00-05:00,12.77826,12.80737,12.66183,12.71034,204300,0.08,0.0
2026-02-17 00:00:00-05:00,12.64243,12.73945,12.64243,12.69094,114600,0.0,0.0
2026-02-18 00:00:00-05:00,12.71034,12.75886,12.57451,12.65213,87700,0.0,0.0
2026-02-19 00:00:00-05:00,12.68123,12.70064,12.62302,12.64242,51600,0.0,0.0
2026-02-20 00:00:00-05:00,12.67153,12.70064,12.61332,12.64242,96400,0.0,0.0
2026-02-23 00:00:00-05:00,12.68124,12.69094,12.5454,12.58421,61400,0.0,0.0
2026-02-24 00:00:00-05:00,12.57451,12.62302,12.5357,12.61332,61400,0.0,0.0
2026-02-25 00:00:00-05:00,12.64243,12.80737,12.57451,12.77826,226300,0.0,0.0
2026-02-26 00:00:00-05:00,12.79767,12.852,12.72004,12.75885,70400,0.0,0.0
2026-02-27 00:00:00-05:00,12.74915,12.78796,12.71034,12.78796,69900,0.0,0.0
2026-03-02 00:00:00-05:00,12.77826,12.77826,12.72005,12.77826,62100,0.0,0.0
2026-03-03 00:00:00-05:00,12.74915,12.74915,12.64242,12.64242,51400,0.0,0.0
2026-03-04 00:00:00-05:00,12.65213,12.7443,12.64243,12.67153,74900,0.0,0.0
2026-03-05 00:00:00-05:00,12.64243,12.65213,12.526,12.5454,120600,0.0,0.0
2026-03-06 00:00:00-05:00,12.49689,12.5551,12.41927,12.43867,77800,0.0,0.0
2026-03-09 00:00:00-04:00,12.41927,12.52114,12.39016,12.48718,86800,0.0,0.0
2026-03-10 00:00:00-04:00,12.45808,12.49689,12.38046,12.47748,98100,0.0,0.0
2026-03-11 00:00:00-04:00,12.51629,12.52599,12.44837,12.49689,78900,0.0,0.0
2026-03-12 00:00:00-04:00,12.48718,12.5357,12.44837,12.52599,57600,0.0,0.0
2026-03-13 00:00:00-04:00,12.49689,12.5357,12.49689,12.5357,29000,0.0,0.0
2026-03-16 00:00:00-04:00,12.60404,12.60404,12.54546,12.55522,25200,0.08,0.0
2026-03-17 00:00:00-04:00,12.59428,12.59428,12.47712,12.51617,48800,0.0,0.0
2026-03-18 00:00:00-04:00,12.55522,12.55522,12.44783,12.44783,41000,0.0,0.0
2026-03-19 00:00:00-04:00,12.47712,12.49664,12.41854,12.4283,41100,0.0,0.0
2026-03-20 00:00:00-04:00,12.45759,12.51129,12.31115,12.31115,76200,0.0,0.0
2026-03-23 00:00:00-04:00,12.33067,12.46248,12.2721,12.28186,84900,0.0,0.0
2026-03-24 00:00:00-04:00,12.28186,12.32091,12.22328,12.23304,63300,0.0,0.0
2026-03-25 00:00:00-04:00,12.26233,12.37461,12.17447,12.21352,82700,0.0,0.0
2026-03-26 00:00:00-04:00,12.14518,12.17935,12.0866,12.09636,79300,0.0,0.0
2026-03-27 00:00:00-04:00,12.0866,12.09636,12.00849,12.01826,137800,0.0,0.0
2026-03-30 00:00:00-04:00,12.07684,12.15494,12.01826,12.09636,102800,0.0,0.0
2026-03-31 00:00:00-04:00,12.18423,12.36973,12.12565,12.3502,82100,0.0,0.0
2026-04-01 00:00:00-04:00,12.40878,12.51617,12.30627,12.49665,68300,0.0,0.0
2026-04-02 00:00:00-04:00,12.44783,12.44783,12.33067,12.44783,66800,0.0,0.0
2026-04-06 00:00:00-04:00,12.48688,12.48688,12.32189,12.39902,58600,0.0,0.0
2026-04-07 00:00:00-04:00,12.40878,12.45759,12.32091,12.40878,35700,0.0,0.0
2026-04-08 00:00:00-04:00,12.5357,12.59427,12.39901,12.55522,71300,0.0,0.0
2026-04-09 00:00:00-04:00,12.62356,12.71143,12.60404,12.71143,88000,0.0,0.0
2026-04-10 00:00:00-04:00,12.77001,12.80906,12.66262,12.70167,52900,0.0,0.0
2026-04-13 00:00:00-04:00,12.73096,12.73096,12.68214,12.70167,30300,0.0,0.0
2026-04-14 00:00:00-04:00,12.75048,12.75048,12.69191,12.75048,55000,0.0,0.0
2026-04-15 00:00:00-04:00,12.77995,12.77995,12.60314,12.70137,57100,0.08,0.0
2026-04-16 00:00:00-04:00,12.73084,12.7996,12.69154,12.72101,43200,0.0,0.0
2026-04-17 00:00:00-04:00,12.78978,12.81925,12.71119,12.81925,175600,0.0,0.0
2026-04-20 00:00:00-04:00,12.80942,12.80942,12.73084,12.76031,43700,0.0,0.0
2026-04-21 00:00:00-04:00,12.80942,12.80942,12.72101,12.75048,54700,0.0,0.0
2026-04-22 00:00:00-04:00,12.78978,12.78978,12.71119,12.76031,36400,0.0,0.0
2026-04-23 00:00:00-04:00,12.76031,12.77995,12.70137,12.71119,33500,0.0,0.0
2026-04-24 00:00:00-04:00,12.75048,12.77013,12.72101,12.76031,32100,0.0,0.0
2026-04-27 00:00:00-04:00,12.74066,12.76031,12.71119,12.76031,31500,0.0,0.0
2026-04-28 00:00:00-04:00,12.76031,12.78978,12.74066,12.77013,59600,0.0,0.0
2026-04-29 00:00:00-04:00,12.77995,12.7996,12.70137,12.75048,91100,0.0,0.0
2026-04-30 00:00:00-04:00,12.80942,12.80942,12.72101,12.76031,94700,0.0,0.0
2026-05-01 00:00:00-04:00,12.78978,12.80942,12.74066,12.78978,51400,0.0,0.0
2026-05-04 00:00:00-04:00,12.78978,12.78978,12.66207,12.71119,58100,0.0,0.0
2026-05-05 00:00:00-04:00,12.74066,12.76522,12.71119,12.75048,130200,0.0,0.0
2026-05-06 00:00:00-04:00,12.7996,12.97642,12.78487,12.90765,157000,0.0,0.0
2026-05-07 00:00:00-04:00,12.91748,12.95677,12.87818,12.89587,31900,0.0,0.0
2026-05-08 00:00:00-04:00,12.90765,13.00589,12.90765,12.96659,37500,0.0,0.0
2026-05-11 00:00:00-04:00,12.93712,13.11394,12.93712,13.08447,106100,0.0,0.0
2026-05-12 00:00:00-04:00,13.06483,13.08447,12.99606,13.04518,111500,0.0,0.0
2026-05-13 00:00:00-04:00,13.20235,13.28094,13.08447,13.21217,187700,0.0,0.0
2026-05-14 00:00:00-04:00,13.23182,13.26129,13.12376,13.1827,93300,0.0,0.0
2026-05-15 00:00:00-04:00,13.13329,13.14812,12.97518,12.98506,47300,0.08,0.0
2026-05-18 00:00:00-04:00,13.03447,13.03447,12.90601,12.91589,30500,0.0,0.0
2026-05-19 00:00:00-04:00,12.85659,12.89612,12.7973,12.82695,52100,0.0,0.0
2026-05-20 00:00:00-04:00,12.87636,13.03447,12.7973,12.85659,54100,0.0,0.0
2026-05-21 00:00:00-04:00,12.84671,12.86648,12.82695,12.83683,22900,0.0,0.0
2026-05-22 00:00:00-04:00,12.86648,12.93565,12.7973,12.84671,48100,0.0,0.0
2026-05-26 00:00:00-04:00,13.00483,13.00483,12.80718,12.84671,112000,0.0,0.0
2026-05-27 00:00:00-04:00,12.88624,13.01471,12.80718,12.92577,101200,0.0,0.0
2026-05-28 00:00:00-04:00,13.02459,13.08388,12.9653,13.08388,56600,0.0,0.0
2026-05-29 00:00:00-04:00,13.13329,13.15306,13.01471,13.05424,35400,0.0,0.0
2026-06-01 00:00:00-04:00,13.11353,13.11847,13.03447,13.05424,37000,0.0,0.0
2026-06-02 00:00:00-04:00,13.12341,13.12341,13.03447,13.09376,56000,0.0,0.0
2026-06-03 00:00:00-04:00,12.93565,13.158,12.93565,12.99494,81600,0.0,0.0
2026-06-04 00:00:00-04:00,13.09376,13.242,12.97518,13.19259,64000,0.0,0.0
2026-06-05 00:00:00-04:00,13.17282,13.17282,13.09376,13.16294,37300,0.0,0.0
2026-06-08 00:00:00-04:00,13.15306,13.17282,13.10365,13.14318,34400,0.0,0.0
2026-06-09 00:00:00-04:00,13.25188,13.25188,13.14318,13.19259,41800,0.0,0.0
2026-06-10 00:00:00-04:00,13.25188,13.30129,13.15306,13.30129,38900,0.0,0.0
2026-06-11 00:00:00-04:00,13.34082,13.34576,13.29141,13.30129,35100,0.0,0.0
2026-06-12 00:00:00-04:00,13.29141,13.29141,13.25188,13.26176,10300,0.0,0.0
2026-06-15 00:00:00-04:00,13.29158,13.32141,13.2717,13.2717,12300,0.08,0.0
2026-06-16 00:00:00-04:00,13.2717,13.36117,13.2717,13.29158,65400,0.0,0.0
2026-06-17 00:00:00-04:00,13.29158,13.36117,13.23194,13.33135,48100,0.0,0.0
2026-06-18 00:00:00-04:00,13.33135,13.42082,13.31644,13.38106,46400,0.0,0.0
2026-06-22 00:00:00-04:00,13.32141,13.391,13.32141,13.37111,22500,0.0,0.0
2026-06-23 00:00:00-04:00,13.35123,13.43076,13.35123,13.38106,7800,0.0,0.0
2026-06-24 00:00:00-04:00,13.391,13.49041,13.36117,13.40094,27900,0.0,0.0
2026-06-25 00:00:00-04:00,13.391,13.49041,13.37111,13.40094,36800,0.0,0.0
2026-06-26 00:00:00-04:00,13.42082,13.49041,13.41088,13.42082,23200,0.0,0.0
2026-06-29 00:00:00-04:00,13.46059,13.55006,13.41088,13.46059,49400,0.0,0.0
2026-06-30 00:00:00-04:00,13.52023,13.56994,13.47053,13.55006,61700,0.0,0.0
2026-07-01 00:00:00-04:00,13.56,13.56,13.49538,13.54012,32700,0.0,0.0
2026-07-02 00:00:00-04:00,13.56994,13.61965,13.52024,13.57988,36300,0.0,0.0
2026-07-06 00:00:00-04:00,13.56,13.57988,13.52024,13.53018,68700,0.0,0.0
2026-07-07 00:00:00-04:00,13.56,13.56994,13.4407,13.50035,34400,0.0,0.0
2026-07-08 00:00:00-04:00,13.51029,13.53018,13.43076,13.47053,23800,0.0,0.0
2026-07-09 00:00:00-04:00,13.50035,13.53018,13.41088,13.52024,21900,0.0,0.0
2026-07-10 00:00:00-04:00,13.56,13.56,13.46059,13.53018,34400,0.0,0.0
2026-07-13 00:00:00-04:00,13.53018,13.56,13.49041,13.50035,49000,0.0,0.0
2026-07-14 00:00:00-04:00,13.56,13.57988,13.51029,13.56,71700,0.0,0.0
2026-07-15 00:00:00-04:00,13.61,13.64,13.51,13.58,35500,0.08,0.0
2026-07-16 00:00:00-04:00,13.58,13.6,13.51,13.56,19000,0.0,0.0
2026-07-17 00:00:00-04:00,13.56,13.594,13.5,13.5,24400,0.0,0.0
2026-07-20 00:00:00-04:00,13.48,13.57,13.361,13.45,44100,0.0,0.0
2026-07-21 00:00:00-04:00,13.46,13.5,13.41,13.43,44500,0.0,0.0
2026-07-22 00:00:00-04:00,13.4,13.44,13.39,13.39,3915,0.0,0.0
